# https://github.com/mikedh/trimesh

o jq2_Link.STL
v 10.27825911 1.47626568 2.31493301
v 10.28790501 1.44175338 2.33256378
v 10.28846920 1.43325227 2.32797497
v 10.27901218 1.27725071 2.29500792
v 10.28846063 1.29491734 2.32955645
v 10.28900117 1.29269521 2.33543011
v 10.29477630 1.31286151 2.36467197
v 10.28903489 1.28380704 2.34642028
v 10.28847218 1.29191001 2.47639351
v 10.28901961 1.29438826 2.47512990
v 10.28899167 1.29524033 2.47616273
v 10.27596489 1.51347938 2.38115004
v 10.27815592 1.50353854 2.36837621
v 10.27598259 1.50880507 2.36096139
v 10.27900957 1.49031841 2.34144366
v 10.28833733 1.46812928 2.40264664
v 10.28879852 1.46462136 2.38825678
v 10.28834198 1.46688848 2.38856682
v 10.28836806 1.46655227 2.38727060
v 10.28780181 1.46902633 2.38600698
v 10.28834012 1.46739838 2.41676223
v 10.29431809 1.43393512 2.40392712
v 10.29403721 1.43590943 2.40291915
v 10.28791637 1.43874605 2.47940085
v 10.29436764 1.42085013 2.44428533
v 10.28842245 1.44560813 2.46818726
v 10.29519167 1.41823861 2.43692416
v 10.28839190 1.45370793 2.45660393
v 10.29570781 1.41761695 2.42909751
v 10.28836769 1.46011692 2.44400593
v 10.29587713 1.41904122 2.42139240
v 10.28835018 1.46471021 2.43063866
v 10.29568974 1.42240637 2.41432543
v 10.29515964 1.42747658 2.40837633
v 10.28890636 1.31777246 2.49311979
v 10.29613846 1.34994789 2.45665870
v 10.28885775 1.33058625 2.49908519
v 10.29593729 1.35701411 2.46002459
v 10.28880671 1.34410561 2.50320918
v 10.29540383 1.36296126 2.46509667
v 10.28875381 1.35806735 2.50541148
v 10.29456992 1.36740730 2.47155846
v 10.28870035 1.37219970 2.50564924
v 10.28811865 1.38530322 2.50667398
v 10.29445667 1.32507310 2.45948144
v 10.29472266 1.32704946 2.45847338
v 10.29550888 1.33441362 2.45585869
v 10.29599317 1.34224213 2.45523508
v 10.28943554 1.29632234 2.47414372
v 10.28895125 1.30591356 2.48542911
v 10.27691726 1.26182345 2.50957579
v 10.27696886 1.24821841 2.49394475
v 10.27908762 1.25732572 2.49402429
v 10.27701151 1.23692109 2.47657233
v 10.27994462 1.24327895 2.46751363
v 10.27708006 1.21882577 2.41751763
v 10.27919081 1.23005277 2.44058109
v 10.27706776 1.22208037 2.43798316
v 10.27704467 1.22815157 2.45779668
v 10.28857537 1.26463707 2.42295031
v 10.28910269 1.26591270 2.41337222
v 10.29482585 1.29977652 2.40503018
v 10.28910362 1.26565714 2.39924005
v 10.29561841 1.30624129 2.40058097
v 10.28909710 1.26737078 2.38520986
v 10.29611014 1.31131533 2.39463187
v 10.28908331 1.27102044 2.37155481
v 10.29627201 1.31468187 2.38756490
v 10.28906245 1.27653499 2.35854042
v 10.29609208 1.31610474 2.37985969
v 10.29558059 1.31547927 2.37203314
v 10.27693142 1.25809192 2.30324565
v 10.27687405 1.27323857 2.28910324
v 10.27680997 1.29020606 2.27720643
v 10.27971570 1.30376416 2.28095799
v 10.27658888 1.34859272 2.25706100
v 10.27881008 1.33069354 2.26773479
v 10.27666599 1.32825338 2.26102787
v 10.27674012 1.30866404 2.26778685
v 10.29442147 1.40666227 2.35048392
v 10.29526339 1.39930417 2.35309861
v 10.28851204 1.42195868 2.31947581
v 10.29580672 1.39147957 2.35372222
v 10.28855879 1.40959221 2.31263106
v 10.29601049 1.38377520 2.35229860
v 10.28860871 1.39639341 2.30757407
v 10.29586278 1.37670758 2.34893271
v 10.28866087 1.38261934 2.30440319
v 10.29537421 1.37075662 2.34386054
v 10.28871414 1.36853802 2.30318018
v 10.29457421 1.36630434 2.33739884
v 10.28876760 1.35442355 2.30392878
v 10.28825854 1.34836017 2.30228332
v 10.27615153 1.46416473 2.29231556
v 10.27609602 1.47882701 2.30695949
v 10.27604890 1.49130859 2.32350155
v 10.27601071 1.50136650 2.34161968
v 10.21325559 1.38869268 2.68360161
v 10.23860153 1.37926602 2.64245112
v 10.23847655 1.41226231 2.63837854
v 10.21328316 1.38137854 2.68408562
v 10.21343105 1.34232073 2.68342848
v 10.23872726 1.34602413 2.64189177
v 10.21346327 1.33381338 2.68255844
v 10.23885150 1.31318347 2.63671157
v 10.21357708 1.30373445 2.67734191
v 10.21366612 1.28019201 2.67082890
v 10.23897183 1.28138336 2.62701110
v 10.21371846 1.26637082 2.66594429
v 10.21385257 1.23095700 2.64945765
v 10.23908601 1.25124288 2.61297933
v 10.21385648 1.22988942 2.64886365
v 10.23919162 1.22334846 2.59488932
v 10.21397662 1.19818236 2.62820273
v 10.21402710 1.18483846 2.61750686
v 10.23928661 1.19824317 2.57309320
v 10.21408819 1.16868467 2.60259322
v 10.21417108 1.14677046 2.57796346
v 10.23936913 1.17641558 2.54801520
v 10.21418524 1.14303828 2.57312766
v 10.21426589 1.12174219 2.54037957
v 10.23943786 1.15829055 2.52014342
v 10.21428321 1.11714854 2.53175310
v 10.23949095 1.14422097 2.49002035
v 10.21432847 1.10521103 2.50498633
v 10.21435902 1.09711085 2.48065171
v 10.23952783 1.13448054 2.45823235
v 10.21437169 1.09376647 2.46763685
v 10.21439497 1.08763129 2.42905802
v 10.23954757 1.12925890 2.42539802
v 10.21439571 1.08742743 2.42662308
v 10.23954999 1.12865773 2.39215651
v 10.21439758 1.08692498 2.39000077
v 10.21439180 1.08847060 2.37174340
v 10.23953472 1.13268868 2.35915490
v 10.21437970 1.09166113 2.35122525
v 10.21434747 1.10020005 2.31812167
v 10.23950212 1.14127333 2.32703545
v 10.21434151 1.10174772 2.31348638
v 10.21428377 1.11698835 2.27751852
v 10.23945313 1.15424451 2.29642334
v 10.21426421 1.12216511 2.26781861
v 10.23938831 1.17134993 2.26791444
v 10.21420777 1.13708639 2.24402173
v 10.21414556 1.15352171 2.22276728
v 10.23930915 1.19225644 2.24206354
v 10.21411483 1.16165058 2.21364814
v 10.21400679 1.19020288 2.18698884
v 10.23921732 1.21655716 2.21937391
v 10.21399599 1.19306483 2.18469909
v 10.23911432 1.24377926 2.20028701
v 10.21388572 1.22218757 2.16456278
v 10.21382109 1.23927482 2.15507689
v 10.23900219 1.27339271 2.18517463
v 10.21375403 1.25698215 2.14680619
v 10.21362756 1.29037584 2.13503911
v 10.23888317 1.30482121 2.17433068
v 10.21361433 1.29390919 2.13406513
v 10.21346923 1.33225015 2.12658736
v 10.23875967 1.33745308 2.16796639
v 10.21342323 1.34440419 2.12535559
v 10.23863413 1.37065305 2.16620545
v 10.21332153 1.37125869 2.12451833
v 10.21321554 1.39928349 2.12639886
v 10.23850877 1.40377507 2.16908212
v 10.21317419 1.41017550 2.12789829
v 10.21303021 1.44824321 2.13666185
v 10.23838603 1.43617430 2.17654071
v 10.21301251 1.45290476 2.13812831
v 10.23826868 1.46722031 2.18843575
v 10.21289219 1.48472079 2.15063802
v 10.21282215 1.50320745 2.16009355
v 10.23815860 1.49630858 2.20453589
v 10.21276273 1.51889828 2.16955486
v 10.21265172 1.54825841 2.19145044
v 10.23805801 1.52287316 2.22452766
v 10.21264464 1.55011044 2.19304430
v 10.21254015 1.57774986 2.22064908
v 10.23796898 1.54639688 2.24802195
v 10.21250755 1.58632641 2.23099383
v 10.23789317 1.56642199 2.27456148
v 10.21245093 1.60127842 2.25183181
v 10.21239542 1.61594824 2.27720420
v 10.23783207 1.58255865 2.30362973
v 10.21237921 1.62023810 2.28598564
v 10.21232613 1.63426028 2.32244589
v 10.23778700 1.59449262 2.33466084
v 10.21231961 1.63598602 2.32830559
v 10.23775850 1.60199200 2.36705094
v 10.21229279 1.64307152 2.36050281
v 10.21228310 1.64566935 2.38233422
v 10.23774751 1.60491058 2.40016951
v 10.21227994 1.64650065 2.39941561
v 10.21228701 1.64462627 2.43721389
v 10.23775403 1.60319135 2.43337191
v 10.21228757 1.64448080 2.43842694
v 10.21231570 1.63705126 2.47677759
v 10.23777787 1.59686823 2.46601197
v 10.21233134 1.63289682 2.49083563
v 10.23781885 1.58606396 2.49745435
v 10.21236375 1.62435678 2.51372092
v 10.21241442 1.61093176 2.54113869
v 10.23787585 1.57098892 2.52708708
v 10.21261614 1.55763552 2.60913734
v 10.23803380 1.52927778 2.57866289
v 10.21253307 1.57957506 2.58618993
v 10.23794793 1.55193658 2.55433339
v 10.21251537 1.58425868 2.58055123
v 10.21243062 1.60664433 2.54853805
v 10.21268283 1.54003194 2.62425811
v 10.21273107 1.52729313 2.63374000
v 10.23813140 1.50345341 2.59960209
v 10.21285773 1.49382195 2.65388031
v 10.23823925 1.47496630 2.61674345
v 10.21299370 1.45787365 2.66916639
v 10.23835511 1.44437077 2.62975338
v 10.21305107 1.44272094 2.67391819
v 10.21313657 1.42014773 2.67930058
v 10.25927447 1.49935652 2.54653095
v 10.25920462 1.51783555 2.52668950
v 10.25914576 1.53337327 2.50446944
v 10.25909920 1.54566738 2.48030302
v 10.25906586 1.55447853 2.45466092
v 10.25904649 1.55963526 2.42804195
v 10.25904108 1.56103727 2.40096440
v 10.25905002 1.55865719 2.37395530
v 10.25907331 1.55254128 2.34754019
v 10.25911000 1.54280868 2.32223337
v 10.25915992 1.52964872 2.29852739
v 10.25922176 1.51331770 2.27688364
v 10.25929422 1.49413348 2.25772335
v 10.25937636 1.47246924 2.24141953
v 10.25946614 1.44874687 2.22828946
v 10.25956188 1.42342803 2.21858862
v 10.25966190 1.39700548 2.21250596
v 10.25976416 1.36999349 2.21015978
v 10.25986661 1.34291799 2.21159588
v 10.25996738 1.31630572 2.21678632
v 10.26006423 1.29067489 2.22562979
v 10.26015569 1.26652420 2.23795445
v 10.26023970 1.24432380 2.25352029
v 10.26031476 1.22450582 2.27202437
v 10.26037921 1.20745591 2.29310653
v 10.26043211 1.19350600 2.31635635
v 10.26047215 1.18292767 2.34132147
v 10.26049860 1.17592663 2.36751585
v 10.26051108 1.17263925 2.39442958
v 10.26050922 1.17312950 2.42153899
v 10.26049302 1.17738788 2.44831637
v 10.26046303 1.18533150 2.47424039
v 10.26041963 1.19680568 2.49880663
v 10.26036356 1.21158716 2.52153696
v 10.26029632 1.22938818 2.54198880
v 10.26021883 1.24986228 2.55976411
v 10.26013259 1.27261096 2.57451701
v 10.26003965 1.29719154 2.58596036
v 10.25994149 1.32312543 2.59387138
v 10.25984016 1.34990784 2.59809605
v 10.25973753 1.37701762 2.59855212
v 10.25963564 1.40392707 2.59523083
v 10.25953655 1.43011241 2.58819674
v 10.25944211 1.45506394 2.57758683
v 10.25935419 1.47829606 2.56360750
v 10.27833455 1.45634069 2.51394938
v 10.27613644 1.46815666 2.51304730
v 10.27608298 1.48227989 2.49788276
v 10.27603809 1.49415518 2.48090028
v 10.27600252 1.50355139 2.46243020
v 10.27597700 1.51028569 2.44283228
v 10.27596210 1.51422695 2.42248773
v 10.27595800 1.51529844 2.40179281
v 10.27621411 1.44760712 2.27985474
v 10.27628284 1.42947641 2.26981956
v 10.27635605 1.41012548 2.26240539
v 10.27643242 1.38993115 2.25775651
v 10.27651065 1.36928624 2.25596343
v 10.27698078 1.24506094 2.31935837
v 10.27702101 1.23439926 2.33712801
v 10.27705174 1.22631426 2.35620848
v 10.27707186 1.22096353 2.37622847
v 10.27708155 1.21845101 2.39679831
v 10.27685803 1.27747153 2.52316128
v 10.27679228 1.29485811 2.53443670
v 10.27672113 1.31364466 2.54318266
v 10.27664625 1.33346553 2.54922899
v 10.27656876 1.35393507 2.55245780
v 10.27649034 1.37465467 2.55280639
v 10.27641248 1.39522125 2.55026798
v 10.27633668 1.41523435 2.54489192
v 10.27626459 1.43430448 2.53678289
v 10.27619735 1.45206042 2.52609876
v 10.27923849 1.42983320 2.52799931
v 10.27853683 1.40289786 2.54122251
v 9.45966540 1.21389563 2.39672259
v 9.45965367 1.21699256 2.43575786
v 9.45909851 1.36369393 2.40447865
v 9.45960412 1.23008686 2.47266143
v 9.45952012 1.25228624 2.50491844
v 9.45947858 1.26325489 2.29307021
v 9.45957479 1.23784282 2.32286210
v 9.45963849 1.22100730 2.35821594
v 9.45906917 1.37144989 2.25467932
v 9.45921688 1.33241500 2.25777616
v 9.45935658 1.29551162 2.27087055
v 9.45867690 1.47510162 2.30403886
v 9.45878959 1.44530992 2.27862661
v 9.45892342 1.40995626 2.26179100
v 9.45853161 1.51349223 2.41223470
v 9.45854325 1.51039540 2.37319943
v 9.45859289 1.49730100 2.33629587
v 9.45871834 1.46413297 2.51588709
v 9.45862223 1.48954504 2.48609520
v 9.45855853 1.50638056 2.45074126
v 9.45912784 1.35593797 2.55427797
v 9.45898014 1.39497287 2.55118114
v 9.45884044 1.43187624 2.53808665
v 9.45940733 1.28207794 2.53033069
v 9.45927360 1.31743160 2.54716630
v 10.05951584 1.25455699 2.50491844
v 10.05940296 1.28434869 2.53033069
v 10.05926922 1.31970235 2.54716630
v 10.05912357 1.35820872 2.55427797
v 10.05897586 1.39724362 2.55118114
v 10.05883616 1.43414690 2.53808665
v 10.05871397 1.46640372 2.51588709
v 10.05861786 1.49181579 2.48609520
v 10.05855416 1.50865131 2.45074126
v 10.05852715 1.51576289 2.41223470
v 10.05853888 1.51266606 2.37319943
v 10.05858843 1.49957175 2.33629587
v 10.05867262 1.47737238 2.30403886
v 10.05878531 1.44758067 2.27862661
v 10.05891905 1.41222701 2.26179100
v 10.05906489 1.37372064 2.25467932
v 10.05921260 1.33468565 2.25777616
v 10.05935211 1.29778237 2.27087055
v 10.05947430 1.26552555 2.29307021
v 10.05957041 1.24011357 2.32286210
v 10.05963412 1.22327805 2.35821594
v 10.05966113 1.21616638 2.39672259
v 10.05964939 1.21926322 2.43575786
v 10.05959984 1.23235761 2.47266143
v 10.06015044 1.08684367 2.42662308
v 10.06011393 1.09652710 2.48065171
v 10.06003794 1.11656479 2.53175310
v 10.05990029 1.15293796 2.22276728
v 10.06001913 1.12158135 2.26781861
v 10.06010220 1.09961630 2.31812167
v 10.06014653 1.08788685 2.37174340
v 10.05840645 1.54767466 2.19145044
v 10.05857688 1.50262370 2.16009355
v 10.05876743 1.45232101 2.13812831
v 10.05897027 1.39869974 2.12639886
v 10.05917796 1.34382044 2.12535559
v 10.05938247 1.28979209 2.13503911
v 10.05957582 1.23869107 2.15507689
v 10.05975072 1.19248108 2.18469909
v 10.05803783 1.64508560 2.38233422
v 10.05807452 1.63540226 2.32830559
v 10.05815033 1.61536449 2.27720420
v 10.05826247 1.58574265 2.23099383
v 10.05828798 1.57899131 2.58618993
v 10.05816933 1.61034801 2.54113869
v 10.05808607 1.63231307 2.49083563
v 10.05804174 1.64404252 2.43721389
v 10.05901032 1.38810893 2.68360161
v 10.05880580 1.44213718 2.67391819
v 10.05861246 1.49323820 2.65388031
v 10.05843755 1.53944819 2.62425811
v 10.05992599 1.14618671 2.57796346
v 10.05978182 1.18425471 2.61750686
v 10.05961139 1.22930567 2.64886365
v 10.05942103 1.27960835 2.67082890
v 10.05921800 1.33322962 2.68255844
v 10.14295508 1.43336226 2.40392712
v 10.14305827 1.40608941 2.35048392
v 10.13096802 1.39943725 2.35292696
v 10.13086185 1.42746187 2.40784314
v 10.14321100 1.36573148 2.33739884
v 10.14341329 1.31228865 2.36467197
v 10.13128877 1.31468578 2.37127830
v 10.13108090 1.36960168 2.34325350
v 10.14346283 1.29920366 2.40503018
v 10.14335964 1.32647660 2.45847338
v 10.13121930 1.33303703 2.45603033
v 10.13132528 1.30501241 2.40111415
v 10.14320691 1.36683444 2.47155846
v 10.14300462 1.42027737 2.44428533
v 10.13089855 1.41778850 2.43767899
v 10.13110642 1.36287269 2.46570379
v 10.13118689 1.34161842 2.45523508
v 10.13105631 1.37608387 2.34893271
v 10.13090153 1.41699324 2.42909751
v 10.13113101 1.35639041 2.46002459
v 10.13088346 1.42178266 2.41432543
v 10.13128579 1.31548104 2.37985969
v 10.13130386 1.31069162 2.39463187
v 10.13100043 1.39085586 2.35372222
v 8.21956781 -2.86671556 3.89178568
v 8.24565025 -2.85077280 3.91228441
v 8.22842023 -2.85083818 3.93141137
v 8.16628307 -2.86691710 3.65666365
v 8.18097413 -2.85101774 3.62689728
v 8.20320643 -2.85093355 3.63987554
v 7.97499850 -2.86764111 3.70001432
v 7.94879613 -2.85189635 3.67951559
v 7.96602615 -2.85183116 3.66038863
v 8.27046470 -2.83184852 3.93179776
v 8.25034584 -2.83192470 3.95413159
v 7.92383916 -2.83316038 3.66000224
v 7.94395802 -2.83308419 3.63766841
v 8.19253161 -2.81048603 3.56484385
v 8.20807678 -2.81042717 3.57189708
v 8.19494480 -2.83213443 3.59856178
v 8.10057175 -2.89358086 3.85889073
v 8.10471699 -2.88936830 3.88088188
v 8.09307691 -2.88941226 3.88109116
v 8.09419449 -2.89360507 3.73290927
v 8.09001749 -2.88942400 3.71091812
v 8.10165756 -2.88937985 3.71070884
v 8.08946716 -2.86720785 3.95109898
v 8.06840718 -2.86728758 3.94858917
v 8.07522894 -2.87827066 3.92008956
v 8.04788511 -2.86736525 3.94323505
v 8.05010004 -2.87917349 3.91021063
v 8.00346610 -2.88765802 3.78632081
v 8.03439284 -2.89383139 3.79908865
v 8.01208251 -2.88971885 3.79743330
v 8.04116247 -2.89477500 3.80298312
v 8.01308564 -2.88971513 3.80903204
v 8.04672736 -2.89536621 3.80853107
v 8.01565877 -2.88970525 3.82038615
v 8.05065143 -2.89555899 3.81531325
v 8.01975399 -2.88968979 3.83128413
v 8.05268301 -2.89534367 3.82287276
v 8.02529499 -2.88966893 3.84152297
v 8.05268870 -2.89473458 3.83069728
v 8.03217855 -2.88964286 3.85091194
v 8.05066398 -2.89376973 3.83827087
v 8.04027646 -2.88961212 3.85927615
v 8.03787243 -2.88752782 3.86917403
v 7.97649267 -2.88035869 3.79807251
v 7.97732234 -2.88035552 3.78159796
v 7.94298047 -2.86776218 3.77751102
v 7.94692159 -2.86774728 3.75667127
v 7.97313615 -2.87865716 3.77380397
v 7.95366367 -2.86772176 3.73656227
v 7.98301807 -2.87942736 3.74867183
v 8.02408581 -2.88757998 3.73641269
v 8.03803529 -2.88962069 3.73461697
v 8.05501255 -2.89375334 3.74918053
v 8.04693256 -2.88958698 3.72710867
v 8.06258977 -2.89469714 3.75120158
v 8.05676933 -2.88954972 3.72088183
v 8.07041654 -2.89527643 3.75119359
v 8.06736236 -2.88950968 3.71605243
v 8.07797678 -2.89545561 3.74916120
v 8.07851433 -2.88946739 3.71271044
v 8.08475812 -2.89522222 3.74523789
v 8.09030372 -2.89458892 3.73967528
v 8.10341019 -2.87987831 3.67519395
v 8.11942069 -2.87810340 3.67171044
v 8.10693843 -2.88726631 3.70200611
v 8.10509914 -2.86714881 3.64070102
v 8.12615912 -2.86706909 3.64321083
v 8.14668119 -2.86699141 3.64856495
v 8.14455570 -2.87881604 3.68158937
v 8.19125253 -2.88694724 3.80547919
v 8.16037340 -2.89335455 3.79271135
v 8.18265197 -2.88907326 3.79436670
v 8.15361111 -2.89434939 3.78881688
v 8.18164883 -2.88907717 3.78276796
v 8.14805085 -2.89498269 3.78326893
v 8.17907570 -2.88908686 3.77141385
v 8.14412836 -2.89520527 3.77648675
v 8.17498049 -2.88910232 3.76051587
v 8.14209520 -2.89500523 3.76892724
v 8.16943949 -2.88912336 3.75027703
v 8.14208491 -2.89439633 3.76110272
v 8.16255592 -2.88914944 3.74088806
v 8.14410226 -2.89341620 3.75352913
v 8.15445801 -2.88917999 3.73252385
v 8.15684620 -2.88707743 3.72262597
v 8.21816994 -2.87944413 3.79372749
v 8.21734026 -2.87944711 3.81020204
v 8.25158583 -2.86659430 3.81428898
v 8.24764471 -2.86660920 3.83512873
v 8.22151349 -2.87771708 3.81799603
v 8.24090263 -2.86663472 3.85523773
v 8.21163768 -2.87856217 3.84312817
v 8.23148518 -2.86667048 3.87424138
v 8.20089377 -2.87779513 3.86790416
v 8.17063282 -2.88702528 3.85538731
v 8.15669918 -2.88917161 3.85718303
v 8.13975368 -2.89343259 3.84261947
v 8.14780191 -2.88920513 3.86469133
v 8.13218383 -2.89443377 3.84059842
v 8.13796514 -2.88924239 3.87091817
v 8.12436167 -2.89507228 3.84060641
v 8.12737211 -2.88928262 3.87574757
v 8.11680300 -2.89530865 3.84263880
v 8.11622015 -2.88932472 3.87908956
v 8.11002009 -2.89512667 3.84656211
v 8.10446986 -2.89453547 3.85212472
v 8.09125241 -2.87992432 3.91660605
v 8.08778020 -2.88733895 3.88979389
v 7.89503448 -2.81161199 3.64865506
v 7.90033884 -2.81159188 3.64163947
v 7.92317620 -2.81150545 3.61628785
v 7.92655161 -2.81149260 3.61308023
v 7.96693057 -2.83299740 3.61828213
v 7.94925287 -2.81140673 3.59428207
v 7.96423171 -2.81135011 3.58411296
v 7.99232892 -2.83290110 3.60220453
v 7.97808308 -2.81129758 3.57603204
v 8.00671295 -2.81118917 3.56280025
v 8.01967992 -2.83279772 3.58973512
v 8.00912980 -2.81118005 3.56187775
v 8.04181467 -2.81105637 3.55208285
v 8.04847408 -2.83268876 3.58110619
v 8.05245992 -2.81101613 3.54991238
v 8.07817501 -2.83257625 3.57647845
v 8.07552886 -2.81092878 3.54682979
v 8.09981922 -2.81083695 3.54591512
v 8.10822944 -2.83246263 3.57593812
v 8.17654135 -2.81054656 3.55886790
v 8.16716325 -2.83223949 3.58708358
v 8.14707914 -2.81065795 3.55095297
v 8.13807754 -2.83234957 3.57949523
v 8.14352552 -2.81067154 3.55025422
v 8.10964431 -2.81079969 3.54621642
v 8.23453384 -2.81032714 3.58708570
v 8.22090463 -2.83203608 3.61371602
v 8.23754436 -2.81031559 3.58909898
v 8.26439519 -2.81021408 3.61015320
v 8.24455920 -2.83194668 3.63226402
v 8.27156778 -2.81018688 3.61687464
v 8.26546785 -2.83186752 3.65386023
v 8.28812903 -2.81012430 3.63466754
v 8.30229489 -2.81007066 3.65313404
v 8.28324108 -2.83180027 3.67810236
v 8.30830383 -2.81004793 3.66218534
v 8.32454375 -2.80998646 3.69219397
v 8.29754785 -2.83174607 3.70453886
v 8.32560466 -2.80998237 3.69455335
v 8.30812160 -2.83170602 3.73267724
v 8.33654624 -2.80994102 3.72413446
v 8.34065460 -2.80992537 3.73963561
v 8.31476537 -2.83168088 3.76199334
v 8.34408774 -2.80991252 3.75741180
v 8.34690073 -2.80990171 3.78675140
v 8.31735543 -2.83167119 3.79194105
v 8.34702778 -2.80990134 3.79140611
v 8.34531159 -2.80990786 3.82548413
v 8.31584352 -2.83167678 3.82196251
v 8.34411733 -2.80991233 3.83419784
v 8.31025779 -2.83169801 3.85149848
v 8.33897110 -2.80993189 3.85901105
v 8.33240499 -2.80995666 3.88026011
v 8.30070231 -2.83173415 3.87999875
v 8.32812445 -2.80997287 3.89136233
v 8.31297369 -2.81003024 3.92193533
v 8.28735508 -2.83178463 3.90693243
v 8.31218705 -2.81003322 3.92327338
v 8.29380109 -2.81010269 3.95016053
v 8.28419420 -2.81013920 3.96168304
v 8.27096372 -2.81018912 3.97551215
v 8.24943820 -2.81027070 3.99410088
v 8.22737329 -2.83201168 3.97351787
v 8.24488706 -2.81028784 3.99751793
v 8.21605685 -2.81039699 4.01576796
v 8.20197493 -2.83210780 3.98959547
v 8.20917522 -2.81042307 4.01935521
v 8.17462393 -2.83221136 4.00206488
v 8.18501013 -2.81051452 4.02992225
v 8.16486045 -2.81059071 4.03653331
v 8.14582978 -2.83232032 4.01069381
v 8.15232526 -2.81063820 4.03971715
v 8.11861107 -2.81076579 4.04497021
v 8.11612884 -2.83243264 4.01532155
v 8.08449562 -2.81089488 4.04558358
v 8.08607441 -2.83254645 4.01586188
v 8.07057076 -2.81094759 4.04449158
v 8.05622632 -2.83265933 4.01230477
v 8.01759857 -2.81114801 4.03293210
v 8.02714060 -2.83276941 4.00471642
v 8.02400370 -2.81112379 4.03498417
v 8.05061441 -2.81102303 4.04154578
v 7.99935906 -2.83287465 3.99323822
v 7.98606315 -2.81126740 4.01990292
v 7.98007746 -2.81129013 4.01683563
v 7.97339922 -2.83297281 3.97808398
v 7.95659557 -2.81137898 4.00270102
v 7.94037962 -2.81144026 3.99070190
v 7.94974465 -2.83306240 3.95953598
v 7.92974474 -2.81148049 3.98164680
v 7.90601088 -2.81157046 3.95713246
v 7.92883601 -2.83314156 3.93793977
v 7.88583610 -2.81164664 3.92961466
v 7.91106276 -2.83320881 3.91369764
v 7.87920364 -2.81167178 3.91851150
v 7.89675602 -2.83326282 3.88726114
v 7.86959618 -2.81170811 3.89960603
v 7.85993653 -2.81174480 3.87506398
v 7.88618227 -2.83330287 3.85912276
v 7.85759369 -2.81175356 3.86766554
v 7.85005219 -2.81178224 3.83438820
v 7.87953847 -2.83332802 3.82980666
v 7.84924008 -2.81178522 3.82875527
v 7.87694844 -2.83333789 3.79985895
v 7.84711215 -2.81179323 3.80039389
v 7.84750084 -2.81179174 3.78125908
v 7.87846035 -2.83333211 3.76983749
v 7.84882834 -2.81178671 3.76631587
v 7.85478166 -2.81176417 3.73429206
v 7.88404605 -2.83331107 3.74030152
v 7.88116621 -2.81166433 3.66986467
v 7.90694877 -2.83322427 3.68486757
v 7.87081943 -2.81170364 3.68955170
v 7.89360154 -2.83327474 3.71180125
v 7.86601548 -2.81172170 3.70043767
v 7.85516883 -2.81176287 3.73278895
v 7.93433103 -2.85195111 3.70081056
v 7.92290030 -2.85199433 3.72387687
v 7.98570012 -2.85175665 3.64378601
v 8.00745156 -2.85167432 3.63001698
v 8.03087527 -2.85158566 3.61933803
v 8.05553493 -2.85149234 3.61194810
v 8.08097114 -2.85139605 3.60798486
v 8.10671011 -2.85129863 3.60752209
v 8.13227235 -2.85120196 3.61056846
v 8.15718170 -2.85110771 3.61706722
v 8.22346448 -2.85085681 3.65576026
v 8.24137088 -2.85078901 3.67425550
v 8.25659209 -2.85073145 3.69501675
v 8.26884456 -2.85068507 3.71765727
v 8.27790003 -2.85065080 3.74175530
v 8.28358986 -2.85062938 3.76686194
v 8.28580801 -2.85062100 3.79250951
v 8.28451320 -2.85062584 3.81822023
v 8.27972952 -2.85064391 3.84351518
v 8.27154608 -2.85067483 3.86792313
v 8.26011535 -2.85071823 3.89098944
v 8.20874626 -2.85091250 3.94801399
v 8.18699482 -2.85099483 3.96178302
v 8.16357111 -2.85108349 3.97246197
v 8.13891146 -2.85117681 3.97985190
v 8.11347524 -2.85127311 3.98381514
v 8.08773627 -2.85137053 3.98427791
v 8.06217403 -2.85146720 3.98123154
v 8.03726468 -2.85156163 3.97473278
v 7.91471687 -2.85202525 3.74828482
v 7.90993318 -2.85204350 3.77357977
v 7.90863837 -2.85204834 3.79929049
v 7.91085653 -2.85203996 3.82493806
v 7.91654636 -2.85201836 3.85004470
v 7.92560183 -2.85198408 3.87414273
v 7.93785429 -2.85193770 3.89678325
v 7.95307550 -2.85188015 3.91754450
v 7.97098190 -2.85181235 3.93603974
v 7.99123994 -2.85173579 3.95192446
v 8.01347226 -2.85165160 3.96490272
v 7.99375587 -2.87857912 3.72389584
v 7.96308112 -2.86768618 3.71755862
v 7.98919380 -2.86758746 3.68425619
v 8.00540260 -2.86752599 3.67057778
v 8.02332297 -2.86745819 3.65923388
v 8.04262107 -2.86738518 3.65043582
v 8.06293742 -2.86730825 3.64434747
v 8.08389357 -2.86722890 3.64108227
v 8.18459961 -2.86684780 3.66735606
v 8.20128961 -2.86678466 3.68044301
v 8.21604216 -2.86672878 3.69568069
v 8.22858247 -2.86668147 3.71278528
v 8.23867691 -2.86664310 3.73143812
v 8.24613746 -2.86661497 3.75129178
v 8.25082514 -2.86659728 3.77197640
v 8.25265260 -2.86659020 3.79310667
v 8.20537251 -2.86676920 3.90754381
v 8.18916370 -2.86683048 3.92122222
v 8.17124334 -2.86689847 3.93256612
v 8.15194524 -2.86697148 3.94136418
v 8.13162888 -2.86704823 3.94745253
v 8.11067273 -2.86712757 3.95071773
v 7.94191370 -2.86776627 3.79869333
v 7.94374117 -2.86775938 3.81982360
v 7.94842884 -2.86774169 3.84050822
v 7.95588939 -2.86771338 3.86036188
v 7.96598383 -2.86767519 3.87901472
v 7.97852414 -2.86762769 3.89611931
v 7.99327669 -2.86757200 3.91135699
v 8.00996669 -2.86750867 3.92444394
v 8.02828323 -2.86743938 3.93513635
v 8.08691755 -2.87994071 3.67549047
v 8.07061890 -2.88000236 3.67802998
v 8.05481785 -2.88006234 3.68276518
v 8.03980874 -2.88011915 3.68960789
v 8.02587117 -2.88017186 3.69843060
v 8.01326477 -2.88021955 3.70906900
v 8.00222437 -2.88026127 3.72132489
v 8.16932846 -2.87791452 3.69233031
v 8.17822236 -2.87959519 3.70610329
v 8.18969616 -2.87955179 3.71795441
v 8.19944939 -2.87951491 3.73125750
v 8.20730035 -2.87948511 3.74576476
v 8.21310278 -2.87946313 3.76120595
v 8.21674863 -2.87944934 3.77729341
v 8.10774505 -2.87986192 3.91630953
v 8.12404371 -2.87980027 3.91377002
v 8.13984476 -2.87974048 3.90903482
v 8.15485386 -2.87968366 3.90219211
v 8.16879143 -2.87963095 3.89336940
v 8.18139783 -2.87958327 3.88273100
v 8.19243823 -2.87954136 3.87047511
v 8.02532117 -2.87845953 3.89946969
v 8.01644025 -2.88020744 3.88569671
v 8.00496645 -2.88025084 3.87384559
v 7.99521322 -2.88028791 3.86054250
v 7.98736226 -2.88031752 3.84603524
v 7.98155982 -2.88033950 3.83059405
v 7.97791398 -2.88035329 3.81450659
v 8.14244586 -2.18842122 3.68037193
v 8.10950699 -2.18854583 3.67177830
v 8.09471503 -2.18860190 3.79590000
v 8.17184475 -2.18831002 3.69753373
v 8.21924925 -2.18813046 3.78512937
v 8.21172533 -2.18815896 3.75192960
v 8.19552328 -2.18822024 3.72199092
v 8.18758777 -2.18825041 3.87956321
v 8.20671570 -2.18817796 3.85140381
v 8.21753704 -2.18813698 3.81912794
v 8.09696197 -2.18859333 3.92087980
v 8.13059755 -2.18846611 3.91563899
v 8.16157189 -2.18834876 3.90151770
v 8.00490961 -2.18894164 3.88284750
v 8.03169783 -2.18884031 3.90385264
v 8.06315974 -2.18872129 3.91685143
v 7.96987414 -2.18907426 3.78961278
v 7.97280733 -2.18906327 3.82352785
v 7.98478185 -2.18901782 3.85539387
v 8.01409938 -2.18890700 3.70036978
v 7.99131527 -2.18899324 3.72566229
v 7.97619984 -2.18905042 3.75616402
v 8.07547107 -2.18867472 3.67239024
v 8.04286239 -2.18879803 3.68216230
v 8.11139926 -2.68854237 3.67177830
v 8.07736334 -2.68867108 3.67239024
v 8.04475466 -2.68879457 3.68216230
v 8.01599165 -2.68890335 3.70036978
v 7.99320754 -2.68898959 3.72566229
v 7.97809211 -2.68904678 3.75616402
v 7.97176641 -2.68907080 3.78961278
v 7.97469960 -2.68905963 3.82352785
v 7.98667412 -2.68901437 3.85539387
v 8.00680187 -2.68893818 3.88284750
v 8.03359009 -2.68883686 3.90385264
v 8.06505201 -2.68871765 3.91685143
v 8.09885423 -2.68858968 3.92087980
v 8.13248982 -2.68846246 3.91563899
v 8.16346415 -2.68834530 3.90151770
v 8.18948004 -2.68824677 3.87956321
v 8.20860796 -2.68817431 3.85140381
v 8.21942931 -2.68813352 3.81912794
v 8.22114153 -2.68812700 3.78512937
v 8.21361759 -2.68815550 3.75192960
v 8.19741555 -2.68821678 3.72199092
v 8.17373702 -2.68830638 3.69753373
v 8.14433812 -2.68841758 3.68037193
v 8.34019192 -2.68767643 3.73963561
v 8.32514200 -2.68773343 3.69455335
v 8.30183223 -2.68782153 3.65313404
v 8.27110512 -2.68793794 3.61687464
v 8.23407118 -2.68807802 3.58708570
v 8.19206895 -2.68823708 3.56484385
v 8.33194234 -2.68770772 3.88026011
v 8.34365467 -2.68766339 3.83419784
v 8.34643807 -2.68765277 3.78675140
v 8.07010810 -2.68869865 4.04449158
v 8.11763291 -2.68851872 4.04501426
v 8.16439779 -2.68834177 4.03653331
v 8.20871256 -2.68817394 4.01935521
v 8.24897555 -2.68802158 3.99410088
v 8.28373154 -2.68789007 3.96168304
v 8.31172439 -2.68778409 3.92327338
v 7.93991695 -2.68919132 3.99070190
v 7.97961480 -2.68904100 4.01683563
v 8.02354105 -2.68887485 4.03498417
v 7.85947387 -2.68949567 3.87506398
v 7.87874098 -2.68942284 3.91851150
v 7.90588230 -2.68932003 3.95752753
v 7.87035677 -2.68945451 3.68955170
v 7.85431900 -2.68951523 3.73429206
v 7.84703818 -2.68954280 3.78125908
v 7.84877742 -2.68953628 3.82875527
v 8.14661648 -2.68840901 3.55095297
v 8.09935656 -2.68858782 3.54591512
v 8.05199726 -2.68876719 3.54991238
v 8.00625029 -2.68894023 3.56280025
v 7.96376905 -2.68910098 3.58411296
v 7.92608894 -2.68924366 3.61308023
v 7.89457181 -2.68936287 3.64865506
v 8.05017163 -2.76367459 3.83827087
v 8.05201316 -2.75176744 3.83161654
v 8.10339473 -2.75157298 3.85284531
v 8.10007940 -2.76348571 3.85889073
v 8.13926133 -2.76333745 3.84261947
v 8.15988105 -2.76325940 3.79271135
v 8.15379064 -2.75138225 3.78935095
v 8.13256201 -2.75146271 3.84073289
v 8.14360991 -2.76332087 3.75352913
v 8.09370214 -2.76350993 3.73290927
v 8.09029673 -2.75162253 3.73895469
v 8.14167830 -2.75142807 3.76018346
v 8.05452020 -2.76365819 3.74918053
v 8.03390048 -2.76373624 3.79908865
v 8.03990082 -2.75181326 3.80244905
v 8.06112945 -2.75173298 3.75106711
v 8.04618399 -2.75178961 3.80853107
v 8.06987317 -2.75169983 3.75119359
v 8.05213964 -2.75176707 3.82287276
v 8.14750747 -2.75140609 3.78326893
v 8.12381829 -2.75149568 3.84060641
v 8.10947671 -2.75155007 3.84656211
v 8.14155182 -2.75142863 3.76892724
v 8.08421475 -2.75164562 3.74523789
v 8.64994166 -2.80022341 3.15260965
v 8.66956621 -2.78893317 3.16842915
v 8.65849497 -2.78897508 3.18034206
v 8.63641331 -2.80027463 3.02783622
v 8.65219025 -2.78899892 3.00816911
v 8.66410312 -2.78895385 3.01924044
v 8.51164082 -2.80074681 3.04136471
v 8.49193138 -2.78960540 3.02554522
v 8.50300261 -2.78956349 3.01363225
v 8.68809636 -2.77493148 3.18337664
v 8.67470879 -2.77498215 3.19778210
v 8.47329575 -2.77574434 3.01059772
v 8.48668337 -2.77569368 2.99619230
v 8.67024552 -2.75852158 2.96443681
v 8.68091554 -2.75848116 2.97231394
v 8.66708493 -2.77501083 2.98958606
v 8.57859867 -2.81172804 3.14691718
v 8.58135474 -2.81272381 3.14175108
v 8.58310716 -2.80883945 3.15936747
v 8.63076340 -2.81153060 3.09922229
v 8.62560117 -2.81255636 3.09646999
v 8.64320275 -2.80861202 3.09470286
v 8.58306883 -2.81171109 3.04705719
v 8.58032041 -2.81272772 3.05222323
v 8.57853860 -2.80885677 3.03460685
v 8.53090411 -2.81190853 3.09475208
v 8.53607397 -2.81289517 3.09750432
v 8.51844301 -2.80908420 3.09927146
v 8.56691029 -2.80388425 3.17513555
v 8.54690418 -2.80061326 3.17900767
v 8.55108764 -2.80445608 3.16891739
v 8.53557646 -2.80065610 3.17335016
v 8.53548687 -2.80400309 3.16215268
v 8.54887789 -2.81284842 3.12832137
v 8.54717524 -2.81184706 3.13393431
v 8.53517520 -2.80902087 3.13956397
v 8.54227844 -2.80905998 3.14576085
v 8.54945517 -2.81359664 3.12245171
v 8.52958056 -2.80904210 3.13263418
v 8.54887561 -2.81405839 3.11660184
v 8.52502909 -2.80905924 3.12497876
v 8.54716351 -2.81421988 3.11097329
v 8.52161337 -2.80907228 3.11675350
v 8.51940302 -2.80908066 3.10812587
v 8.54437168 -2.81407404 3.10576785
v 8.54064928 -2.81362998 3.10124647
v 8.49210614 -2.80082076 3.10023473
v 8.49254665 -2.80081908 3.08758038
v 8.50265607 -2.80412733 3.08309345
v 8.49478355 -2.80081051 3.07511752
v 8.49877134 -2.80079543 3.06309987
v 8.50887614 -2.80461590 3.06726875
v 8.54950360 -2.81284600 3.06502729
v 8.54388688 -2.81185954 3.06332841
v 8.53824642 -2.80900932 3.05133917
v 8.53204982 -2.80909873 3.05844223
v 8.51563889 -2.80407815 3.05166984
v 8.55537605 -2.81357429 3.06560168
v 8.54517611 -2.80898306 3.04574449
v 8.56122760 -2.81401164 3.06502044
v 8.55283149 -2.80895400 3.04119297
v 8.56685670 -2.81414538 3.06330769
v 8.56105670 -2.80892289 3.03777725
v 8.56968429 -2.80889030 3.03556690
v 8.57206153 -2.81396936 3.06051643
v 8.57658115 -2.81349401 3.05679575
v 8.57754367 -2.80049740 3.00830145
v 8.59019792 -2.80044953 3.00874197
v 8.59469751 -2.80377901 3.01883881
v 8.60266069 -2.80040222 3.01097891
v 8.61467829 -2.80035677 3.01496670
v 8.61052404 -2.80423126 3.02505697
v 8.62600602 -2.80031393 3.02062420
v 8.62612090 -2.80366018 3.03182168
v 8.61279726 -2.81260646 3.06565295
v 8.61449226 -2.81159225 3.06004005
v 8.62647056 -2.80867535 3.05441040
v 8.61936783 -2.80876829 3.04821352
v 8.61222566 -2.81335916 3.07152261
v 8.63206520 -2.80865430 3.06134013
v 8.61280866 -2.81381643 3.07737248
v 8.63661667 -2.80863698 3.06899556
v 8.61452197 -2.81396489 3.08300107
v 8.64003239 -2.80862412 3.07722081
v 8.64224274 -2.80861574 3.08584849
v 8.61731263 -2.81379799 3.08820651
v 8.62103154 -2.81332581 3.09272789
v 8.66947634 -2.80014946 3.09373959
v 8.66903582 -2.80015114 3.10639393
v 8.65895174 -2.80353575 3.11088086
v 8.66679892 -2.80015952 3.11885680
v 8.66281114 -2.80017461 3.13087445
v 8.65273553 -2.80407145 3.12670561
v 8.65715368 -2.80019603 3.14220226
v 8.64596892 -2.80358492 3.14230452
v 8.61217155 -2.81260888 3.12894708
v 8.61778062 -2.81157977 3.13064590
v 8.62339934 -2.80868708 3.14263519
v 8.62959645 -2.80872955 3.13553213
v 8.60630477 -2.81338151 3.12837264
v 8.61646965 -2.80871316 3.14822983
v 8.60045667 -2.81386319 3.12895392
v 8.60881427 -2.80874222 3.15278139
v 8.59482874 -2.81403958 3.13066662
v 8.60058906 -2.80877332 3.15619711
v 8.59196152 -2.80880592 3.15840746
v 8.58962278 -2.81390286 3.13345794
v 8.58509968 -2.81346179 3.13717862
v 8.58403881 -2.80047282 3.18567291
v 8.57138451 -2.80052069 3.18523239
v 8.55892174 -2.80056781 3.18299550
v 8.44295878 -2.75938175 3.01546821
v 8.46209453 -2.77578662 3.02676180
v 8.45330768 -2.77581996 3.04435546
v 8.44371562 -2.75937877 3.01420334
v 8.45596137 -2.75933257 2.99670462
v 8.46318250 -2.75930519 2.98833632
v 8.47150195 -2.75927371 2.97998254
v 8.48745782 -2.75921336 2.96691748
v 8.50198477 -2.77563575 2.98383868
v 8.48926412 -2.75920647 2.96564222
v 8.50888634 -2.75913215 2.95397582
v 8.51888856 -2.77557186 2.97378850
v 8.51554781 -2.75910701 2.95082367
v 8.53705051 -2.77550294 2.96624628
v 8.52996911 -2.75905243 2.94522074
v 8.54630241 -2.75899059 2.94071388
v 8.55610099 -2.77543086 2.96136559
v 8.55208327 -2.75896880 2.93955504
v 8.57477862 -2.75888293 2.93709430
v 8.57565215 -2.77535691 2.95924581
v 8.57846251 -2.75886896 2.93700191
v 8.59530599 -2.77528259 2.95992996
v 8.59759318 -2.75879650 2.93788853
v 8.61071156 -2.75874677 2.93983974
v 8.61466242 -2.77520939 2.96340425
v 8.62006250 -2.75871138 2.94192153
v 8.64172916 -2.75862943 2.94911125
v 8.63332738 -2.77513861 2.96959783
v 8.66215209 -2.75855213 2.95931128
v 8.65092095 -2.77507211 2.97838476
v 8.69509316 -2.75842751 2.98518891
v 8.68149026 -2.77495644 3.00297382
v 8.69763753 -2.75841783 2.98785464
v 8.71197766 -2.75836363 3.00561692
v 8.69384374 -2.77490969 3.01827531
v 8.71525485 -2.75835115 3.01051819
v 8.70389383 -2.77487169 3.03517919
v 8.72364401 -2.75831948 3.02523928
v 8.72990511 -2.75829583 3.03938742
v 8.71143596 -2.77484301 3.05334133
v 8.73239910 -2.75828633 3.04632223
v 8.73806466 -2.75826491 3.06843653
v 8.71631665 -2.77482457 3.07239191
v 8.73844417 -2.75826342 3.07061480
v 8.71843648 -2.77481656 3.09194321
v 8.74052540 -2.75825559 3.09113207
v 8.74052247 -2.75825559 3.10292187
v 8.71775228 -2.77481916 3.11159719
v 8.73973117 -2.75825857 3.11394677
v 8.73605487 -2.75827254 3.13498600
v 8.71427803 -2.77483239 3.13095380
v 8.71830865 -2.75833960 3.17850615
v 8.69929761 -2.77488901 3.16721256
v 8.72522433 -2.75831352 3.16549445
v 8.70808445 -2.77485567 3.14961890
v 8.72850859 -2.75830104 3.15808308
v 8.73569822 -2.75827385 3.13641624
v 8.70847426 -2.75837685 3.19319818
v 8.70530604 -2.75838877 3.19726974
v 8.68976548 -2.75844763 3.21399182
v 8.68649034 -2.75846011 3.21696302
v 8.65940734 -2.77503989 3.21013563
v 8.67200329 -2.75851487 3.22833209
v 8.66017266 -2.75855958 3.23581606
v 8.64250361 -2.77510396 3.22018581
v 8.65238107 -2.75858919 3.23999849
v 8.63129831 -2.75866891 3.24875362
v 8.62434160 -2.77517269 3.22772804
v 8.63059865 -2.75867152 3.24898543
v 8.60529112 -2.77524478 3.23260873
v 8.60918414 -2.75875255 3.25441928
v 8.59897908 -2.75879129 3.25593193
v 8.58573996 -2.77531873 3.23472856
v 8.58648879 -2.75883860 3.25688002
v 8.56660841 -2.75891385 3.25637128
v 8.56608612 -2.77539323 3.23404436
v 8.56367423 -2.75892484 3.25608578
v 8.54120491 -2.75900996 3.25205279
v 8.54672970 -2.77546643 3.23057011
v 8.53481198 -2.75903418 3.25028537
v 8.52806474 -2.77553703 3.22437649
v 8.49911532 -2.75916922 3.23466308
v 8.51047117 -2.77560371 3.21558955
v 8.50489148 -2.75914724 3.23792346
v 8.51953825 -2.75909192 3.24486311
v 8.49430723 -2.77566481 3.20438825
v 8.48035187 -2.75924019 3.22166038
v 8.47807185 -2.75924875 3.21979154
v 8.47990186 -2.77571938 3.19100054
v 8.46362988 -2.75930352 3.20611972
v 8.45545115 -2.75933444 3.19663201
v 8.46754842 -2.77576613 3.17569900
v 8.44928975 -2.75935772 3.18835740
v 8.43795541 -2.75940075 3.16939306
v 8.45749831 -2.77580413 3.15879513
v 8.43762340 -2.75940186 3.16873504
v 8.42886831 -2.75943502 3.14765213
v 8.44995616 -2.77583263 3.14063303
v 8.42630096 -2.75944471 3.13918976
v 8.44507549 -2.77585107 3.12158241
v 8.42320275 -2.75945644 3.12553778
v 8.42096490 -2.75946501 3.10725871
v 8.44295566 -2.77585908 3.10203111
v 8.42074201 -2.75946575 3.10284229
v 8.42153622 -2.75946277 3.08002754
v 8.44363983 -2.77585647 3.08237713
v 8.42216568 -2.75946035 3.07490713
v 8.44711409 -2.77584343 3.06302057
v 8.42556919 -2.75944750 3.05755808
v 8.42985419 -2.75943129 3.04345949
v 8.43275884 -2.75942030 3.03589128
v 8.48266826 -2.78964060 3.03891254
v 8.47540173 -2.78966799 3.05346203
v 8.51565649 -2.78951562 3.00341620
v 8.52963551 -2.78946272 2.99510489
v 8.54465499 -2.78940591 2.98886773
v 8.56040929 -2.78934631 2.98483147
v 8.57657761 -2.78928503 2.98307844
v 8.59283086 -2.78922356 2.98364422
v 8.60883811 -2.78916302 2.98651735
v 8.62427362 -2.78910454 2.99163935
v 8.63882302 -2.78904959 2.99890590
v 8.67431912 -2.78891529 3.03189442
v 8.68263029 -2.78888381 3.04587352
v 8.68886745 -2.78886016 3.06089315
v 8.69290366 -2.78884488 3.07664749
v 8.69465669 -2.78883818 3.09281595
v 8.69409091 -2.78884041 3.10906930
v 8.69121778 -2.78885122 3.12507673
v 8.68609584 -2.78887059 3.14051229
v 8.67882933 -2.78889815 3.15506183
v 8.64584109 -2.78902295 3.19055816
v 8.63186208 -2.78907585 3.19886942
v 8.61684260 -2.78913266 3.20510663
v 8.60108830 -2.78919227 3.20914284
v 8.58491998 -2.78925355 3.21089592
v 8.56866672 -2.78931501 3.21033009
v 8.55265943 -2.78937555 3.20745696
v 8.53722397 -2.78943404 3.20233497
v 8.52267457 -2.78948917 3.19506842
v 8.47027980 -2.78968736 3.06889763
v 8.46740667 -2.78969835 3.08490502
v 8.46684087 -2.78970040 3.10115841
v 8.46859392 -2.78969369 3.11732682
v 8.47263011 -2.78967842 3.13308122
v 8.47886730 -2.78965495 3.14810084
v 8.48717846 -2.78962347 3.16207995
v 8.49739447 -2.78958473 3.17473392
v 8.50930734 -2.78953965 3.18580520
v 8.50442879 -2.80077401 3.05177205
v 8.52026049 -2.80071422 3.03208967
v 8.53011244 -2.80067678 3.02413575
v 8.54099601 -2.80063561 3.01766488
v 8.55268974 -2.80059147 3.01280878
v 8.56495554 -2.80054490 3.00966631
v 8.64568826 -2.80023943 3.03645599
v 8.65364213 -2.80020925 3.04630798
v 8.66011296 -2.80018485 3.05719170
v 8.66496906 -2.80016641 3.06888548
v 8.66811148 -2.80015468 3.08115137
v 8.64132199 -2.80025601 3.16188470
v 8.63147004 -2.80029326 3.16983861
v 8.62058647 -2.80033442 3.17630948
v 8.60889273 -2.80037875 3.18116559
v 8.59662694 -2.80042513 3.18430806
v 8.49347099 -2.80081554 3.11282299
v 8.49661341 -2.80080362 3.12508884
v 8.50146952 -2.80078518 3.13678266
v 8.50794035 -2.80076078 3.14766633
v 8.51589421 -2.80073061 3.15751833
v 8.52516916 -2.80069559 3.16613809
v 8.60939476 -2.28665470 3.02304923
v 8.58732679 -2.28673834 3.01743787
v 8.57884706 -2.28677037 3.09698716
v 8.65472973 -2.28648315 3.07165472
v 8.64451903 -2.28652190 3.05130206
v 8.62898797 -2.28658057 3.03465057
v 8.64768451 -2.28650979 3.13774663
v 8.65637929 -2.28647701 3.11670172
v 8.65879290 -2.28646788 3.09405964
v 8.59312228 -2.28671636 3.17570324
v 8.61472072 -2.28663459 3.16849285
v 8.63341292 -2.28656381 3.15548949
v 8.52870614 -2.28696018 3.15932379
v 8.54829930 -2.28688604 3.17092514
v 8.57036732 -2.28680241 3.17653649
v 8.49890121 -2.28707287 3.09991472
v 8.50296434 -2.28705759 3.12231964
v 8.51317508 -2.28701885 3.14267230
v 8.52428119 -2.28697694 3.03848483
v 8.51000961 -2.28703096 3.05622769
v 8.50131478 -2.28706374 3.07727264
v 8.56457184 -2.28682439 3.01827112
v 8.54297335 -2.28690616 3.02548151
v 8.58884061 -2.68673542 3.01743787
v 8.56608565 -2.68682147 3.01827112
v 8.54448717 -2.68690324 3.02548151
v 8.52579501 -2.68697403 3.03848483
v 8.51152338 -2.68702804 3.05622769
v 8.50282860 -2.68706082 3.07727264
v 8.50041503 -2.68706995 3.09991472
v 8.50447815 -2.68705468 3.12231964
v 8.51468890 -2.68701593 3.14267230
v 8.53021996 -2.68695726 3.15932379
v 8.54981312 -2.68688313 3.17092514
v 8.57188114 -2.68679950 3.17653649
v 8.59463609 -2.68671344 3.17570324
v 8.61623453 -2.68663167 3.16849285
v 8.63492674 -2.68656089 3.15548949
v 8.64919832 -2.68650687 3.13774663
v 8.65789311 -2.68647409 3.11670172
v 8.66030672 -2.68646496 3.09405964
v 8.65624355 -2.68648024 3.07165472
v 8.64603285 -2.68651898 3.05130206
v 8.63050179 -2.68657765 3.03465057
v 8.61090858 -2.68665179 3.02304923
v 8.69482033 -2.68633421 2.98518891
v 8.66997269 -2.68642827 2.96443681
v 8.64145633 -2.68653630 2.94911125
v 8.70820143 -2.68628373 3.19319818
v 8.72495150 -2.68622021 3.16549445
v 8.73578203 -2.68617923 3.13498600
v 8.43768258 -2.68730744 3.16939306
v 8.45517829 -2.68724131 3.19663201
v 8.42189285 -2.68736723 3.07490713
v 8.42069204 -2.68737170 3.10725871
v 8.42602810 -2.68735158 3.13918976
v 8.74024964 -2.68616228 3.10292187
v 8.73817134 -2.68617029 3.07061480
v 8.72963223 -2.68620252 3.03938742
v 8.71498202 -2.68625802 3.01051819
v 8.63032582 -2.68657840 3.24898543
v 8.65989983 -2.68646645 3.23581606
v 8.68621751 -2.68636680 3.21696302
v 8.47779902 -2.68715563 3.21979154
v 8.50461860 -2.68705412 3.23792346
v 8.53453910 -2.68694087 3.25028537
v 8.56633558 -2.68682054 3.25637128
v 8.59870625 -2.68669798 3.25593193
v 8.48718498 -2.68712006 2.96691748
v 8.46290967 -2.68721189 2.98833632
v 8.44344279 -2.68728565 3.01420334
v 8.42958136 -2.68733817 3.04345949
v 8.61043868 -2.68665365 2.93983974
v 8.57818968 -2.68677565 2.93700191
v 8.54602958 -2.68689747 2.94071388
v 8.51527498 -2.68701370 2.95082367
v 8.54694525 -2.75107640 3.13393431
v 8.54892799 -2.72588673 3.11906197
v 8.58729858 -2.72574145 3.13491513
v 8.58472282 -2.73119732 3.13724441
v 8.57836868 -2.75095756 3.14691718
v 8.58109792 -2.74080987 3.14172808
v 8.54860897 -2.74093299 3.12830497
v 8.54914373 -2.73133199 3.12254461
v 8.61755063 -2.75080930 3.13064590
v 8.60258307 -2.72568370 3.12856784
v 8.61843613 -2.72562373 3.09019698
v 8.62078605 -2.73106079 3.09279341
v 8.63053341 -2.75076012 3.09922229
v 8.62530599 -2.74064261 3.09645467
v 8.61188298 -2.74069346 3.12894382
v 8.60608633 -2.73111648 3.12837273
v 8.61426227 -2.75082178 3.06004005
v 8.61208894 -2.72564775 3.07491239
v 8.57371836 -2.72579285 3.05905923
v 8.57633533 -2.73122898 3.05672990
v 8.58283884 -2.75094061 3.04705719
v 8.58003291 -2.74081397 3.05224628
v 8.61252182 -2.74069103 3.06566939
v 8.61191441 -2.73109431 3.07142976
v 8.54365689 -2.75108888 3.06332841
v 8.53067412 -2.75113805 3.09475208
v 8.53582484 -2.74098124 3.09751969
v 8.54924785 -2.74093057 3.06503055
v 8.54027209 -2.73136552 3.10118095
v 8.55497181 -2.73130982 3.06560163
v 8.54258080 -2.72591076 3.10377734
v 8.55843382 -2.72585078 3.06540647
v 8.56652245 -2.72582005 3.06330769
v 8.59449449 -2.72571425 3.13066662
v 8.61418767 -2.72563974 3.08300107
v 8.54682926 -2.72589474 3.11097329
v 8.87759038 -2.79936175 2.82370950
v 8.89721493 -2.78807170 2.83952895
v 8.88614374 -2.78811361 2.85144196
v 8.86406203 -2.79941297 2.69893612
v 8.87983896 -2.78813745 2.67926901
v 8.89175179 -2.78809237 2.69034029
v 8.73928953 -2.79988515 2.71246460
v 8.71958014 -2.78874393 2.69664506
v 8.73065133 -2.78870202 2.68473214
v 8.91574508 -2.77406982 2.85447649
v 8.90235751 -2.77412049 2.86888191
v 8.70094452 -2.77488268 2.68169752
v 8.71433209 -2.77483202 2.66729210
v 8.89789423 -2.75765992 2.63553661
v 8.90856430 -2.75761969 2.64341383
v 8.89473361 -2.77414936 2.66068595
v 8.80624739 -2.81086656 2.81801698
v 8.80900345 -2.81186233 2.81285093
v 8.81075592 -2.80797797 2.83046736
v 8.85841212 -2.81066912 2.77032209
v 8.85324989 -2.81169488 2.76756984
v 8.87085151 -2.80775054 2.76580275
v 8.81071755 -2.81084961 2.71815703
v 8.80796913 -2.81186625 2.72332308
v 8.80618732 -2.80799530 2.70570674
v 8.75855287 -2.81104705 2.76585192
v 8.76372269 -2.81203370 2.76860417
v 8.74609173 -2.80822272 2.77037135
v 8.79455901 -2.80302259 2.84623540
v 8.77455290 -2.79975179 2.85010747
v 8.77873635 -2.80359461 2.84001724
v 8.76322518 -2.79979463 2.84444996
v 8.76313563 -2.80314162 2.83325248
v 8.77652665 -2.81198676 2.79942126
v 8.77482401 -2.81098540 2.80503415
v 8.76282396 -2.80815940 2.81066381
v 8.76992721 -2.80819851 2.81686065
v 8.77710389 -2.81273517 2.79355160
v 8.75722932 -2.80818044 2.80373403
v 8.77652437 -2.81319673 2.78770168
v 8.75267781 -2.80819777 2.79607865
v 8.77481223 -2.81335841 2.78207314
v 8.74926214 -2.80821062 2.78785340
v 8.74705178 -2.80821900 2.77922572
v 8.77202040 -2.81321257 2.77686770
v 8.76829800 -2.81276851 2.77234632
v 8.71975486 -2.79995910 2.77133462
v 8.72019537 -2.79995742 2.75868027
v 8.73030483 -2.80326585 2.75419335
v 8.72243227 -2.79994904 2.74621741
v 8.72642005 -2.79993395 2.73419972
v 8.73652490 -2.80375443 2.73836859
v 8.77715231 -2.81198452 2.73612709
v 8.77153565 -2.81099788 2.73442826
v 8.76589514 -2.80814766 2.72243897
v 8.75969854 -2.80823707 2.72954208
v 8.74328761 -2.80321668 2.72276969
v 8.78302477 -2.81271282 2.73670153
v 8.77282483 -2.80812158 2.71684433
v 8.78887632 -2.81314998 2.73612029
v 8.78048021 -2.80809253 2.71229277
v 8.79450546 -2.81328372 2.73440759
v 8.78870542 -2.80806142 2.70887705
v 8.79733300 -2.80802882 2.70666675
v 8.79971025 -2.81310770 2.73161632
v 8.80422987 -2.81263254 2.72789559
v 8.80519243 -2.79963574 2.67940125
v 8.81784669 -2.79958787 2.67984177
v 8.82234623 -2.80291754 2.68993861
v 8.83030946 -2.79954075 2.68207871
v 8.84232701 -2.79949530 2.68606654
v 8.83817280 -2.80336960 2.69615686
v 8.85365474 -2.79945246 2.69172405
v 8.85376966 -2.80279852 2.70292153
v 8.84044597 -2.81174499 2.73675284
v 8.84214098 -2.81073078 2.73113986
v 8.85411928 -2.80781387 2.72551020
v 8.84701655 -2.80790663 2.71931336
v 8.83987442 -2.81249768 2.74262250
v 8.85971392 -2.80779264 2.73243998
v 8.84045738 -2.81295477 2.74847233
v 8.86426543 -2.80777550 2.74009545
v 8.84217069 -2.81310341 2.75410087
v 8.86768111 -2.80776247 2.74832071
v 8.86989151 -2.80775408 2.75694829
v 8.84496135 -2.81293652 2.75930631
v 8.84868026 -2.81246434 2.76382769
v 8.89712506 -2.79928780 2.76483948
v 8.89668454 -2.79928948 2.77749383
v 8.88660046 -2.80267428 2.78198075
v 8.89444769 -2.79929805 2.78995669
v 8.89045986 -2.79931313 2.80197429
v 8.88038425 -2.80320997 2.79780542
v 8.88480245 -2.79933455 2.81330216
v 8.87361764 -2.80272345 2.81340432
v 8.83982031 -2.81174722 2.80004692
v 8.84542934 -2.81071830 2.80174575
v 8.85104810 -2.80782542 2.81373504
v 8.85724522 -2.80786789 2.80663193
v 8.83395354 -2.81252003 2.79947248
v 8.84411841 -2.80785169 2.81932968
v 8.82810544 -2.81300153 2.80005372
v 8.83646303 -2.80788074 2.82388124
v 8.82247750 -2.81317792 2.80176652
v 8.82823783 -2.80791185 2.82729696
v 8.81961024 -2.80794445 2.82950726
v 8.81727150 -2.81304139 2.80455778
v 8.81274839 -2.81260031 2.80827842
v 8.81168752 -2.79961116 2.85677276
v 8.79903327 -2.79965903 2.85633224
v 8.78657050 -2.79970634 2.85409530
v 8.67060752 -2.75852009 2.68656806
v 8.68974327 -2.77492515 2.69786165
v 8.68095642 -2.77495849 2.71545527
v 8.67136436 -2.75851729 2.68530314
v 8.68361014 -2.75847091 2.66780452
v 8.69083124 -2.75844372 2.65943612
v 8.69915070 -2.75841205 2.65108234
v 8.71510658 -2.75835170 2.63801728
v 8.72963349 -2.77477427 2.65493858
v 8.71691288 -2.75834500 2.63674212
v 8.73653506 -2.75827068 2.62507572
v 8.74653727 -2.77471020 2.64488840
v 8.74319653 -2.75824553 2.62192356
v 8.76469927 -2.77464147 2.63734617
v 8.75761787 -2.75819096 2.61632054
v 8.77395113 -2.75812912 2.61181368
v 8.78374971 -2.77456938 2.63246548
v 8.77973203 -2.75810714 2.61065493
v 8.80242738 -2.75802127 2.60819419
v 8.80330087 -2.77449544 2.63034561
v 8.80611128 -2.75800730 2.60810171
v 8.82295471 -2.77442093 2.63102985
v 8.82524195 -2.75793503 2.60898842
v 8.83836028 -2.75788530 2.61093964
v 8.84231118 -2.77434773 2.63450406
v 8.84771122 -2.75784991 2.61302142
v 8.86937788 -2.75776795 2.62021105
v 8.86097614 -2.77427713 2.64069772
v 8.88980086 -2.75769065 2.63041108
v 8.87856966 -2.77421045 2.64948466
v 8.92274192 -2.75756604 2.65628881
v 8.90913902 -2.77409478 2.67407362
v 8.92528629 -2.75755636 2.65895444
v 8.93962643 -2.75750197 2.67671681
v 8.92149246 -2.77404803 2.68937516
v 8.94290356 -2.75748967 2.68161799
v 8.93154255 -2.77401003 2.70627904
v 8.95129273 -2.75745782 2.69633912
v 8.95755383 -2.75743417 2.71048722
v 8.93908468 -2.77398153 2.72444113
v 8.96004782 -2.75742485 2.71742203
v 8.96571342 -2.75740325 2.73953638
v 8.94396537 -2.77396309 2.74349180
v 8.96609294 -2.75740194 2.74171465
v 8.94608524 -2.77395508 2.76304306
v 8.96817416 -2.75739393 2.76223187
v 8.96817118 -2.75739393 2.77402176
v 8.94540100 -2.77395769 2.78269703
v 8.96737993 -2.75739710 2.78504667
v 8.96370363 -2.75741088 2.80608580
v 8.94192679 -2.77397073 2.80205364
v 8.94595737 -2.75747812 2.84960595
v 8.92694638 -2.77402754 2.83831236
v 8.95287309 -2.75745186 2.83659426
v 8.93573322 -2.77399420 2.82071874
v 8.95615731 -2.75743957 2.82918288
v 8.96334693 -2.75741219 2.80751613
v 8.93612298 -2.75751538 2.86429803
v 8.93295480 -2.75752730 2.86836958
v 8.91741420 -2.75758616 2.88509167
v 8.91413911 -2.75759845 2.88806287
v 8.88705606 -2.77417841 2.88123553
v 8.89965201 -2.75765340 2.89943189
v 8.88782142 -2.75769810 2.90691591
v 8.87015237 -2.77424230 2.89128561
v 8.88002979 -2.75772753 2.91109838
v 8.85894702 -2.75780744 2.91985347
v 8.85199032 -2.77431103 2.89882784
v 8.85824741 -2.75781005 2.92008528
v 8.83293989 -2.77438331 2.90370853
v 8.83683286 -2.75789107 2.92551908
v 8.82662780 -2.75792963 2.92703182
v 8.81338873 -2.77445725 2.90582840
v 8.81413751 -2.75797694 2.92797982
v 8.79425717 -2.75805219 2.92747113
v 8.79373489 -2.77453157 2.90514425
v 8.79132295 -2.75806337 2.92718568
v 8.76885362 -2.75814830 2.92315268
v 8.77437842 -2.77460477 2.90166995
v 8.76246070 -2.75817252 2.92138522
v 8.75571346 -2.77467555 2.89547629
v 8.72676408 -2.75830756 2.90576293
v 8.73811993 -2.77474205 2.88668944
v 8.73254019 -2.75828577 2.90902331
v 8.74718701 -2.75823026 2.91596296
v 8.72195595 -2.77480333 2.87548806
v 8.70800064 -2.75837871 2.89276027
v 8.70572057 -2.75838728 2.89089139
v 8.70755062 -2.77485772 2.86210039
v 8.69127860 -2.75844186 2.87721957
v 8.68309986 -2.75847296 2.86773191
v 8.69519714 -2.77490447 2.84679885
v 8.67693847 -2.75849625 2.85945720
v 8.66560413 -2.75853909 2.84049286
v 8.68514705 -2.77494247 2.82989497
v 8.66527211 -2.75854039 2.83983489
v 8.65651708 -2.75857355 2.81875198
v 8.67760487 -2.77497116 2.81173288
v 8.65394970 -2.75858323 2.81028961
v 8.67272423 -2.77498960 2.79268230
v 8.65085147 -2.75859497 2.79663763
v 8.64861364 -2.75860335 2.77835856
v 8.67060440 -2.77499761 2.77313095
v 8.64839078 -2.75860428 2.77394214
v 8.64918496 -2.75860130 2.75112743
v 8.67128860 -2.77499500 2.75347698
v 8.64981444 -2.75859888 2.74600693
v 8.67476280 -2.77498177 2.73412037
v 8.65321791 -2.75858603 2.72865797
v 8.65750293 -2.75856982 2.71455933
v 8.66040758 -2.75855883 2.70699113
v 8.71031697 -2.78877894 2.71001234
v 8.70305047 -2.78880651 2.72456192
v 8.74330521 -2.78865415 2.67451600
v 8.75728422 -2.78860125 2.66620479
v 8.77230376 -2.78854444 2.65996753
v 8.78805801 -2.78848483 2.65593137
v 8.80422633 -2.78842355 2.65417834
v 8.82047958 -2.78836208 2.65474412
v 8.83648688 -2.78830155 2.65761725
v 8.85192234 -2.78824306 2.66273924
v 8.86647178 -2.78818793 2.67000579
v 8.90196784 -2.78805363 2.70299426
v 8.91027906 -2.78802215 2.71697332
v 8.91651622 -2.78799868 2.73199295
v 8.92055238 -2.78798341 2.74774739
v 8.92230541 -2.78797670 2.76391580
v 8.92173963 -2.78797875 2.78016915
v 8.91886650 -2.78798974 2.79617653
v 8.91374460 -2.78800911 2.81161218
v 8.90647805 -2.78803649 2.82616167
v 8.87348986 -2.78816148 2.86165801
v 8.85951085 -2.78821438 2.86996922
v 8.84449131 -2.78827119 2.87620648
v 8.82873701 -2.78833079 2.88024264
v 8.81256870 -2.78839207 2.88199577
v 8.79631549 -2.78845354 2.88142999
v 8.78030819 -2.78851408 2.87855676
v 8.76487273 -2.78857256 2.87343486
v 8.75032329 -2.78862751 2.86616822
v 8.69792852 -2.78882588 2.73999748
v 8.69505539 -2.78883669 2.75600486
v 8.69448961 -2.78883892 2.77225821
v 8.69624264 -2.78883222 2.78842672
v 8.70027885 -2.78881694 2.80418106
v 8.70651601 -2.78879329 2.81920069
v 8.71482723 -2.78876181 2.83317975
v 8.72504323 -2.78872325 2.84583372
v 8.73695606 -2.78867818 2.85690510
v 8.73207756 -2.79991253 2.72287195
v 8.74790925 -2.79985256 2.70318947
v 8.75776115 -2.79981530 2.69523560
v 8.76864478 -2.79977414 2.68876468
v 8.78033846 -2.79972981 2.68390858
v 8.79260426 -2.79968343 2.68076611
v 8.87333703 -2.79937795 2.70755588
v 8.88129090 -2.79934778 2.71740788
v 8.88776172 -2.79932338 2.72829150
v 8.89261773 -2.79930494 2.73998537
v 8.89576020 -2.79929302 2.75225117
v 8.86897071 -2.79939435 2.83298454
v 8.85911876 -2.79943178 2.84093841
v 8.84823518 -2.79947295 2.84740933
v 8.83654145 -2.79951709 2.85226543
v 8.82427570 -2.79956366 2.85540790
v 8.72111971 -2.79995388 2.78392284
v 8.72426218 -2.79994215 2.79618873
v 8.72911824 -2.79992371 2.80788251
v 8.73558906 -2.79989912 2.81876623
v 8.74354293 -2.79986913 2.82861822
v 8.75281793 -2.79983393 2.83723799
v 8.83704353 -2.28579323 2.69414903
v 8.81497551 -2.28587668 2.68853771
v 8.80649577 -2.28590871 2.76808700
v 8.88237849 -2.28562168 2.74275457
v 8.87216775 -2.28566024 2.72240191
v 8.85663669 -2.28571910 2.70575042
v 8.87533322 -2.28564832 2.80884652
v 8.88402805 -2.28561535 2.78780152
v 8.88644167 -2.28560622 2.76515949
v 8.82077099 -2.28585470 2.84680304
v 8.84236948 -2.28577311 2.83959265
v 8.86106164 -2.28570233 2.82658934
v 8.75635486 -2.28609852 2.83042359
v 8.77594807 -2.28602438 2.84202498
v 8.79801604 -2.28594094 2.84763630
v 8.72654993 -2.28621139 2.77101452
v 8.73061310 -2.28619593 2.79341944
v 8.74082380 -2.28615738 2.81377210
v 8.75192991 -2.28611528 2.70958467
v 8.73765832 -2.28616930 2.72732758
v 8.72896354 -2.28620227 2.74837249
v 8.79222055 -2.28596292 2.68937097
v 8.77062211 -2.28604450 2.69658136
v 8.81648933 -2.68587376 2.68853771
v 8.79373437 -2.68596000 2.68937097
v 8.77213593 -2.68604177 2.69658136
v 8.75344373 -2.68611237 2.70958467
v 8.73917214 -2.68616638 2.72732758
v 8.73047736 -2.68619935 2.74837249
v 8.72806375 -2.68620848 2.77101452
v 8.73212692 -2.68619302 2.79341944
v 8.74233761 -2.68615446 2.81377210
v 8.75786868 -2.68609560 2.83042359
v 8.77746189 -2.68602147 2.84202498
v 8.79952985 -2.68593802 2.84763630
v 8.82228481 -2.68585197 2.84680304
v 8.84388330 -2.68577020 2.83959265
v 8.86257546 -2.68569942 2.82658934
v 8.87684709 -2.68564540 2.80884652
v 8.88554182 -2.68561243 2.78780152
v 8.88795544 -2.68560330 2.76515949
v 8.88389227 -2.68561876 2.74275457
v 8.87368162 -2.68565732 2.72240191
v 8.85815051 -2.68571618 2.70575042
v 8.83855735 -2.68579031 2.69414903
v 8.92246904 -2.68547273 2.65628881
v 8.89762145 -2.68556680 2.63553661
v 8.86910501 -2.68567464 2.62021105
v 8.93585019 -2.68542207 2.86429803
v 8.95260022 -2.68535874 2.83659426
v 8.96343075 -2.68531776 2.80608580
v 8.66533130 -2.68644597 2.84049286
v 8.68282703 -2.68637966 2.86773191
v 8.64954156 -2.68650557 2.74600693
v 8.64834076 -2.68651023 2.77835856
v 8.65367682 -2.68648992 2.81028961
v 8.96789831 -2.68530081 2.77402176
v 8.96582006 -2.68530863 2.74171465
v 8.95728095 -2.68534104 2.71048722
v 8.94263069 -2.68539636 2.68161799
v 8.85797454 -2.68571674 2.92008528
v 8.88754854 -2.68560498 2.90691591
v 8.91386623 -2.68550533 2.88806287
v 8.70544774 -2.68629416 2.89089139
v 8.73226736 -2.68619265 2.90902331
v 8.76218787 -2.68607940 2.92138522
v 8.79398429 -2.68595907 2.92747113
v 8.82635497 -2.68583651 2.92703182
v 8.71483375 -2.68625858 2.63801728
v 8.69055841 -2.68635041 2.65943612
v 8.67109153 -2.68642417 2.68530314
v 8.65723010 -2.68647651 2.71455933
v 8.83808745 -2.68579218 2.61093964
v 8.80583840 -2.68591418 2.60810171
v 8.77367829 -2.68603581 2.61181368
v 8.74292370 -2.68615223 2.62192356
v 8.77459402 -2.75021493 2.80503415
v 8.77657671 -2.72502507 2.79016177
v 8.81494734 -2.72487997 2.80601493
v 8.81237153 -2.73033566 2.80834426
v 8.80601740 -2.75009590 2.81801698
v 8.80874664 -2.73994840 2.81282793
v 8.77625773 -2.74007133 2.79940478
v 8.77679250 -2.73047033 2.79364445
v 8.84519935 -2.74994764 2.80174575
v 8.83023183 -2.72482204 2.79966769
v 8.84608490 -2.72476207 2.76129683
v 8.84843477 -2.73019913 2.76389326
v 8.85818213 -2.74989865 2.77032209
v 8.85295471 -2.73978113 2.76755447
v 8.83953170 -2.73983180 2.80004366
v 8.83373505 -2.73025482 2.79947258
v 8.84191099 -2.74996012 2.73113986
v 8.83973766 -2.72478609 2.74601224
v 8.80136707 -2.72493138 2.73015908
v 8.80398404 -2.73036751 2.72782975
v 8.81048756 -2.75007914 2.71815703
v 8.80768163 -2.73995250 2.72334608
v 8.84017054 -2.73982956 2.73676923
v 8.83956313 -2.73023284 2.74252956
v 8.77130566 -2.75022741 2.73442826
v 8.75832288 -2.75027658 2.76585192
v 8.76347356 -2.74011976 2.76861954
v 8.77689657 -2.74006891 2.73613035
v 8.76792081 -2.73050386 2.77228084
v 8.78262057 -2.73044835 2.73670143
v 8.77022951 -2.72504910 2.77487718
v 8.78608258 -2.72498912 2.73650632
v 8.79417116 -2.72495858 2.73440759
v 8.82214320 -2.72485278 2.80176652
v 8.84183644 -2.72477808 2.75410087
v 8.77447798 -2.72503308 2.78207314
v 8.71953562 -2.68624070 2.72147971
v 8.75109740 -2.68612131 2.85031208
v 8.60571124 -2.68667153 2.88592976
v 8.45819778 -2.68722977 2.92206871
v 8.46032508 -2.68722176 2.92154754
v 8.49188691 -2.68710236 3.05037986
v 8.77568143 -2.68602817 2.47971731
v 8.82801584 -2.68583017 2.45152525
v 8.82285297 -2.68584973 2.51414104
v 8.93017266 -2.68544349 2.94300550
v 8.92804534 -2.68545169 2.94352666
v 8.89648356 -2.68557108 2.81469430
v 8.81634828 -2.68587432 3.10745560
v 8.81422100 -2.68588233 3.10797676
v 8.78265922 -2.68600191 2.97914444
v 8.50206179 -2.68706380 3.61103263
v 8.45496355 -2.68724206 3.52873291
v 8.55130165 -2.68687735 3.50280734
v 7.93205261 -2.68922112 3.48699651
v 8.03348216 -2.68883723 3.42495454
v 8.19765355 -2.68821585 3.39559237
v 8.34437342 -2.68766060 3.08651877
v 8.34650068 -2.68765259 3.08599760
v 8.28414083 -2.68788858 3.17354104
v 8.37806250 -2.68753301 3.21482996
v 8.21077953 -2.68816612 3.26711106
v 8.40962430 -2.68741361 3.34366228
v 8.12683104 -2.68848389 3.35131235
v 7.89819170 -2.68934927 3.50757608
v 8.24299281 -2.68804430 3.58066299
v 7.83495736 -2.68958843 3.56343856
v 7.83661568 -2.68958229 3.68022013
v 7.78692917 -2.68977023 3.63281083
v 7.75689835 -2.68988385 3.71166126
v 7.78647127 -2.68977190 3.95811672
v 7.83430402 -2.68959104 4.02762398
v 7.89738083 -2.68935225 4.08366419
v 7.75666254 -2.68988478 3.87918209
v 7.74661015 -2.68992278 3.79540736
v 8.19373439 -2.68823075 3.77210514
v 8.17379164 -2.68830619 3.73231941
v 8.19443991 -2.68822796 3.81660373
v 8.35825725 -2.68760807 4.02836144
v 8.17576850 -2.68829874 3.85700169
v 8.29502292 -2.68784742 4.08422392
v 8.14141823 -2.68842875 3.88529770
v 8.22025738 -2.68813036 4.12333006
v 8.09819262 -2.68859229 3.89588742
v 8.13856160 -2.68843955 3.70512660
v 8.09502199 -2.68860421 3.69591258
v 8.05179638 -2.68876794 3.70650229
v 8.01744612 -2.68889777 3.73479832
v 7.99877470 -2.68896855 3.77519629
v 7.99948023 -2.68896594 3.81969490
v 8.01942297 -2.68889031 3.85948061
v 7.97203599 -2.68906969 4.12298067
v 8.05465301 -2.68875695 3.88667342
v 8.05393076 -2.68875974 4.14328837
v 8.13830575 -2.68844049 4.14340714
v 8.46601518 -2.68720015 3.72433723
v 8.44367140 -2.68728471 3.84111928
v 8.43631626 -2.68731265 3.88013876
v 8.40628544 -2.68742628 3.95898916
v 8.70085846 -2.68631148 3.27431186
v 8.70039667 -2.68631316 3.27242682
v 8.70252395 -2.68630515 3.27190565
v 8.66883484 -2.68643255 3.14359450
v 8.81468284 -2.68588065 3.10986181
v 8.92850718 -2.68544982 2.94541175
v 9.09724048 -2.68481131 2.63787218
v 9.08928671 -2.68484148 2.69678271
v 8.86492178 -2.68569048 2.68586202
v 9.06351794 -2.68493890 2.75035220
v 9.04399695 -2.68501285 2.77855544
v 8.94541069 -2.68538593 2.44883922
v 8.99897971 -2.68518309 2.47460817
v 8.93581229 -2.68542226 2.55563063
v 8.95794256 -2.68533844 2.56905154
v 8.90993661 -2.68552023 2.55507304
v 8.88724875 -2.68560610 2.56752809
v 8.87382802 -2.68565676 2.58965845
v 8.87327044 -2.68565900 2.61553441
v 8.88572539 -2.68561187 2.63822236
v 8.90785557 -2.68552805 2.65164328
v 8.93373134 -2.68543008 2.65220086
v 9.01542472 -2.68512088 2.48599061
v 9.05840889 -2.68495827 2.52705215
v 8.97039751 -2.68529131 2.59173949
v 9.08660068 -2.68485154 2.57938699
v 8.96983993 -2.68529355 2.61761536
v 8.95641910 -2.68534421 2.63974582
v 8.88650062 -2.68560889 2.44088544
v 8.57202218 -2.68679894 2.75761857
v 8.57368762 -2.68679279 2.75521240
v 8.57414946 -2.68679093 2.75709740
v 8.68751200 -2.68636196 2.59076226
v 8.34603888 -2.68765426 3.08411255
v 8.40127567 -2.68744527 3.41398987
v 8.38882072 -2.68749240 3.39130190
v 8.38729731 -2.68749817 3.46199615
v 8.40071806 -2.68744732 3.43986579
v 8.36669049 -2.68757603 3.37788103
v 8.34081477 -2.68767401 3.37732345
v 8.31812693 -2.68775988 3.38977849
v 8.30470620 -2.68781073 3.41190888
v 8.30414860 -2.68781277 3.43778475
v 8.55501051 -2.68686338 3.30804455
v 8.61303865 -2.68664378 3.40119138
v 8.31660355 -2.68776565 3.46047274
v 8.33873375 -2.68768183 3.47389361
v 8.36460948 -2.68758404 3.47445122
v 8.50264508 -2.68706157 3.22685185
v 8.48051485 -2.68714539 3.21343098
v 8.52344868 -2.68698278 3.17921223
v 8.45463913 -2.68724318 3.21287335
v 8.43195134 -2.68732905 3.22532839
v 8.51510003 -2.68701444 3.24953980
v 8.51454245 -2.68701649 3.27541571
v 8.41853058 -2.68737990 3.24745880
v 8.41797298 -2.68738194 3.27333467
v 8.43042793 -2.68733482 3.29602267
v 8.45255815 -2.68725119 3.30944354
v 8.47843381 -2.68715321 3.31000112
v 8.50112167 -2.68706734 3.29754608
v 8.59225824 -2.68672238 3.14555107
v 8.61494605 -2.68663651 3.13309602
v 8.56846351 -2.68681253 3.04842330
v 8.54577570 -2.68689840 3.06087834
v 8.56638251 -2.68682036 3.14499344
v 8.53235492 -2.68694907 3.08300870
v 8.53179734 -2.68695130 3.10888462
v 8.54425229 -2.68690418 3.13157261
v 8.62836678 -2.68658585 3.11096561
v 8.62892441 -2.68658361 3.08508974
v 8.63727307 -2.68655214 3.01476213
v 8.61646941 -2.68663074 3.06240175
v 8.59433923 -2.68671456 3.04898088
v 8.70608262 -2.68629174 2.98110097
v 8.72877043 -2.68620587 2.96864592
v 8.65960003 -2.68646757 2.89642828
v 8.68228794 -2.68638170 2.88397315
v 8.70816362 -2.68628373 2.88453083
v 8.74219112 -2.68615502 2.94651556
v 8.74274875 -2.68615297 2.92063969
v 8.73029380 -2.68620010 2.89795165
v 8.64617930 -2.68651842 2.91855865
v 8.64562167 -2.68652047 2.94443452
v 8.65807662 -2.68647335 2.96712256
v 8.68020685 -2.68638953 2.98054338
v 8.45986329 -2.68722343 2.91966245
v 8.81990701 -2.68586091 2.81665091
v 8.84259477 -2.68577504 2.80419587
v 8.77342442 -2.68603674 2.73197814
v 8.79611227 -2.68595087 2.71952310
v 8.82198795 -2.68585309 2.72008077
v 8.76000369 -2.68608759 2.75410860
v 8.75944610 -2.68608964 2.77998446
v 8.77190105 -2.68604252 2.80267241
v 8.79403123 -2.68595888 2.81609333
v 8.85601559 -2.68572419 2.78206550
v 8.85657318 -2.68572214 2.75618955
v 8.84411823 -2.68576927 2.73350160
v 8.72373892 -2.68622487 2.53842267
v 8.73462016 -2.68618370 2.52270176
v 8.28361098 -2.54788957 3.17354104
v 8.34384359 -2.54766158 3.08651877
v 8.34550905 -2.54765525 3.08411255
v 8.45766795 -2.54723075 2.92206871
v 8.45933343 -2.54722442 2.91966245
v 8.57149235 -2.54680011 2.75761857
v 8.57315779 -2.54679377 2.75521240
v 8.68698213 -2.54636294 2.59076226
v 8.73409033 -2.54618469 2.52270176
v 8.61250878 -2.54664476 3.40119138
v 8.70032863 -2.54631247 3.27431186
v 8.70199412 -2.54630613 3.27190565
v 8.81415297 -2.54588164 3.10986181
v 8.81581845 -2.54587530 3.10745560
v 8.92797735 -2.54545081 2.94541175
v 8.92964284 -2.54544466 2.94300550
v 9.04346712 -2.54501383 2.77855544
v 9.06298811 -2.54493988 2.75035220
v 8.55448068 -2.54686437 3.30804455
v 8.69986684 -2.54631414 3.27242682
v 8.66830501 -2.54643372 3.14359450
v 8.34597085 -2.54765357 3.08599760
v 8.81369117 -2.54588350 3.10797676
v 8.96986768 -2.54529229 2.59173949
v 8.96931010 -2.54529453 2.61761536
v 9.04231964 -2.54501811 2.64227203
v 8.90940678 -2.54552121 2.55507304
v 8.82748602 -2.54583116 2.45152525
v 8.88671892 -2.54560708 2.56752809
v 8.77515160 -2.54602934 2.47971731
v 8.87329819 -2.54565775 2.58965845
v 8.95741273 -2.54533942 2.56905154
v 8.95588927 -2.54534519 2.63974582
v 8.93320151 -2.54543106 2.65220086
v 8.86439191 -2.54569146 2.68586202
v 8.90732574 -2.54552904 2.65164328
v 8.88519556 -2.54561286 2.63822236
v 8.87274061 -2.54565998 2.61553441
v 9.08607085 -2.54485252 2.57938699
v 9.05787906 -2.54495925 2.52705215
v 9.01489489 -2.54512186 2.48599061
v 8.99844988 -2.54518426 2.47460817
v 8.93528246 -2.54542324 2.55563063
v 8.94488086 -2.54538692 2.44883922
v 8.88597079 -2.54560988 2.44088544
v 9.08875688 -2.54484247 2.69678271
v 9.09671065 -2.54481229 2.63787218
v 8.89595373 -2.54557206 2.81469430
v 8.92751551 -2.54545267 2.94352666
v 8.78212940 -2.54600289 2.97914444
v 8.55077182 -2.54687852 3.50280734
v 8.44314155 -2.54728570 3.84111928
v 8.46548533 -2.54720113 3.72433723
v 8.44607461 -2.54727471 3.79639263
v 8.43602224 -2.54731271 3.71261795
v 8.30417637 -2.54781171 3.41190888
v 8.31759710 -2.54776086 3.38977849
v 8.03295233 -2.54883821 3.42495454
v 8.34028494 -2.54767499 3.37732345
v 8.40909447 -2.54741459 3.34366228
v 8.36616064 -2.54757720 3.37788103
v 8.38829089 -2.54749338 3.39130190
v 8.30361877 -2.54781376 3.43778475
v 8.05437903 -2.54875700 3.44839286
v 7.97242740 -2.54906732 3.46846994
v 7.93152277 -2.54922210 3.48699651
v 8.40074584 -2.54744626 3.41398987
v 8.48138177 -2.54714097 3.63873234
v 8.50153196 -2.54706479 3.61103263
v 8.41621688 -2.54738777 3.65444579
v 8.40621349 -2.54742558 3.63368327
v 8.13875402 -2.54843774 3.44851163
v 8.22064879 -2.54812780 3.46881935
v 8.31607372 -2.54776663 3.46047274
v 8.29530394 -2.54784524 3.50813578
v 8.33820392 -2.54768300 3.47389361
v 8.35838077 -2.54760663 3.56417605
v 8.36407965 -2.54758502 3.47445122
v 8.38676748 -2.54749916 3.46199615
v 8.40018823 -2.54744831 3.43986579
v 8.37753267 -2.54753417 3.21482996
v 8.21024970 -2.54816710 3.26711106
v 8.12630121 -2.54848487 3.35131235
v 8.45979525 -2.54722274 2.92154754
v 8.49135708 -2.54710334 3.05037986
v 8.57361959 -2.54679191 2.75709740
v 8.71900575 -2.54624168 2.72147971
v 8.51457020 -2.54701543 3.24953980
v 8.52291885 -2.54698395 3.17921223
v 8.50211525 -2.54706255 3.22685185
v 8.47998502 -2.54714637 3.21343098
v 8.45410930 -2.54724435 3.21287335
v 8.43142151 -2.54733021 3.22532839
v 8.51401257 -2.54701748 3.27541571
v 8.50059184 -2.54706833 3.29754608
v 8.47790398 -2.54715419 3.31000112
v 8.45202833 -2.54725217 3.30944354
v 8.42989810 -2.54733599 3.29602267
v 8.41744315 -2.54738311 3.27333467
v 8.41800073 -2.54738088 3.24745880
v 8.53126751 -2.54695228 3.10888462
v 8.59172841 -2.54672336 3.14555107
v 8.56585268 -2.54682134 3.14499344
v 8.54372246 -2.54690516 3.13157261
v 8.53182509 -2.54695023 3.08300870
v 8.54524587 -2.54689938 3.06087834
v 8.56793368 -2.54681352 3.04842330
v 8.62783695 -2.54658683 3.11096561
v 8.61441622 -2.54663750 3.13309602
v 8.59380940 -2.54671554 3.04898088
v 8.61593959 -2.54663172 3.06240175
v 8.63674324 -2.54655312 3.01476213
v 8.62839458 -2.54658460 3.08508974
v 8.60518141 -2.54667251 2.88592976
v 8.70555279 -2.54629272 2.98110097
v 8.67967702 -2.54639051 2.98054338
v 8.75056757 -2.54612229 2.85031208
v 8.68175811 -2.54638269 2.88397315
v 8.65907020 -2.54646855 2.89642828
v 8.74166129 -2.54615600 2.94651556
v 8.72824060 -2.54620685 2.96864592
v 8.65754679 -2.54647433 2.96712256
v 8.64509184 -2.54652145 2.94443452
v 8.64564943 -2.54651941 2.91855865
v 8.70763374 -2.54628471 2.88453083
v 8.72976392 -2.54620108 2.89795165
v 8.74221892 -2.54615395 2.92063969
v 8.75891623 -2.54609062 2.77998446
v 8.75947386 -2.54608858 2.75410860
v 8.82145812 -2.54585407 2.72008077
v 8.79558244 -2.54595186 2.71952310
v 8.77289454 -2.54603773 2.73197814
v 8.84358840 -2.54577025 2.73350160
v 8.85604335 -2.54572312 2.75618955
v 8.85548576 -2.54572517 2.78206550
v 8.84206494 -2.54577602 2.80419587
v 8.81937713 -2.54586189 2.81665091
v 8.79350140 -2.54595987 2.81609333
v 8.77137122 -2.54604350 2.80267241
v 7.85325978 -2.54951826 3.85538721
v 7.85242718 -2.32951976 3.85538721
v 7.87985498 -2.54941749 3.92138768
v 7.87902238 -2.32941917 3.92138768
v 7.92396720 -2.54925060 3.97722190
v 7.92313461 -2.32925228 3.97722190
v 7.98202280 -2.54903100 4.01836649
v 7.98119020 -2.32903249 4.01836649
v 8.04931843 -2.54877619 4.04148818
v 8.04848583 -2.32877786 4.04148818
v 8.12040218 -2.54850722 4.04471379
v 8.11956959 -2.32850871 4.04471379
v 8.18951530 -2.54824570 4.02778198
v 8.18868271 -2.32824720 4.02778198
v 8.25105863 -2.54801269 3.99206445
v 8.25022604 -2.32801437 3.99206445
v 8.30004633 -2.54782735 3.94045484
v 8.29921373 -2.32782885 3.94045484
v 8.33250967 -2.54770442 3.87713429
v 8.33167707 -2.32770610 3.87713429
v 8.34581869 -2.54765413 3.80723261
v 8.34498609 -2.32765562 3.80723261
v 8.33889515 -2.54768039 3.73641283
v 8.33806257 -2.32768188 3.73641283
v 8.31229997 -2.54778097 3.67041233
v 8.31146737 -2.32778247 3.67041233
v 8.26818774 -2.54794787 3.61457811
v 8.26735514 -2.32794955 3.61457811
v 8.21013214 -2.54816766 3.57343349
v 8.20929954 -2.32816915 3.57343349
v 8.14283651 -2.54842228 3.55031182
v 8.14200392 -2.32842396 3.55031182
v 8.07175276 -2.54869125 3.54708621
v 8.07092016 -2.32869293 3.54708621
v 8.00263963 -2.54895295 3.56401805
v 8.00180703 -2.32895444 3.56401805
v 7.94109630 -2.54918578 3.59973555
v 7.94026370 -2.32918746 3.59973555
v 7.89210860 -2.54937111 3.65134515
v 7.89127601 -2.32937279 3.65134515
v 7.85964526 -2.54949405 3.71466573
v 7.85881266 -2.32949573 3.71466573
v 7.84633626 -2.54954434 3.78456740
v 7.84550366 -2.32954602 3.78456740
v 7.89682927 -2.32935174 3.50757608
v 8.40538089 -2.32742707 3.63368327
v 8.35754816 -2.32760812 3.56417605
v 8.29447134 -2.32784691 3.50813578
v 8.21981620 -2.32812948 3.46881935
v 8.13792142 -2.32843942 3.44851163
v 8.05354643 -2.32875868 3.44839286
v 7.97159481 -2.32906881 3.46846994
v 8.44524201 -2.32727620 3.79639263
v 8.43518964 -2.32731438 3.71261795
v 7.83359493 -2.32959109 3.56343856
v 7.78556674 -2.32977289 3.63281083
v 7.75553590 -2.32988651 3.71166126
v 7.74524772 -2.32992544 3.79540736
v 7.75530011 -2.32988744 3.87918209
v 7.78510884 -2.32977456 3.95811672
v 7.83294159 -2.32959352 4.02762398
v 7.89601839 -2.32935491 4.08366419
v 7.97067355 -2.32907235 4.12298067
v 8.05256832 -2.32876240 4.14328837
v 8.13694331 -2.32844296 4.14340714
v 8.21889494 -2.32813283 4.12333006
v 8.29366048 -2.32784989 4.08422392
v 8.35689482 -2.32761054 4.02836144
v 8.40492301 -2.32742894 3.95898916
v 8.43495383 -2.32731513 3.88013876
v 7.99895039 -2.54896692 3.81969490
v 8.01889314 -2.54889130 3.85948061
v 8.05412318 -2.54875812 3.88667342
v 7.99824486 -2.54896953 3.77519629
v 8.05126654 -2.54876892 3.70650229
v 8.01691628 -2.54889893 3.73479832
v 8.13803176 -2.54844054 3.70512660
v 8.09449215 -2.54860520 3.69591258
v 8.19320455 -2.54823173 3.77210514
v 8.17326180 -2.54830717 3.73231941
v 8.19391007 -2.54822894 3.81660373
v 8.14088840 -2.54842973 3.88529770
v 8.17523866 -2.54829972 3.85700169
v 8.09766278 -2.54859327 3.89588742
v 9.29411471 -2.02770940 6.01225215
v 9.29355899 -1.88088975 6.15907273
v 7.75266822 -2.50596459 5.53983393
v 6.29358057 -1.89224350 6.15907273
v 6.29592415 -2.51147783 5.53983393
v 7.75240062 -2.43525448 5.46912326
v 6.29565649 -2.44076773 5.46912326
v 6.29331291 -1.82153321 6.08836207
v 9.29329142 -1.81017964 6.08836207
v 9.29384705 -1.95699929 5.94154148
v 7.79971747 -2.42057367 5.48362489
v 7.75213301 -2.36454438 5.53983393
v 7.98312150 -2.36367024 5.53983393
v 7.81199391 -2.43502892 5.46912326
v 7.82570572 -2.44581568 5.45290205
v 7.79380373 -2.53832507 5.49117046
v 7.84184596 -2.44956072 5.43376802
v 7.84222443 -2.54955999 5.43376802
v 9.29569042 -2.44405865 3.70870234
v 9.29606882 -2.54405773 3.70870234
v 7.73364581 2.52034497 5.53983393
v 7.73418104 2.37892476 5.53983393
v 7.78134005 2.43531261 5.48362489
v 9.27922370 1.90695115 6.15907273
v 9.27949127 1.83624105 6.08836207
v 9.27866808 2.05377062 6.01225215
v 9.27893565 1.98306051 5.94154148
v 6.27951295 1.82488729 6.08836207
v 6.27716937 2.44412181 5.46912326
v 7.73391343 2.44963487 5.46912326
v 7.96516952 2.37979890 5.53983393
v 7.82286947 2.56461688 5.43376802
v 6.27673537 2.55876538 5.43376802
v 6.27677858 2.54734755 5.49117046
v 7.77453520 2.55301577 5.49117046
v 6.27690170 2.51483192 5.53983393
v 6.27712839 2.45496017 5.45290205
v 7.80713650 2.46075057 5.45290205
v 7.79350671 2.44986043 5.46912326
v 6.27711386 2.45876630 5.43376802
v 7.82324794 2.46461780 5.43376802
v 6.27711386 2.45876630 4.78858369
v 6.27673537 2.55876538 4.78858369
v 9.27709237 2.47011986 3.70870234
v 9.27709237 2.47011986 2.49589997
v 9.27671388 2.57011895 3.70870234
v 9.27671388 2.57011895 2.49589997
v 7.01560051 2.56156177 4.41536721
v 8.07672253 2.56557763 4.14589999
v 7.92486430 2.56500282 4.11123914
v 7.80308348 2.56454200 4.01412138
v 7.73550022 2.56428626 3.87378225
v 8.41794485 2.56686901 3.71801761
v 8.35036159 2.56661327 3.57767848
v 8.22858077 2.56615226 3.48056091
v 8.34416261 2.56658980 2.49589997
v 8.07672253 2.56557763 3.44590006
v 8.41794485 2.56686901 3.87378225
v 8.35036159 2.56661327 4.01412138
v 8.22858077 2.56615226 4.11123914
v 7.73550022 2.56428626 3.71801761
v 7.80308348 2.56454200 3.57767848
v 7.92486430 2.56500282 3.48056091
v 7.01597900 2.46156250 4.41536721
v 7.73587866 2.46428699 3.71801761
v 7.80346192 2.46454292 3.57767848
v 8.34454106 2.46659052 2.49589997
v 7.92524275 2.46500374 3.48056091
v 8.07710099 2.46557855 3.44590006
v 7.73587866 2.46428699 3.87378225
v 7.80346192 2.46454292 4.01412138
v 7.92524275 2.46500374 4.11123914
v 8.07710099 2.46557855 4.14589999
v 8.22895921 2.46615318 4.11123914
v 8.35074003 2.46661399 4.01412138
v 8.41832330 2.46686992 3.87378225
v 8.41832330 2.46686992 3.71801761
v 8.35074003 2.46661399 3.57767848
v 8.22895921 2.46615318 3.48056091
v 9.42244594 -1.77433527 6.11513889
v 9.35173592 -1.77460275 6.04442823
v 10.02703596 -1.77204701 5.51054458
v 9.95632586 -1.77231467 5.43983391
v 9.33820343 1.80110746 6.04442823
v 9.40891345 1.80137512 6.11513889
v 9.94279337 1.80339553 5.43983391
v 10.01350347 1.80366320 5.51054458
v 9.29315759 -1.77482459 6.19134176
v 9.21031561 -1.77513807 6.20300676
v 9.29315759 -1.77482459 6.20300676
v 9.19678312 1.80057232 6.20300676
v 9.27962510 1.80088581 6.19134176
v 9.27962510 1.80088581 6.20300676
v 6.29317917 -1.78617816 6.10300674
v 6.27964668 1.78953224 6.10300674
v 9.21031561 -1.77513807 6.10300674
v 9.19678312 1.80057232 6.10300674
v 6.27964668 1.78953224 6.20300676
v 6.29317917 -1.78617816 6.20300676
v 6.27924528 1.89559759 6.15907273
v 9.29337487 -1.83222647 6.19158874
v 9.29315759 -1.77482459 6.10300674
v 9.29323005 -1.79395861 6.09920080
v 6.29325163 -1.80531218 6.09920080
v 6.29339636 -1.84358022 6.19158874
v 6.27957423 1.80866626 6.09920080
v 6.27942950 1.84693412 6.19158874
v 9.27962510 1.80088581 6.10300674
v 9.27955274 1.82001983 6.09920080
v 9.27940792 1.85828787 6.19158874
v 6.29571200 -2.45541222 5.43376802
v 6.29609030 -2.55541130 5.43376802
v 6.29569747 -2.45160609 5.45290205
v 6.29604709 -2.54399347 5.49117046
v 6.29609030 -2.55541130 4.78858369
v 6.29571200 -2.45541222 4.78858369
v 9.29606882 -2.54405773 2.49589997
v 9.29569042 -2.44405865 2.49589997
v 8.36351755 -2.54758707 2.49589997
v 8.57983104 -2.54676844 3.01698729
v 8.53983130 -2.54691969 3.02770533
v 8.09607747 -2.54859923 3.44089997
v 8.51054949 -2.54703051 3.05698723
v 8.49983160 -2.54707112 3.09698716
v 8.80747976 -2.54590678 2.68808695
v 8.76748002 -2.54605821 2.69880499
v 8.44217440 -2.54728942 3.87489499
v 8.51054949 -2.54703051 3.13698728
v 8.53983130 -2.54691969 3.16626918
v 8.44217440 -2.54728942 3.71690506
v 8.37362568 -2.54754870 3.57456116
v 8.25010511 -2.54801623 3.47605610
v 7.03495544 -2.55261510 4.41536721
v 8.88747925 -2.54560410 2.76808682
v 8.87676132 -2.54564471 2.72808689
v 8.84747951 -2.54575553 2.69880499
v 8.37362568 -2.54754870 4.01723889
v 8.64911255 -2.54650618 3.05698723
v 8.84747951 -2.54575553 2.83736902
v 8.87676132 -2.54564471 2.80808712
v 7.74998053 -2.54990905 3.71690506
v 7.81852928 -2.54964958 3.57456116
v 7.94204984 -2.54918206 3.47605610
v 8.25010511 -2.54801623 4.11574395
v 8.09607747 -2.54859923 4.15090007
v 8.57983104 -2.54676844 3.17698721
v 8.61983079 -2.54661701 3.16626918
v 8.64911255 -2.54650618 3.13698728
v 8.65983040 -2.54646557 3.09698716
v 8.73819821 -2.54616904 2.80808712
v 8.76748002 -2.54605821 2.83736902
v 8.80747976 -2.54590678 2.84808706
v 8.73819821 -2.54616904 2.72808689
v 8.72748036 -2.54620965 2.76808682
v 8.61983079 -2.54661701 3.02770533
v 7.74998053 -2.54990905 3.87489499
v 7.81852928 -2.54964958 4.01723889
v 7.94204984 -2.54918206 4.11574395
v 8.51017105 -2.44703143 3.13698728
v 8.24972666 -2.44801714 3.47605610
v 8.53945286 -2.44692060 3.16626918
v 8.37324721 -2.44754962 3.57456116
v 8.57945256 -2.44676936 3.17698721
v 8.49945316 -2.44707204 3.09698716
v 7.94167139 -2.44918297 3.47605610
v 8.09569902 -2.44860015 3.44089997
v 8.73781977 -2.44616996 2.80808712
v 8.72710192 -2.44621056 2.76808682
v 8.36313910 -2.44758799 2.49589997
v 8.73781977 -2.44616996 2.72808689
v 7.03457704 -2.45261601 4.41536721
v 8.61945230 -2.44661792 3.16626918
v 8.51017105 -2.44703143 3.05698723
v 8.53945286 -2.44692060 3.02770533
v 8.76710157 -2.44605913 2.83736902
v 8.80710127 -2.44590770 2.84808706
v 8.76710157 -2.44605913 2.69880499
v 8.80710127 -2.44590770 2.68808695
v 8.84710102 -2.44575626 2.69880499
v 8.87638283 -2.44564544 2.72808689
v 8.24972666 -2.44801714 4.11574395
v 8.37324721 -2.44754962 4.01723889
v 8.44179593 -2.44729015 3.87489499
v 8.44179593 -2.44729015 3.71690506
v 8.88710077 -2.44560502 2.76808682
v 8.87638283 -2.44564544 2.80808712
v 8.84710102 -2.44575626 2.83736902
v 8.57945256 -2.44676936 3.01698729
v 8.61945230 -2.44661792 3.02770533
v 8.64873411 -2.44650710 3.05698723
v 8.65945195 -2.44646649 3.09698716
v 8.64873411 -2.44650710 3.13698728
v 8.09569902 -2.44860015 4.15090007
v 7.94167139 -2.44918297 4.11574395
v 7.81815083 -2.44965050 4.01723889
v 7.74960209 -2.44990996 3.87489499
v 7.81815083 -2.44965050 3.57456116
v 7.74960209 -2.44990996 3.71690506
v 9.32511975 -1.77470352 6.18017073
v 9.28685170 -1.77484843 6.08778278
v 9.27331921 1.80086196 6.08778278
v 9.31158726 1.80100669 6.18017073
v 9.95363173 1.80343670 5.42361288
v 10.04601911 1.80378632 5.46188111
v 9.95743767 1.80345104 5.40447867
v 10.05743694 1.80382953 5.40447867
v 9.97097016 -1.77225935 5.40447867
v 10.07096943 -1.77188086 5.40447867
v 9.96716422 -1.77227370 5.42361288
v 10.05955160 -1.77192408 5.46188111
v 10.06420319 0.01597433 5.40447867
v 9.96420391 0.01559587 5.40447867
v 9.97097016 -1.77225935 2.46661062
v 10.07096943 -1.77188086 2.46661062
v 9.97097016 -1.77225935 4.77947862
v 10.07096943 -1.77188086 4.77947862
v 10.05743694 1.80382953 2.46661062
v 9.95743767 1.80345104 2.46661062
v 10.05743694 1.80382953 4.77947862
v 9.95743767 1.80345104 4.77947862
v 10.06912318 -1.28401638 2.31787617
v 10.06931242 -1.33401602 2.30447854
v 10.06907717 -1.27188441 1.96661073
v 10.06609545 -0.48402207 4.55447867
v 10.06420319 0.01597433 4.55447867
v 10.06420319 0.01597433 4.77947862
v 10.06966204 -1.42639176 1.99108253
v 10.06950167 -1.38401565 2.31787617
v 10.07018954 -1.56577508 2.06210221
v 10.06420319 0.01597433 1.96661073
v 10.06420319 0.01597433 2.95447874
v 10.06609545 -0.48402207 2.95447874
v 10.06898460 -1.24741410 2.35447864
v 10.06893393 -1.23401675 2.40447874
v 10.06898460 -1.24741410 2.45447847
v 10.06694854 -0.70940656 2.98688429
v 10.06912318 -1.28401638 2.49108131
v 10.06773234 -0.91653158 3.08147579
v 10.06931242 -1.33401602 2.50447857
v 10.06838371 -1.08861745 3.23059004
v 10.06884955 -1.21172247 3.42214668
v 10.07060808 -1.67638994 2.17271800
v 10.06964006 -1.42061793 2.35447864
v 10.07087686 -1.74740925 2.31210197
v 10.06969072 -1.43401529 2.40447874
v 10.06964006 -1.42061793 2.45447847
v 10.06950167 -1.38401565 2.49108131
v 10.06838371 -1.08861745 4.27836724
v 10.06773234 -0.91653158 4.42748148
v 10.06694854 -0.70940656 4.52207312
v 10.06909226 -1.27587364 3.64062676
v 10.06909226 -1.27587364 3.86833047
v 10.06884955 -1.21172247 4.08681074
v 10.05947263 1.26596541 2.40447874
v 10.05942178 1.27936277 2.45447847
v 10.06231092 0.51597074 4.55447867
v 10.06145802 0.74135518 4.52207312
v 10.06067403 0.94848025 4.42748148
v 10.05890489 1.41596432 2.49108131
v 10.05876631 1.45256651 2.45447847
v 10.05871565 1.46596386 2.40447874
v 10.05752951 1.77935791 2.31210197
v 10.05876631 1.45256651 2.35447864
v 10.05779829 1.70833860 2.17271800
v 10.06231092 0.51597074 2.95447874
v 10.06145802 0.74135518 2.98688429
v 10.06067403 0.94848025 3.08147579
v 10.05928338 1.31596505 2.49108131
v 10.06002285 1.12056612 3.23059004
v 10.05909414 1.36596468 2.50447857
v 10.05955700 1.24367113 3.42214668
v 10.05821702 1.59772375 2.06210221
v 10.05890489 1.41596432 2.31787617
v 10.05874452 1.45834043 1.99108253
v 10.05909414 1.36596468 2.30447854
v 10.05932920 1.30383308 1.96661073
v 10.05928338 1.31596505 2.31787617
v 10.05942178 1.27936277 2.35447864
v 10.06002285 1.12056612 4.27836724
v 10.05955700 1.24367113 4.08681074
v 10.05931411 1.30782231 3.86833047
v 10.05931411 1.30782231 3.64062676
v 10.05890489 1.41596432 5.01787606
v 10.05909414 1.36596468 5.00447861
v 10.05876631 1.45256651 5.15447863
v 10.05871565 1.46596386 5.10447863
v 10.05928338 1.31596505 5.01787606
v 10.05942178 1.27936277 5.05447862
v 10.05947263 1.26596541 5.10447863
v 10.05942178 1.27936277 5.15447863
v 10.05876631 1.45256651 5.05447862
v 10.05928338 1.31596505 5.19108119
v 10.05909414 1.36596468 5.20447864
v 10.05890489 1.41596432 5.19108119
v 10.06931242 -1.33401602 5.00447861
v 10.06912318 -1.28401638 5.01787606
v 10.06898460 -1.24741410 5.15447863
v 10.06893393 -1.23401675 5.10447863
v 10.06950167 -1.38401565 5.01787606
v 10.06964006 -1.42061793 5.05447862
v 10.06969072 -1.43401529 5.10447863
v 10.06964006 -1.42061793 5.15447863
v 10.06898460 -1.24741410 5.05447862
v 10.06950167 -1.38401565 5.19108119
v 10.06931242 -1.33401602 5.20447864
v 10.06912318 -1.28401638 5.19108119
v 9.96898532 -1.24779259 2.45447847
v 9.96912391 -1.28439487 2.49108131
v 9.96773307 -0.91691007 3.08147579
v 9.96950221 -1.38439414 2.49108131
v 9.96964079 -1.42099633 2.45447847
v 9.96969145 -1.43439368 2.40447874
v 9.97087759 -1.74778774 2.31210197
v 9.96964079 -1.42099633 2.35447864
v 9.97060881 -1.67676843 2.17271800
v 9.97019008 -1.56615357 2.06210221
v 9.96950221 -1.38439414 2.31787617
v 9.96966258 -1.42677025 1.99108253
v 9.96931296 -1.33439451 2.30447854
v 9.96907790 -1.27226290 1.96661073
v 9.96912391 -1.28439487 2.31787617
v 9.96420391 0.01559587 1.96661073
v 9.96898532 -1.24779259 2.35447864
v 9.96893466 -1.23439523 2.40447874
v 9.96838425 -1.08899594 3.23059004
v 9.96931296 -1.33439451 2.50447857
v 9.96885028 -1.21210086 3.42214668
v 9.96773307 -0.91691007 4.42748148
v 9.96838425 -1.08899594 4.27836724
v 9.96885028 -1.21210086 4.08681074
v 9.96909299 -1.27625204 3.86833047
v 9.96231165 0.51559229 4.55447867
v 9.96420391 0.01559587 4.55447867
v 9.96420391 0.01559587 4.77947862
v 9.96609618 -0.48440051 4.55447867
v 9.96694927 -0.70978500 4.52207312
v 9.96909299 -1.27625204 3.64062676
v 9.95928411 1.31558656 2.31787617
v 9.95909486 1.36558629 2.30447854
v 9.95932993 1.30345459 1.96661073
v 9.96694927 -0.70978500 2.98688429
v 9.96609618 -0.48440051 2.95447874
v 9.96420391 0.01559587 2.95447874
v 9.96231165 0.51559229 2.95447874
v 9.95874525 1.45796194 1.99108253
v 9.95890562 1.41558592 2.31787617
v 9.95821775 1.59734526 2.06210221
v 9.95931484 1.30744382 3.86833047
v 9.95955755 1.24329264 4.08681074
v 9.95942250 1.27898428 2.35447864
v 9.95947317 1.26558692 2.40447874
v 9.95942250 1.27898428 2.45447847
v 9.96145875 0.74097673 2.98688429
v 9.95928411 1.31558656 2.49108131
v 9.96067476 0.94810185 3.08147579
v 9.95909486 1.36558629 2.50447857
v 9.95779902 1.70796030 2.17271800
v 9.95876704 1.45218811 2.35447864
v 9.95753024 1.77897942 2.31210197
v 9.95871638 1.46558546 2.40447874
v 9.95876704 1.45218811 2.45447847
v 9.96002358 1.12018763 3.23059004
v 9.95955755 1.24329264 3.42214668
v 9.95931484 1.30744382 3.64062676
v 9.95890562 1.41558592 2.49108131
v 9.96002358 1.12018763 4.27836724
v 9.96067476 0.94810185 4.42748148
v 9.96145875 0.74097673 4.52207312
v 9.96893466 -1.23439523 5.10447863
v 9.96898532 -1.24779259 5.15447863
v 9.96898532 -1.24779259 5.05447862
v 9.96912391 -1.28439487 5.01787606
v 9.96931296 -1.33439451 5.00447861
v 9.96950221 -1.38439414 5.01787606
v 9.96912391 -1.28439487 5.19108119
v 9.96931296 -1.33439451 5.20447864
v 9.96950221 -1.38439414 5.19108119
v 9.96964079 -1.42099633 5.15447863
v 9.96969145 -1.43439368 5.10447863
v 9.96964079 -1.42099633 5.05447862
v 9.95909486 1.36558629 5.00447861
v 9.95890562 1.41558592 5.01787606
v 9.95876704 1.45218811 5.05447862
v 9.95871638 1.46558546 5.10447863
v 9.95876704 1.45218811 5.15447863
v 9.95928411 1.31558656 5.19108119
v 9.95909486 1.36558629 5.20447864
v 9.95890562 1.41558592 5.19108119
v 9.95928411 1.31558656 5.01787606
v 9.95942250 1.27898428 5.15447863
v 9.95947317 1.26558692 5.10447863
v 9.95942250 1.27898428 5.05447862
v 9.63587154 -0.42564989 5.19947865
v 9.63254113 0.45434382 5.19947865
v 9.63587154 -0.42564989 5.10947862
v 9.63254113 0.45434382 5.10947862
v 9.09496712 -0.18769525 4.84947859
v 9.09496712 -0.18769525 4.78947860
v 9.09587544 -0.42769354 4.84947859
v 9.09610250 -0.48769306 4.78947860
v 9.09587544 -0.42769354 4.89947860
v 9.09610250 -0.48769306 4.89947860
v 9.09254503 0.45230017 4.89947860
v 9.09231797 0.51229974 4.89947860
v 9.09254503 0.45230017 4.84947859
v 9.09231797 0.51229974 4.78947860
v 9.09345335 0.21230190 4.84947859
v 9.09345335 0.21230190 4.78947860
v 9.29231652 0.51305663 4.89947860
v 9.09231797 0.51229974 4.99947862
v 9.09231797 0.51229974 5.25947864
v 9.29231652 0.51305663 4.99947862
v 9.69231360 0.51457045 5.25947864
v 9.69231360 0.51457045 4.78947860
v 9.49345043 0.21381572 4.78947860
v 9.49496430 -0.18618143 4.78947860
v 9.69609812 -0.48542236 4.78947860
v 9.29610104 -0.48693618 4.89947860
v 9.29610104 -0.48693618 4.99947862
v 9.69609812 -0.48542236 5.25947864
v 9.09610250 -0.48769306 4.99947862
v 9.09610250 -0.48769306 5.25947864
v 9.09587544 -0.42769354 4.99947862
v 9.09587544 -0.42769354 5.19947865
v 9.09254503 0.45230017 5.19947865
v 9.09254503 0.45230017 4.99947862
v 9.69250285 0.46457081 4.85947867
v 9.69250285 0.46457081 5.10947862
v 9.69590907 -0.43542272 5.10947862
v 9.69590907 -0.43542272 4.85947867
v 9.29254357 0.45305706 4.89947860
v 9.29254357 0.45305706 4.99947862
v 9.63254113 0.45434382 4.84947859
v 9.63254113 0.45434382 4.85947867
v 9.61254135 0.45426815 4.85947867
v 9.61254135 0.45426815 5.10947862
v 9.49496430 -0.18618143 4.84947859
v 9.63587154 -0.42564989 4.84947859
v 9.49345043 0.21381572 4.84947859
v 9.61587176 -0.42572556 4.85947867
v 9.63587154 -0.42564989 4.85947867
v 9.61587176 -0.42572556 5.10947862
v 9.29587398 -0.42693661 4.89947860
v 9.29587398 -0.42693661 4.99947862
v 9.61590957 -0.43572545 5.10947862
v 9.61590957 -0.43572545 4.85947867
v 9.61250345 0.46426804 4.85947867
v 9.61250345 0.46426804 5.10947862
v 9.68803715 1.64456238 2.13697868
v 9.68803715 1.64456238 2.09947861
v 9.68817909 1.60706268 2.09947861
v 9.69903403 -1.26117057 5.15372482
v 9.69941252 -1.36116994 5.25372484
v 9.69741334 -0.83291986 5.35947866
v 9.69959077 -1.40823972 5.28090083
v 9.70037476 -1.61541439 5.35947866
v 9.69979641 -1.46259143 5.28090083
v 9.69997448 -1.50966122 5.25372484
v 9.70037476 -1.61541439 5.19697861
v 9.69959599 -1.40966195 5.00523242
v 9.69941792 -1.36259216 4.97805643
v 9.70037476 -1.61541439 4.91697862
v 9.69921228 -1.30824055 4.97805643
v 9.69903403 -1.26117057 5.00523242
v 9.69741334 -0.83291986 4.91697862
v 9.69893121 -1.23399477 5.05230268
v 9.69741334 -0.83291986 5.19697861
v 9.69893121 -1.23399477 5.10665466
v 9.70007729 -1.53683703 5.20665468
v 9.70007729 -1.53683703 5.15230260
v 9.69997448 -1.50966122 5.10523244
v 9.68899940 1.39031802 5.25372484
v 9.68999573 1.12706610 5.35947866
v 9.68882114 1.43738781 5.28090083
v 9.68817909 1.60706268 5.35947866
v 9.68861551 1.49173952 5.28090083
v 9.68919963 1.33738863 4.97805643
v 9.68999573 1.12706610 4.91697862
v 9.68937789 1.29031866 5.00523242
v 9.68948070 1.26314294 5.05230268
v 9.68948070 1.26314294 5.10665466
v 9.68999573 1.12706610 5.19697861
v 9.68937789 1.29031866 5.15372482
v 9.68817909 1.60706268 4.91697862
v 9.68899400 1.39174024 4.97805643
v 9.68881574 1.43881003 5.00523242
v 9.68843744 1.53880930 5.10523244
v 9.68833462 1.56598511 5.15230260
v 9.68817909 1.60706268 5.19697861
v 9.68833462 1.56598511 5.20665468
v 9.68843744 1.53880930 5.25372484
v 9.69244622 0.47957074 4.91697862
v 9.69250285 0.46457081 4.91697862
v 9.69244622 0.47957074 5.19697861
v 9.69590907 -0.43542272 4.91697862
v 9.69741334 -0.83291986 3.87947865
v 9.69244622 0.47957074 3.87947865
v 9.68817909 1.60706268 2.13697868
v 9.68803715 1.64456238 2.49197864
v 9.68817909 1.60706268 2.49197864
v 9.68803715 1.64456238 3.87947865
v 9.68817909 1.60706268 3.87947865
v 9.68803715 1.64456238 4.91697862
v 9.68803715 1.64456238 5.19697861
v 9.68803715 1.64456238 5.35947866
v 9.68948070 1.26314294 2.40665459
v 9.68948070 1.26314294 2.35230261
v 9.68999573 1.12706610 2.13697868
v 9.68937789 1.29031866 2.30523244
v 9.68843744 1.53880930 2.20523252
v 9.68833462 1.56598511 2.25230259
v 9.68833462 1.56598511 2.30665467
v 9.68843744 1.53880930 2.35372483
v 9.68881574 1.43881003 2.45372484
v 9.68899400 1.39174024 2.48090084
v 9.68919963 1.33738863 2.48090084
v 9.68999573 1.12706610 2.49197864
v 9.68937789 1.29031866 2.45372484
v 9.68899940 1.39031802 2.20523252
v 9.68882114 1.43738781 2.17805653
v 9.68861551 1.49173952 2.17805653
v 9.68999573 1.12706610 3.87947865
v 9.69049715 0.99456702 2.89947865
v 9.69238941 0.49457062 2.89947865
v 9.69244622 0.47957074 2.49197864
v 9.69238941 0.49457062 2.49947867
v 9.69049715 0.99456702 2.49947867
v 9.69244622 0.47957074 5.35947866
v 9.69741334 -0.83291986 2.49197864
v 9.70037476 -1.61541439 2.49197864
v 9.70037476 -1.61541439 3.87947865
v 9.69903403 -1.26117057 2.30523244
v 9.69893121 -1.23399477 2.35230261
v 9.69741334 -0.83291986 2.13697868
v 9.69244622 0.47957074 2.13697868
v 9.69893121 -1.23399477 2.40665459
v 9.69997448 -1.50966122 2.20523252
v 9.69979641 -1.46259143 2.17805653
v 9.70037476 -1.61541439 2.13697868
v 9.69959077 -1.40823972 2.17805653
v 9.69941252 -1.36116994 2.20523252
v 9.69903403 -1.26117057 2.45372484
v 9.69921228 -1.30824055 2.48090084
v 9.69941792 -1.36259216 2.48090084
v 9.69959599 -1.40966195 2.45372484
v 9.69997448 -1.50966122 2.35372483
v 9.70007729 -1.53683703 2.30665467
v 9.70007729 -1.53683703 2.25230259
v 9.68999573 1.12706610 2.09947861
v 9.69244622 0.47957074 2.09947861
v 9.69741334 -0.83291986 2.09947861
v 9.70037476 -1.61541439 2.09947861
v 11.11630843 -0.53826961 4.13505048
v 10.21631480 -0.54167569 4.13505048
v 10.21652118 -0.59619182 4.08370822
v 11.11651481 -0.59278574 4.08370822
v 10.21664989 -0.63018961 4.01698334
v 11.11664333 -0.62678353 4.01698334
v 10.21668584 -0.63968225 3.94270036
v 11.11667928 -0.63627618 3.94270036
v 11.11285527 0.37417515 4.34221685
v 11.11310766 0.30745073 4.37621487
v 11.11338892 0.23316828 4.38570761
v 11.11639653 -0.56156785 3.64586867
v 11.11639653 -0.56156785 3.81308861
v 11.11680706 -0.67004696 3.72947864
v 11.11310766 0.30745073 3.08274239
v 11.11285527 0.37417515 3.11674042
v 11.11266081 0.42551701 3.17125692
v 11.11187682 0.63268194 3.37524907
v 11.11174811 0.66667968 3.44197393
v 11.11171235 0.67617237 3.51625692
v 11.11363739 0.16749287 4.42169028
v 11.11391735 0.09352830 4.43340520
v 11.11356941 0.18546477 4.29318076
v 11.11299366 0.33757229 3.23524218
v 11.11356941 0.18546477 3.16577651
v 11.11338892 0.23316828 3.07324965
v 11.11217335 0.55435310 3.48542232
v 11.11251552 0.46394780 3.34474797
v 11.11208320 0.57816581 3.32390679
v 11.11199491 0.60146401 3.81308861
v 11.11199491 0.60146401 3.64586867
v 11.11158439 0.70994316 3.72947864
v 11.11447428 -0.05363212 4.43340520
v 11.11475423 -0.12759668 4.42169028
v 11.11500271 -0.19327210 4.38570761
v 11.11220427 0.54618321 3.25619293
v 11.11240469 0.49323040 3.20323975
v 11.11153167 0.72386964 3.65589791
v 11.11419581 0.01994809 4.31697861
v 11.11419581 0.01994809 4.41947862
v 11.11482222 -0.14556860 4.29318076
v 11.11528379 -0.26755456 4.37621487
v 11.11553636 -0.33427895 4.34221685
v 11.11573063 -0.38562086 4.28770035
v 11.11482222 -0.14556860 3.16577651
v 11.11539778 -0.29767611 3.23524218
v 11.11500271 -0.19327210 3.07324965
v 11.11553636 -0.33427895 3.11674042
v 11.11528379 -0.26755456 3.08274239
v 11.11363739 0.16749287 3.03726698
v 11.11391735 0.09352830 3.02555206
v 11.11419581 0.01994809 3.03947864
v 11.11419581 0.01994809 3.14197865
v 11.11447428 -0.05363212 3.02555206
v 11.11475423 -0.12759668 3.03726698
v 11.11539778 -0.29767611 4.22371509
v 11.11598693 -0.45333420 4.25571752
v 11.11618735 -0.50628701 4.20276433
v 11.11667928 -0.63627618 3.51625692
v 11.11621827 -0.51445690 3.48542232
v 11.11681544 -0.67225861 3.58193281
v 11.11685977 -0.68397344 3.65589791
v 11.11630843 -0.53826961 3.32390679
v 11.11587611 -0.42405160 3.34474797
v 11.11651481 -0.59278574 3.37524907
v 11.11664333 -0.62678353 3.44197393
v 11.11618735 -0.50628701 3.25619293
v 11.11598693 -0.45333420 3.20323975
v 11.11573063 -0.38562086 3.17125692
v 11.11208320 0.57816581 4.13505048
v 11.11251552 0.46394780 4.11420932
v 11.11187682 0.63268194 4.08370822
v 11.11217335 0.55435310 3.97353496
v 11.11174811 0.66667968 4.01698334
v 11.11587611 -0.42405160 4.11420932
v 11.11157600 0.71215477 3.58193281
v 11.11153167 0.72386964 3.80305938
v 11.11157600 0.71215477 3.87702447
v 11.11171235 0.67617237 3.94270036
v 11.11299366 0.33757229 4.22371509
v 11.11220427 0.54618321 4.20276433
v 11.11240469 0.49323040 4.25571752
v 11.11266081 0.42551701 4.28770035
v 11.11685977 -0.68397344 3.80305938
v 11.11681544 -0.67225861 3.87702447
v 11.11621827 -0.51445690 3.97353496
v 10.21573719 -0.38902694 4.28770035
v 10.21599331 -0.45674028 4.25571752
v 10.21619373 -0.50969309 4.20276433
v 10.21500908 -0.19667818 4.38570761
v 10.21529034 -0.27096063 4.37621487
v 10.21554273 -0.33768505 4.34221685
v 10.21490459 -0.16905448 4.40447865
v 10.21476061 -0.13100276 4.42169028
v 10.21448065 -0.05703820 4.43340520
v 10.21420219 0.01654201 4.41947862
v 10.21392372 0.09012221 4.43340520
v 10.21364376 0.16408678 4.42169028
v 10.21349978 0.20213850 4.40447865
v 10.21339529 0.22976220 4.38570761
v 10.21266737 0.42211093 4.28770035
v 10.21286164 0.37076905 4.34221685
v 10.21311421 0.30404465 4.37621487
v 10.21392372 0.09012221 3.02555206
v 10.21420219 0.01654201 3.03947864
v 10.21364376 0.16408678 3.03726698
v 10.21349978 0.20213850 3.05447862
v 10.21448065 -0.05703820 3.02555206
v 10.21476061 -0.13100276 3.03726698
v 10.21490459 -0.16905448 3.05447862
v 10.21500908 -0.19667818 3.07324965
v 10.21208957 0.57475973 4.13505048
v 10.21221065 0.54277713 4.20276433
v 10.21241107 0.48982432 4.25571752
v 10.21171872 0.67276630 3.94270036
v 10.21175467 0.66327360 4.01698334
v 10.21188338 0.62927581 4.08370822
v 10.21159094 0.70653708 3.72947864
v 10.21153823 0.72046352 3.80305938
v 10.21158256 0.70874869 3.87702447
v 10.21164757 0.69153719 3.91507646
v 10.21158573 0.70789406 3.87947865
v 10.21164757 0.69153719 3.87947865
v 10.21164757 0.69153719 4.40447865
v 10.21171872 0.67276630 3.51625692
v 10.21164757 0.69153719 3.54388083
v 10.21158573 0.70789406 3.57947863
v 10.21158256 0.70874869 3.58193281
v 10.21153823 0.72046352 3.65589791
v 10.21164757 0.69153719 3.57947863
v 10.21129683 0.78424896 3.57947863
v 10.21099359 0.86434168 3.53640932
v 10.21129683 0.78424896 3.87947865
v 10.21064975 0.95522535 3.53325663
v 10.21033608 1.03811008 3.57067239
v 10.21011740 1.09585944 3.64092097
v 10.21003917 1.11653414 3.72947864
v 10.21064975 0.95522535 3.92570065
v 10.21099359 0.86434168 3.92254796
v 10.21033608 1.03811008 3.88828489
v 10.21011740 1.09585944 3.81803632
v 10.21208957 0.57475973 3.32390679
v 10.21188338 0.62927581 3.37524907
v 10.21175467 0.66327360 3.44197393
v 10.21266737 0.42211093 3.17125692
v 10.21241107 0.48982432 3.20323975
v 10.21221065 0.54277713 3.25619293
v 10.21573719 -0.38902694 3.17125692
v 10.21554273 -0.33768505 3.11674042
v 10.21529034 -0.27096063 3.08274239
v 10.21339529 0.22976220 3.07324965
v 10.21311421 0.30404465 3.08274239
v 10.21286164 0.37076905 3.11674042
v 10.21631480 -0.54167569 3.32390679
v 10.21619373 -0.50969309 3.25619293
v 10.21599331 -0.45674028 3.20323975
v 10.21668584 -0.63968225 3.51625692
v 10.21664989 -0.63018961 3.44197393
v 10.21652118 -0.59619182 3.37524907
v 10.21681361 -0.67345304 3.72947864
v 10.21686633 -0.68737952 3.65589791
v 10.21682200 -0.67566469 3.58193281
v 10.21675680 -0.65845315 3.54388083
v 10.21681864 -0.67481007 3.57947863
v 10.21675680 -0.65845315 3.57947863
v 10.21675680 -0.65845315 3.05447862
v 10.21675680 -0.65845315 3.91507646
v 10.21681864 -0.67481007 3.87947865
v 10.21682200 -0.67566469 3.87702447
v 10.21686633 -0.68737952 3.80305938
v 10.21675680 -0.65845315 3.87947865
v 10.21710773 -0.75116492 3.87947865
v 10.21741078 -0.83125764 3.92254796
v 10.21710773 -0.75116492 3.57947863
v 10.21775481 -0.92214131 3.53325663
v 10.21741078 -0.83125764 3.53640932
v 10.21828697 -1.06277549 3.81803632
v 10.21836520 -1.08345010 3.72947864
v 10.21806848 -1.00502604 3.88828489
v 10.21828697 -1.06277549 3.64092097
v 10.21775481 -0.92214131 3.92570065
v 10.21806848 -1.00502604 3.57067239
v 10.21675680 -0.65845315 4.40447865
v 9.80803621 1.64501649 5.35947866
v 9.80817814 1.60751679 5.35947866
v 9.80817814 1.60751679 5.19697861
v 9.81941175 -1.36071573 5.25372484
v 9.81903326 -1.26071646 5.15372482
v 9.81864248 -1.15746343 5.19697861
v 9.81675972 -0.65996697 3.05447862
v 9.81675972 -0.65996697 3.57947863
v 9.81711045 -0.75267874 3.57947863
v 9.81129975 0.78273514 3.57947863
v 9.81165048 0.69002338 3.57947863
v 9.81127199 0.79002260 2.76947859
v 9.81165048 0.69002338 3.05447862
v 9.81713802 -0.75996624 2.76947859
v 9.81033881 1.03659621 3.57067239
v 9.81065266 0.95371158 3.53325663
v 9.80976772 1.18751983 2.76947859
v 9.81099651 0.86282791 3.92254796
v 9.81065266 0.95371158 3.92570065
v 9.80976772 1.18751983 4.63197864
v 9.81033881 1.03659621 3.88828489
v 9.81099651 0.86282791 3.53640932
v 9.81012032 1.09434566 3.81803632
v 9.81004209 1.11502028 3.72947864
v 9.81012032 1.09434566 3.64092097
v 9.81711045 -0.75267874 3.87947865
v 9.81675972 -0.65996697 3.87947865
v 9.81713802 -0.75996624 4.63197864
v 9.81675972 -0.65996697 4.40447865
v 9.81127199 0.79002260 4.63197864
v 9.81129975 0.78273514 3.87947865
v 9.81165048 0.69002338 4.40447865
v 9.81165048 0.69002338 3.87947865
v 9.81864248 -1.15746343 2.76947859
v 9.81807121 -1.00653990 3.57067239
v 9.81828988 -1.06428926 3.64092097
v 9.81741369 -0.83277150 3.53640932
v 9.81775754 -0.92365517 3.53325663
v 9.81864248 -1.15746343 4.63197864
v 9.81836811 -1.08496397 3.72947864
v 9.81828988 -1.06428926 3.81803632
v 9.81807121 -1.00653990 3.88828489
v 9.81775754 -0.92365517 3.92570065
v 9.81741369 -0.83277150 3.92254796
v 9.80899305 1.39219436 4.97805643
v 9.80919887 1.33784274 4.97805643
v 9.80976772 1.18751983 4.91697862
v 9.80881498 1.43926415 5.00523242
v 9.80817814 1.60751679 4.91697862
v 9.80937694 1.29077286 5.00523242
v 9.80947976 1.26359706 5.05230268
v 9.80976772 1.18751983 5.19697861
v 9.80833367 1.56643932 5.15230260
v 9.80843649 1.53926351 5.10523244
v 9.80947976 1.26359706 5.10665466
v 9.80937694 1.29077286 5.15372482
v 9.80976772 1.18751983 5.35947866
v 9.80843649 1.53926351 5.25372484
v 9.80833367 1.56643932 5.20665468
v 9.80899845 1.39077214 5.25372484
v 9.80882038 1.43784192 5.28090083
v 9.80861474 1.49219363 5.28090083
v 9.81893044 -1.23354065 5.05230268
v 9.81903326 -1.26071646 5.00523242
v 9.81864248 -1.15746343 4.91697862
v 9.81893044 -1.23354065 5.10665466
v 9.81921133 -1.30778634 4.97805643
v 9.81941715 -1.36213795 4.97805643
v 9.82037381 -1.61496009 4.91697862
v 9.81959522 -1.40920783 5.00523242
v 9.81997371 -1.50920711 5.10523244
v 9.82037381 -1.61496009 5.19697861
v 9.82007653 -1.53638291 5.15230260
v 9.82007653 -1.53638291 5.20665468
v 9.82037381 -1.61496009 5.35947866
v 9.81997371 -1.50920711 5.25372484
v 9.81979546 -1.46213732 5.28090083
v 9.81958982 -1.40778561 5.28090083
v 9.81864248 -1.15746343 5.35947866
v 9.81250208 0.46502497 4.85947867
v 9.81250208 0.46502497 4.91697862
v 9.81127199 0.79002260 4.91697862
v 9.81250208 0.46502497 5.10947862
v 9.81127199 0.79002260 5.19697861
v 9.81590812 -0.43496857 5.10947862
v 9.81713802 -0.75996624 5.19697861
v 9.81590812 -0.43496857 4.91697862
v 9.82037381 -1.61496009 4.63197864
v 9.82037381 -1.61496009 2.76947859
v 9.81893044 -1.23354065 2.40665459
v 9.81893044 -1.23354065 2.35230261
v 9.81864248 -1.15746343 2.13697868
v 9.81903326 -1.26071646 2.30523244
v 9.81941175 -1.36071573 2.20523252
v 9.81958982 -1.40778561 2.17805653
v 9.82037381 -1.61496009 2.13697868
v 9.81979546 -1.46213732 2.17805653
v 9.81997371 -1.50920711 2.20523252
v 9.82007653 -1.53638291 2.25230259
v 9.82007653 -1.53638291 2.30665467
v 9.81997371 -1.50920711 2.35372483
v 9.81959522 -1.40920783 2.45372484
v 9.81941715 -1.36213795 2.48090084
v 9.81921133 -1.30778634 2.48090084
v 9.81903326 -1.26071646 2.45372484
v 9.81713802 -0.75996624 4.91697862
v 9.81590812 -0.43496857 4.85947867
v 9.81713802 -0.75996624 5.35947866
v 9.81127199 0.79002260 5.35947866
v 9.80817814 1.60751679 4.63197864
v 9.80817814 1.60751679 2.76947859
v 9.80881498 1.43926415 2.45372484
v 9.80843649 1.53926351 2.35372483
v 9.80833367 1.56643932 2.30665467
v 9.80817814 1.60751679 2.13697868
v 9.80833367 1.56643932 2.25230259
v 9.80843649 1.53926351 2.20523252
v 9.80937694 1.29077286 2.30523244
v 9.80947976 1.26359706 2.35230261
v 9.80976772 1.18751983 2.13697868
v 9.80947976 1.26359706 2.40665459
v 9.80937694 1.29077286 2.45372484
v 9.80919887 1.33784274 2.48090084
v 9.80899305 1.39219436 2.48090084
v 9.81713802 -0.75996624 2.13697868
v 9.81127199 0.79002260 2.13697868
v 9.80861474 1.49219363 2.17805653
v 9.80882038 1.43784192 2.17805653
v 9.80899845 1.39077214 2.20523252
v 9.80803621 1.64501649 5.19697861
v 9.80803621 1.64501649 4.91697862
v 9.80803621 1.64501649 4.63197864
v 9.80803621 1.64501649 2.76947859
v 9.80803621 1.64501649 2.13697868
v 9.82037381 -1.61496009 2.09947861
v 9.81864248 -1.15746343 2.09947861
v 9.81713802 -0.75996624 2.09947861
v 9.81127199 0.79002260 2.09947861
v 9.80976772 1.18751983 2.09947861
v 9.80817814 1.60751679 2.09947861
v 9.80803621 1.64501649 2.09947861
v 10.21164757 0.69153719 3.05447862
v 11.33482073 -0.14473599 3.16577651
v 11.33539629 -0.29684351 3.23524218
v 11.33587461 -0.42321900 3.34474797
v 11.33621660 -0.51362430 3.48542232
v 11.33639504 -0.56073525 3.64586867
v 11.33639504 -0.56073525 3.81308861
v 11.33621660 -0.51362430 3.97353496
v 11.33587461 -0.42321900 4.11420932
v 11.33539629 -0.29684351 4.22371509
v 11.33482073 -0.14473599 4.29318076
v 11.33419414 0.02078069 4.31697861
v 11.33356792 0.18629738 4.29318076
v 11.33299199 0.33840489 4.22371509
v 11.33251403 0.46478036 4.11420932
v 11.33217168 0.55518570 3.97353496
v 11.33199361 0.60229661 3.81308861
v 11.33199361 0.60229661 3.64586867
v 11.33217168 0.55518570 3.48542232
v 11.33251403 0.46478036 3.34474797
v 11.33299199 0.33840489 3.23524218
v 11.33356792 0.18629738 3.16577651
v 11.33419414 0.02078069 3.14197865
v 11.33419414 0.02078069 3.02947861
v 11.89487566 -0.15827201 3.05333057
v 11.33487996 -0.16039135 3.05333057
v 11.89551492 -0.32709748 3.12326084
v 11.33551885 -0.32921682 3.12326084
v 11.89606328 -0.47207120 3.23450387
v 11.33606758 -0.47419052 3.23450387
v 11.89648461 -0.58331344 3.37947862
v 11.33648854 -0.58543276 3.37947862
v 11.89674911 -0.65324320 3.54830531
v 11.33675304 -0.65536251 3.54830531
v 11.89683926 -0.67709497 3.72947864
v 11.33684356 -0.67921434 3.72947864
v 11.89674911 -0.65324320 3.91065198
v 11.33675304 -0.65536251 3.91065198
v 11.89648461 -0.58331344 4.07947864
v 11.33648854 -0.58543276 4.07947864
v 11.89606328 -0.47207120 4.22445339
v 11.33606758 -0.47419052 4.22445339
v 11.89551492 -0.32709748 4.33569643
v 11.33551885 -0.32921682 4.33569643
v 11.89487566 -0.15827201 4.40562669
v 11.33487996 -0.16039135 4.40562669
v 11.89419020 0.02290003 4.42947865
v 11.33419414 0.02078069 4.42947865
v 11.89350438 0.20407206 4.40562669
v 11.33350868 0.20195273 4.40562669
v 11.89286549 0.37289754 4.33569643
v 11.33286980 0.37077820 4.33569643
v 11.89231676 0.51787124 4.22445339
v 11.33232106 0.51575192 4.22445339
v 11.89189580 0.62911348 4.07947864
v 11.33190010 0.62699417 4.07947864
v 11.89163130 0.69904324 3.91065198
v 11.33163523 0.69692392 3.91065198
v 11.89154115 0.72289506 3.72947864
v 11.33154508 0.72077569 3.72947864
v 11.89163130 0.69904324 3.54830531
v 11.33163523 0.69692392 3.54830531
v 11.89189580 0.62911348 3.37947862
v 11.33190010 0.62699417 3.37947862
v 11.89231676 0.51787124 3.23450387
v 11.33232106 0.51575192 3.23450387
v 11.89286549 0.37289754 3.12326084
v 11.33286980 0.37077820 3.12326084
v 11.89350438 0.20407206 3.05333057
v 11.33350868 0.20195273 3.05333057
v 11.89419020 0.02290003 3.02947861
v 11.89307783 0.31679055 3.32497013
v 11.89265948 0.42740564 3.43558601
v 11.89239052 0.49842490 3.57497015
v 11.89229776 0.52289642 3.72947864
v 11.89239052 0.49842490 3.88398714
v 11.89265948 0.42740564 4.02337125
v 11.89572093 -0.38160557 3.43558601
v 11.89530258 -0.27099048 3.32497013
v 11.89477508 -0.13160736 3.25395036
v 11.89419020 0.02290003 3.22947864
v 11.89360533 0.17740742 3.25395036
v 11.89530258 -0.27099048 4.13398714
v 11.89572093 -0.38160557 4.02337125
v 11.89598989 -0.45262486 3.88398714
v 11.89608228 -0.47709638 3.72947864
v 11.89598989 -0.45262486 3.57497015
v 11.89307783 0.31679055 4.13398714
v 11.89360533 0.17740742 4.20500691
v 11.89419020 0.02290003 4.22947862
v 11.89477508 -0.13160736 4.20500691
v 11.84419048 0.02271081 3.92947865
v 11.84442442 -0.03909215 3.91968995
v 11.84419048 0.02271081 3.72947864
v 11.84395690 0.08451376 3.91968995
v 11.84347075 0.21292074 3.79128204
v 11.84357841 0.18451304 3.84703570
v 11.84374568 0.14026701 3.89128204
v 11.84357841 0.18451304 3.61192159
v 11.84347075 0.21292074 3.66767524
v 11.84343387 0.22270939 3.72947864
v 11.84419048 0.02271081 3.52947862
v 11.84395690 0.08451376 3.53926734
v 11.84374568 0.14026701 3.56767524
v 11.84480291 -0.13909143 3.61192159
v 11.84463565 -0.09484541 3.56767524
v 11.84442442 -0.03909215 3.53926734
v 11.84491057 -0.16749914 3.79128204
v 11.84494746 -0.17728777 3.72947864
v 11.84491057 -0.16749914 3.66767524
v 11.84463565 -0.09484541 3.89128204
v 11.84480291 -0.13909143 3.84703570
v 9.54049815 0.99399938 2.49947867
v 9.54049815 0.99399938 2.89947865
v 9.54239041 0.49400293 2.49947867
v 9.54239041 0.49400293 2.89947865
v 10.27814102 1.50746825 5.08987679
v 10.28780200 1.46895313 5.08560668
v 10.28835148 1.46437586 5.07709839
v 10.27872868 1.35219396 4.96380505
v 10.28826003 1.34795989 5.00235650
v 10.28881137 1.34287449 5.00603960
v 10.29465989 1.34364386 5.04154059
v 10.28886222 1.32940766 5.01033216
v 10.28857500 1.26471027 5.12335057
v 10.28912150 1.26747536 5.12365661
v 10.28909617 1.26761916 5.12498793
v 10.27600773 1.50214099 5.16565208
v 10.27816598 1.50086285 5.14951208
v 10.27598054 1.50933742 5.14621901
v 10.27895537 1.50462977 5.11974552
v 10.28839656 1.45244953 5.15864612
v 10.28882571 1.45743201 5.14469705
v 10.28837123 1.45915487 5.14620346
v 10.28839432 1.45958682 5.14493593
v 10.28782715 1.46234772 5.14524196
v 10.28842841 1.44407769 5.17003451
v 10.29435888 1.42318803 5.14090181
v 10.29407688 1.42539107 5.14114591
v 10.28811716 1.38570351 5.20660085
v 10.29448424 1.39006787 5.16741666
v 10.28860424 1.39760124 5.20100658
v 10.29529114 1.39193443 5.15983048
v 10.28855451 1.41073578 5.19578512
v 10.29579070 1.39571904 5.15295033
v 10.28850794 1.42301592 5.18878651
v 10.29594474 1.40114539 5.14729730
v 10.28846566 1.43420241 5.18014691
v 10.29574488 1.40784179 5.14324521
v 10.29520546 1.41534750 5.14106507
v 10.28906022 1.27711567 5.15154087
v 10.29623662 1.32404325 5.13876275
v 10.28903209 1.28453859 5.16356927
v 10.29604663 1.32809459 5.14545989
v 10.28899801 1.29356320 5.17444759
v 10.29552751 1.33027277 5.15296756
v 10.28895833 1.30401404 5.18396403
v 10.29470981 1.33043296 5.16081116
v 10.28891419 1.31568751 5.19193335
v 10.28834273 1.32606859 5.19999535
v 10.29454496 1.30171311 5.12744662
v 10.29481020 1.30391830 5.12769082
v 10.29559568 1.31150746 5.12955439
v 10.29608351 1.31838956 5.13333696
v 10.28953650 1.26963333 5.12389549
v 10.28908164 1.27143907 5.13859642
v 10.27707056 1.22132768 5.13454768
v 10.27708099 1.21855848 5.11401081
v 10.27920571 1.22612306 5.11908046
v 10.27708062 1.21867443 5.09328841
v 10.27999864 1.22896769 5.08921173
v 10.27701486 1.23603093 5.03401234
v 10.27918075 1.23272856 5.05944517
v 10.27704727 1.22749648 5.05289611
v 10.27706925 1.22167320 5.07278376
v 10.28855004 1.27131567 5.06371529
v 10.28905817 1.27764792 5.05641540
v 10.29478524 1.31052370 5.06805553
v 10.28902967 1.28520495 5.04447081
v 10.29557258 1.31837037 5.06789218
v 10.28899503 1.29435082 5.03369420
v 10.29605501 1.32587991 5.06571204
v 10.28895498 1.30490736 5.02429529
v 10.29620421 1.33257770 5.06166005
v 10.28891046 1.31666931 5.01645709
v 10.29600919 1.33800275 5.05600692
v 10.29548094 1.34178336 5.04912677
v 10.27665295 1.33166053 4.96015576
v 10.27657565 1.35208816 4.95667149
v 10.27649724 1.37280180 4.95606418
v 10.27941935 1.38206548 4.96664661
v 10.27627074 1.43264701 4.97134159
v 10.27850293 1.41182887 4.97041055
v 10.27634338 1.41347713 4.96347127
v 10.27641938 1.39339846 4.95834555
v 10.29433393 1.42979343 5.08126643
v 10.29517659 1.42221033 5.07940295
v 10.28836955 1.45961606 5.06378951
v 10.29571657 1.41533223 5.07562029
v 10.28839432 1.45305023 5.05127263
v 10.29591252 1.40967985 5.07019459
v 10.28842561 1.44480645 5.03979129
v 10.29575326 1.40562720 5.06349736
v 10.28846250 1.43504488 5.02956900
v 10.29525053 1.40344511 5.05598969
v 10.28850440 1.42395581 5.02080479
v 10.29443414 1.40327868 5.04814609
v 10.28855060 1.41175483 5.01366918
v 10.28803427 1.40759471 5.00896200
v 10.27597886 1.50979553 5.06433601
v 10.27596303 1.51399058 5.08462972
v 10.27595800 1.51532042 5.10530974
v 10.27596377 1.51375924 5.12597355
v 10.21385015 1.23157018 5.34979607
v 10.23910463 1.24633872 5.31018860
v 10.23899176 1.27613862 5.32493004
v 10.21387436 1.22519481 5.34617863
v 10.21399636 1.19293258 5.32415369
v 10.23920838 1.21888044 5.29144322
v 10.21402151 1.18630511 5.31874922
v 10.23930152 1.19429818 5.26905878
v 10.21410570 1.16404957 5.29785295
v 10.21416661 1.14796656 5.27946808
v 10.23938180 1.17307045 5.24347107
v 10.21420014 1.13910801 5.26778846
v 10.21427781 1.11859321 5.23454537
v 10.23944792 1.15561048 5.21517795
v 10.21427986 1.11802808 5.23346224
v 10.23949840 1.14225802 5.18473023
v 10.21433723 1.10290461 5.19877066
v 10.21435716 1.09764003 5.18249952
v 10.23953248 1.13327290 5.15272039
v 10.21437709 1.09234760 5.16116059
v 10.21439516 1.08758603 5.12853860
v 10.23954925 1.12883012 5.11977169
v 10.21439683 1.08712754 5.12244728
v 10.21439609 1.08734612 5.08338426
v 10.23954850 1.12901620 5.08652533
v 10.21439255 1.08825239 5.07365306
v 10.23953043 1.13382741 5.05362841
v 10.21437467 1.09299906 5.04473186
v 10.21434952 1.09961350 5.01995216
v 10.23949504 1.14317006 5.02172121
v 10.21433313 1.10397628 5.00724231
v 10.21427222 1.12006423 4.97164539
v 10.23944326 1.15686237 4.99142473
v 10.21426775 1.12123276 4.96949944
v 10.23937583 1.17463796 4.96332877
v 10.21419325 1.14094970 4.93863392
v 10.21415022 1.15227942 4.92423399
v 10.23929444 1.19615068 4.93798013
v 10.21409751 1.16622616 4.90885041
v 10.21400158 1.19156028 4.88589526
v 10.23920056 1.22098188 4.91587221
v 10.21398705 1.19540161 4.88287452
v 10.21386412 1.22790840 4.86121205
v 10.23909588 1.24864812 4.89743528
v 10.21382742 1.23756575 4.85595650
v 10.23898244 1.27861119 4.88302828
v 10.21373075 1.26311351 4.84428433
v 10.21363464 1.28852810 4.83556836
v 10.23886249 1.31028761 4.87293144
v 10.21358993 1.30033196 4.83242114
v 10.21344428 1.33883917 4.82585308
v 10.23873844 1.34306095 4.86734145
v 10.21343049 1.34248865 4.82551427
v 10.23861271 1.37629333 4.86636710
v 10.21329638 1.37788570 4.82470830
v 10.21322262 1.39737382 4.82618063
v 10.23848773 1.40933796 4.87002729
v 10.21314960 1.41671161 4.82900887
v 10.21301941 1.45107434 4.83754183
v 10.23836572 1.44155147 4.87825087
v 10.21300637 1.45456112 4.83867115
v 10.21286946 1.49069765 4.85350703
v 10.23824931 1.47230710 4.89087765
v 10.21282848 1.50152660 4.85916127
v 10.23814071 1.50100608 4.90766195
v 10.21274187 1.52441767 4.87322778
v 10.21265731 1.54679176 4.89020812
v 10.23804199 1.52708991 4.92827705
v 10.21262583 1.55506498 4.89744962
v 10.21252376 1.58204307 4.92570101
v 10.23795520 1.55005083 4.95232166
v 10.21251221 1.58513022 4.92948926
v 10.23788181 1.56944190 4.97932796
v 10.21243752 1.60482657 4.95743220
v 10.21239877 1.61506870 4.97549511
v 10.23782332 1.58488584 5.00877005
v 10.21236897 1.62297246 4.99202534
v 10.21232166 1.63545684 5.02645773
v 10.23778085 1.59608182 5.04007506
v 10.21231905 1.63612739 5.02880736
v 10.21228925 1.64403525 5.06706218
v 10.23775552 1.60281212 5.07263363
v 10.21228366 1.64551084 5.08041865
v 10.23774732 1.60494578 5.10581200
v 10.21227975 1.64654200 5.10604530
v 10.21228608 1.64484438 5.13530419
v 10.23775682 1.60244108 5.13896448
v 10.21229093 1.64359921 5.14499796
v 10.21232240 1.63526368 5.18316188
v 10.23778365 1.59534682 5.17144565
v 10.21232911 1.63348337 5.18900518
v 10.23782742 1.58380122 5.20262335
v 10.21237381 1.62169804 5.21979433
v 10.21241088 1.61186402 5.23945781
v 10.23788702 1.56802880 5.23189091
v 10.21244385 1.60316621 5.25418230
v 10.21252841 1.58081745 5.28472326
v 10.23796153 1.54833664 5.25867845
v 10.21253139 1.58002899 5.28565644
v 10.21263477 1.55273649 5.31360422
v 10.23804945 1.52510815 5.28246461
v 10.21267705 1.54153659 5.32306199
v 10.23814910 1.49879531 5.30278654
v 10.21275174 1.52182002 5.33748156
v 10.21285121 1.49553102 5.35300075
v 10.23825843 1.46991034 5.31924869
v 10.21316115 1.41362595 5.38049246
v 10.23849760 1.40671172 5.33939301
v 10.21304418 1.44456877 5.37338889
v 10.23837541 1.43901530 5.33153051
v 10.21301754 1.45158126 5.37125449
v 10.21288027 1.48788142 5.35682383
v 10.21324833 1.39060822 5.38344308
v 10.21330830 1.37475432 5.38435838
v 10.23862277 1.37362826 5.34268328
v 10.21345601 1.33572305 5.38277662
v 10.23874850 1.34040882 5.34133705
v 10.21360148 1.29729175 5.37577811
v 10.23887236 1.30770012 5.33538069
v 10.21365922 1.28202253 5.37141542
v 10.21374174 1.26020844 5.36349918
v 10.25965278 1.39940037 5.29605820
v 10.25955312 1.42574488 5.28964604
v 10.25945776 1.45094070 5.27962985
v 10.25936854 1.47449720 5.26620456
v 10.25928733 1.49595617 5.24963140
v 10.25921580 1.51489965 5.23023306
v 10.25915489 1.53095919 5.20838703
v 10.25910628 1.54382196 5.18451854
v 10.25907070 1.55323782 5.15909222
v 10.25904872 1.55902329 5.13260280
v 10.25904090 1.56106596 5.10556604
v 10.25904760 1.55932597 5.07850814
v 10.25906828 1.55383722 5.05195566
v 10.25910292 1.54470653 5.02642550
v 10.25915061 1.53211160 5.00241461
v 10.25921040 1.51629756 4.98039023
v 10.25928136 1.49757230 4.96078105
v 10.25936183 1.47630024 4.94396890
v 10.25945031 1.45289536 4.93028079
v 10.25954530 1.42781326 4.91998325
v 10.25964477 1.40154214 4.91327670
v 10.25974665 1.37459329 4.91029172
v 10.25984929 1.34749134 4.91108642
v 10.25995043 1.32076369 4.91564515
v 10.26004822 1.29493066 4.92387935
v 10.26014060 1.27049499 4.93562872
v 10.26022610 1.24793221 4.95066465
v 10.26030265 1.22768172 4.96869431
v 10.26036915 1.21013747 4.98936678
v 10.26042391 1.19564096 5.01227993
v 10.26046619 1.18447450 5.03698754
v 10.26049506 1.17685526 5.06300879
v 10.26050997 1.17293159 5.08983721
v 10.26051052 1.17277988 5.11695062
v 10.26049674 1.17640310 5.14382123
v 10.26046899 1.18373065 5.16992611
v 10.26042782 1.19461995 5.19475712
v 10.26037399 1.20885913 5.21783101
v 10.26030843 1.22617093 5.23869860
v 10.26023262 1.24621848 5.25695373
v 10.26014787 1.26861148 5.27224111
v 10.26005585 1.29291416 5.28426318
v 10.25995844 1.31865350 5.29278600
v 10.25985748 1.34532844 5.29764359
v 10.25975485 1.37241986 5.29874143
v 10.27861804 1.38139735 5.24515220
v 10.27642552 1.39176157 5.25090032
v 10.27634934 1.41189630 5.24599961
v 10.27627651 1.43115307 5.23834442
v 10.27620834 1.44915703 5.22808357
v 10.27614631 1.46555780 5.21541703
v 10.27609155 1.48003614 5.20059112
v 10.27604498 1.49231014 5.18389446
v 10.27600531 1.50281713 5.04482369
v 10.27604163 1.49319098 5.02647244
v 10.27608745 1.48110456 5.00963953
v 10.27614166 1.46679302 4.99465250
v 10.27620312 1.45053501 4.98180314
v 10.27672764 1.31191668 4.96644908
v 10.27679842 1.29324087 4.97542889
v 10.27686362 1.27599641 4.98692066
v 10.27692229 1.26051922 5.00070042
v 10.27697295 1.24711041 5.01650021
v 10.27704932 1.22692800 5.15449931
v 10.27701784 1.23525058 5.17347733
v 10.27697668 1.24613336 5.19111230
v 10.27692657 1.25936457 5.20706120
v 10.27686865 1.27468669 5.22101334
v 10.27680383 1.29180132 5.23269725
v 10.27673360 1.31037553 5.24188559
v 10.27665910 1.33004776 5.24839944
v 10.27658199 1.35043506 5.25211207
v 10.27650357 1.37114069 5.25295109
v 10.27953484 1.35153188 5.24231064
v 10.27884380 1.32176253 5.23854670
v 9.45955588 1.24283750 5.01563325
v 9.45962731 1.22396081 5.04994075
v 9.45909851 1.36369393 5.10447863
v 9.45966270 1.21460679 5.08796497
v 9.45965963 1.21541276 5.12711451
v 9.45918419 1.34105823 4.95619643
v 9.45932650 1.30345152 4.96710761
v 9.45945325 1.26995026 4.98738036
v 9.45876230 1.45253866 4.98362127
v 9.45889213 1.41823144 4.96474457
v 9.45903602 1.38020749 4.95539046
v 9.45853729 1.51197511 5.08184283
v 9.45857864 1.50106401 5.04423584
v 9.45865529 1.48079135 5.01073430
v 9.45864114 1.48455036 5.19332400
v 9.45856970 1.50342706 5.15901650
v 9.45853422 1.51278107 5.12099237
v 9.45901283 1.38632963 5.25276092
v 9.45887052 1.42393635 5.24184964
v 9.45874367 1.45743760 5.22157689
v 9.45943472 1.27484920 5.22533598
v 9.45930489 1.30915643 5.24421277
v 9.45916100 1.34718037 5.25356689
v 9.45961837 1.22632385 5.16472151
v 9.45954163 1.24659651 5.19822295
v 10.05965535 1.21768351 5.12711451
v 10.05961400 1.22859460 5.16472151
v 10.05953726 1.24886726 5.19822295
v 10.05943034 1.27711986 5.22533598
v 10.05930052 1.31142718 5.24421277
v 10.05915672 1.34945103 5.25356689
v 10.05900845 1.38860038 5.25276092
v 10.05886615 1.42620710 5.24184964
v 10.05873930 1.45970835 5.22157689
v 10.05863686 1.48682111 5.19332400
v 10.05856533 1.50569781 5.15901650
v 10.05852994 1.51505182 5.12099237
v 10.05853292 1.51424586 5.08184283
v 10.05857427 1.50333467 5.04423584
v 10.05865101 1.48306210 5.01073430
v 10.05875793 1.45480941 4.98362127
v 10.05888776 1.42050219 4.96474457
v 10.05903174 1.38247824 4.95539046
v 10.05917982 1.34332898 4.95619643
v 10.05932212 1.30572227 4.96710761
v 10.05944897 1.27222101 4.98738036
v 10.05955160 1.24510816 5.01563325
v 10.05962294 1.22623156 5.04994075
v 10.05965833 1.21687754 5.08796497
v 10.06002248 1.12064901 4.96949944
v 10.06010443 1.09902975 5.01995216
v 10.06014746 1.08766864 5.07365306
v 10.05938937 1.28794434 4.83556836
v 10.05958234 1.23698200 4.85595650
v 10.05975649 1.19097653 4.88589526
v 10.05990513 1.15169567 4.92423399
v 10.05807639 1.63487309 5.02645773
v 10.05815369 1.61448494 4.97549511
v 10.05826694 1.58454646 4.92948926
v 10.05841204 1.54620801 4.89020812
v 10.05858340 1.50094285 4.85916127
v 10.05877432 1.45049059 4.83754183
v 10.05897753 1.39679006 4.82618063
v 10.05918522 1.34190489 4.82551427
v 10.05816579 1.61128026 5.23945781
v 10.05808384 1.63289961 5.18900518
v 10.05804100 1.64426063 5.13530419
v 10.05803839 1.64492709 5.08041865
v 10.05879891 1.44398502 5.37338889
v 10.05860594 1.49494727 5.35300075
v 10.05843197 1.54095284 5.32306199
v 10.05828333 1.58023369 5.28472326
v 10.05960506 1.23098642 5.34979607
v 10.05941414 1.28143878 5.37141542
v 10.05921074 1.33513930 5.38277662
v 10.05900305 1.39002447 5.38344308
v 10.06014988 1.08700228 5.12853860
v 10.06011189 1.09705628 5.18249952
v 10.06003477 1.11744433 5.23346224
v 10.05992134 1.14738281 5.27946808
v 10.05977624 1.18572135 5.31874922
v 10.14299587 1.42261517 5.14090181
v 10.14297072 1.42922058 5.08126643
v 10.13088141 1.42231352 5.07967462
v 10.13090712 1.41552594 5.14095350
v 10.14307112 1.40270582 5.04814609
v 10.14329687 1.34307100 5.04154059
v 10.13118744 1.34143327 5.04840192
v 10.13095554 1.40271178 5.05518950
v 10.14342223 1.30995084 5.06805553
v 10.14344719 1.30334544 5.12769082
v 10.13130591 1.31016086 5.12928273
v 10.13128020 1.31694834 5.06800375
v 10.14334679 1.32986010 5.16081116
v 10.14312123 1.38949501 5.16741666
v 10.13099969 1.39104101 5.16055542
v 10.13123178 1.32976250 5.15376785
v 10.13127704 1.31776576 5.13333696
v 10.13094698 1.40500340 5.06349736
v 10.13098442 1.39509524 5.15295033
v 10.13124034 1.32747088 5.14545989
v 10.13093859 1.40721808 5.14324521
v 10.13120290 1.33737904 5.05600692
v 10.13124873 1.32525620 5.06571204
v 10.13091028 1.41470852 5.07562029
v 10.28851223 -1.23291462 5.20421815
v 10.29810709 -1.25394984 5.17165381
v 10.29862527 -1.25025277 5.16272587
v 10.28851409 -1.23344622 5.00420750
v 10.29815253 -1.26597433 5.02527895
v 10.29870760 -1.27204265 5.02366711
v 10.30466136 -1.29904886 5.04669621
v 10.29875249 -1.28388404 5.01594943
v 10.29870648 -1.41234807 5.03730354
v 10.29925764 -1.41083579 5.03963743
v 10.29923641 -1.41177614 5.04059083
v 10.28659370 -1.29498568 5.24801676
v 10.28870278 -1.28328818 5.23681360
v 10.28651957 -1.27538097 5.24130239
v 10.28941021 -1.25784631 5.22090550
v 10.29889275 -1.32096567 5.20505653
v 10.29928800 -1.30700859 5.20009379
v 10.29884022 -1.30708664 5.20238233
v 10.29886034 -1.30583159 5.20191527
v 10.29829763 -1.30432350 5.20424926
v 10.29894621 -1.33508192 5.20577299
v 10.30476232 -1.32571644 5.17115033
v 10.30448404 -1.32451271 5.17301223
v 10.29866104 -1.40032367 5.18367830
v 10.30491934 -1.36720081 5.16226104
v 10.29914830 -1.38846533 5.18935573
v 10.30570668 -1.36014260 5.15890726
v 10.29910155 -1.37611440 5.19622861
v 10.30619134 -1.35241895 5.15748662
v 10.29905163 -1.36292725 5.20131568
v 10.30633625 -1.34460795 5.15811480
v 10.29899948 -1.34916044 5.20451794
v 10.30613378 -1.33723457 5.16074029
v 10.30559846 -1.33079997 5.16517748
v 10.29929154 -1.42633998 5.06473909
v 10.30649569 -1.38675486 5.09298974
v 10.29930905 -1.43096362 5.07809584
v 10.30633122 -1.38938109 5.10036386
v 10.29931948 -1.43368346 5.09196612
v 10.30583706 -1.39382015 5.10680041
v 10.29932228 -1.43444640 5.10608003
v 10.30504264 -1.39979608 5.11188711
v 10.29931780 -1.43323773 5.12016266
v 10.29878434 -1.43291884 5.13330436
v 10.30473996 -1.39211266 5.06854056
v 10.30500893 -1.39090688 5.07040237
v 10.30581043 -1.38755002 5.07745751
v 10.30631893 -1.38612743 5.08517939
v 10.29967655 -1.40965552 5.04145901
v 10.29926733 -1.41990240 5.05215581
v 10.28717466 -1.44847258 5.01081179
v 10.28712102 -1.43431489 4.99567947
v 10.28927107 -1.43345538 5.00473910
v 10.28705992 -1.41818895 4.98266480
v 10.28998036 -1.40851763 4.98805185
v 10.28684460 -1.36129492 4.95862494
v 10.28908052 -1.38308182 4.97214365
v 10.28692041 -1.38132013 4.96395546
v 10.28699268 -1.40040870 4.97202099
v 10.29851594 -1.36197451 5.00470809
v 10.29901140 -1.35231446 5.00499549
v 10.30481838 -1.34053323 5.03780692
v 10.29895831 -1.33828268 5.00329611
v 10.30561597 -1.33544345 5.04377977
v 10.29890486 -1.32415089 5.00356601
v 10.30610268 -1.32900504 5.04821696
v 10.29885196 -1.31019418 5.00580006
v 10.30624927 -1.32163026 5.05084255
v 10.29880092 -1.29668423 5.00995488
v 10.30604512 -1.31382066 5.05147063
v 10.30550216 -1.30610083 5.05004999
v 10.28639924 -1.24360723 4.98599968
v 10.28634020 -1.22799016 4.99962074
v 10.28628879 -1.21442060 5.01528270
v 10.28925468 -1.21675599 5.02914245
v 10.28619044 -1.18841007 5.07130361
v 10.28839078 -1.20085095 5.05458153
v 10.28621316 -1.19443609 5.05147641
v 10.28624613 -1.20316296 5.03268083
v 10.30457158 -1.27534279 5.13855488
v 10.30539841 -1.27869350 5.13149974
v 10.29859752 -1.24295306 5.15062231
v 10.30591753 -1.28011218 5.12377796
v 10.29857666 -1.23740890 5.13762058
v 10.30608982 -1.27948335 5.11596761
v 10.29856269 -1.23372822 5.12397372
v 10.30590524 -1.27685852 5.10859349
v 10.29855598 -1.23198255 5.10994754
v 10.30537755 -1.27242328 5.10215684
v 10.29855691 -1.23220597 5.09581481
v 10.30453805 -1.26645359 5.09707014
v 10.29856511 -1.23439412 5.08185075
v 10.29802923 -1.23337916 5.07565289
v 10.28627836 -1.21166063 5.18987578
v 10.28632790 -1.22472829 5.20595889
v 10.28638527 -1.23990708 5.22006675
v 10.28644953 -1.25690158 5.23192481
v 10.22459984 -1.60882528 5.15505121
v 10.24975859 -1.56876891 5.14137045
v 10.24973047 -1.56134329 5.17377750
v 10.22460450 -1.61005481 5.14782489
v 10.22461717 -1.61339528 5.10890436
v 10.24976921 -1.57161187 5.10824536
v 10.22461717 -1.61339975 5.10035259
v 10.24976250 -1.56981721 5.07504697
v 10.22460916 -1.61128658 5.06989769
v 10.22459370 -1.60721540 5.04581247
v 10.24973829 -1.56341977 5.04242134
v 10.22458066 -1.60376988 5.03156408
v 10.22453242 -1.59099120 4.99464971
v 10.24969712 -1.55254397 5.01100364
v 10.22453055 -1.59050952 4.99352691
v 10.24963975 -1.53740159 4.98140537
v 10.22446499 -1.57319958 4.95987301
v 10.22442997 -1.56392454 4.94550521
v 10.24956748 -1.51828722 4.95420246
v 10.22438005 -1.55074111 4.92791085
v 10.22429586 -1.52848166 4.90359272
v 10.24948143 -1.49557310 4.92992465
v 10.22427910 -1.52405304 4.89938547
v 10.22416398 -1.49365467 4.87485192
v 10.24938364 -1.46970115 4.90904422
v 10.22413325 -1.48554322 4.86940014
v 10.24927561 -1.44117502 4.89196776
v 10.22403714 -1.46013777 4.85478788
v 10.22394866 -1.43675924 4.84424149
v 10.24915975 -1.41054996 4.87902750
v 10.22390098 -1.42415463 4.83958366
v 10.22375811 -1.38640580 4.82953544
v 10.24903812 -1.37842204 4.87047554
v 10.22374899 -1.38400448 4.82908365
v 10.24891314 -1.34541652 4.86647812
v 10.22361134 -1.34762581 4.82483859
v 10.22354205 -1.32930623 4.82450909
v 10.24878741 -1.31217594 4.86711300
v 10.22346344 -1.30856958 4.82558467
v 10.22333567 -1.27476658 4.83069354
v 10.24866317 -1.27934720 4.87236808
v 10.22331760 -1.26999728 4.83175906
v 10.22317622 -1.23265972 4.84324171
v 10.24854284 -1.24756935 4.88214082
v 10.22313767 -1.22248138 4.84739942
v 10.24842904 -1.21746081 4.89624123
v 10.22304230 -1.19728352 4.85980892
v 10.22295606 -1.17445988 4.87398476
v 10.24832361 -1.18960765 4.91439466
v 10.22291843 -1.16455731 4.88113844
v 10.22280705 -1.13511811 4.90681500
v 10.24822880 -1.16455200 4.93624787
v 10.22279736 -1.13254775 4.90942783
v 10.24814629 -1.14278159 4.96137551
v 10.22271019 -1.10953878 4.93633886
v 10.22266791 -1.09835546 4.95236655
v 10.24807793 -1.12472008 4.98928846
v 10.22262991 -1.08831729 4.96913538
v 10.22257273 -1.07319699 5.00115090
v 10.24802503 -1.11071904 5.01944347
v 10.22256770 -1.07186678 5.00456615
v 10.22252467 -1.06050725 5.04194162
v 10.24798833 -1.10105098 5.05125363
v 10.22251536 -1.05803925 5.05390604
v 10.24796896 -1.09590422 5.08409970
v 10.22250176 -1.05445989 5.08053432
v 10.22249803 -1.05346468 5.10860466
v 10.24796691 -1.09537867 5.11734252
v 10.22249952 -1.05384252 5.11959306
v 10.22251778 -1.05866696 5.15835759
v 10.24798256 -1.09948478 5.15033490
v 10.22252150 -1.05964913 5.16314478
v 10.24801516 -1.10814245 5.18243470
v 10.22255634 -1.06883942 5.19607346
v 10.22258465 -1.07635492 5.21543034
v 10.24806452 -1.12118338 5.21301719
v 10.22261426 -1.08416182 5.23200658
v 10.22268523 -1.10293998 5.26345213
v 10.24812952 -1.13835353 5.24148717
v 10.22269063 -1.10433604 5.26545745
v 10.22278376 -1.12896933 5.29577508
v 10.24820887 -1.15931890 5.26729039
v 10.22281953 -1.13838286 5.30536463
v 10.24830107 -1.18367122 5.28992460
v 10.22289217 -1.15758236 5.32236936
v 10.22298195 -1.18132130 5.33955720
v 10.24840426 -1.21093671 5.30894938
v 10.22301343 -1.18961799 5.34472260
v 10.22314512 -1.22445281 5.36239984
v 10.24851639 -1.24058453 5.32399434
v 10.22316654 -1.23010528 5.36471586
v 10.24863542 -1.27203762 5.33476676
v 10.22328500 -1.26140880 5.37505689
v 10.22336621 -1.28286005 5.37987369
v 10.24875910 -1.30468383 5.34105682
v 10.22343029 -1.29976672 5.38244731
v 10.22357315 -1.33755830 5.38444816
v 10.24888464 -1.33788780 5.34274214
v 10.22357781 -1.33877982 5.38442749
v 10.22372515 -1.37768890 5.38095887
v 10.24900999 -1.37100312 5.33978994
v 10.22377972 -1.39209795 5.37826381
v 10.24913256 -1.40338530 5.33225768
v 10.22386913 -1.41573650 5.37210888
v 10.22397753 -1.44438314 5.36155793
v 10.24924990 -1.43440412 5.32029196
v 10.22425414 -1.51747511 5.31549462
v 10.24946038 -1.48997464 5.28407357
v 10.22415933 -1.49240456 5.33497258
v 10.24935999 -1.46345570 5.30412569
v 10.22413623 -1.48631650 5.33905503
v 10.22400696 -1.45218222 5.35804964
v 10.22431784 -1.53431677 5.29952952
v 10.22435844 -1.54505157 5.28782698
v 10.24954904 -1.51344490 5.26052573
v 10.22444729 -1.56850907 5.25659070
v 10.24962467 -1.53340948 5.23394066
v 10.22451882 -1.58739108 5.22239375
v 10.24968558 -1.54947992 5.20483580
v 10.22454247 -1.59366763 5.20780635
v 10.22457153 -1.60133000 5.18590174
v 10.27047828 -1.46099952 5.25094354
v 10.27039633 -1.43937253 5.26729663
v 10.27030673 -1.41568006 5.28048071
v 10.27021099 -1.39038338 5.29023911
v 10.27011097 -1.36397471 5.29638183
v 10.27000871 -1.33696822 5.29878949
v 10.26990627 -1.30988945 5.29741504
v 10.26980550 -1.28326546 5.29228532
v 10.26970845 -1.25761460 5.28350015
v 10.26961700 -1.23343588 5.27123054
v 10.26953280 -1.21120018 5.25571526
v 10.26945774 -1.19134010 5.23725635
v 10.26939292 -1.17424223 5.21621303
v 10.26934002 -1.16023942 5.19299497
v 10.26929979 -1.14960427 5.16805406
v 10.26927297 -1.14254364 5.14187570
v 10.26926030 -1.13919498 5.11496951
v 10.26926198 -1.13962357 5.08785908
v 10.26927781 -1.14382095 5.06107210
v 10.26930761 -1.15170552 5.03513002
v 10.26935082 -1.16312373 5.01053770
v 10.26940652 -1.17785343 4.98777385
v 10.26947376 -1.19560788 4.96728149
v 10.26955106 -1.21604147 4.94945961
v 10.26963711 -1.23875653 4.93465493
v 10.26973006 -1.26331094 4.92315571
v 10.26982803 -1.28922667 4.91518573
v 10.26992936 -1.31599949 4.91090006
v 10.27003199 -1.34310815 4.91038225
v 10.27013388 -1.37002514 4.91364225
v 10.27023297 -1.39622641 4.92061674
v 10.27032760 -1.42120197 4.93116983
v 10.27041570 -1.44446584 4.94509618
v 10.27049542 -1.46556524 4.96212476
v 10.27056564 -1.48408924 4.98192403
v 10.27062450 -1.49967753 5.00410878
v 10.27067125 -1.51202669 5.02824708
v 10.27070497 -1.52089614 5.05386907
v 10.27072471 -1.52611350 5.08047621
v 10.27073011 -1.52757716 5.10755050
v 10.27072136 -1.52525845 5.13456500
v 10.27069845 -1.51920271 5.16099389
v 10.27066194 -1.50952776 5.18632279
v 10.27061221 -1.49642191 5.21005866
v 10.27055055 -1.48014016 5.23173957
v 10.28926902 -1.43292378 5.20474975
v 10.28710779 -1.43082541 5.21641978
v 10.28704521 -1.41429621 5.22891822
v 10.28697666 -1.39618841 5.23899467
v 10.28690365 -1.37685443 5.24645288
v 10.28682709 -1.35667072 5.25114768
v 10.28674905 -1.33603000 5.25298779
v 10.28667082 -1.31533406 5.25193735
v 10.28623794 -1.20095852 5.17213055
v 10.28620720 -1.19283012 5.15306852
v 10.28618672 -1.18743385 5.13306073
v 10.28617703 -1.18487449 5.11249666
v 10.28617833 -1.18520203 5.09177650
v 10.28646499 -1.26096801 4.97468467
v 10.28653596 -1.27973463 4.96589596
v 10.28661103 -1.29954171 4.95980456
v 10.28668833 -1.32000380 4.95652909
v 10.28676674 -1.34072266 4.95613337
v 10.28721974 -1.46038652 5.02776726
v 10.28725550 -1.46982473 5.04621583
v 10.28728102 -1.47660364 5.06579847
v 10.28729611 -1.48059120 5.08613390
v 10.28730039 -1.48170981 5.10682640
v 10.28729369 -1.47993769 5.12747326
v 10.28727618 -1.47530939 5.14767253
v 10.28724824 -1.46791496 5.16703109
v 10.28721024 -1.45789831 5.18517205
v 10.28716311 -1.44545435 5.20174251
v 10.29013590 -1.44960796 5.17981489
v 10.28939251 -1.46551904 5.15437582
v 9.46934557 -1.34389046 4.95467148
v 9.46949132 -1.38240400 4.96174403
v 9.46931679 -1.33628677 5.10447863
v 9.46962515 -1.41777479 4.97854370
v 9.46973803 -1.44759229 5.00392568
v 9.46893616 -1.23573448 4.99317235
v 9.46905816 -1.26796867 4.97094001
v 9.46919777 -1.30485864 4.95780808
v 9.46874980 -1.18648064 5.09687494
v 9.46877653 -1.19355311 5.05836102
v 9.46884014 -1.21035268 5.02299004
v 9.46889546 -1.22498124 5.20503166
v 9.46881136 -1.20274899 5.17279719
v 9.46876163 -1.18961715 5.13590694
v 9.46928802 -1.32868308 5.25428577
v 9.46914217 -1.29016944 5.24721322
v 9.46900834 -1.25479865 5.23041355
v 9.46969733 -1.43683896 5.21578499
v 9.46957533 -1.40460477 5.23801734
v 9.46943572 -1.36771481 5.25114926
v 9.46988369 -1.48609280 5.11208241
v 9.46985696 -1.47902033 5.15059623
v 9.46979335 -1.46222076 5.18596730
v 9.46982213 -1.46982445 5.03616015
v 9.46987186 -1.48295629 5.07305040
v 10.06973357 -1.44532154 5.00392568
v 10.06981776 -1.46755370 5.03616015
v 10.06986749 -1.48068554 5.07305040
v 10.06987941 -1.48382205 5.11208241
v 10.06985259 -1.47674958 5.15059623
v 10.06978907 -1.45995001 5.18596730
v 10.06969296 -1.43456831 5.21578499
v 10.06957096 -1.40233402 5.23801734
v 10.06943144 -1.36544406 5.25114926
v 10.06928355 -1.32641233 5.25428577
v 10.06913789 -1.28789869 5.24721322
v 10.06900397 -1.25252799 5.23041355
v 10.06889109 -1.22271049 5.20503166
v 10.06880709 -1.20047833 5.17279719
v 10.06875735 -1.18734649 5.13590694
v 10.06874543 -1.18420989 5.09687494
v 10.06877225 -1.19128245 5.05836102
v 10.06883577 -1.20808202 5.02299004
v 10.06893188 -1.23346373 4.99317235
v 10.06905389 -1.26569792 4.97094001
v 10.06919340 -1.30258798 4.95780808
v 10.06934111 -1.34161971 4.95467148
v 10.06948695 -1.38013325 4.96174403
v 10.06962088 -1.41550404 4.97854370
v 10.06950371 -1.38458823 4.82908365
v 10.06970339 -1.43734300 4.84424149
v 10.06988816 -1.48612698 4.86940014
v 10.06871079 -1.17504363 4.87398476
v 10.06889258 -1.22306514 4.84739942
v 10.06909039 -1.27535033 4.83069354
v 10.06929678 -1.32988998 4.82450909
v 10.06844014 -1.10352374 5.26345213
v 10.06833956 -1.07693867 5.21543034
v 10.06827623 -1.06023288 5.16314478
v 10.06825276 -1.05404844 5.10860466
v 10.06827009 -1.05862300 5.05390604
v 10.06832745 -1.07378074 5.00115090
v 10.06842282 -1.09893921 4.95236655
v 10.06855209 -1.13313151 4.90942783
v 10.06912094 -1.28344380 5.37987369
v 10.06892145 -1.23068904 5.36471586
v 10.06873668 -1.18190506 5.33955720
v 10.06857425 -1.13896652 5.30536463
v 10.06991406 -1.49298831 5.33497258
v 10.06973226 -1.44496690 5.36155793
v 10.06953445 -1.39268170 5.37826381
v 10.06932807 -1.33814206 5.38444816
v 10.07035457 -1.60940903 5.15505121
v 10.07029720 -1.59425139 5.20780635
v 10.07020202 -1.56909282 5.25659070
v 10.07007275 -1.53490053 5.29952952
v 10.07005059 -1.52906542 4.90359272
v 10.07018470 -1.56450830 4.94550521
v 10.07028528 -1.59109327 4.99352691
v 10.07034861 -1.60779915 5.04581247
v 10.07037189 -1.61398350 5.10035259
v 10.15339912 -1.32628930 5.17115033
v 10.15320857 -1.27591564 5.13855488
v 10.14110491 -1.27906724 5.13223306
v 10.14130086 -1.33082931 5.16572687
v 10.15317485 -1.26702645 5.09707014
v 10.15329835 -1.29962162 5.04669621
v 10.14120680 -1.30598926 5.04980198
v 10.14108014 -1.27249573 5.10156442
v 10.15345537 -1.34110608 5.03780692
v 10.15364592 -1.39147964 5.07040237
v 10.14151879 -1.38841978 5.07672419
v 10.14132303 -1.33665771 5.04323038
v 10.15367963 -1.40036893 5.11188711
v 10.15355614 -1.36777367 5.16226104
v 10.14141691 -1.36149776 5.15915527
v 10.14154375 -1.39499129 5.10739292
v 10.14151246 -1.38675113 5.08517939
v 10.14109895 -1.27748222 5.10859349
v 10.14138487 -1.35304266 5.15748662
v 10.14152475 -1.39000480 5.10036386
v 10.14132750 -1.33785828 5.16074029
v 10.14123884 -1.31444437 5.05147063
v 10.14129639 -1.32962874 5.04821696
v 10.14111125 -1.28073589 5.12377796
v 7.58173162 1.66948439 3.83613328
v 7.93010779 1.67080277 3.79590000
v 7.93178315 1.67080910 3.81825634
v 7.97014973 1.67095438 3.89792591
v 7.65751473 1.66977123 4.06313291
v 7.94496236 1.67085902 3.86098256
v 7.62012031 1.66962967 3.99188331
v 7.59463928 1.66953319 3.91555784
v 8.00510725 1.67108663 3.92580381
v 7.76388630 1.67017375 4.18320248
v 7.70585403 1.66995414 4.12746134
v 8.04672881 1.67124421 3.94213918
v 8.09131615 1.67141297 3.94548057
v 8.05997389 1.67129432 4.29549449
v 7.98009459 1.67099201 4.28579533
v 7.90280554 1.67069958 4.26340810
v 7.83010850 1.67042446 4.22891270
v 8.20404165 1.67183951 3.88039801
v 8.42646641 1.67268124 4.15650123
v 8.17362952 1.67172440 3.91317472
v 8.36413706 1.67244543 4.20739193
v 8.13490748 1.67157800 3.93553106
v 8.00510725 1.67108663 3.66599619
v 7.97014973 1.67095438 3.69387409
v 7.76388630 1.67017375 3.40859752
v 7.94496236 1.67085902 3.73081744
v 7.65751473 1.66977123 3.52866709
v 7.70585403 1.66995414 3.46433866
v 7.58011032 1.66947824 3.79590000
v 7.58173162 1.66948439 3.75566672
v 7.93178315 1.67080910 3.77354366
v 7.59463928 1.66953319 3.67624216
v 7.62012031 1.66962967 3.59991669
v 8.29445148 1.67218168 4.24762521
v 8.21921445 1.67189688 4.27615907
v 8.14037463 1.67159867 4.29225442
v 8.22344161 1.67191290 3.84011328
v 8.52283159 1.67304595 4.02826158
v 8.47982521 1.67288334 4.09627113
v 8.23010565 1.67193823 3.79590000
v 8.57362830 1.67323836 3.87610564
v 8.55437153 1.67316534 3.95423400
v 8.22344161 1.67191290 3.75168672
v 8.57362830 1.67323836 3.71569436
v 8.58010313 1.67326276 3.79590000
v 8.09131615 1.67141297 3.64631943
v 8.21921445 1.67189688 3.31564093
v 8.13490748 1.67157800 3.65626894
v 8.29445148 1.67218168 3.34417479
v 8.17362952 1.67172440 3.67862528
v 8.04672881 1.67124421 3.64966082
v 8.05997389 1.67129432 3.29630551
v 8.14037463 1.67159867 3.29954558
v 7.83010850 1.67042446 3.36288730
v 7.90280554 1.67069958 3.32839190
v 7.98009459 1.67099201 3.30600467
v 8.20404165 1.67183951 3.71140199
v 8.52283159 1.67304595 3.56353842
v 8.55437153 1.67316534 3.63756600
v 8.36413706 1.67244543 3.38440807
v 8.42646641 1.67268124 3.43529877
v 8.47982521 1.67288334 3.49552887
v 7.96984697 1.75095388 3.69387409
v 7.65721196 1.74977054 3.52866709
v 7.94465960 1.75085851 3.73081744
v 7.61981754 1.74962916 3.59991669
v 7.93148039 1.75080859 3.77354366
v 8.00480449 1.75108612 3.66599619
v 7.76358353 1.75017324 3.40859752
v 7.70555126 1.74995364 3.46433866
v 8.22980288 1.75193754 3.79590000
v 8.22313885 1.75191239 3.84011328
v 8.57332552 1.75323767 3.87610564
v 8.05967113 1.75129381 4.29549449
v 8.09101339 1.75141227 3.94548057
v 8.04642605 1.75124370 3.94213918
v 8.20373889 1.75183901 3.88039801
v 8.52252882 1.75304544 4.02826158
v 8.55406875 1.75316484 3.95423400
v 8.00480449 1.75108612 3.92580381
v 7.90250278 1.75069888 4.26340810
v 7.97979182 1.75099150 4.28579533
v 7.96984697 1.75095388 3.89792591
v 7.94465960 1.75085851 3.86098256
v 7.65721196 1.74977054 4.06313291
v 8.04642605 1.75124370 3.64966082
v 7.90250278 1.75069888 3.32839190
v 7.82980575 1.75042377 3.36288730
v 8.09101339 1.75141227 3.64631943
v 8.05967113 1.75129381 3.29630551
v 7.97979182 1.75099150 3.30600467
v 8.20373889 1.75183901 3.71140199
v 8.42616363 1.75268073 3.43529877
v 8.17332676 1.75172389 3.67862528
v 8.36383431 1.75244492 3.38440807
v 8.13460472 1.75157730 3.65626894
v 8.17332676 1.75172389 3.91317472
v 8.42616363 1.75268073 4.15650123
v 8.47952248 1.75288265 4.09627113
v 8.14007186 1.75159798 4.29225442
v 8.21891168 1.75189637 4.27615907
v 8.13460472 1.75157730 3.93553106
v 8.29414871 1.75218117 4.24762521
v 8.36383431 1.75244492 4.20739193
v 7.70555126 1.74995364 4.12746134
v 7.76358353 1.75017324 4.18320248
v 7.82980575 1.75042377 4.22891270
v 8.29414871 1.75218117 3.34417479
v 8.21891168 1.75189637 3.31564093
v 8.14007186 1.75159798 3.29954558
v 8.22313885 1.75191239 3.75168672
v 8.52252882 1.75304544 3.56353842
v 8.47952248 1.75288265 3.49552887
v 8.57980036 1.75326225 3.79590000
v 8.57332552 1.75323767 3.71569436
v 8.55406875 1.75316484 3.63756600
v 7.59433656 1.74953268 3.67624216
v 7.58142889 1.74948388 3.75566672
v 7.92980502 1.75080226 3.79590000
v 7.57980755 1.74947773 3.79590000
v 7.58142889 1.74948388 3.83613328
v 7.93148039 1.75080859 3.81825634
v 7.59433656 1.74953268 3.91555784
v 7.61981754 1.74962916 3.99188331
v 8.14573180 2.56583896 3.92908278
v 8.28764314 2.56637596 4.07520604
v 8.17910476 2.56596525 3.90552540
v 8.33537379 2.56655664 4.03169348
v 8.20488452 2.56606267 3.87383759
v 8.02649095 2.56538764 3.65456086
v 7.92071522 2.56498736 3.48259284
v 7.99022110 2.56525037 3.67335452
v 7.86580193 2.56477949 3.51659396
v 7.96036667 2.56513731 3.70123681
v 8.06648624 2.56553889 3.94555031
v 8.10901622 2.56570001 4.14440696
v 8.10724071 2.56569312 3.94276261
v 8.17250389 2.56594011 4.13253898
v 8.23272985 2.56616809 4.10920716
v 7.93914181 2.56505703 3.85566016
v 7.77914865 2.56445148 3.98015125
v 7.96036667 2.56513731 3.89056319
v 7.81807125 2.56459881 4.03169348
v 7.99022110 2.56525037 3.91844548
v 8.10724071 2.56569312 3.64903739
v 8.10901622 2.56570001 3.44739304
v 8.06648624 2.56553889 3.64624969
v 8.04442884 2.56545545 3.44739304
v 7.98094118 2.56521516 3.45926102
v 8.37429639 2.56670398 3.98015125
v 8.40308546 2.56681294 3.92233458
v 8.22115909 2.56612432 3.83636952
v 8.42076066 2.56687981 3.86021233
v 8.22672145 2.56614537 3.79590000
v 8.42672003 2.56690235 3.79590000
v 8.22115909 2.56612432 3.75543048
v 7.86580193 2.56477949 4.07520604
v 7.92071522 2.56498736 4.10920716
v 8.02649095 2.56538764 3.93723914
v 7.98094118 2.56521516 4.13253898
v 8.04442884 2.56545545 4.14440696
v 7.81807125 2.56459881 3.56010652
v 7.77914865 2.56445148 3.61164875
v 7.93914181 2.56505703 3.73613984
v 7.75035958 2.56434251 3.66946542
v 7.92812070 2.56501530 3.77547500
v 7.73268441 2.56427565 3.73158767
v 7.92672360 2.56501009 3.79590000
v 7.72672504 2.56425311 3.79590000
v 7.92812070 2.56501530 3.81632500
v 7.73268441 2.56427565 3.86021233
v 7.75035958 2.56434251 3.92233458
v 8.17910476 2.56596525 3.68627460
v 8.28764314 2.56637596 3.51659396
v 8.14573180 2.56583896 3.66271722
v 8.23272985 2.56616809 3.48259284
v 8.17250389 2.56594011 3.45926102
v 8.42076066 2.56687981 3.73158767
v 8.40308546 2.56681294 3.66946542
v 8.20488452 2.56606267 3.71796241
v 8.37429639 2.56670398 3.61164875
v 8.33537379 2.56655664 3.56010652
v 8.20791215 1.76606850 3.71796241
v 8.40611310 1.76681858 3.66946542
v 8.22418672 1.76612996 3.75543048
v 8.42378830 1.76688545 3.73158767
v 8.22974909 1.76615101 3.79590000
v 8.42974767 1.76690799 3.79590000
v 8.22418672 1.76612996 3.83636952
v 8.14875943 1.76584461 3.66271722
v 8.29067078 1.76638161 3.51659396
v 8.18213240 1.76597089 3.68627460
v 8.33840143 1.76656228 3.56010652
v 8.37732403 1.76670962 3.61164875
v 8.06951387 1.76554472 3.64624969
v 8.11204385 1.76570565 3.44739304
v 8.11026835 1.76569895 3.64903739
v 8.17553152 1.76594593 3.45926102
v 8.23575747 1.76617374 3.48259284
v 7.99324873 1.76525601 3.67335452
v 7.92374285 1.76499301 3.48259284
v 8.02951858 1.76539329 3.65456086
v 7.98396880 1.76522099 3.45926102
v 8.04745647 1.76546109 3.44739304
v 7.94216945 1.76506267 3.73613984
v 7.78217629 1.76445712 3.61164875
v 7.96339430 1.76514295 3.70123681
v 7.82109889 1.76460446 3.56010652
v 7.86882954 1.76478513 3.51659396
v 8.02951858 1.76539329 3.93723914
v 7.92374285 1.76499301 4.10920716
v 7.99324873 1.76525601 3.91844548
v 7.86882954 1.76478513 4.07520604
v 7.96339430 1.76514295 3.89056319
v 8.18213240 1.76597089 3.90552540
v 8.29067078 1.76638161 4.07520604
v 8.14875943 1.76584461 3.92908278
v 8.23575747 1.76617374 4.10920716
v 8.11026835 1.76569895 3.94276261
v 8.42378830 1.76688545 3.86021233
v 8.40611310 1.76681858 3.92233458
v 8.20791215 1.76606850 3.87383759
v 8.37732403 1.76670962 3.98015125
v 8.33840143 1.76656228 4.03169348
v 8.17553152 1.76594593 4.13253898
v 8.11204385 1.76570565 4.14440696
v 8.06951387 1.76554472 3.94555031
v 8.04745647 1.76546109 4.14440696
v 7.98396880 1.76522099 4.13253898
v 7.82109889 1.76460446 4.03169348
v 7.78217629 1.76445712 3.98015125
v 7.94216945 1.76506267 3.85566016
v 7.75338722 1.76434834 3.92233458
v 7.93114834 1.76502095 3.81632500
v 7.73571202 1.76428129 3.86021233
v 7.92975124 1.76501573 3.79590000
v 7.72975265 1.76425875 3.79590000
v 7.93114834 1.76502095 3.77547500
v 7.73571202 1.76428129 3.73158767
v 7.75338722 1.76434834 3.66946542
v 7.93717474 2.86463239 3.76685596
v 7.97592470 2.87429449 3.76658789
v 7.97155940 2.87219287 3.75113505
v 8.04486651 2.87455526 3.69668594
v 8.03805693 2.87244451 3.68906479
v 8.02098405 2.87237988 3.69669483
v 8.04463445 2.86503919 3.65789968
v 8.10463258 2.86526625 3.65748500
v 8.10486465 2.87478232 3.69627124
v 8.11158402 2.87272279 3.68855659
v 8.10511297 2.88116691 3.73569408
v 8.12876073 2.87278780 3.69594990
v 8.21400276 2.86568013 3.82494404
v 8.17518079 2.87504849 3.82521211
v 8.17956187 2.87298002 3.84066495
v 8.10623898 2.87478753 3.89511406
v 8.11306434 2.87272838 3.90273521
v 8.13013722 2.87279301 3.89510517
v 8.10654307 2.86527351 3.93390032
v 8.04654493 2.86504646 3.93431500
v 8.04624084 2.87456048 3.89552876
v 8.03953725 2.87245010 3.90324341
v 8.04594421 2.88094302 3.85610592
v 8.02236054 2.87238509 3.89585010
v 7.97633939 2.87429598 3.82658645
v 7.97218811 2.87219529 3.84209827
v 8.01573779 2.88082865 3.82631398
v 7.98120190 2.87222938 3.85848286
v 8.02351952 2.88167504 3.82728601
v 8.03076008 2.88221353 3.83022944
v 7.99278956 2.87227315 3.87316036
v 8.03700252 2.88241171 3.83495113
v 8.00663500 2.87232567 3.88573040
v 8.04181640 2.88225525 3.84113405
v 8.04487057 2.88175308 3.84836789
v 8.05326628 2.86539179 3.93445328
v 8.02101703 2.85498352 3.95862664
v 8.10504767 2.85530147 3.96500523
v 8.07654416 2.86596362 3.93457166
v 8.07681280 2.85519455 3.96754146
v 8.04854556 2.85508764 3.96539576
v 8.15939174 2.87290365 3.87200884
v 8.10985276 2.88251285 3.84066380
v 8.14572138 2.87285206 3.88476907
v 8.10691128 2.88199075 3.84790635
v 8.10594234 2.88117007 3.85569122
v 8.12799302 2.88206768 3.82655515
v 8.12075729 2.88255402 3.82960741
v 8.11457374 2.88270526 3.83442065
v 8.13573407 2.88128276 3.82548459
v 8.17077541 2.87294687 3.85717258
v 8.23328656 2.85578688 3.86376117
v 8.24230577 2.85582096 3.83688546
v 8.24677843 2.85583791 3.80889176
v 8.21426731 2.86636316 3.80662090
v 8.24658250 2.85583717 3.78054368
v 8.21358808 2.86567864 3.76494547
v 8.24172332 2.85581873 3.75261448
v 8.23233347 2.85578315 3.72586600
v 8.17476610 2.87504700 3.76521355
v 8.17893317 2.87297760 3.74970173
v 8.13531938 2.88128127 3.76548602
v 8.16991937 2.87294351 3.73331714
v 8.12753147 2.88206880 3.76451399
v 8.12028704 2.88255234 3.76157056
v 8.15833171 2.87289974 3.71863964
v 8.11404328 2.88270322 3.75684887
v 8.14448627 2.87284722 3.70606960
v 8.10923073 2.88251043 3.75066595
v 8.10618044 2.88198498 3.74343211
v 8.09790882 2.86556073 3.65734672
v 8.13023592 2.85539684 3.63317336
v 8.04620528 2.85507870 3.62679477
v 8.07462727 2.86595636 3.65722834
v 8.07444015 2.85518561 3.62425854
v 8.10270738 2.85529253 3.62640424
v 7.99172953 2.87226924 3.71979116
v 8.04119436 2.88225301 3.75113620
v 8.00539990 2.87232083 3.70703093
v 8.04413971 2.88175308 3.74389365
v 8.04511483 2.88093985 3.73610878
v 8.02305799 2.88167057 3.76524485
v 8.03028983 2.88221166 3.76219259
v 8.03647205 2.88240966 3.75737935
v 8.01532310 2.88082716 3.76631541
v 7.98034586 2.87222602 3.73462742
v 7.91796639 2.85459348 3.72803883
v 7.90894717 2.85455939 3.75491454
v 7.90447452 2.85454244 3.78290824
v 7.93690504 2.86531337 3.78517910
v 7.90467046 2.85454319 3.81125632
v 7.93758944 2.86463407 3.82685453
v 7.90952962 2.85456144 3.83918552
v 7.91891947 2.85459702 3.86593400
v 8.07729118 2.83082054 4.02340795
v 8.12382989 2.80000401 4.07175605
v 8.11471604 2.83096229 4.02004622
v 8.12636181 2.80001351 4.07130354
v 8.15107716 2.83109994 4.01057037
v 8.16857940 2.80017332 4.06009414
v 8.18851185 2.80024876 4.05222787
v 8.18538269 2.83122976 3.99523886
v 8.21079912 2.80033314 4.04122571
v 8.24458751 2.80046091 4.01933348
v 8.21669688 2.83134823 3.97446992
v 8.24933740 2.80047898 4.01566545
v 8.28314299 2.80060694 3.98411051
v 8.24416556 2.83145216 3.94883004
v 8.29156573 2.80063880 3.97439377
v 8.26703943 2.83153878 3.91901864
v 8.31129380 2.80071349 3.94742172
v 8.32691389 2.80077253 3.91983139
v 8.28469459 2.83160546 3.88584887
v 8.33302195 2.80079563 3.90659981
v 8.34773473 2.80085132 3.86275829
v 8.29664942 2.83165072 3.85022555
v 8.34872642 2.80085505 3.85858784
v 8.30257783 2.83167326 3.81312037
v 8.35503082 2.80087889 3.81709305
v 8.35582731 2.80088187 3.79396477
v 8.30231813 2.83167233 3.77554545
v 8.35471122 2.80087777 3.77084972
v 8.34783384 2.80085170 3.72944604
v 8.29587738 2.83164793 3.73852575
v 8.34678459 2.80084778 3.72528970
v 8.33146722 2.80078967 3.68165574
v 8.28343130 2.83160080 3.70307108
v 8.32517686 2.80076601 3.66850984
v 8.26531934 2.83153226 3.67014853
v 8.30917688 2.80070548 3.64113806
v 8.28907786 2.80062930 3.61444130
v 8.24203557 2.83144415 3.64065616
v 8.28052163 2.80059689 3.60484190
v 8.24628309 2.80046743 3.57375728
v 8.21421511 2.83133873 3.61539843
v 8.24148295 2.80044918 3.57015523
v 8.18261683 2.83121915 3.59506431
v 8.20739518 2.80032010 3.54873216
v 8.18495797 2.80023535 3.53803913
v 8.14810265 2.83108857 3.58020849
v 8.16491869 2.80015935 3.53044913
v 8.12255019 2.79999916 3.51982437
v 8.11161403 2.83095055 3.57123615
v 8.12001225 2.79998948 3.51940691
v 8.07390081 2.79981495 3.51590669
v 8.07414627 2.83080862 3.56839205
v 8.05762403 2.79975329 3.51649294
v 8.03672141 2.83066706 3.57175378
v 8.02784214 2.79964060 3.52004395
v 7.99367969 2.79951134 3.52822436
v 8.00036029 2.83052941 3.58122963
v 7.98309264 2.79947129 3.53170586
v 7.94087291 2.79931147 3.55057429
v 7.96605475 2.83039958 3.59656114
v 7.93416443 2.79928614 3.55438629
v 7.93474057 2.83028112 3.61733008
v 7.90233464 2.79916563 3.57613455
v 7.88228671 2.79908982 3.59356826
v 7.90727190 2.83017718 3.64296996
v 7.86852905 2.79903767 3.60768949
v 7.84037822 2.79893112 3.64437828
v 7.88439802 2.83009057 3.67278136
v 7.81865009 2.79884898 3.68520019
v 7.86674284 2.83002370 3.70595113
v 7.81206839 2.79882402 3.70195516
v 7.85478804 2.82997844 3.74157445
v 7.80393729 2.79879329 3.72904171
v 7.79751324 2.79876889 3.76531690
v 7.84885961 2.82995609 3.77867963
v 7.79664122 2.79876572 3.77470695
v 7.79696082 2.79876684 3.82095028
v 7.84911931 2.82995702 3.81625455
v 7.79796255 2.79877075 3.83032738
v 7.85556006 2.82998142 3.85327425
v 7.80488743 2.79879683 3.86651030
v 7.81339215 2.79882905 3.89348187
v 7.86800616 2.83002854 3.88872892
v 7.82020482 2.79885475 3.91014426
v 7.84249514 2.79893913 3.95066194
v 7.88611813 2.83009709 3.92165147
v 7.87115040 2.79904772 3.98695810
v 7.90940188 2.83018519 3.95114384
v 7.88510194 2.79910044 4.00088780
v 7.93722233 2.83029043 3.97640157
v 7.90538895 2.79917718 4.01804272
v 7.93751631 2.79929881 4.03934893
v 7.96882062 2.83041001 3.99673569
v 7.94427685 2.79932433 4.04306784
v 7.98675335 2.79948507 4.06135087
v 8.00333480 2.83054077 4.01159151
v 7.99738752 2.79952549 4.06468568
v 8.03982342 2.83067879 4.02056385
v 8.03165978 2.79965513 4.07239309
v 8.06148791 2.79976801 4.07553212
v 8.07777123 2.79982966 4.07589331
v 7.99497809 2.85488498 3.94741879
v 7.97113904 2.85479464 3.93207789
v 7.95015013 2.85471530 3.91302242
v 7.93258389 2.85464880 3.89077214
v 7.93128618 2.85464377 3.70301418
v 7.94854318 2.85470915 3.68052322
v 7.96926669 2.85478757 3.66117943
v 7.99289142 2.85487697 3.64551047
v 8.01877294 2.85497495 3.63394376
v 8.15627485 2.85549537 3.64438121
v 8.18011390 2.85558552 3.65972211
v 8.20110282 2.85566506 3.67877758
v 8.21866905 2.85573156 3.70102786
v 8.21996677 2.85573640 3.88878582
v 8.20270977 2.85567102 3.91127678
v 8.18198626 2.85559260 3.93062057
v 8.15836153 2.85550320 3.94628953
v 8.13248001 2.85540522 3.95785624
v 8.09982185 2.86556800 3.93413151
v 8.05135324 2.86538453 3.65766849
v 8.23095656 1.44615342 3.79486327
v 8.22393562 1.44612678 3.84126546
v 8.08096121 1.44558568 3.79590000
v 8.22329490 1.44612436 3.74856257
v 8.12632635 1.44575742 3.65292456
v 8.16828754 1.44591621 3.67394097
v 8.20170063 1.44604268 3.70689559
v 7.99195744 1.44524892 3.67515972
v 8.03362412 1.44540659 3.65356530
v 8.07992449 1.44558177 3.64590358
v 7.93096587 1.44501804 3.79693673
v 7.93798680 1.44504459 3.75053454
v 7.95900306 1.44512412 3.70857305
v 7.99363489 1.44525525 3.91785903
v 7.96022180 1.44512878 3.88490441
v 7.93862752 1.44504701 3.84323743
v 8.12829831 1.44576487 3.93823470
v 8.08199793 1.44558960 3.94589642
v 8.03559608 1.44541404 3.93887544
v 8.20291937 1.44604725 3.88322695
v 8.16996499 1.44592254 3.91664028
v 8.21939418 2.64611822 3.84126546
v 8.19837792 2.64603869 3.88322695
v 8.16542355 2.64591389 3.91664028
v 8.12375686 2.64575631 3.93823470
v 8.07745649 2.64558104 3.94589642
v 8.03105464 2.64540539 3.93887544
v 7.98909344 2.64524651 3.91785903
v 7.95568036 2.64512022 3.88490441
v 7.93408608 2.64503845 3.84323743
v 7.92642443 2.64500939 3.79693673
v 7.93344535 2.64503603 3.75053454
v 7.95446161 2.64511556 3.70857305
v 7.98741599 2.64524017 3.67515972
v 8.02908268 2.64539794 3.65356530
v 8.07538305 2.64557321 3.64590358
v 8.12178490 2.64574886 3.65292456
v 8.16374610 2.64590756 3.67394097
v 8.19715919 2.64603403 3.70689559
v 8.21875345 2.64611580 3.74856257
v 8.22641512 2.64614467 3.79486327
v 8.32576061 2.64652074 3.66850984
v 8.34841759 2.64660642 3.72944604
v 8.35641107 2.64663679 3.79396477
v 8.12313394 2.64575389 3.51982437
v 8.18554172 2.64599007 3.53803913
v 8.24206670 2.64620391 3.57015523
v 8.28966162 2.64638402 3.61444130
v 7.88287046 2.64484455 3.59356826
v 7.93474818 2.64504087 3.55438629
v 7.99426344 2.64526625 3.52822436
v 8.05820778 2.64550821 3.51649294
v 7.79809699 2.64452380 3.76531690
v 7.81265214 2.64457875 3.70195516
v 7.84142703 2.64468771 3.64365803
v 7.88568569 2.64485517 4.00088780
v 7.84355387 2.64469572 3.95137569
v 7.81397590 2.64458378 3.89348187
v 7.79854631 2.64452548 3.83032738
v 8.12694556 2.64576823 4.07130354
v 8.06207166 2.64552274 4.07553212
v 7.99797126 2.64528022 4.06468568
v 7.93810006 2.64505354 4.03934893
v 8.34931017 2.64660978 3.85858784
v 8.32749764 2.64652726 3.91983139
v 8.29214948 2.64639352 3.97439377
v 8.24517126 2.64621583 4.01933348
v 8.18909560 2.64600349 4.05222787
v 8.01631064 2.72946563 3.82631398
v 8.01589595 2.72946414 3.76631541
v 8.02293072 2.71737520 3.76544022
v 8.02335683 2.71737688 3.82709247
v 8.04568767 2.72957683 3.73610878
v 8.04495504 2.71745847 3.74310917
v 8.10660684 2.71769185 3.74268305
v 8.10568581 2.72980389 3.73569408
v 8.13589223 2.72991826 3.76548602
v 8.13630692 2.72991975 3.82548459
v 8.12936385 2.71777791 3.82635978
v 8.12893773 2.71777642 3.76470753
v 8.10651519 2.72980706 3.85569122
v 8.10733953 2.71769465 3.84869083
v 8.04568772 2.71746126 3.84911695
v 8.04651705 2.72958000 3.85610592
v 8.12138101 2.71774773 3.82960741
v 8.04181808 2.71744673 3.75113620
v 8.04244012 2.71744897 3.84113405
v 8.11047648 2.71770657 3.84066380
v 8.03138380 2.71740724 3.83022944
v 8.10985445 2.71770415 3.75066595
v 8.12091076 2.71774606 3.76157056
v 8.03091355 2.71740538 3.76219259
v 7.57834747 2.56369152 3.83613328
v 7.92839897 2.56501642 3.81825634
v 7.96676554 2.56516152 3.89792591
v 7.65413054 2.56397837 4.06313291
v 7.94157818 2.56506615 3.86098256
v 7.61673612 2.56383681 3.99188331
v 7.59125514 2.56374032 3.91555784
v 8.00172307 2.56529377 3.92580381
v 7.76050211 2.56438089 4.18320248
v 7.70246984 2.56416128 4.12746134
v 8.04334463 2.56545135 3.94213918
v 8.08793196 2.56562010 3.94548057
v 8.05658970 2.56550145 4.29549449
v 7.97671040 2.56519915 4.28579533
v 7.89942136 2.56490671 4.26340810
v 7.82672433 2.56463160 4.22891270
v 8.20065746 2.56604665 3.88039801
v 8.42308221 2.56688856 4.15650123
v 8.17024533 2.56593154 3.91317472
v 8.36075289 2.56665257 4.20739193
v 8.13152329 2.56578513 3.93553106
v 8.00172307 2.56529377 3.66599619
v 7.96676554 2.56516152 3.69387409
v 7.76050211 2.56438089 3.40859752
v 7.94157818 2.56506615 3.73081744
v 7.65413054 2.56397837 3.52866709
v 7.70246984 2.56416128 3.46433866
v 7.57672613 2.56368537 3.79590000
v 7.57834747 2.56369152 3.75566672
v 7.92839897 2.56501642 3.77354366
v 7.59125514 2.56374032 3.67624216
v 7.61673612 2.56383681 3.59991669
v 8.29106729 2.56638882 4.24762521
v 8.21583026 2.56610420 4.27615907
v 8.13699044 2.56580581 4.29225442
v 8.22005743 2.56612022 3.84011328
v 8.51944740 2.56725327 4.02826158
v 8.47644104 2.56709048 4.09627113
v 8.57024410 2.56744550 3.87610564
v 8.55098733 2.56737248 3.95423400
v 8.22005743 2.56612022 3.75168672
v 8.57024410 2.56744550 3.71569436
v 8.57671894 2.56746990 3.79590000
v 8.08793196 2.56562010 3.64631943
v 8.21583026 2.56610420 3.31564093
v 8.13152329 2.56578513 3.65626894
v 8.29106729 2.56638882 3.34417479
v 8.17024533 2.56593154 3.67862528
v 8.04334463 2.56545135 3.64966082
v 8.05658970 2.56550145 3.29630551
v 8.13699044 2.56580581 3.29954558
v 7.82672433 2.56463160 3.36288730
v 7.89942136 2.56490671 3.32839190
v 7.97671040 2.56519915 3.30600467
v 8.20065746 2.56604665 3.71140199
v 8.51944740 2.56725327 3.56353842
v 8.55098733 2.56737248 3.63756600
v 8.36075289 2.56665257 3.38440807
v 8.42308221 2.56688856 3.43529877
v 8.47644104 2.56709048 3.49552887
v 7.96646278 2.64516101 3.69387409
v 7.65382777 2.64397786 3.52866709
v 7.94127541 2.64506564 3.73081744
v 7.61643335 2.64383630 3.59991669
v 7.92809621 2.64501573 3.77354366
v 8.00142030 2.64529326 3.66599619
v 7.76019936 2.64438038 3.40859752
v 7.70216706 2.64416077 3.46433866
v 8.22641869 2.64614486 3.79590000
v 8.21975466 2.64611953 3.84011328
v 8.56994133 2.64744480 3.87610564
v 8.05628694 2.64550094 4.29549449
v 8.08762920 2.64561959 3.94548057
v 8.04304186 2.64545084 3.94213918
v 8.20035470 2.64604614 3.88039801
v 8.51914462 2.64725258 4.02826158
v 8.55068456 2.64737197 3.95423400
v 8.00142030 2.64529326 3.92580381
v 7.89911860 2.64490602 4.26340810
v 7.97640764 2.64519864 4.28579533
v 7.96646278 2.64516101 3.89792591
v 7.94127541 2.64506564 3.86098256
v 7.65382777 2.64397786 4.06313291
v 8.04304186 2.64545084 3.64966082
v 7.89911860 2.64490602 3.32839190
v 7.82642156 2.64463090 3.36288730
v 8.08762920 2.64561959 3.64631943
v 8.05628694 2.64550094 3.29630551
v 7.97640764 2.64519864 3.30600467
v 8.20035470 2.64604614 3.71140199
v 8.42277946 2.64688787 3.43529877
v 8.16994257 2.64593103 3.67862528
v 8.36045012 2.64665206 3.38440807
v 8.13122053 2.64578444 3.65626894
v 8.16994257 2.64593103 3.91317472
v 8.42277946 2.64688787 4.15650123
v 8.47613826 2.64708978 4.09627113
v 8.13668768 2.64580511 4.29225442
v 8.21552750 2.64610351 4.27615907
v 8.13122053 2.64578444 3.93553106
v 8.29076451 2.64638831 4.24762521
v 8.36045012 2.64665206 4.20739193
v 7.70216706 2.64416077 4.12746134
v 7.76019936 2.64438038 4.18320248
v 7.82642156 2.64463090 4.22891270
v 8.29076451 2.64638831 3.34417479
v 8.21552750 2.64610351 3.31564093
v 8.13668768 2.64580511 3.29954558
v 8.21975466 2.64611953 3.75168672
v 8.51914462 2.64725258 3.56353842
v 8.47613826 2.64708978 3.49552887
v 8.57641616 2.64746939 3.79590000
v 8.56994133 2.64744480 3.71569436
v 8.55068456 2.64737197 3.63756600
v 7.59095236 2.64373981 3.67624216
v 7.57804470 2.64369101 3.75566672
v 7.92642084 2.64500939 3.79590000
v 7.57642336 2.64368487 3.79590000
v 7.57804470 2.64369101 3.83613328
v 7.92809621 2.64501573 3.81825634
v 7.59095236 2.64373981 3.91555784
v 7.61643335 2.64383630 3.99188331
v 8.08114746 1.39637246 3.54590001
v 8.14548457 1.39661600 3.54590001
v 8.10421439 1.39645982 3.54696646
v 8.14956272 1.39663136 3.55544359
v 8.29765227 1.39719183 3.67090000
v 8.29370023 1.39717693 3.66429195
v 8.26548370 1.39707011 3.61518203
v 8.26589837 1.39707169 3.62747609
v 8.25695894 1.39703789 3.60205547
v 8.23180504 1.39694261 3.59639569
v 8.23774586 1.39696515 3.58064737
v 8.21499517 1.39687900 3.56407074
v 8.19258125 1.39679425 3.57210917
v 8.20165207 1.39682853 3.55733935
v 8.17465111 1.39672636 3.54881558
v 8.01273220 1.39611355 3.55544359
v 7.96971367 1.39595075 3.57210917
v 7.97303375 1.39596333 3.55265452
v 8.00118013 1.39606987 3.54671945
v 8.01681035 1.39612901 3.54590001
v 8.05808054 1.39628519 3.54696646
v 7.93048988 1.39580230 3.59639569
v 7.89639655 1.39567331 3.62747609
v 7.89681122 1.39567480 3.61518203
v 7.86859471 1.39556807 3.66429195
v 7.86464267 1.39555308 3.67090000
v 7.91391943 1.39573962 3.59138068
v 7.93480166 1.39581860 3.57225888
v 7.94730271 1.39586591 3.56406901
v 7.83540596 1.39544244 3.74996262
v 7.83247411 1.39543136 3.72661796
v 7.84803108 1.39549022 3.70558959
v 7.82041579 1.39538572 3.83846510
v 7.81429704 1.39536253 3.81081954
v 7.83540596 1.39544244 3.84183738
v 7.83114926 1.39542633 3.79590000
v 7.81345501 1.39535936 3.79589829
v 7.81643536 1.39537063 3.76790716
v 7.82536865 1.39540444 3.74056397
v 7.83247411 1.39543136 3.86518204
v 7.84803108 1.39549022 3.88621041
v 7.86464267 1.39555308 3.92090000
v 7.86859471 1.39556807 3.92750805
v 7.89681122 1.39567480 3.97661797
v 7.89639655 1.39567331 3.96432391
v 7.90533599 1.39570712 3.98974453
v 7.93048988 1.39580230 3.99540431
v 7.92454907 1.39577986 4.01115263
v 7.94729976 1.39586591 4.02772926
v 7.96971367 1.39595075 4.01969083
v 7.96064287 1.39591639 4.03446065
v 8.08114746 1.39637246 4.04589999
v 8.01681035 1.39612901 4.04589999
v 8.05808054 1.39628519 4.04483354
v 8.01273220 1.39611355 4.03635641
v 7.98764381 1.39601865 4.04298442
v 8.14956272 1.39663136 4.03635641
v 8.14548457 1.39661600 4.04589999
v 8.10421439 1.39645982 4.04483354
v 8.23180504 1.39694261 3.99540431
v 8.26589837 1.39707169 3.96432391
v 8.26548370 1.39707011 3.97661797
v 8.29370023 1.39717693 3.92750805
v 8.29765227 1.39719183 3.92090000
v 8.19258125 1.39679425 4.01969083
v 8.18926118 1.39678168 4.03914548
v 8.16111481 1.39667514 4.04508055
v 8.24837551 1.39700538 4.00041932
v 8.22749327 1.39692631 4.01954112
v 8.21499221 1.39687900 4.02773099
v 8.35514205 1.65069942 3.85966372
v 8.34776986 1.65233184 3.87242199
v 8.38647863 1.57252924 3.80590000
v 8.34617616 1.65237729 3.87518203
v 8.38676247 1.49752983 3.80590000
v 8.27376250 1.41881342 4.00213629
v 8.28113472 1.41718109 3.98937802
v 8.24242593 1.49698351 4.05590000
v 8.28272839 1.41713555 3.98661797
v 8.24214209 1.57198311 4.05590000
v 8.36409268 1.42410668 3.84564620
v 8.36839288 1.42845615 3.83816963
v 8.37115518 1.43205198 3.83336162
v 8.37611143 1.44061875 3.82472104
v 8.37706920 1.44268601 3.82304860
v 8.38609825 1.48097175 3.80715897
v 8.38282230 1.46010081 3.81296982
v 8.27039311 1.64923538 4.00646174
v 8.28183902 1.65213385 3.98661797
v 8.34706552 1.41737900 3.87518203
v 8.35851143 1.42027746 3.85533826
v 8.26481185 1.64540616 4.01615381
v 8.26051169 1.64105670 4.02363037
v 8.25774937 1.63746086 4.02843837
v 8.25279312 1.62889399 4.03707895
v 8.25183535 1.62682683 4.03875140
v 8.24280629 1.58854109 4.05464104
v 8.24608223 1.60941203 4.04883017
v 8.35846840 1.64912102 3.85391274
v 8.38575327 1.58838612 3.80705239
v 8.36325543 1.64577738 3.84564332
v 8.38496439 1.59543735 3.80837256
v 8.36833770 1.64056719 3.83687479
v 8.38081875 1.61524639 3.81542311
v 8.37637287 1.62729287 3.82304456
v 8.27043616 1.42039192 4.00788727
v 8.24315129 1.48112672 4.05474761
v 8.26564913 1.42373555 4.01615667
v 8.24394016 1.47407549 4.05342743
v 8.26056686 1.42894556 4.02492521
v 8.24808581 1.45426645 4.04637690
v 8.25253168 1.44221988 4.03875545
v 8.16244486 1.64997020 4.06590001
v 8.14770671 1.65157468 4.06590001
v 8.22482171 1.57191754 4.06590001
v 8.14451952 1.65161417 4.06590001
v 8.22510555 1.49691804 4.06590001
v 7.99880932 1.41777276 4.06590001
v 8.01354747 1.41616837 4.06590001
v 7.93643248 1.49582551 4.06590001
v 8.01673467 1.41612888 4.06590001
v 7.93614863 1.57082501 4.06590001
v 8.17948846 1.42340810 4.06590001
v 8.18810520 1.42777386 4.06590001
v 8.19364340 1.43138022 4.06590001
v 8.20358826 1.43996580 4.06590001
v 8.20551161 1.44203679 4.06590001
v 8.22371448 1.48035717 4.06590001
v 8.21708367 1.45947357 4.06590001
v 7.99294265 1.64818541 4.06590001
v 8.01584530 1.65112709 4.06590001
v 8.14540888 1.41661578 4.06590001
v 8.16831153 1.41955764 4.06590001
v 7.98176572 1.64433495 4.06590001
v 7.97314899 1.63996910 4.06590001
v 7.96761078 1.63636283 4.06590001
v 7.95766591 1.62777715 4.06590001
v 7.95574258 1.62570626 4.06590001
v 7.93753970 1.58738569 4.06590001
v 7.94417051 1.60826948 4.06590001
v 8.16909151 1.64840427 4.06590001
v 8.22343102 1.58777182 4.06590001
v 8.17865286 1.64507870 4.06590001
v 8.22187994 1.59482007 4.06590001
v 8.18879760 1.63988770 4.06590001
v 8.21366369 1.61461384 4.06590001
v 8.20481761 1.62664373 4.06590001
v 7.99216268 1.41933878 4.06590001
v 7.93782315 1.47997123 4.06590001
v 7.98260133 1.42266435 4.06590001
v 7.93937425 1.47292289 4.06590001
v 7.97245658 1.42785516 4.06590001
v 7.94759048 1.45312921 4.06590001
v 7.95643658 1.44109932 4.06590001
v 7.88749169 1.64892954 4.00213629
v 7.88011945 1.65056196 3.98937802
v 7.91882825 1.57075944 4.05590000
v 7.87852577 1.65060741 3.98661797
v 7.91911209 1.49575994 4.05590000
v 7.80611214 1.41704353 3.85966372
v 7.81348432 1.41541121 3.87242199
v 7.77477555 1.49521372 3.80590000
v 7.81507803 1.41536566 3.87518203
v 7.77449171 1.57021313 3.80590000
v 7.89644233 1.42233689 4.01615381
v 7.90074250 1.42668626 4.02363037
v 7.90350481 1.43028219 4.02843837
v 7.90846107 1.43884887 4.03707895
v 7.90941883 1.44091622 4.03875140
v 7.91844789 1.47920196 4.05464104
v 7.91517196 1.45833093 4.04883017
v 7.80274275 1.64746550 3.85533826
v 7.81418866 1.65036396 3.87518203
v 7.87941514 1.41560911 3.98661797
v 7.89086107 1.41850757 4.00646174
v 7.79716150 1.64363627 3.84564620
v 7.79286130 1.63928681 3.83816963
v 7.79009900 1.63569097 3.83336162
v 7.78514276 1.62712430 3.82472104
v 7.78418499 1.62505695 3.82304860
v 7.77515593 1.58677121 3.80715897
v 7.77843186 1.60764214 3.81296982
v 7.89081802 1.64735113 4.00788727
v 7.91810290 1.58661623 4.05474761
v 7.89560505 1.64400750 4.01615667
v 7.91731401 1.59366746 4.05342743
v 7.90068733 1.63879749 4.02492521
v 7.91316838 1.61347651 4.04637690
v 7.90872250 1.62552317 4.03875545
v 7.80278578 1.41862203 3.85391274
v 7.77550092 1.47935693 3.80705239
v 7.79799876 1.42196567 3.84564332
v 7.77628979 1.47230570 3.80837256
v 7.79291648 1.42717577 3.83687479
v 7.78043544 1.45249656 3.81542311
v 7.78488131 1.44045009 3.82304456
v 7.80523572 1.64861829 3.73213628
v 7.81259535 1.65030640 3.71937801
v 7.77449171 1.57021313 3.78590000
v 7.81418866 1.65036396 3.71661797
v 7.77477555 1.49521372 3.78590000
v 7.88836808 1.41735488 3.58966371
v 7.88100845 1.41566676 3.60242198
v 7.91911209 1.49575994 3.53590000
v 7.87941514 1.41560911 3.60518203
v 7.91882825 1.57075944 3.53590000
v 7.79800041 1.42196427 3.74615380
v 7.79366743 1.42628104 3.75363037
v 7.79087798 1.42985593 3.75843838
v 7.78585706 1.43838488 3.76707896
v 7.78488364 1.44044488 3.76875140
v 7.77556508 1.47866114 3.78464103
v 7.77899889 1.45781553 3.77883018
v 7.88999331 1.64779575 3.58533826
v 7.87852577 1.65060741 3.60518203
v 7.81507803 1.41536566 3.71661797
v 7.80361051 1.41817733 3.73646174
v 7.89560340 1.64400880 3.57564619
v 7.89993637 1.63969212 3.56816963
v 7.90272581 1.63611715 3.56336163
v 7.90774677 1.62758828 3.55472105
v 7.90872015 1.62552820 3.55304860
v 7.91803874 1.58731193 3.53715896
v 7.91460492 1.60815754 3.54296983
v 7.80192142 1.64701474 3.73788726
v 7.77509702 1.58607495 3.78474761
v 7.79715985 1.64363478 3.74615668
v 7.77583251 1.59313195 3.78342744
v 7.79211713 1.63838659 3.75492521
v 7.77982812 1.61297192 3.77637689
v 7.78418266 1.62505173 3.76875544
v 7.89168239 1.41895852 3.58391273
v 7.91850678 1.47989812 3.53705239
v 7.89644398 1.42233829 3.57564333
v 7.91777129 1.47284112 3.53837257
v 7.90148667 1.42758657 3.56687479
v 7.91377571 1.45300125 3.54542310
v 7.90942114 1.44092134 3.55304455
v 7.99793291 1.64934751 3.52589999
v 8.01265850 1.65106357 3.52589999
v 7.93614863 1.57082501 3.52589999
v 8.01584530 1.65112709 3.52589999
v 7.93643248 1.49582551 3.52589999
v 8.16332128 1.41839544 3.52589999
v 8.14859568 1.41667948 3.52589999
v 8.22510555 1.49691804 3.52589999
v 8.14540888 1.41661578 3.52589999
v 8.22482171 1.57191754 3.52589999
v 7.98260465 1.42266295 3.52589999
v 7.97395512 1.42696333 3.52589999
v 7.96838978 1.43052769 3.52589999
v 7.95838021 1.43903783 3.52589999
v 7.95644125 1.44109410 3.52589999
v 7.93794886 1.47927572 3.52589999
v 7.94473754 1.45844278 3.52589999
v 8.16744378 1.64884572 3.52589999
v 8.14451952 1.65161417 3.52589999
v 8.01673467 1.41612888 3.52589999
v 7.99381041 1.41889715 3.52589999
v 8.17864953 1.64508001 3.52589999
v 8.18729907 1.64077953 3.52589999
v 8.19286441 1.63721536 3.52589999
v 8.20287397 1.62870512 3.52589999
v 8.20481293 1.62664876 3.52589999
v 8.22330533 1.58846733 3.52589999
v 8.21651664 1.60930027 3.52589999
v 7.99129831 1.64773130 3.52589999
v 7.93741927 1.58668925 3.52589999
v 7.98176240 1.64433346 3.52589999
v 7.93891697 1.59374923 3.52589999
v 7.97165724 1.63906609 3.52589999
v 7.94698315 1.61360447 3.52589999
v 7.95573793 1.62570105 3.52589999
v 8.16995587 1.42001166 3.52589999
v 8.22383490 1.48105371 3.52589999
v 8.17949177 1.42340950 3.52589999
v 8.22233722 1.47399372 3.52589999
v 8.18959694 1.42867696 3.52589999
v 8.21427102 1.45413848 3.52589999
v 8.20551624 1.44204200 3.52589999
v 8.27288609 1.65038817 3.58966371
v 8.28024575 1.65207629 3.60242198
v 8.24214209 1.57198311 3.53590000
v 8.28183902 1.65213385 3.60518203
v 8.24242593 1.49698351 3.53590000
v 8.35601847 1.41912467 3.73213628
v 8.34865883 1.41743665 3.71937801
v 8.38676247 1.49752983 3.78590000
v 8.34706552 1.41737900 3.71661797
v 8.38647863 1.57252924 3.78590000
v 8.26565078 1.42373416 3.57564619
v 8.26131782 1.42805093 3.56816963
v 8.25852837 1.43162581 3.56336163
v 8.25350742 1.44015477 3.55472105
v 8.25253402 1.44221476 3.55304860
v 8.24321544 1.48043103 3.53715896
v 8.24664926 1.45958542 3.54296983
v 8.35764367 1.64956563 3.73646174
v 8.34617616 1.65237729 3.71661797
v 8.28272839 1.41713555 3.60518203
v 8.27126087 1.41994721 3.58533826
v 8.36325375 1.64577869 3.74615380
v 8.36758673 1.64146201 3.75363037
v 8.37037618 1.63788703 3.75843838
v 8.37539712 1.62935817 3.76707896
v 8.37637052 1.62729808 3.76875140
v 8.38568910 1.58908182 3.78464103
v 8.38225529 1.60992742 3.77883018
v 8.26957179 1.64878444 3.58391273
v 8.24274740 1.58784483 3.53705239
v 8.26481021 1.64540467 3.57564333
v 8.24348290 1.59490184 3.53837257
v 8.25976751 1.64015629 3.56687479
v 8.24747847 1.61474180 3.54542310
v 8.25183304 1.62682162 3.55304455
v 8.35933277 1.42072831 3.73788726
v 8.38615716 1.48166801 3.78474761
v 8.36409434 1.42410817 3.74615668
v 8.38542167 1.47461100 3.78342744
v 8.36913705 1.42935646 3.75492521
v 8.38142606 1.45477104 3.77637689
v 8.37707150 1.44269123 3.76875544
v 8.31426385 1.39725470 3.70558959
v 8.32982083 1.39731356 3.72661796
v 8.32688898 1.39730248 3.84183738
v 8.32982083 1.39731356 3.86518204
v 8.31426385 1.39725470 3.88621041
v 8.32688898 1.39730248 3.74996262
v 8.34187915 1.39735919 3.75333490
v 8.34799787 1.39738238 3.78098046
v 8.33114566 1.39731859 3.79590000
v 8.34883993 1.39738555 3.79590171
v 8.34585958 1.39737428 3.82389284
v 8.33692628 1.39734047 3.85123603
v 7.94625900 1.67086405 3.56407074
v 8.01044973 1.67110694 3.68613737
v 7.95960212 1.67091452 3.55733935
v 8.03993479 1.67121851 3.67226266
v 7.93376091 1.67081674 4.01954112
v 8.01044973 1.67110694 3.90566263
v 7.91287868 1.67073757 4.00041932
v 7.98534148 1.67101194 3.88489113
v 7.89577047 1.67067294 3.97661797
v 7.83143336 1.67042931 3.86518204
v 7.92350832 1.67077781 3.58064737
v 7.90429524 1.67070516 3.60205547
v 7.98534148 1.67101194 3.70690887
v 7.89577047 1.67067294 3.61518203
v 7.96618766 1.67093930 3.73327202
v 7.83143336 1.67042931 3.72661796
v 7.95419181 1.67089404 3.76357032
v 7.81937503 1.67038367 3.75333490
v 7.95010765 1.67087858 3.79590000
v 7.81325631 1.67036057 3.78098046
v 7.81241426 1.67035741 3.79590171
v 7.96618766 1.67093930 3.85852798
v 7.95419181 1.67089404 3.82822968
v 7.82432790 1.67040248 3.85123603
v 7.81539461 1.67036877 3.82389284
v 8.21395147 1.67187714 3.56406901
v 8.18822044 1.67177972 3.55265452
v 8.13545763 1.67158005 3.67827248
v 8.16007406 1.67167318 3.54671945
v 8.10446611 1.67146270 3.66820266
v 8.14444382 1.67161395 3.54590001
v 8.07194401 1.67133958 3.66615652
v 8.01576961 1.67112705 3.54590001
v 7.98660307 1.67101660 3.54881558
v 8.20061131 1.67182648 4.03446065
v 8.13545763 1.67158005 3.91352752
v 8.17361037 1.67172440 4.04298442
v 8.10446611 1.67146270 3.92359734
v 7.94626196 1.67086405 4.02773099
v 7.97199301 1.67096128 4.03914548
v 8.03993479 1.67121851 3.91953734
v 8.00013938 1.67106782 4.04508055
v 8.07194401 1.67133958 3.92564348
v 8.01576961 1.67112705 4.04589999
v 8.14444382 1.67161395 4.04589999
v 8.34779917 1.67238359 3.79589829
v 8.34481882 1.67237242 3.76790716
v 8.20908071 1.67185870 3.77960668
v 8.33588553 1.67233852 3.74056397
v 8.20097680 1.67182797 3.74804381
v 8.32878008 1.67231169 3.72661796
v 8.18527817 1.67176855 3.71948792
v 8.26444296 1.67206806 3.61518203
v 8.16297124 1.67168417 3.69573328
v 8.24733475 1.67200343 3.59138068
v 8.22645252 1.67192445 3.57225888
v 8.21395443 1.67187714 4.02772926
v 8.23670511 1.67196319 4.01115263
v 8.16297124 1.67168417 3.89606672
v 8.25591819 1.67203584 3.98974453
v 8.18527817 1.67176855 3.87231208
v 8.26444296 1.67206806 3.97661797
v 8.20097680 1.67182797 3.84375619
v 8.32878008 1.67231169 3.86518204
v 8.20908071 1.67185870 3.81219332
v 8.34083840 1.67235733 3.83846510
v 8.34695712 1.67238043 3.81081954
v 7.92841764 1.62560028 3.53287336
v 7.91716629 1.62555893 3.54137448
v 7.91826526 1.63916276 3.54377894
v 7.91449564 1.64978468 3.55247316
v 7.92041726 1.64590497 3.54476382
v 7.91166477 1.64300633 3.55207011
v 7.91140721 1.64219552 3.55206024
v 7.91876828 1.65663865 3.55353694
v 7.92477550 1.65323281 3.54564657
v 7.92809895 1.65113584 3.54201672
v 7.92979370 1.63797644 3.53533741
v 7.93065117 1.64357630 3.53685903
v 7.93163308 1.64877922 3.53859359
v 7.93352059 1.65620969 3.54191113
v 7.93056778 1.65934508 3.54635945
v 7.93628930 1.66309272 3.54675147
v 7.93883129 1.65937600 3.54158777
v 7.94114414 1.65329371 3.53619481
v 7.93635102 1.65116639 3.53725170
v 7.95096124 1.65675823 3.53494777
v 7.94970826 1.66265258 3.54036259
v 7.94955359 1.66330282 3.54111794
v 7.94213683 1.66549385 3.54684981
v 7.94864205 1.66670103 3.54602797
v 7.94683206 1.67059229 3.55881980
v 7.92404922 1.66255870 3.55517752
v 7.92940550 1.66659282 3.55707769
v 7.93995386 1.66822505 3.55313226
v 7.93774437 1.66992397 3.56037879
v 7.94141383 1.67056956 3.56193524
v 8.23226047 1.65228640 3.54201443
v 8.23556833 1.65440795 3.54564392
v 8.23998176 1.64711253 3.54476070
v 8.24155035 1.65785794 3.55353352
v 8.24338628 1.62679088 3.54137066
v 8.24902020 1.64346938 3.55205651
v 8.24218460 1.64038633 3.54377554
v 8.24875641 1.64427851 3.55206639
v 8.24587460 1.65103582 3.55246956
v 8.22874387 1.64990370 3.53859173
v 8.22976491 1.64470841 3.53685703
v 8.23066452 1.63911507 3.53533529
v 8.23213381 1.62674972 3.53287101
v 8.21914602 1.62670185 3.52737754
v 8.21758746 1.64029543 3.52957611
v 8.20815317 1.65089612 3.53069346
v 8.21779779 1.64703038 3.53195431
v 8.20709958 1.64412429 3.52801812
v 8.20698087 1.64331403 3.52778748
v 8.20935528 1.65773836 3.53494800
v 8.21919859 1.65434723 3.53619402
v 8.22400783 1.65225566 3.53725037
v 7.93727411 1.40356143 3.54674995
v 7.94097743 1.39845704 3.55313075
v 7.93444004 1.40117166 3.55187106
v 7.93878048 1.39674173 3.56037644
v 7.93251032 1.41783926 3.53859173
v 7.93724635 1.41548729 3.53725037
v 7.93445366 1.41042332 3.54190947
v 7.92899371 1.41545665 3.54201443
v 7.93152421 1.40726614 3.54635735
v 7.92568585 1.41333501 3.54564392
v 7.93324270 1.39855911 3.55814832
v 7.92265110 1.40636229 3.55440773
v 7.94205559 1.41339582 3.53619402
v 7.95189889 1.41000460 3.53494800
v 7.93978835 1.40729696 3.54158672
v 7.95069038 1.40409992 3.54036108
v 7.94966541 1.40008229 3.54596303
v 7.94836103 1.39677777 3.55484613
v 7.94787541 1.39614410 3.55880429
v 7.91970383 1.40988502 3.55353352
v 7.92127241 1.42063043 3.54476070
v 7.91786790 1.44095207 3.54137066
v 7.91223397 1.42427367 3.55205651
v 7.91906958 1.42735663 3.54377554
v 7.91249778 1.42346444 3.55206639
v 7.91537958 1.41670723 3.55246956
v 7.93148927 1.42303464 3.53685703
v 7.93058966 1.42862798 3.53533529
v 7.92912036 1.44099333 3.53287101
v 7.77656158 1.62502547 3.79590235
v 7.77829803 1.62503348 3.80989693
v 7.78090410 1.63864289 3.81010284
v 7.78652852 1.64930039 3.81767969
v 7.78282027 1.64538418 3.80870951
v 7.78477684 1.64252614 3.81995198
v 7.78464106 1.64171570 3.82017276
v 7.78957315 1.65614971 3.81448894
v 7.78575005 1.65270680 3.80535255
v 7.78427223 1.65059139 3.80066633
v 7.77936013 1.63740703 3.79590212
v 7.78109600 1.64301042 3.79590200
v 7.78307932 1.64821708 3.79590186
v 7.78688205 1.65565480 3.79590166
v 7.78925203 1.65881031 3.80067273
v 7.79244521 1.66254845 3.79590151
v 7.79419833 1.66271497 3.78159692
v 7.78957106 1.65614747 3.77731424
v 7.78574896 1.65270549 3.78645090
v 7.78427167 1.65059083 3.79113726
v 7.80815390 1.67006758 3.79278086
v 7.79798830 1.66613088 3.78483022
v 7.79544966 1.66493879 3.79087875
v 7.78925143 1.65880975 3.79113042
v 7.79362324 1.66206510 3.81071644
v 7.79793936 1.66609530 3.80701466
v 7.79979372 1.66769457 3.79590150
v 7.80496140 1.66942143 3.80143267
v 7.80814282 1.67006534 3.79903095
v 8.37609056 1.65283066 3.80066274
v 8.37459733 1.65493415 3.80534910
v 8.37758273 1.64763332 3.80870571
v 8.37074929 1.65834688 3.81448576
v 8.38225932 1.62731652 3.80989245
v 8.37579063 1.64394901 3.82016913
v 8.37955008 1.64090619 3.81009878
v 8.37564861 1.64475889 3.81994827
v 8.37384575 1.65152010 3.81767630
v 8.37730086 1.65046585 3.79589814
v 8.37932351 1.64527447 3.79589800
v 8.38110178 1.63968430 3.79589788
v 8.38399393 1.62732434 3.79589765
v 8.38225750 1.62731913 3.78190307
v 8.37954847 1.64090843 3.78169716
v 8.37384356 1.65152308 3.77412031
v 8.37758133 1.64763519 3.78309049
v 8.37564644 1.64476224 3.77184802
v 8.37578837 1.64395292 3.77162724
v 8.37074715 1.65834912 3.77731106
v 8.37459623 1.65493526 3.78644745
v 8.37609001 1.65283122 3.79113367
v 8.22496489 1.40465024 3.54675147
v 8.22130032 1.39951791 3.55313226
v 8.21911736 1.40224910 3.54684981
v 8.21393018 1.39778304 3.55484690
v 8.22962110 1.41896374 3.53859359
v 8.23315524 1.41660721 3.54201672
v 8.22773359 1.41153327 3.54191113
v 8.22490316 1.41657657 3.53725170
v 8.22242289 1.40836705 3.54158777
v 8.22011004 1.41444934 3.53619481
v 8.21308740 1.39961821 3.54894296
v 8.21101618 1.40745361 3.53792572
v 8.23647869 1.41451006 3.54564657
v 8.24248590 1.41110430 3.55353694
v 8.23068640 1.40839788 3.54635945
v 8.23720497 1.40518426 3.55517752
v 8.23184869 1.40115024 3.55707769
v 8.22350981 1.39781908 3.56037879
v 8.21984035 1.39717339 3.56193524
v 8.21029295 1.41098472 3.53494777
v 8.21865434 1.42175584 3.53195499
v 8.21984946 1.44209490 3.52737819
v 8.20780988 1.42539228 3.52778739
v 8.21839336 1.42848940 3.52957676
v 8.20793473 1.42458250 3.52801812
v 8.20903929 1.41781858 3.53069325
v 8.23060302 1.42416666 3.53685903
v 8.23146049 1.42976661 3.53533741
v 8.23283654 1.44214277 3.53287336
v 7.78516362 1.41491230 3.80066274
v 7.78665686 1.41280890 3.80534910
v 7.78367143 1.42010963 3.80870571
v 7.79050489 1.40939607 3.81448576
v 7.77899487 1.44042653 3.80989245
v 7.78546355 1.42379395 3.82016913
v 7.78170408 1.42683676 3.81009878
v 7.78560558 1.42298416 3.81994827
v 7.78740841 1.41622295 3.81767630
v 7.78395332 1.41727711 3.79589814
v 7.78193067 1.42246858 3.79589800
v 7.78015241 1.42805857 3.79589788
v 7.77726023 1.44041861 3.79589765
v 7.77899668 1.44042383 3.78190307
v 7.78170571 1.42683453 3.78169716
v 7.78741062 1.41621978 3.77412031
v 7.78367285 1.42010786 3.78309049
v 7.78560772 1.42298072 3.77184802
v 7.78546581 1.42379003 3.77162724
v 7.79050701 1.40939374 3.77731106
v 7.78665795 1.41280769 3.78644745
v 7.78516418 1.41491174 3.79113367
v 7.92842171 1.62560028 4.05892899
v 7.94140950 1.62565076 4.06442246
v 7.94286512 1.63925589 4.06222389
v 7.95221890 1.64992754 4.06110654
v 7.94260382 1.64598898 4.05984569
v 7.95332372 1.64316391 4.06378188
v 7.95344856 1.64235459 4.06401252
v 7.95096503 1.65676047 4.05685200
v 7.94114768 1.65329483 4.05560598
v 7.93635441 1.65116695 4.05454963
v 7.92979738 1.63797644 4.05646471
v 7.93065462 1.64357630 4.05494297
v 7.93163631 1.64877922 4.05320827
v 7.93352347 1.65620969 4.04989053
v 7.93883434 1.65937637 4.05021328
v 7.93629191 1.66309272 4.04505005
v 7.92478012 1.66320913 4.03637899
v 7.91876998 1.65663642 4.03826648
v 7.92477794 1.65323169 4.04615608
v 7.92810177 1.65113528 4.04978557
v 7.94142958 1.67057198 4.02986106
v 7.92946877 1.66662839 4.03470224
v 7.93343982 1.66546107 4.03992894
v 7.93057021 1.65934470 4.04544265
v 7.94971186 1.66265593 4.05143892
v 7.94865651 1.66666564 4.04583697
v 7.93995646 1.66822505 4.03866925
v 7.94732716 1.66996010 4.03695387
v 7.94683675 1.67059024 4.03299571
v 8.22401122 1.65225510 4.05454830
v 8.21920213 1.65434592 4.05560519
v 8.21780178 1.64702871 4.05984501
v 8.20935910 1.65773612 4.05685223
v 8.21915081 1.62669924 4.06442181
v 8.20698514 1.64331031 4.06401261
v 8.21759178 1.64029338 4.06222324
v 8.20710388 1.64412093 4.06378188
v 8.20815721 1.65089295 4.06110675
v 8.22874709 1.64990370 4.05320641
v 8.22976837 1.64470841 4.05494097
v 8.23066820 1.63911507 4.05646259
v 8.23213787 1.62674972 4.05892664
v 8.24338923 1.62679349 4.05042552
v 8.24218732 1.64038856 4.04802106
v 8.24587643 1.65103880 4.03932684
v 8.23998435 1.64711439 4.04703618
v 8.24875852 1.64428205 4.03972989
v 8.24902222 1.64347329 4.03973976
v 8.24155203 1.65786018 4.03826306
v 8.23557077 1.65440907 4.04615343
v 8.23226330 1.65228696 4.04978328
v 8.37437213 1.41208825 3.79590166
v 8.37200215 1.40893265 3.80067273
v 8.36880897 1.40519460 3.79590151
v 8.36705585 1.40502808 3.78159692
v 8.37168313 1.41159558 3.77731424
v 8.37550523 1.41503747 3.78645090
v 8.37550413 1.41503625 3.80535255
v 8.37698196 1.41715147 3.80066633
v 8.37817486 1.41952597 3.79590186
v 8.37698252 1.41715213 3.79113726
v 8.35310028 1.39767547 3.79278086
v 8.36326586 1.40161217 3.78483022
v 8.36580450 1.40280417 3.79087875
v 8.37200276 1.40893311 3.79113042
v 8.37168103 1.41159325 3.81448894
v 8.36763094 1.40567786 3.81071644
v 8.36331482 1.40164775 3.80701466
v 8.36146046 1.40004839 3.79590150
v 8.35629279 1.39832162 3.80143267
v 8.35311137 1.39767771 3.79903095
v 8.37843531 1.42236055 3.78309429
v 8.38295797 1.44271218 3.78190755
v 8.37661534 1.42603117 3.77163087
v 8.38035167 1.42910239 3.78170122
v 8.37647946 1.42522036 3.77185173
v 8.37472785 1.41844564 3.77412370
v 8.38015819 1.42473263 3.79590200
v 8.38189405 1.43033593 3.79590212
v 8.38469261 1.44271749 3.79590235
v 7.93724296 1.41548785 4.05454830
v 7.94205206 1.41339703 4.05560519
v 7.94345240 1.42071434 4.05984501
v 7.95189509 1.41000683 4.05685223
v 7.94210337 1.44104381 4.06442181
v 7.95426903 1.42443274 4.06401261
v 7.94366241 1.42744967 4.06222324
v 7.95415031 1.42362202 4.06378188
v 7.95309697 1.41685001 4.06110675
v 7.93250709 1.41783926 4.05320641
v 7.93148582 1.42303464 4.05494097
v 7.93058598 1.42862788 4.05646259
v 7.92911630 1.44099333 4.05892664
v 7.91786496 1.44094947 4.05042552
v 7.91906686 1.42735439 4.04802106
v 7.91537775 1.41670416 4.03932684
v 7.92126984 1.42062866 4.04703618
v 7.91249566 1.42346091 4.03972989
v 7.91223197 1.42426976 4.03973976
v 7.91970214 1.40988278 4.03826306
v 7.92568341 1.41333389 4.04615343
v 7.92899089 1.41545609 4.04978328
v 8.22773072 1.41153327 4.04989053
v 8.22241984 1.40836659 4.05021328
v 8.22496228 1.40465015 4.04505005
v 8.23647406 1.40453392 4.03637899
v 8.24248420 1.41110654 4.03826648
v 8.23647623 1.41451127 4.04615608
v 8.22010650 1.41444812 4.05560598
v 8.22489977 1.41657592 4.05454963
v 8.22961788 1.41896374 4.05320827
v 8.23315241 1.41660777 4.04978557
v 8.21982459 1.39717107 4.02986106
v 8.23178541 1.40111457 4.03470224
v 8.22781436 1.40228198 4.03992894
v 8.23068397 1.40839835 4.04544265
v 8.21028915 1.41098249 4.05685200
v 8.21154233 1.40508712 4.05143892
v 8.21259768 1.40107741 4.04583697
v 8.22129771 1.39951791 4.03866925
v 8.21392702 1.39778285 4.03695387
v 8.21441744 1.39715281 4.03299571
v 8.24083433 1.42183985 4.04703930
v 8.24408493 1.44218664 4.05042934
v 8.24984493 1.42555135 4.03974349
v 8.24298619 1.42858243 4.04802446
v 8.24958726 1.42474017 4.03973361
v 8.24675668 1.41796135 4.03933044
v 8.23059956 1.42416666 4.05494297
v 8.23145681 1.42976661 4.05646471
v 8.23283248 1.44214277 4.05892899
v 8.19495350 1.41898646 4.06411136
v 8.18007788 1.41434065 4.06439848
v 8.18078468 1.40523958 4.05920494
v 8.16395233 1.39837331 4.05277227
v 8.18143161 1.39885266 4.05084569
v 8.16350541 1.41091171 4.06452177
v 8.20903528 1.41781551 4.06110654
v 8.20793046 1.42457905 4.06378188
v 8.20780563 1.42538837 4.06401252
v 8.19843558 1.39747226 4.04198986
v 8.19641771 1.40756006 4.05786495
v 8.19711751 1.40292711 4.05325137
v 8.19778560 1.39949118 4.04791319
v 8.14543508 1.40969354 4.06466382
v 8.16373945 1.40345023 4.06000036
v 8.14546240 1.40247374 4.06004213
v 8.14547989 1.39785214 4.05282235
v 8.01680568 1.39736515 4.05282235
v 8.01676087 1.40920655 4.06466382
v 8.01678819 1.40198684 4.06004213
v 8.21984468 1.44209229 4.06442246
v 8.21838906 1.42848716 4.06222389
v 8.21865037 1.42175407 4.05984569
v 7.96579246 1.40668853 4.05786500
v 7.95119860 1.40647032 4.05387428
v 7.98084530 1.39809373 4.05084564
v 7.99832868 1.39774662 4.05277232
v 7.99868017 1.41028837 4.06452184
v 7.98208089 1.41359261 4.06439855
v 7.98144343 1.40448595 4.05920505
v 7.96716964 1.41812666 4.06411138
v 7.99850285 1.40282513 4.06000047
v 7.98114023 1.40078860 4.05528395
v 7.96448620 1.39860856 4.04791296
v 7.94918674 1.39861946 4.04285704
v 7.96385176 1.39658461 4.04198930
v 7.94835788 1.39677795 4.03695310
v 8.25031632 1.40776533 4.02674835
v 8.25639278 1.41922125 4.02864138
v 8.25178022 1.39911911 4.01023078
v 8.26219125 1.39874519 3.99605431
v 8.27251857 1.41132475 4.00158357
v 8.26410578 1.41466000 4.01588638
v 8.23561643 1.39761307 4.02052429
v 8.24105982 1.39965528 4.02293004
v 8.25930660 1.40553751 4.01387155
v 8.27147391 1.39832898 3.98007914
v 8.26852843 1.40384707 3.99950090
v 8.27770890 1.40297432 3.98368903
v 8.28168405 1.41020921 3.98599988
v 8.25576627 1.40182796 4.01218567
v 8.23161686 1.49694263 4.06481038
v 8.22916874 1.48107252 4.06520582
v 8.22696239 1.46651846 4.06501516
v 8.22380630 1.45346272 4.06472619
v 8.23370664 1.45347948 4.06051571
v 8.24090263 1.46657304 4.05696746
v 8.23988265 1.48111406 4.05902040
v 8.23822663 1.49696768 4.06099420
v 8.23445086 1.46652833 4.06188924
v 8.23495422 1.48108761 4.06285549
v 8.24230381 1.45353508 4.05404790
v 7.93727151 1.40356143 4.04504853
v 7.93324335 1.39855678 4.03364793
v 7.93877801 1.39674024 4.03142119
v 7.93445079 1.41042332 4.04988887
v 7.93978530 1.40729743 4.05021223
v 7.94313705 1.40120462 4.04495019
v 7.94097482 1.39845704 4.03866774
v 7.92502897 1.40400483 4.03662172
v 7.93152179 1.40726567 4.04544055
v 7.92245804 1.40657081 4.03744813
v 8.34602116 1.41045266 3.87456395
v 8.34204602 1.40321777 3.87225310
v 8.33581103 1.39857243 3.86864320
v 8.23133301 1.57194213 4.06481038
v 8.23794278 1.57196709 4.06099420
v 7.92331140 1.49577587 4.06099420
v 7.92177487 1.47990911 4.05901977
v 7.92086435 1.46536008 4.05696599
v 7.91956122 1.45231132 4.05404550
v 7.92815782 1.45232315 4.06051419
v 7.93480393 1.46541466 4.06501485
v 7.93248851 1.47995074 4.06520566
v 7.92992117 1.49580083 4.06481038
v 7.92731573 1.46536595 4.06188824
v 7.92670306 1.47992103 4.06285500
v 7.93805758 1.45238369 4.06472580
v 7.91624968 1.40186409 4.02502945
v 7.91189556 1.40648327 4.02674539
v 7.90292288 1.40418802 4.01386927
v 7.88966791 1.40987533 4.00158208
v 7.89371469 1.40242829 3.99949962
v 7.89081167 1.39688832 3.98007914
v 7.90009037 1.39737475 3.99605331
v 7.91049771 1.39782728 4.01022897
v 7.90573231 1.41789188 4.02863802
v 7.89805454 1.41327335 4.01588379
v 7.92667173 1.39644380 4.02052229
v 7.92121320 1.39844446 4.02292767
v 7.88051189 1.40869087 3.98599988
v 7.88454170 1.40148635 3.98368903
v 8.37028470 1.41964993 3.83137335
v 8.36310423 1.41503337 3.84441471
v 8.35897714 1.40591395 3.84123566
v 8.34500304 1.39905858 3.85261898
v 8.35207343 1.39949844 3.83651672
v 8.35493113 1.41163618 3.85883967
v 8.37472566 1.41844257 3.81767969
v 8.37647734 1.42521691 3.81995198
v 8.37661313 1.42602726 3.82017276
v 8.35290883 1.39805685 3.81736756
v 8.36562892 1.40820044 3.82701957
v 8.36199216 1.40355109 3.82412191
v 8.35770973 1.40009635 3.82088552
v 8.35114663 1.40415943 3.85640073
v 8.24038983 1.60238297 4.05696599
v 8.22319661 1.61535927 4.06472580
v 8.22645025 1.60232839 4.06501485
v 8.22876567 1.58779231 4.06520566
v 8.23455113 1.58782192 4.06285500
v 8.24169296 1.61543173 4.05404550
v 8.23393846 1.60237701 4.06188824
v 8.23309637 1.61541981 4.06051419
v 8.23947931 1.58783385 4.05901977
v 8.18040888 1.66964923 4.05084564
v 8.16292550 1.66999643 4.05277232
v 8.16257401 1.65745449 4.06452184
v 8.17917329 1.65415035 4.06439855
v 8.17981076 1.66325700 4.05920505
v 8.19408453 1.64961629 4.06411138
v 8.19546173 1.66105443 4.05786500
v 8.21005559 1.66127273 4.05387428
v 8.14444850 1.67037790 4.05282235
v 8.16275133 1.66491774 4.06000047
v 8.14446600 1.66575611 4.06004213
v 8.14449332 1.65853650 4.06466382
v 8.18011394 1.66695435 4.05528395
v 8.19676799 1.66913439 4.04791296
v 8.19740243 1.67115834 4.04198930
v 8.21289631 1.67096500 4.03695310
v 8.21206744 1.66912359 4.04285704
v 8.01581910 1.65804942 4.06466382
v 8.01579178 1.66526922 4.06004213
v 8.01577429 1.66989081 4.05282235
v 7.92302756 1.57077528 4.06099420
v 7.92963733 1.57080033 4.06481038
v 7.82647455 1.39664487 3.86864320
v 7.81617478 1.40844743 3.87456395
v 7.82020456 1.40124281 3.87225310
v 8.38295616 1.44270957 3.80989693
v 8.38035008 1.42910016 3.81010284
v 8.37843391 1.42235878 3.80870951
v 8.22398268 1.66418162 4.04504853
v 8.22801083 1.66918618 4.03364793
v 8.22247617 1.67100281 4.03142119
v 8.22680340 1.65731964 4.04988887
v 8.22146889 1.66044553 4.05021223
v 8.21811714 1.66653843 4.04495019
v 8.22027937 1.66928601 4.03866774
v 8.23622520 1.66373813 4.03662172
v 8.22973238 1.66047738 4.04544055
v 8.23879614 1.66117215 4.03744813
v 7.97982258 1.66889039 4.05084569
v 7.96281859 1.67027079 4.04198986
v 7.98082617 1.65810195 4.06229844
v 7.96630068 1.64875650 4.06411136
v 7.96346859 1.66825187 4.04791319
v 7.96413667 1.66481585 4.05325137
v 7.98117629 1.65340231 4.06439848
v 7.99774878 1.65683125 4.06452177
v 7.99751473 1.66429282 4.06000036
v 7.98046950 1.66250338 4.05920494
v 7.96483648 1.66018289 4.05786495
v 7.99730185 1.66936965 4.05277227
v 7.93429180 1.60122459 4.06501516
v 7.91716926 1.62555632 4.05042934
v 7.91895038 1.61420797 4.05404790
v 7.92035154 1.60116983 4.05696746
v 7.92137154 1.58662890 4.05902040
v 7.92629996 1.58665535 4.06285549
v 7.93744789 1.61428024 4.06472619
v 7.92680332 1.60121472 4.06188924
v 7.92754754 1.61426348 4.06051571
v 7.93208545 1.58667044 4.06520582
v 7.79658289 1.40604815 3.82701666
v 7.79274233 1.40587064 3.81238202
v 7.81020458 1.39744795 3.83651486
v 7.81727851 1.39706136 3.85261800
v 7.80725524 1.40956399 3.85883826
v 7.79905600 1.41289999 3.84441216
v 7.80325216 1.40381149 3.84123350
v 7.79184036 1.41746319 3.83137001
v 7.81109630 1.40211592 3.85639956
v 7.80650327 1.40012764 3.83899828
v 7.80456370 1.39800339 3.82088290
v 7.80129238 1.39805973 3.80510537
v 7.80938029 1.39599993 3.81736501
v 7.80599433 1.39623918 3.80142955
v 8.36563065 1.40820174 3.76478334
v 8.37028663 1.41965235 3.76042999
v 8.35207446 1.39949863 3.75528514
v 8.34500365 1.39905858 3.73918200
v 8.35493199 1.41163665 3.73296174
v 8.36310576 1.41503467 3.74738784
v 8.35290967 1.39805703 3.77443499
v 8.35771096 1.40009682 3.77091710
v 8.35897851 1.40591470 3.75056650
v 8.33581103 1.39857243 3.72315680
v 8.35114744 1.40415980 3.73540044
v 8.34204602 1.40321777 3.71954690
v 8.34602116 1.41045266 3.71723605
v 8.35575537 1.40220635 3.75280172
v 8.38907448 1.49753858 3.79971618
v 8.38822288 1.48167443 3.80208605
v 8.38698213 1.46712410 3.80394915
v 8.38517853 1.45407348 3.80658069
v 8.38648235 1.45405774 3.79590151
v 8.38698280 1.46712596 3.78785259
v 8.38822316 1.48167546 3.78971475
v 8.38907448 1.49753858 3.79208382
v 8.38801929 1.46710948 3.79590100
v 8.38908021 1.48167089 3.79590049
v 8.38517967 1.45407581 3.78522212
v 8.24500450 1.66587886 4.02502945
v 8.26119700 1.65916310 4.01512155
v 8.25552187 1.64985117 4.02863802
v 8.25075648 1.66991577 4.01022897
v 8.23458244 1.67129916 4.02052229
v 8.24004098 1.66929849 4.02292767
v 8.26319965 1.65446960 4.01588379
v 8.27158626 1.65786763 4.00158208
v 8.28074228 1.65905208 3.98599988
v 8.26753949 1.66531467 3.99949962
v 8.27671249 1.66625661 3.98368903
v 8.27044252 1.67085473 3.98007914
v 8.25833130 1.66355503 4.01386927
v 8.24935862 1.66125969 4.02674539
v 8.26116380 1.67036821 3.99605331
v 7.92041985 1.64590311 4.04703930
v 7.91140925 1.64219160 4.03974349
v 7.91826800 1.63916052 4.04802446
v 7.91166691 1.64300279 4.03973361
v 7.91449749 1.64978170 4.03933044
v 7.79342743 1.40301698 3.79589849
v 7.80129592 1.39805741 3.78669333
v 7.80599516 1.39623769 3.79036712
v 7.78781223 1.40986835 3.79589834
v 7.79020543 1.40673128 3.80066958
v 7.79644990 1.40064946 3.80092125
v 7.80081466 1.39792656 3.79589850
v 7.79460302 1.40351114 3.78108426
v 7.79020603 1.40673081 3.79112727
v 7.79259702 1.40607935 3.77927940
v 8.28168405 1.41020921 3.60580012
v 8.27770890 1.40297432 3.60811097
v 8.27147391 1.39832898 3.61172086
v 8.38879064 1.57253799 3.79971618
v 8.38879064 1.57253799 3.79208382
v 8.34507941 1.65929553 3.87456395
v 8.34104960 1.66650024 3.87225310
v 8.33477963 1.67109818 3.86864320
v 7.91093786 1.65997763 4.02674835
v 7.90947396 1.66862384 4.01023078
v 7.89906294 1.66899786 3.99605431
v 7.89714841 1.65308305 4.01588638
v 7.90194758 1.66220554 4.01387155
v 7.92563774 1.67012998 4.02052429
v 7.92019437 1.66808777 4.02293004
v 7.90548791 1.66591500 4.01218567
v 7.90486140 1.64852180 4.02864138
v 7.88978027 1.66941398 3.98007914
v 7.89272575 1.66389589 3.99950090
v 7.88354528 1.66476873 3.98368903
v 7.87957014 1.65753384 3.98599988
v 7.88873563 1.65641830 4.00158357
v 7.77246355 1.49520497 3.79208382
v 7.77343517 1.47934771 3.78971395
v 7.77478603 1.46480716 3.78785085
v 7.77668838 1.45177060 3.78521931
v 7.77538471 1.45174499 3.79589849
v 7.77478536 1.46480902 3.80394741
v 7.77343489 1.47934883 3.80208525
v 7.77246355 1.49520497 3.79971618
v 7.77374903 1.46478481 3.79589900
v 7.77257791 1.47933775 3.79589951
v 7.77668721 1.45177293 3.80657788
v 7.80025649 1.40142516 3.76767809
v 7.79658462 1.40604685 3.76478043
v 7.80325354 1.40381084 3.75056434
v 7.80725613 1.40956343 3.73296033
v 7.81109711 1.40211564 3.73539927
v 7.82647455 1.39664487 3.72315680
v 7.81727911 1.39706136 3.73918102
v 7.81020560 1.39744767 3.75528328
v 7.79184234 1.41746086 3.76042665
v 7.79905753 1.41289868 3.74738529
v 7.80938113 1.39599983 3.77443244
v 7.80456493 1.39800302 3.77091448
v 7.81617478 1.40844743 3.71723605
v 7.82020456 1.40124281 3.71954690
v 8.19642108 1.40756137 3.53393500
v 8.18143373 1.39885285 3.54095436
v 8.16395348 1.39837340 3.53902768
v 8.16350707 1.41091217 3.52727816
v 8.18008086 1.41434195 3.52740145
v 8.18078724 1.40524032 3.53259495
v 8.19495736 1.41898879 3.52768862
v 8.14547989 1.39785214 3.53897765
v 8.16374087 1.40345051 3.53179953
v 8.14546240 1.40247374 3.53175787
v 8.14543508 1.40969354 3.52713618
v 8.18111840 1.40154540 3.53651605
v 8.19778846 1.39949155 3.54388704
v 8.19843821 1.39747235 3.54981070
v 8.25639471 1.41921892 3.56316198
v 8.26410723 1.41465870 3.57591621
v 8.25930779 1.40553676 3.57793073
v 8.26219178 1.39874509 3.59574669
v 8.25178133 1.39911883 3.58157103
v 8.27251933 1.41132428 3.59021792
v 8.24675853 1.41795828 3.55247316
v 8.24958940 1.42473672 3.55207011
v 8.24984697 1.42554753 3.55206024
v 8.23561823 1.39761298 3.57127771
v 8.25031799 1.40776412 3.56505461
v 8.24599896 1.40311207 3.56677055
v 8.24106147 1.39965490 3.56887233
v 8.26852904 1.40384679 3.59230038
v 8.38646813 1.60293580 3.78785085
v 8.38456697 1.61597003 3.80657788
v 8.38646883 1.60293394 3.80394741
v 8.38781929 1.58839413 3.80208525
v 8.38867627 1.58840530 3.79589951
v 8.38456581 1.61597245 3.78521931
v 8.38750516 1.60295815 3.79589900
v 8.38586947 1.61599797 3.79589849
v 8.38781899 1.58839525 3.78971395
v 8.35104961 1.67029501 3.83651486
v 8.34397567 1.67068151 3.85261800
v 8.35399894 1.65817906 3.85883826
v 8.36219819 1.65484306 3.84441216
v 8.35800202 1.66393147 3.84123350
v 8.36941382 1.65027977 3.83137001
v 8.36467129 1.66169480 3.82701666
v 8.36851186 1.66187231 3.81238202
v 8.35015789 1.66562703 3.85639956
v 8.35475089 1.66761522 3.83899828
v 8.35669049 1.66973957 3.82088290
v 8.35187390 1.67174303 3.81736501
v 8.35525984 1.67150387 3.80142955
v 8.35996180 1.66968332 3.80510537
v 7.81523302 1.65729039 3.87456395
v 7.81920816 1.66452528 3.87225310
v 7.82544316 1.66917053 3.86864320
v 7.77217970 1.57020437 3.79208382
v 7.77217970 1.57020437 3.79971618
v 7.89081167 1.39688832 3.61172086
v 7.88051189 1.40869087 3.60580012
v 7.88454170 1.40148635 3.60811097
v 8.01676087 1.40920655 3.52713618
v 8.01678819 1.40198684 3.53175787
v 8.01680568 1.39736515 3.53897765
v 8.24408789 1.44218403 3.54137448
v 8.24298892 1.42858029 3.54377894
v 8.24083692 1.42183808 3.54476382
v 8.36782675 1.66472607 3.79589849
v 8.35995824 1.66968555 3.78669333
v 8.35525902 1.67150536 3.79036712
v 8.37344193 1.65787470 3.79589834
v 8.37104876 1.66101159 3.80066958
v 8.36480429 1.66709349 3.80092125
v 8.36043950 1.66981650 3.79589850
v 8.36665117 1.66423173 3.78108426
v 8.37104815 1.66101214 3.79112727
v 8.36865717 1.66166370 3.77927940
v 7.80918075 1.66824461 3.83651672
v 7.80834536 1.66968611 3.81736756
v 7.79978466 1.65741687 3.84307688
v 7.79096949 1.64809302 3.83137335
v 7.80354446 1.66764651 3.82088552
v 7.79926203 1.66419187 3.82412191
v 7.79814996 1.65270959 3.84441471
v 7.80632306 1.65610687 3.85883967
v 7.81010756 1.66358353 3.85640073
v 7.80227704 1.66182910 3.84123566
v 7.79562526 1.65954252 3.82701957
v 7.81625114 1.66868438 3.85261898
v 7.77427206 1.60061886 3.80394915
v 7.77829621 1.62503068 3.78190755
v 7.77607449 1.61366724 3.78522212
v 7.77427138 1.60061699 3.78785259
v 7.77303102 1.58606750 3.78971475
v 7.77217398 1.58607216 3.79590049
v 7.77607566 1.61366948 3.80658069
v 7.77323489 1.60063357 3.79590100
v 7.77477183 1.61368531 3.79590151
v 7.77303128 1.58606862 3.80208605
v 7.91189722 1.40648457 3.56505165
v 7.91049881 1.39782746 3.58156922
v 7.90009091 1.39737484 3.59574569
v 7.88966868 1.40987589 3.59021643
v 7.89805597 1.41327466 3.57591362
v 7.90292406 1.40418877 3.57792845
v 7.90573422 1.41789420 3.56315862
v 7.89371530 1.40242857 3.59229910
v 7.90649237 1.40050613 3.57961433
v 7.92121485 1.39844484 3.56886996
v 7.92667352 1.39644389 3.57127571
v 7.96717352 1.41812433 3.52768864
v 7.98208387 1.41359131 3.52740152
v 7.98144599 1.40448521 3.53259506
v 7.99832982 1.39774653 3.53902773
v 7.98084742 1.39809354 3.54095431
v 7.99868183 1.41028791 3.52727823
v 7.95310101 1.41684693 3.53069346
v 7.95415460 1.42361858 3.52801812
v 7.95427331 1.42442892 3.52778748
v 7.96385439 1.39658452 3.54981014
v 7.96579585 1.40668732 3.53393505
v 7.96513113 1.40204915 3.53854863
v 7.96448907 1.39860819 3.54388681
v 7.99850427 1.40282485 3.53179964
v 8.23822663 1.49696768 3.53080580
v 8.23988321 1.48111303 3.53278023
v 8.24090382 1.46657127 3.53483401
v 8.24230568 1.45353275 3.53775450
v 8.23370925 1.45347948 3.53128581
v 8.22696423 1.46652033 3.52678515
v 8.22916955 1.48107354 3.52659434
v 8.23161686 1.49694263 3.52698962
v 8.23445258 1.46652833 3.52991176
v 8.23495507 1.48108761 3.52894500
v 8.22380930 1.45346514 3.52707420
v 8.36099769 1.66631789 3.76767809
v 8.36052635 1.65953898 3.74872312
v 8.36941184 1.65028219 3.76042665
v 8.35104858 1.67029538 3.75528328
v 8.35187306 1.67174303 3.77443244
v 8.35668925 1.66973994 3.77091448
v 8.36219665 1.65484437 3.74738529
v 8.35399806 1.65817962 3.73296033
v 8.34507941 1.65929553 3.71723605
v 8.35015707 1.66562741 3.73539927
v 8.34104960 1.66650024 3.71954690
v 8.33477963 1.67109818 3.72315680
v 8.35800065 1.66393221 3.75056434
v 8.36466957 1.66169611 3.76478043
v 8.34397507 1.67068169 3.73918102
v 7.78281888 1.64538250 3.78309429
v 7.78463884 1.64171179 3.77163087
v 7.78090252 1.63864066 3.78170122
v 7.78477472 1.64252260 3.77185173
v 7.78652633 1.64929741 3.77412370
v 7.94210817 1.44104120 3.52737754
v 7.94366672 1.42744743 3.52957611
v 7.94345639 1.42071257 3.53195431
v 8.23794278 1.57196709 3.53080580
v 8.23133301 1.57194213 3.52698962
v 8.28074228 1.65905208 3.60580012
v 8.27671249 1.66625661 3.60811097
v 8.27044252 1.67085473 3.61172086
v 7.79562354 1.65954121 3.76478334
v 7.80917973 1.66824442 3.75528514
v 7.81625054 1.66868438 3.73918200
v 7.79814842 1.65270829 3.74738784
v 7.80227567 1.66182836 3.75056650
v 7.80834452 1.66968592 3.77443499
v 7.80354322 1.66764614 3.77091710
v 7.80549882 1.66553670 3.75280172
v 7.79096755 1.64809060 3.76042999
v 7.82544316 1.66917053 3.72315680
v 7.81010674 1.66358315 3.73540044
v 7.81920816 1.66452528 3.71954690
v 7.81523302 1.65729039 3.71723605
v 7.80632217 1.65610631 3.73296174
v 7.92992117 1.49580083 3.52698962
v 7.93248934 1.47994972 3.52659418
v 7.93480578 1.46541280 3.52678484
v 7.93806061 1.45238127 3.52707381
v 7.92816042 1.45232315 3.53128429
v 7.92086551 1.46536185 3.53483254
v 7.92177542 1.47991023 3.53277960
v 7.92331140 1.49577587 3.53080580
v 7.92731745 1.46536595 3.52991076
v 7.92670391 1.47992103 3.52894451
v 7.91956307 1.45231365 3.53775210
v 8.22644839 1.60233025 3.52678484
v 8.24169110 1.61542931 3.53775210
v 8.24038866 1.60238110 3.53483254
v 8.23947876 1.58783273 3.53277960
v 8.23455028 1.58782192 3.52894451
v 8.22319358 1.61536169 3.52707381
v 8.23393673 1.60237701 3.52991076
v 8.23309376 1.61541981 3.53128429
v 8.22876484 1.58779324 3.52659418
v 8.25075537 1.66991559 3.58156922
v 8.26116326 1.67036821 3.59574569
v 8.27158551 1.65786707 3.59021643
v 8.26319820 1.65446830 3.57591362
v 8.25833012 1.66355428 3.57792845
v 8.25551995 1.64984875 3.56315862
v 8.24935697 1.66125839 3.56505165
v 8.23860308 1.66138076 3.55440773
v 8.26753889 1.66531448 3.59229910
v 8.25476181 1.66723692 3.57961433
v 8.24003933 1.66929812 3.56886996
v 8.23458065 1.67129916 3.57127571
v 8.22247370 1.67100132 3.56037644
v 8.22801149 1.66918394 3.55814832
v 7.87957014 1.65753384 3.60580012
v 7.88354528 1.66476873 3.60811097
v 7.88978027 1.66941398 3.61172086
v 7.92963733 1.57080033 3.52698962
v 7.92302756 1.57077528 3.53080580
v 8.22398007 1.66418162 3.54674995
v 8.21206452 1.66912583 3.54894538
v 8.21289301 1.67096649 3.55484592
v 8.22680052 1.65731964 3.54190947
v 8.22972997 1.66047682 3.54635735
v 8.22681413 1.66657139 3.55187106
v 8.22027676 1.66928601 3.55313075
v 8.21056379 1.66364108 3.54036255
v 8.22146582 1.66044609 3.54158672
v 8.21000861 1.66106318 3.53773128
v 7.90947286 1.66862422 3.58157103
v 7.92563595 1.67012998 3.57127771
v 7.89911402 1.65779275 3.57667845
v 7.90485947 1.64852404 3.56316198
v 7.92019272 1.66808796 3.56887233
v 7.91525523 1.66463089 3.56677055
v 7.89714695 1.65308435 3.57591621
v 7.88873486 1.65641867 3.59021792
v 7.89272515 1.66389626 3.59230038
v 7.90194640 1.66220629 3.57793073
v 7.91093618 1.65997893 3.56505461
v 7.89906240 1.66899786 3.59574669
v 7.92035037 1.60117169 3.53483401
v 7.94140473 1.62564796 3.52737819
v 7.93744488 1.61427782 3.52707420
v 7.93428996 1.60122272 3.52678515
v 7.93208462 1.58666951 3.52659434
v 7.92629911 1.58665535 3.52894500
v 7.91894850 1.61421020 3.53775450
v 7.92680160 1.60121472 3.52991176
v 7.92754494 1.61426348 3.53128581
v 7.92137098 1.58663002 3.53278023
v 8.19612306 1.66569390 3.53854863
v 8.17948484 1.65885390 3.52950156
v 8.19408066 1.64961853 3.52768864
v 8.18040676 1.66964942 3.54095431
v 8.19739980 1.67115853 3.54981014
v 8.19676511 1.66913477 3.54388681
v 8.17917030 1.65415165 3.52740152
v 8.16257234 1.65745505 3.52727823
v 8.14449332 1.65853650 3.52713618
v 8.16274991 1.66491811 3.53179964
v 8.14446600 1.66575611 3.53175787
v 8.14444850 1.67037790 3.53897765
v 8.17980819 1.66325775 3.53259506
v 8.19545833 1.66105573 3.53393505
v 8.16292435 1.66999643 3.53902773
v 7.94259984 1.64598712 3.53195499
v 7.95344431 1.64235067 3.52778739
v 7.94286083 1.63925365 3.52957676
v 7.95331945 1.64316055 3.52801812
v 7.95221488 1.64992438 3.53069325
v 8.01581910 1.65804942 3.52713618
v 8.01579178 1.66526922 3.53175787
v 8.01577429 1.66989081 3.53897765
v 7.97982046 1.66889020 3.54095436
v 7.99730070 1.66936965 3.53902768
v 7.98117332 1.65340100 3.52740145
v 7.96483310 1.66018159 3.53393500
v 7.98046695 1.66250263 3.53259495
v 7.96281596 1.67027061 3.54981070
v 7.96346571 1.66825150 3.54388704
v 7.98013578 1.66619756 3.53651605
v 7.96629682 1.64875426 3.52768862
v 7.99751332 1.66429245 3.53179953
v 7.99774711 1.65683069 3.52727816
v 7.83353402 1.33043491 3.76326845
v 7.83991372 1.33045903 3.73119524
v 7.83565194 1.33044292 3.74996262
v 7.85042523 1.33049880 3.70022914
v 7.84827707 1.33049070 3.70558959
v 7.88305654 1.33062229 3.64370964
v 7.86884069 1.33056856 3.66429195
v 7.86488865 1.33055356 3.67090000
v 7.93073588 1.33080278 3.59639569
v 7.92920419 1.33079701 3.59756166
v 7.90461803 1.33070388 3.61912331
v 7.89664255 1.33067370 3.62747609
v 7.95639435 1.33089983 3.57939365
v 7.96995967 1.33095124 3.57210917
v 7.98572328 1.33101084 3.56493012
v 8.01297820 1.33111403 3.55544359
v 8.01668917 1.33112810 3.55441853
v 8.04876214 1.33124945 3.54803879
v 8.14980872 1.33163185 3.55544359
v 8.14609775 1.33161778 3.55441853
v 8.11402478 1.33149643 3.54803879
v 8.10446038 1.33146020 3.54696646
v 8.08139346 1.33137294 3.54590001
v 8.05832654 1.33128568 3.54696646
v 8.17706363 1.33173504 3.56493012
v 8.19282725 1.33179464 3.57210917
v 8.20639257 1.33184605 3.57939365
v 8.23205104 1.33194310 3.59639569
v 8.23358273 1.33194887 3.59756166
v 8.25816889 1.33204200 3.61912331
v 8.27973038 1.33212359 3.64370964
v 8.26614437 1.33207218 3.62747609
v 8.31236170 1.33224708 3.70022914
v 8.29789826 1.33219232 3.67090000
v 8.29394621 1.33217732 3.66429195
v 8.32287319 1.33228685 3.73119524
v 8.31450984 1.33225518 3.70558959
v 8.32925289 1.33231097 3.76326845
v 8.32713496 1.33230296 3.74996262
v 8.32925289 1.33231097 3.82853155
v 8.33139167 1.33231907 3.79590000
v 8.32287319 1.33228685 3.86060476
v 8.32713496 1.33230296 3.84183738
v 8.31236170 1.33224708 3.89157086
v 8.31450984 1.33225518 3.88621041
v 8.27973038 1.33212359 3.94809036
v 8.29394621 1.33217732 3.92750805
v 8.29789826 1.33219232 3.92090000
v 8.23205104 1.33194310 3.99540431
v 8.23358273 1.33194887 3.99423834
v 8.25816889 1.33204200 3.97267669
v 8.26614437 1.33207218 3.96432391
v 8.20639257 1.33184605 4.01240635
v 8.19282725 1.33179464 4.01969083
v 8.17706363 1.33173504 4.02686988
v 8.14980872 1.33163185 4.03635641
v 8.14609775 1.33161778 4.03738147
v 8.11402478 1.33149643 4.04376121
v 8.01297820 1.33111403 4.03635641
v 8.01668917 1.33112810 4.03738147
v 8.04876214 1.33124945 4.04376121
v 8.05832654 1.33128568 4.04483354
v 8.08139346 1.33137294 4.04589999
v 8.10446038 1.33146020 4.04483354
v 7.98572328 1.33101084 4.02686988
v 7.96995967 1.33095124 4.01969083
v 7.95639435 1.33089983 4.01240635
v 7.93073588 1.33080278 3.99540431
v 7.92920419 1.33079701 3.99423834
v 7.90461803 1.33070388 3.97267669
v 7.88305654 1.33062229 3.94809036
v 7.89664255 1.33067370 3.96432391
v 7.85042523 1.33049880 3.89157086
v 7.86488865 1.33055356 3.92090000
v 7.86884069 1.33056856 3.92750805
v 7.83991372 1.33045903 3.86060476
v 7.84827707 1.33049070 3.88621041
v 7.83139526 1.33042681 3.79590000
v 7.83353402 1.33043491 3.82853155
v 7.83565194 1.33044292 3.84183738
v 8.21596986 1.27188182 3.93025029
v 8.16448506 1.27168699 3.89606672
v 8.18679199 1.27177137 3.87231208
v 8.27161918 1.27209240 3.79590000
v 8.21059452 1.27186143 3.81219332
v 8.21059452 1.27186143 3.77960668
v 8.00891120 1.27109821 3.62036289
v 8.04144861 1.27122133 3.67226266
v 8.01196354 1.27110976 3.68613737
v 7.98685530 1.27101467 3.70690887
v 7.96595668 1.27093560 3.64516287
v 7.98662121 1.27101383 3.63135517
v 8.13697144 1.27158287 3.91352752
v 8.13079580 1.27155949 3.97942590
v 8.10597993 1.27146552 3.92359734
v 8.10642033 1.27146720 3.98427452
v 8.07345782 1.27134249 3.92564348
v 8.19728438 1.27181114 3.94663713
v 8.17661985 1.27173291 3.96044483
v 8.15432986 1.27164853 3.97143711
v 8.20249060 1.27183079 3.84375619
v 8.24616419 1.27199610 3.89090000
v 8.23235658 1.27194385 3.91156468
v 8.26999370 1.27208625 3.82069998
v 8.26514512 1.27206790 3.84507562
v 8.25715639 1.27203773 3.86860985
v 8.20249060 1.27183079 3.74804381
v 8.26514512 1.27206790 3.74672438
v 8.26999370 1.27208625 3.77110002
v 7.89324737 1.27066049 3.77110002
v 7.95570562 1.27089686 3.76357032
v 7.95162147 1.27088140 3.79590000
v 8.18679199 1.27177137 3.71948792
v 8.24616419 1.27199610 3.70090000
v 8.25715639 1.27203773 3.72319015
v 8.16448506 1.27168699 3.69573328
v 8.21596986 1.27188182 3.66154971
v 8.23235658 1.27194385 3.68023532
v 8.13697144 1.27158287 3.67827248
v 8.17661985 1.27173291 3.63135517
v 8.19728438 1.27181114 3.64516287
v 7.96770148 1.27094221 3.73327202
v 7.93088449 1.27080289 3.68023532
v 7.94727120 1.27086491 3.66154971
v 7.89809595 1.27067883 3.74672438
v 7.90608468 1.27070901 3.72319015
v 7.91707688 1.27075064 3.70090000
v 8.10597993 1.27146552 3.66820266
v 8.13079580 1.27155949 3.61237410
v 8.15432986 1.27164853 3.62036289
v 8.03244526 1.27118724 3.61237410
v 8.05682073 1.27127954 3.60752548
v 8.07345782 1.27134249 3.66615652
v 8.08162053 1.27137332 3.60590000
v 8.10642033 1.27146720 3.60752548
v 7.96770148 1.27094221 3.85852798
v 7.98685530 1.27101467 3.88489113
v 7.93088449 1.27080289 3.91156468
v 8.01196354 1.27110976 3.90566263
v 7.96595668 1.27093560 3.94663713
v 7.94727120 1.27086491 3.93025029
v 7.95570562 1.27089686 3.82822968
v 7.89324737 1.27066049 3.82069998
v 7.89162189 1.27065425 3.79590000
v 7.91707688 1.27075064 3.89090000
v 7.90608468 1.27070901 3.86860985
v 7.89809595 1.27067883 3.84507562
v 8.04144861 1.27122133 3.91953734
v 8.00891120 1.27109821 3.97143711
v 7.98662121 1.27101383 3.96044483
v 8.08162053 1.27137332 3.98590000
v 8.05682073 1.27127954 3.98427452
v 8.03244526 1.27118724 3.97942590
v 8.32095718 1.31675034 3.86007562
v 8.31053163 1.31671085 3.89078848
v 8.27816718 1.31658838 3.94684577
v 8.20542913 1.31631308 4.01063581
v 8.17634003 1.31620300 4.02498105
v 8.14562739 1.31608677 4.03540667
v 8.08145223 1.31584388 4.04385556
v 7.98656443 1.31548486 4.02498105
v 7.93050754 1.31527270 3.99261635
v 7.88473728 1.31509948 3.94684577
v 7.86671795 1.31503121 3.91987778
v 7.84194729 1.31493752 3.86007562
v 7.84194729 1.31493752 3.73172438
v 7.85237282 1.31497691 3.70101152
v 7.88473728 1.31509948 3.64495423
v 7.95747534 1.31537468 3.58116419
v 7.98656443 1.31548486 3.56681895
v 8.01727708 1.31560109 3.55639333
v 8.08145223 1.31584388 3.54794444
v 8.17634003 1.31620300 3.56681895
v 8.23239692 1.31641515 3.59918365
v 8.27816718 1.31658838 3.64495423
v 8.29618651 1.31665655 3.67192222
v 8.32095718 1.31675034 3.73172438
v 8.28538214 1.27418899 3.76907306
v 8.28013728 1.27416915 3.74270514
v 8.29970642 1.28023728 3.76718424
v 8.29409227 1.28021604 3.73895981
v 8.31199033 1.28981891 3.76556227
v 8.30605909 1.28979647 3.73574362
v 8.32139678 1.30228103 3.76431768
v 8.31522221 1.30225765 3.73327575
v 8.32728472 1.31677427 3.76353531
v 8.18437662 1.27380677 3.61790654
v 8.16026483 1.27371550 3.60601583
v 8.19158932 1.27982805 3.60537442
v 8.16577987 1.27973036 3.59264651
v 8.19776639 1.28938668 3.59461283
v 8.17049912 1.28928349 3.58116600
v 8.20248689 1.30183102 3.58635517
v 8.17410100 1.30172363 3.57235669
v 8.20542913 1.31631308 3.58116419
v 8.10843954 1.27351937 3.59212918
v 8.08161279 1.27341785 3.59037087
v 8.11030567 1.27952044 3.57778213
v 8.08159011 1.27941175 3.57590000
v 8.11189154 1.28906165 3.56546204
v 8.08155402 1.28894682 3.56347360
v 8.11308909 1.30149267 3.55600849
v 8.08150700 1.30137318 3.55393848
v 8.11381669 1.31596644 3.55006574
v 7.93628279 1.27286781 3.65056895
v 7.91855672 1.27280076 3.67078178
v 7.92602773 1.27882306 3.64033651
v 7.90705363 1.27875126 3.66197248
v 7.91720492 1.28832488 3.63154971
v 7.89715907 1.28824898 3.65440777
v 7.91041559 1.30072563 3.62480737
v 7.88954740 1.30064665 3.64860316
v 7.90612243 1.31518041 3.62056894
v 7.87784344 1.27264663 3.82272694
v 7.88308830 1.27266646 3.84909486
v 7.86347381 1.27858632 3.82461576
v 7.86908794 1.27860756 3.85284019
v 7.85111772 1.28807473 3.82623773
v 7.85704896 1.28809717 3.85605638
v 7.84161720 1.30046532 3.82748232
v 7.84779178 1.30048861 3.85852425
v 7.83561974 1.31491358 3.82826469
v 7.97884896 1.27302893 3.97389346
v 8.00296076 1.27312020 3.98578417
v 7.97159090 1.27899545 3.98642558
v 7.99740036 1.27909315 3.99915349
v 7.96534165 1.28850705 3.99718717
v 7.99260892 1.28861024 4.01063400
v 7.96052711 1.30091534 4.00544483
v 7.98891299 1.30102272 4.01944331
v 7.95747534 1.31537468 4.01063581
v 8.05478605 1.27331634 3.99967082
v 8.08161279 1.27341785 4.00142913
v 8.05287455 1.27930307 4.01401787
v 8.08159011 1.27941175 4.01590000
v 8.05121651 1.28883199 4.02633796
v 8.08155402 1.28894682 4.02832640
v 8.04992491 1.30125360 4.03579151
v 8.08150700 1.30137318 4.03786152
v 8.04908777 1.31572141 4.04173426
v 8.22694280 1.27396780 3.94123105
v 8.24466887 1.27403495 3.92101822
v 8.23715249 1.28000053 3.95146349
v 8.25612659 1.28007234 3.92982752
v 8.24590314 1.28956885 3.96025029
v 8.26594897 1.28964466 3.93739223
v 8.25259840 1.30202063 3.96699263
v 8.27346660 1.30209961 3.94319684
v 8.25678203 1.31650745 3.97123106
v 8.28714046 1.27419569 3.79590000
v 8.30158853 1.28024436 3.79590000
v 8.31397875 1.28982645 3.79590000
v 8.32346679 1.30228885 3.79590000
v 8.32940602 1.31678228 3.79590000
v 8.31053163 1.31671085 3.70101152
v 8.30504870 1.30221919 3.70330533
v 8.29628649 1.28975949 3.70695426
v 8.28484214 1.28018103 3.71170964
v 8.27149560 1.27413646 3.71724740
v 8.25960499 1.27409148 3.69313543
v 8.27211432 1.28013278 3.68590000
v 8.28283975 1.28970864 3.67968680
v 8.29105034 1.30216620 3.67491924
v 8.27346660 1.30209961 3.64860316
v 8.26594897 1.28964466 3.65440777
v 8.25612659 1.28007234 3.66197248
v 8.24466887 1.27403495 3.67078178
v 8.25678203 1.31650745 3.62056894
v 8.25259840 1.30202063 3.62480737
v 8.24590314 1.28956885 3.63154971
v 8.23715249 1.28000053 3.64033651
v 8.22694280 1.27396780 3.65056895
v 8.20673011 1.27389134 3.63284276
v 8.21551666 1.27991867 3.62136227
v 8.22304524 1.28948233 3.61150373
v 8.22880278 1.30193057 3.60393902
v 8.14562739 1.31608677 3.55639333
v 8.14413079 1.30161020 3.56218311
v 8.14170998 1.28917453 3.57139333
v 8.13852989 1.27962726 3.58339631
v 8.13480727 1.27361911 3.59737409
v 8.04908777 1.31572141 3.55006574
v 8.04992491 1.30125360 3.55600849
v 8.05121651 1.28883199 3.56546204
v 8.05287455 1.27930307 3.57778213
v 8.05478605 1.27331634 3.59212918
v 8.02841832 1.27321650 3.59737409
v 8.02465033 1.27919624 3.58339631
v 8.02139807 1.28871920 3.57139333
v 8.01888319 1.30113616 3.56218311
v 7.98891299 1.30102272 3.57235669
v 7.99260892 1.28861024 3.58116600
v 7.99740036 1.27909315 3.59264651
v 8.00296076 1.27312020 3.60601583
v 7.96052711 1.30091534 3.58635517
v 7.96534165 1.28850705 3.59461283
v 7.97159090 1.27899545 3.60537442
v 7.97884896 1.27302893 3.61790654
v 7.93050754 1.31527270 3.59918365
v 7.93421122 1.30081569 3.60393902
v 7.94006281 1.28841140 3.61150373
v 7.94766355 1.27890493 3.62136227
v 7.95649547 1.27294428 3.63284276
v 7.86671795 1.31503121 3.67192222
v 7.87196368 1.30058016 3.67491924
v 7.88026830 1.28818509 3.67968680
v 7.89106589 1.27869072 3.68590000
v 7.90362061 1.27274423 3.69313543
v 7.89172998 1.27269925 3.71724740
v 7.87833807 1.27864257 3.71170964
v 7.86682156 1.28813415 3.70695426
v 7.85796529 1.30052716 3.70330533
v 7.84779178 1.30048861 3.73327575
v 7.85704896 1.28809717 3.73574362
v 7.86908794 1.27860756 3.73895981
v 7.88308830 1.27266646 3.74270514
v 7.83561974 1.31491358 3.76353531
v 7.84161720 1.30046532 3.76431768
v 7.85111772 1.28807473 3.76556227
v 7.86347381 1.27858632 3.76718424
v 7.87784344 1.27264663 3.76907306
v 7.87608513 1.27264001 3.79590000
v 7.86159168 1.27857915 3.79590000
v 7.84912928 1.28806719 3.79590000
v 7.83954720 1.30045741 3.79590000
v 7.83349845 1.31490548 3.79590000
v 7.85237282 1.31497691 3.89078848
v 7.85796529 1.30052716 3.88849467
v 7.86682156 1.28813415 3.88484574
v 7.87833807 1.27864257 3.88009036
v 7.89172998 1.27269925 3.87455260
v 7.90362061 1.27274423 3.89866457
v 7.89106589 1.27869072 3.90590000
v 7.88026830 1.28818509 3.91211320
v 7.87196368 1.30058016 3.91688076
v 7.88954740 1.30064665 3.94319684
v 7.89715907 1.28824898 3.93739223
v 7.90705363 1.27875126 3.92982752
v 7.91855672 1.27280076 3.92101822
v 7.90612243 1.31518041 3.97123106
v 7.91041559 1.30072563 3.96699263
v 7.91720492 1.28832488 3.96025029
v 7.92602773 1.27882306 3.95146349
v 7.93628279 1.27286781 3.94123105
v 7.95649547 1.27294428 3.95895724
v 7.94766355 1.27890493 3.97043773
v 7.94006281 1.28841140 3.98029627
v 7.93421122 1.30081569 3.98786098
v 8.01727708 1.31560109 4.03540667
v 8.01888319 1.30113616 4.02961689
v 8.02139807 1.28871920 4.02040667
v 8.02465033 1.27919624 4.00840369
v 8.02841832 1.27321650 3.99442591
v 8.11381669 1.31596644 4.04173426
v 8.11308909 1.30149267 4.03579151
v 8.11189154 1.28906165 4.02633796
v 8.11030567 1.27952044 4.01401787
v 8.10843954 1.27351937 3.99967082
v 8.13480727 1.27361911 3.99442591
v 8.13852989 1.27962726 4.00840369
v 8.14170998 1.28917453 4.02040667
v 8.14413079 1.30161020 4.02961689
v 8.17410100 1.30172363 4.01944331
v 8.17049912 1.28928349 4.01063400
v 8.16577987 1.27973036 3.99915349
v 8.16026483 1.27371550 3.98578417
v 8.20248689 1.30183102 4.00544483
v 8.19776639 1.28938668 3.99718717
v 8.19158932 1.27982805 3.98642558
v 8.18437662 1.27380677 3.97389346
v 8.23239692 1.31641515 3.99261635
v 8.22880278 1.30193057 3.98786098
v 8.22304524 1.28948233 3.98029627
v 8.21551666 1.27991867 3.97043773
v 8.20673011 1.27389134 3.95895724
v 8.29618651 1.31665655 3.91987778
v 8.29105034 1.30216620 3.91688076
v 8.28283975 1.28970864 3.91211320
v 8.27211432 1.28013278 3.90590000
v 8.25960499 1.27409148 3.89866457
v 8.27149560 1.27413646 3.87455260
v 8.28484214 1.28018103 3.88009036
v 8.29628649 1.28975949 3.88484574
v 8.30504870 1.30221919 3.88849467
v 8.31522221 1.30225765 3.85852425
v 8.30605909 1.28979647 3.85605638
v 8.29409227 1.28021604 3.85284019
v 8.28013728 1.27416915 3.84909486
v 8.32728472 1.31677427 3.82826469
v 8.32139678 1.30228103 3.82748232
v 8.31199033 1.28981891 3.82623773
v 8.29970642 1.28023728 3.82461576
v 8.28538214 1.27418899 3.82272694
v 10.28839171 -1.20109403 2.35394155
v 10.29805195 -1.23939970 2.35980171
v 10.29860925 -1.24602429 2.35276966
v 10.28908294 -1.38372173 2.27238675
v 10.29857591 -1.37782562 2.31072864
v 10.29912297 -1.38178355 2.31560375
v 10.30493685 -1.37184522 2.34969993
v 10.29916805 -1.39367906 2.32323761
v 10.29876162 -1.42689831 2.44915559
v 10.29930812 -1.42414820 2.44873556
v 10.29928148 -1.42366448 2.44998419
v 10.28618355 -1.18661466 2.42850891
v 10.28835744 -1.19202909 2.41325282
v 10.28617628 -1.18469679 2.40787509
v 10.28917645 -1.19609981 2.38352706
v 10.29857293 -1.23642356 2.43462388
v 10.29901624 -1.23522365 2.41986074
v 10.29856045 -1.23316943 2.42086909
v 10.29858504 -1.23308058 2.41953292
v 10.29801768 -1.23033467 2.41911289
v 10.29859230 -1.24156018 2.44779185
v 10.30454867 -1.26928146 2.42506926
v 10.30426685 -1.26709034 2.42473417
v 10.29823766 -1.28847229 2.49822865
v 10.30464385 -1.29440445 2.45925737
v 10.29873182 -1.27842938 2.48974430
v 10.30545839 -1.29456612 2.45144739
v 10.29868898 -1.26709527 2.48129916
v 10.30596521 -1.29269258 2.44382237
v 10.29865098 -1.25704677 2.47135888
v 10.30612559 -1.28891542 2.43695694
v 10.29861857 -1.24847953 2.46011688
v 10.30593038 -1.28349698 2.43130856
v 10.30539413 -1.27681204 2.42725843
v 10.29922076 -1.40761499 2.47317160
v 10.30641579 -1.36559717 2.44868266
v 10.29918183 -1.39733012 2.48286714
v 10.30621984 -1.35994953 2.45410184
v 10.29913825 -1.38579606 2.49103689
v 10.30569345 -1.35590135 2.46078874
v 10.29909056 -1.37323718 2.49752187
v 10.30486830 -1.35371526 2.46832239
v 10.29904008 -1.35989803 2.50219590
v 10.29846211 -1.34778320 2.50729368
v 10.30473233 -1.39009635 2.44353441
v 10.30499757 -1.38790318 2.44319932
v 10.30578211 -1.38009013 2.44303447
v 10.30626715 -1.37246315 2.44490615
v 10.29972312 -1.42200188 2.44840783
v 10.29925410 -1.41645045 2.46213906
v 10.28724060 -1.46590219 2.47119506
v 10.28727077 -1.47389573 2.45207612
v 10.28939158 -1.46527597 2.45501575
v 10.28729070 -1.47915063 2.43203071
v 10.29021413 -1.47026413 2.42543024
v 10.28728530 -1.47773837 2.37028207
v 10.28942586 -1.47434090 2.39570447
v 10.28729797 -1.48109085 2.39073177
v 10.28729983 -1.48156471 2.41144913
v 10.29879589 -1.43596324 2.38984431
v 10.29931203 -1.43173765 2.38115405
v 10.30503184 -1.39696811 2.38388804
v 10.29929620 -1.42753198 2.36765974
v 10.30582030 -1.38943139 2.38169887
v 10.29927329 -1.42148928 2.35488209
v 10.30630608 -1.38274263 2.37764874
v 10.29924386 -1.41372708 2.34306985
v 10.30646012 -1.37732280 2.37200036
v 10.29920847 -1.40439653 2.33245277
v 10.30627125 -1.37354703 2.36513493
v 10.30575026 -1.37167730 2.35750991
v 10.28700814 -1.40449991 2.27417787
v 10.28693699 -1.38567173 2.26552187
v 10.28686174 -1.36582208 2.25957054
v 10.28977454 -1.35413333 2.26739551
v 10.28662816 -1.30406217 2.25882706
v 10.28885849 -1.32441091 2.26332172
v 10.28670583 -1.32461636 2.25619021
v 10.28678425 -1.34533736 2.25643971
v 10.30458294 -1.27834649 2.36575798
v 10.30542654 -1.28615330 2.36592283
v 10.29863962 -1.25406859 2.34114769
v 10.30596931 -1.29377636 2.36405115
v 10.29867594 -1.26365208 2.33075832
v 10.30616992 -1.30064114 2.36027463
v 10.29871729 -1.27458823 2.32180393
v 10.30601662 -1.30629008 2.35485545
v 10.29876292 -1.28666413 2.31445859
v 10.30552097 -1.31034217 2.34816856
v 10.29881210 -1.29964472 2.30886553
v 10.30471240 -1.31253441 2.34063490
v 10.29886369 -1.31327751 2.30513335
v 10.29835146 -1.31851480 2.30166362
v 10.28625489 -1.20546128 2.32866731
v 10.28621968 -1.19615355 2.34718210
v 10.28619454 -1.18951312 2.36681205
v 10.28618001 -1.18566928 2.38717523
v 10.22381064 -1.40026984 2.67638433
v 10.24910555 -1.39625994 2.63432813
v 10.24898224 -1.36365890 2.64084860
v 10.22383746 -1.40736447 2.67454152
v 10.22397697 -1.44423022 2.66162380
v 10.24922438 -1.42763619 2.62333396
v 10.22400640 -1.45203135 2.65812025
v 10.24933614 -1.45717700 2.60808001
v 10.22410829 -1.47893940 2.64370105
v 10.22418503 -1.49923516 2.63010886
v 10.24943878 -1.48430745 2.58886310
v 10.22422899 -1.51081643 2.62112216
v 10.22433647 -1.53924086 2.59432652
v 10.24953042 -1.50849939 2.56605743
v 10.22433963 -1.54006722 2.59342668
v 10.24960902 -1.52928195 2.54010688
v 10.22442885 -1.56365949 2.56383576
v 10.22446406 -1.57295856 2.54948334
v 10.24967328 -1.54625074 2.51151639
v 10.22450448 -1.58359706 2.53024324
v 10.22455384 -1.59664488 2.49996752
v 10.24972190 -1.55907533 2.48084254
v 10.22456147 -1.59866530 2.49420282
v 10.22459891 -1.60857122 2.45641609
v 10.24975375 -1.56750622 2.44868238
v 10.22460506 -1.61021612 2.44678211
v 10.24976846 -1.57137922 2.41566188
v 10.22461605 -1.61312184 2.41761840
v 10.22461623 -1.61315071 2.39197108
v 10.24976548 -1.57061889 2.38242363
v 10.22461270 -1.61222852 2.37856497
v 10.22458885 -1.60590894 2.34001595
v 10.24974518 -1.56524032 2.34961471
v 10.22458662 -1.60533599 2.33764061
v 10.24970774 -1.55534781 2.31787366
v 10.22454490 -1.59428566 2.30272160
v 10.22451751 -1.58707201 2.28587872
v 10.24965391 -1.54113433 2.28781820
v 10.22448157 -1.57758537 2.26740790
v 10.22441153 -1.55906080 2.23867455
v 10.24958481 -1.52287613 2.26003350
v 10.22440035 -1.55613291 2.23476206
v 10.22430294 -1.53034571 2.20541953
v 10.24950173 -1.50092877 2.23506018
v 10.22427276 -1.52237899 2.19784210
v 10.24940637 -1.47571945 2.21338439
v 10.22419081 -1.50072592 2.17995158
v 10.22410643 -1.47843593 2.16495077
v 10.24930038 -1.44773888 2.19542812
v 10.22406638 -1.46784996 2.15885359
v 10.22393209 -1.43235763 2.14253663
v 10.24918620 -1.41753153 2.18154079
v 10.22391905 -1.42892049 2.14126407
v 10.24906569 -1.38568533 2.17199269
v 10.22379034 -1.39493988 2.13131792
v 10.22371769 -1.37573545 2.12769284
v 10.24894126 -1.35282035 2.16696951
v 10.22364431 -1.35632492 2.12541613
v 10.22351020 -1.32092479 2.12475806
v 10.24881535 -1.31957605 2.16656922
v 10.22349641 -1.31726441 2.12494581
v 10.22334982 -1.27851860 2.12991628
v 10.24869055 -1.28659968 2.17079966
v 10.22330475 -1.26659469 2.13257297
v 10.24856929 -1.25453294 2.17957850
v 10.22320714 -1.24084157 2.14023086
v 10.22310880 -1.21483318 2.15083714
v 10.24845362 -1.22400000 2.19273454
v 10.22307136 -1.20496675 2.15568877
v 10.22294507 -1.17159243 2.17598899
v 10.24834615 -1.19559513 2.21001207
v 10.22293017 -1.16762937 2.17884834
v 10.24824892 -1.16987134 2.23107449
v 10.22283070 -1.14136803 2.20073665
v 10.22277557 -1.12679730 2.21553053
v 10.24816361 -1.14732915 2.25551221
v 10.22273049 -1.11488196 2.22944989
v 10.22265114 -1.09390606 2.25947396
v 10.24809190 -1.12840737 2.28284941
v 10.22264630 -1.09264980 2.26156971
v 10.22257999 -1.07510406 2.29647121
v 10.24803546 -1.11347436 2.31255385
v 10.22256155 -1.07021964 2.30898977
v 10.24799504 -1.10282068 2.34404764
v 10.22253268 -1.06258652 2.33347489
v 10.22251014 -1.05664841 2.36217518
v 10.24797176 -1.09665374 2.37671751
v 10.22250511 -1.05534065 2.37186057
v 10.22249822 -1.05350743 2.41088121
v 10.24796580 -1.09509350 2.40992782
v 10.22249897 -1.05371372 2.41698622
v 10.24797753 -1.09817050 2.44303205
v 10.22251182 -1.05712273 2.44977715
v 10.22252858 -1.06152854 2.47131669
v 10.24800640 -1.10582466 2.47538582
v 10.22254590 -1.06611605 2.48779141
v 10.22259769 -1.07979252 2.52307857
v 10.24805222 -1.11790708 2.50635956
v 10.22259974 -1.08031239 2.52418415
v 10.22267201 -1.09943532 2.55824690
v 10.24811388 -1.13418260 2.53535024
v 10.22270367 -1.10780363 2.57028266
v 10.24819006 -1.15433446 2.56179365
v 10.22276160 -1.12311290 2.58931675
v 10.22284262 -1.14448554 2.61111510
v 10.24827946 -1.17797031 2.58517516
v 10.22311494 -1.21647584 2.65888189
v 10.24849069 -1.23379528 2.62100025
v 10.22300877 -1.18842860 2.64400662
v 10.24838042 -1.20463026 2.60503952
v 10.22298530 -1.18220820 2.64012868
v 10.22286684 -1.15088401 2.61678890
v 10.22319615 -1.23794404 2.66769313
v 10.22325334 -1.25301992 2.67268334
v 10.24860841 -1.26489782 2.63274665
v 10.22339751 -1.29112908 2.68126446
v 10.24873116 -1.29733234 2.64005008
v 10.22354484 -1.33006162 2.68445834
v 10.24885670 -1.33046777 2.64276833
v 10.22360500 -1.34593974 2.68419915
v 10.22369236 -1.36905982 2.68220267
v 10.26968759 -1.25207779 2.58105834
v 10.26959744 -1.22829284 2.56804190
v 10.26951530 -1.20655092 2.55184191
v 10.26944228 -1.18727516 2.53277364
v 10.26938007 -1.17084076 2.51120822
v 10.26932978 -1.15756755 2.48756547
v 10.26929252 -1.14771397 2.46230558
v 10.26926887 -1.14147178 2.43592010
v 10.26925937 -1.13896242 2.40892264
v 10.26926421 -1.14023480 2.38183866
v 10.26928321 -1.14526413 2.35519539
v 10.26931618 -1.15395253 2.32951137
v 10.26936219 -1.16613087 2.30528646
v 10.26942067 -1.18156214 2.28299218
v 10.26949015 -1.19994589 2.26306253
v 10.26956969 -1.22092449 2.24588540
v 10.26965723 -1.24408937 2.23179514
v 10.26975148 -1.26898996 2.22106594
v 10.26985057 -1.29514131 2.21390667
v 10.26995227 -1.32203455 2.21045668
v 10.27005490 -1.34914619 2.21078302
v 10.27015623 -1.37594854 2.21487953
v 10.27025458 -1.40192005 2.22266632
v 10.27034790 -1.42655502 2.23399186
v 10.27043414 -1.44937401 2.24863579
v 10.27051200 -1.46993295 2.26631294
v 10.27057980 -1.48783167 2.28667938
v 10.27063605 -1.50272166 2.30933865
v 10.27068001 -1.51431327 2.33384975
v 10.27071056 -1.52238085 2.35973549
v 10.27072713 -1.52676729 2.38649211
v 10.27072937 -1.52738727 2.41359890
v 10.27071745 -1.52422869 2.44052810
v 10.27069156 -1.51735311 2.46675563
v 10.27065188 -1.50689426 2.49177105
v 10.27059954 -1.49305583 2.51508745
v 10.27053528 -1.47610697 2.53625092
v 10.27046077 -1.45637774 2.55484962
v 10.27037696 -1.43425212 2.57052145
v 10.27028587 -1.41016067 2.58296150
v 10.27018901 -1.38457240 2.59192762
v 10.27008825 -1.35798537 2.59724519
v 10.26998580 -1.33091695 2.59881084
v 10.26988354 -1.30389416 2.59659401
v 10.26978352 -1.27744273 2.59063783
v 10.28870035 -1.28264827 2.53657055
v 10.28650355 -1.27114932 2.53943614
v 10.28643463 -1.25297084 2.52948784
v 10.28637186 -1.23635371 2.51710637
v 10.28631598 -1.22162149 2.50253276
v 10.28626849 -1.20906093 2.48605068
v 10.28623011 -1.19891641 2.46798079
v 10.28620162 -1.19138545 2.44867493
v 10.28629959 -1.21725517 2.31162821
v 10.28635268 -1.23130567 2.29639624
v 10.28641340 -1.24733922 2.28326795
v 10.28648045 -1.26504394 2.27249897
v 10.28655235 -1.28407505 2.26429877
v 10.28707427 -1.42194023 2.28537003
v 10.28713368 -1.43765313 2.29888045
v 10.28718547 -1.45133286 2.31444630
v 10.28722849 -1.46271315 2.33176443
v 10.28726202 -1.47157245 2.35049789
v 10.28720055 -1.45532562 2.48901545
v 10.28715157 -1.44237186 2.50519038
v 10.28709438 -1.42729309 2.51940516
v 10.28703049 -1.41038270 2.53138299
v 10.28696083 -1.39196999 2.54089068
v 10.28688670 -1.37241324 2.54774335
v 10.28680977 -1.35209308 2.55180755
v 10.28673154 -1.33140505 2.55300411
v 10.28665331 -1.31075186 2.55130985
v 10.28657694 -1.29053545 2.54675764
v 10.28961603 -1.31223052 2.54156179
v 10.28892480 -1.34195908 2.54563558
v 9.46984560 -1.47602967 2.34996592
v 9.46988099 -1.48537689 2.38799182
v 9.46931679 -1.33628677 2.40447865
v 9.46987792 -1.48456385 2.42714127
v 9.46983656 -1.47364595 2.46474621
v 9.46954487 -1.39655386 2.26711844
v 9.46967163 -1.43005149 2.28739734
v 9.46977417 -1.45715921 2.31565506
v 9.46911041 -1.28177441 2.26473472
v 9.46925439 -1.31980003 2.25538741
v 9.46940247 -1.35894920 2.25620055
v 9.46879693 -1.19892749 2.34421109
v 9.46887367 -1.21920620 2.31071318
v 9.46898059 -1.24746374 2.28360527
v 9.46878790 -1.19654377 2.45899138
v 9.46875250 -1.18719655 2.42096548
v 9.46875558 -1.18800969 2.38181603
v 9.46908862 -1.27601958 2.54183886
v 9.46896187 -1.24252196 2.52155996
v 9.46885933 -1.21541423 2.49330224
v 9.46952308 -1.39079903 2.54422258
v 9.46937910 -1.35277341 2.55356989
v 9.46923102 -1.31362434 2.55275675
v 9.46975982 -1.45336724 2.49824411
v 9.46965291 -1.42510970 2.52535203
v 10.06983229 -1.47137520 2.46474621
v 10.06975554 -1.45109649 2.49824411
v 10.06964863 -1.42283895 2.52535203
v 10.06951880 -1.38852828 2.54422258
v 10.06937482 -1.35050275 2.55356989
v 10.06922655 -1.31135359 2.55275675
v 10.06908425 -1.27374883 2.54183886
v 10.06895759 -1.24025120 2.52155996
v 10.06885496 -1.21314357 2.49330224
v 10.06878362 -1.19427311 2.45899138
v 10.06874823 -1.18492589 2.42096548
v 10.06875121 -1.18573894 2.38181603
v 10.06879256 -1.19665683 2.34421109
v 10.06886930 -1.21693554 2.31071318
v 10.06897621 -1.24519308 2.28360527
v 10.06910604 -1.27950375 2.26473472
v 10.06925002 -1.31752928 2.25538741
v 10.06939810 -1.35667845 2.25620055
v 10.06954041 -1.39428320 2.26711844
v 10.06966726 -1.42778083 2.28739734
v 10.06976989 -1.45488846 2.31565506
v 10.06984123 -1.47375892 2.34996592
v 10.06987662 -1.48310614 2.38799182
v 10.06987364 -1.48229309 2.42714127
v 10.07034153 -1.60591974 2.33764061
v 10.07037096 -1.61373447 2.39197108
v 10.07035997 -1.61079987 2.44678211
v 10.06986116 -1.47901968 2.16495077
v 10.07002749 -1.52296274 2.19784210
v 10.07016626 -1.55964456 2.23867455
v 10.07027224 -1.58765576 2.28587872
v 10.06840587 -1.09448982 2.25947396
v 10.06853030 -1.12738106 2.21553053
v 10.06868490 -1.16821312 2.17884834
v 10.06886352 -1.21541693 2.15083714
v 10.06905947 -1.26717844 2.13257297
v 10.06926511 -1.32150854 2.12475806
v 10.06947242 -1.37631920 2.12769284
v 10.06967377 -1.42950424 2.14126407
v 10.06828331 -1.06211229 2.47131669
v 10.06825388 -1.05429747 2.41698622
v 10.06826487 -1.05723216 2.36217518
v 10.06831628 -1.07080340 2.30898977
v 10.06876369 -1.18901235 2.64400662
v 10.06859735 -1.14506929 2.61111510
v 10.06845858 -1.10838738 2.57028266
v 10.06835241 -1.08037627 2.52307857
v 10.06956537 -1.40085359 2.67638433
v 10.06935973 -1.34652349 2.68419915
v 10.06915223 -1.29171283 2.68126446
v 10.06895107 -1.23852779 2.66769313
v 10.07030856 -1.59722864 2.49996752
v 10.07021897 -1.57354231 2.54948334
v 10.07009436 -1.54065098 2.59342668
v 10.06993995 -1.49981891 2.63010886
v 10.06976132 -1.45261510 2.65812025
v 10.15318566 -1.26985432 2.42506926
v 10.15321993 -1.27891935 2.36575798
v 10.14113118 -1.28600457 2.36599742
v 10.14109597 -1.27668976 2.42694345
v 10.15334938 -1.31310727 2.34063490
v 10.15357383 -1.37241808 2.34969993
v 10.14145751 -1.37222446 2.35673943
v 10.14122692 -1.31127889 2.34742452
v 10.15366883 -1.39754097 2.38388804
v 10.15363455 -1.38847604 2.44319932
v 10.14149253 -1.38148245 2.44295987
v 10.14152792 -1.39079726 2.38201384
v 10.15350510 -1.35428812 2.46832239
v 10.15328065 -1.29497730 2.45925737
v 10.14116619 -1.29526257 2.45221787
v 10.14139697 -1.35620813 2.46153277
v 10.14146086 -1.37308695 2.44490615
v 10.14121034 -1.30691378 2.35485545
v 10.14115893 -1.29331629 2.44382237
v 10.14141337 -1.36057324 2.45410184
v 10.14112410 -1.28412069 2.43130856
v 10.14146496 -1.37417073 2.36513493
v 10.14149979 -1.38336633 2.37764874
v 10.14116303 -1.29440016 2.36405115
f 1 2 3
f 4 5 6
f 6 5 7
f 6 7 8
f 9 10 11
f 12 13 14
f 14 13 15
f 16 17 18
f 18 17 19
f 18 19 20
f 21 22 16
f 16 22 23
f 16 23 17
f 24 25 26
f 26 25 27
f 26 27 28
f 28 27 29
f 28 29 30
f 30 29 31
f 30 31 32
f 32 31 33
f 32 33 21
f 21 33 34
f 21 34 22
f 35 36 37
f 37 36 38
f 37 38 39
f 39 38 40
f 39 40 41
f 41 40 42
f 41 42 43
f 43 42 44
f 45 46 35
f 46 47 35
f 35 47 48
f 35 48 36
f 10 49 11
f 11 49 45
f 11 45 50
f 50 45 35
f 51 52 53
f 53 52 54
f 53 54 55
f 56 57 58
f 58 57 55
f 58 55 59
f 59 55 54
f 60 61 62
f 62 61 63
f 62 63 64
f 64 63 65
f 64 65 66
f 66 65 67
f 66 67 68
f 68 67 69
f 68 69 70
f 8 7 69
f 69 7 71
f 69 71 70
f 72 73 4
f 4 73 74
f 4 74 75
f 76 77 78
f 78 77 75
f 78 75 79
f 79 75 74
f 2 80 3
f 3 80 81
f 3 81 82
f 82 81 83
f 82 83 84
f 84 83 85
f 84 85 86
f 86 85 87
f 86 87 88
f 88 87 89
f 88 89 90
f 90 89 91
f 90 91 92
f 92 91 93
f 94 95 1
f 1 95 96
f 1 96 15
f 15 96 97
f 15 97 14
f 98 99 100
f 98 101 99
f 99 101 102
f 99 102 103
f 103 102 104
f 103 104 105
f 104 106 105
f 105 106 107
f 105 107 108
f 107 109 108
f 108 109 110
f 108 110 111
f 111 110 112
f 111 112 113
f 112 114 113
f 113 114 115
f 113 115 116
f 115 117 116
f 116 117 118
f 116 118 119
f 118 120 119
f 119 120 121
f 119 121 122
f 122 121 123
f 122 123 124
f 123 125 124
f 124 125 126
f 124 126 127
f 126 128 127
f 127 128 129
f 127 129 130
f 130 129 131
f 130 131 132
f 131 133 132
f 132 133 134
f 132 134 135
f 134 136 135
f 135 136 137
f 135 137 138
f 137 139 138
f 138 139 140
f 138 140 141
f 141 140 142
f 141 142 143
f 142 144 143
f 143 144 145
f 143 145 146
f 145 147 146
f 146 147 148
f 146 148 149
f 149 148 150
f 149 150 151
f 150 152 151
f 151 152 153
f 151 153 154
f 153 155 154
f 154 155 156
f 154 156 157
f 156 158 157
f 157 158 159
f 157 159 160
f 160 159 161
f 160 161 162
f 161 163 162
f 162 163 164
f 162 164 165
f 164 166 165
f 165 166 167
f 165 167 168
f 168 167 169
f 168 169 170
f 169 171 170
f 170 171 172
f 170 172 173
f 172 174 173
f 173 174 175
f 173 175 176
f 175 177 176
f 176 177 178
f 176 178 179
f 179 178 180
f 179 180 181
f 180 182 181
f 181 182 183
f 181 183 184
f 183 185 184
f 184 185 186
f 184 186 187
f 187 186 188
f 187 188 189
f 188 190 189
f 189 190 191
f 189 191 192
f 191 193 192
f 192 193 194
f 192 194 195
f 194 196 195
f 195 196 197
f 195 197 198
f 198 197 199
f 198 199 200
f 199 201 200
f 200 201 202
f 200 202 203
f 204 205 206
f 206 205 207
f 206 207 208
f 208 207 203
f 208 203 209
f 209 203 202
f 210 211 212
f 212 211 213
f 212 213 214
f 214 213 215
f 214 215 216
f 216 215 217
f 216 217 100
f 100 217 218
f 100 218 98
f 205 219 220
f 205 220 207
f 207 220 221
f 207 221 203
f 203 221 222
f 203 222 200
f 200 222 223
f 200 223 198
f 198 223 224
f 198 224 195
f 195 224 225
f 195 225 192
f 192 225 226
f 192 226 189
f 189 226 227
f 189 227 187
f 187 227 228
f 187 228 184
f 184 228 229
f 184 229 181
f 181 229 230
f 181 230 179
f 179 230 231
f 179 231 176
f 176 231 232
f 176 232 173
f 173 232 233
f 173 233 170
f 170 233 234
f 170 234 168
f 168 234 235
f 168 235 165
f 165 235 236
f 165 236 162
f 162 236 237
f 162 237 160
f 160 237 238
f 160 238 157
f 157 238 239
f 157 239 154
f 154 239 240
f 154 240 151
f 151 240 241
f 151 241 149
f 149 241 242
f 149 242 146
f 146 242 243
f 146 243 143
f 143 243 244
f 143 244 141
f 141 244 245
f 141 245 138
f 138 245 246
f 138 246 135
f 135 246 247
f 135 247 132
f 132 247 248
f 132 248 130
f 130 248 249
f 130 249 127
f 127 249 250
f 127 250 124
f 124 250 251
f 124 251 122
f 122 251 252
f 122 252 119
f 119 252 253
f 119 253 116
f 116 253 254
f 116 254 113
f 113 254 255
f 113 255 111
f 111 255 256
f 111 256 108
f 108 256 257
f 108 257 105
f 105 257 258
f 105 258 103
f 103 258 259
f 103 259 99
f 99 259 260
f 99 260 100
f 100 260 261
f 100 261 216
f 216 261 262
f 216 262 214
f 214 262 263
f 214 263 212
f 264 24 265
f 265 24 266
f 265 266 219
f 219 266 220
f 220 266 267
f 220 267 221
f 221 267 268
f 221 268 222
f 222 268 269
f 222 269 223
f 223 269 270
f 223 270 224
f 224 270 271
f 224 271 225
f 225 271 12
f 225 12 226
f 226 12 14
f 226 14 227
f 227 14 97
f 227 97 228
f 228 97 96
f 228 96 229
f 229 96 95
f 229 95 230
f 230 95 94
f 230 94 231
f 231 94 272
f 231 272 232
f 232 272 273
f 232 273 233
f 233 273 274
f 233 274 234
f 234 274 275
f 234 275 235
f 235 275 276
f 235 276 236
f 236 276 76
f 236 76 237
f 237 76 78
f 237 78 238
f 238 78 79
f 238 79 239
f 239 79 74
f 239 74 240
f 240 74 73
f 240 73 241
f 241 73 72
f 241 72 242
f 242 72 277
f 242 277 243
f 243 277 278
f 243 278 244
f 244 278 279
f 244 279 245
f 245 279 280
f 245 280 246
f 246 280 281
f 246 281 247
f 247 281 56
f 247 56 248
f 248 56 58
f 248 58 249
f 249 58 59
f 249 59 250
f 250 59 54
f 250 54 251
f 251 54 52
f 251 52 252
f 252 52 51
f 252 51 253
f 253 51 282
f 253 282 254
f 254 282 283
f 254 283 255
f 255 283 284
f 255 284 256
f 256 284 285
f 256 285 257
f 257 285 286
f 257 286 258
f 258 286 287
f 258 287 259
f 259 287 288
f 259 288 260
f 260 288 289
f 260 289 261
f 261 289 290
f 261 290 262
f 262 290 291
f 262 291 263
f 204 210 205
f 205 210 212
f 205 212 219
f 219 212 263
f 219 263 265
f 265 263 291
f 265 291 264
f 264 291 290
f 264 290 292
f 292 290 289
f 292 289 293
f 293 289 288
f 293 288 44
f 44 288 287
f 44 287 43
f 43 287 286
f 43 286 41
f 41 286 285
f 41 285 39
f 39 285 284
f 39 284 37
f 37 284 283
f 37 283 35
f 35 283 282
f 35 282 50
f 50 282 51
f 50 51 11
f 11 51 53
f 11 53 9
f 4 6 72
f 72 6 8
f 72 8 277
f 277 8 69
f 277 69 278
f 278 69 67
f 278 67 279
f 279 67 65
f 279 65 280
f 280 65 63
f 280 63 281
f 281 63 61
f 281 61 56
f 56 61 60
f 56 60 57
f 1 3 94
f 94 3 82
f 94 82 272
f 272 82 84
f 272 84 273
f 273 84 86
f 273 86 274
f 274 86 88
f 274 88 275
f 275 88 90
f 275 90 276
f 276 90 92
f 276 92 76
f 76 92 93
f 76 93 77
f 24 26 266
f 266 26 28
f 266 28 267
f 267 28 30
f 267 30 268
f 268 30 32
f 268 32 269
f 269 32 21
f 269 21 270
f 270 21 16
f 270 16 271
f 271 16 18
f 271 18 12
f 12 18 20
f 12 20 13
f 294 295 296
f 296 295 297
f 296 297 298
f 299 300 296
f 296 300 301
f 296 301 294
f 302 303 296
f 296 303 304
f 296 304 299
f 305 306 296
f 296 306 307
f 296 307 302
f 308 309 296
f 296 309 310
f 296 310 305
f 311 312 296
f 296 312 313
f 296 313 308
f 314 315 296
f 296 315 316
f 296 316 311
f 298 317 296
f 296 317 318
f 296 318 314
f 297 319 298
f 298 319 320
f 298 320 317
f 317 320 321
f 317 321 318
f 318 321 322
f 318 322 314
f 314 322 323
f 314 323 315
f 315 323 324
f 315 324 316
f 316 324 325
f 316 325 311
f 311 325 326
f 311 326 312
f 312 326 327
f 312 327 313
f 313 327 328
f 313 328 308
f 308 328 329
f 308 329 309
f 309 329 330
f 309 330 310
f 310 330 331
f 310 331 305
f 305 331 332
f 305 332 306
f 306 332 333
f 306 333 307
f 307 333 334
f 307 334 302
f 302 334 335
f 302 335 303
f 303 335 336
f 303 336 304
f 304 336 337
f 304 337 299
f 299 337 338
f 299 338 300
f 300 338 339
f 300 339 301
f 301 339 340
f 301 340 294
f 294 340 341
f 294 341 295
f 295 341 342
f 295 342 297
f 297 342 319
f 340 343 341
f 341 343 344
f 341 344 342
f 342 344 345
f 342 345 319
f 337 346 338
f 338 346 347
f 338 347 339
f 339 347 348
f 339 348 340
f 340 348 349
f 340 349 343
f 331 350 332
f 332 350 351
f 332 351 333
f 333 351 352
f 333 352 334
f 352 353 334
f 334 353 354
f 334 354 335
f 335 354 355
f 335 355 336
f 336 355 356
f 336 356 337
f 337 356 357
f 337 357 346
f 328 358 329
f 329 358 359
f 329 359 330
f 330 359 360
f 330 360 331
f 331 360 361
f 331 361 350
f 325 362 326
f 326 362 363
f 326 363 327
f 327 363 364
f 327 364 328
f 328 364 365
f 328 365 358
f 322 366 323
f 323 366 367
f 323 367 324
f 324 367 368
f 324 368 325
f 325 368 369
f 325 369 362
f 345 370 319
f 319 370 371
f 319 371 320
f 320 371 372
f 320 372 321
f 321 372 373
f 321 373 322
f 322 373 374
f 322 374 366
f 345 344 125
f 131 129 343
f 343 129 128
f 343 128 344
f 344 128 126
f 344 126 125
f 131 343 133
f 133 343 349
f 133 349 134
f 134 349 136
f 136 349 348
f 136 348 137
f 347 140 348
f 348 140 139
f 348 139 137
f 346 144 347
f 347 144 142
f 347 142 140
f 150 148 357
f 357 148 147
f 357 147 346
f 346 147 145
f 346 145 144
f 150 357 152
f 152 357 356
f 152 356 153
f 153 356 155
f 155 356 355
f 155 355 156
f 354 159 355
f 355 159 158
f 355 158 156
f 353 163 354
f 354 163 161
f 354 161 159
f 169 167 352
f 352 167 166
f 352 166 353
f 353 166 164
f 353 164 163
f 169 352 171
f 171 352 351
f 171 351 172
f 172 351 174
f 174 351 350
f 174 350 175
f 361 178 350
f 350 178 177
f 350 177 175
f 360 182 361
f 361 182 180
f 361 180 178
f 188 186 359
f 359 186 185
f 359 185 360
f 360 185 183
f 360 183 182
f 188 359 190
f 190 359 358
f 190 358 191
f 191 358 193
f 193 358 365
f 193 365 194
f 364 197 365
f 365 197 196
f 365 196 194
f 363 201 364
f 364 201 199
f 364 199 197
f 206 208 362
f 362 208 209
f 362 209 363
f 363 209 202
f 363 202 201
f 206 362 204
f 204 362 369
f 204 369 210
f 210 369 211
f 211 369 368
f 211 368 213
f 213 368 215
f 215 368 367
f 215 367 217
f 217 367 218
f 218 367 366
f 218 366 98
f 374 102 366
f 366 102 101
f 366 101 98
f 373 106 374
f 374 106 104
f 374 104 102
f 112 110 372
f 372 110 109
f 372 109 373
f 373 109 107
f 373 107 106
f 112 372 114
f 114 372 371
f 114 371 115
f 115 371 117
f 117 371 370
f 117 370 118
f 125 123 345
f 345 123 121
f 345 121 370
f 370 121 120
f 370 120 118
f 19 375 20
f 20 375 13
f 19 17 375
f 375 17 23
f 375 23 22
f 15 13 375
f 1 15 376
f 376 15 375
f 376 375 377
f 377 375 378
f 1 376 2
f 2 376 80
f 91 379 93
f 93 379 77
f 75 77 379
f 4 75 380
f 380 75 379
f 380 379 381
f 381 379 382
f 4 380 5
f 5 380 7
f 62 383 60
f 60 383 57
f 55 57 383
f 53 55 384
f 384 55 383
f 384 383 385
f 385 383 386
f 53 384 9
f 9 384 10
f 46 45 384
f 384 45 49
f 384 49 10
f 42 387 44
f 44 387 293
f 292 293 387
f 264 292 388
f 388 292 387
f 388 387 389
f 389 387 390
f 264 388 24
f 24 388 25
f 391 385 392
f 389 390 393
f 393 390 394
f 393 394 395
f 395 394 377
f 395 377 378
f 381 382 396
f 396 382 392
f 396 392 397
f 397 392 385
f 397 385 386
f 391 392 394
f 394 392 398
f 394 398 377
f 398 83 81
f 81 80 398
f 398 80 376
f 398 376 377
f 83 398 85
f 85 398 392
f 85 392 87
f 392 382 379
f 87 392 89
f 89 392 379
f 89 379 91
f 396 70 71
f 71 7 396
f 396 7 380
f 396 380 381
f 70 396 68
f 68 396 397
f 68 397 66
f 397 386 383
f 66 397 64
f 64 397 383
f 64 383 62
f 393 29 27
f 27 25 393
f 393 25 388
f 393 388 389
f 29 393 31
f 31 393 395
f 31 395 33
f 395 378 375
f 33 395 34
f 34 395 375
f 34 375 22
f 391 48 47
f 47 46 391
f 391 46 384
f 391 384 385
f 48 391 36
f 36 391 394
f 36 394 38
f 394 390 387
f 38 394 40
f 40 394 387
f 40 387 42
f 399 400 401
f 402 403 404
f 405 406 407
f 400 408 409
f 406 410 411
f 412 413 414
f 415 416 417
f 418 419 420
f 421 422 423
f 423 422 424
f 423 424 425
f 426 427 428
f 428 427 429
f 428 429 430
f 430 429 431
f 430 431 432
f 432 431 433
f 432 433 434
f 434 433 435
f 434 435 436
f 436 435 437
f 436 437 438
f 438 437 439
f 438 439 440
f 440 439 441
f 442 443 426
f 444 445 446
f 446 445 447
f 446 447 448
f 449 450 451
f 451 450 452
f 451 452 453
f 453 452 454
f 453 454 455
f 455 454 456
f 455 456 457
f 457 456 458
f 457 458 459
f 419 418 458
f 458 418 460
f 458 460 459
f 461 462 463
f 464 465 462
f 462 465 466
f 462 466 467
f 468 469 470
f 470 469 471
f 470 471 472
f 472 471 473
f 472 473 474
f 474 473 475
f 474 475 476
f 476 475 477
f 476 477 478
f 478 477 479
f 478 479 480
f 480 479 481
f 480 481 482
f 482 481 483
f 484 485 468
f 486 487 488
f 488 487 489
f 488 489 490
f 490 489 491
f 490 491 492
f 493 494 495
f 495 494 496
f 495 496 497
f 497 496 498
f 497 498 499
f 499 498 500
f 499 500 501
f 501 500 502
f 501 502 503
f 416 415 502
f 502 415 504
f 502 504 503
f 505 423 506
f 507 508 410
f 410 508 509
f 410 509 411
f 411 509 510
f 411 510 511
f 510 512 511
f 511 512 513
f 511 513 514
f 513 515 514
f 514 515 516
f 514 516 517
f 516 518 517
f 517 518 519
f 517 519 520
f 520 519 521
f 520 521 522
f 521 523 522
f 522 523 524
f 522 524 525
f 526 527 528
f 528 527 529
f 528 529 530
f 530 529 525
f 530 525 531
f 531 525 524
f 413 532 414
f 414 532 533
f 414 533 403
f 532 534 533
f 533 534 535
f 533 535 536
f 536 535 537
f 536 537 538
f 537 539 538
f 538 539 540
f 538 540 541
f 540 542 541
f 541 542 543
f 541 543 544
f 544 543 545
f 544 545 546
f 545 547 546
f 546 547 548
f 546 548 549
f 548 550 549
f 549 550 551
f 549 551 552
f 551 553 552
f 552 553 554
f 552 554 555
f 555 554 556
f 555 556 557
f 556 558 557
f 557 558 559
f 557 559 560
f 559 561 560
f 560 561 562
f 560 562 563
f 564 565 408
f 408 565 566
f 408 566 409
f 566 567 409
f 409 567 568
f 409 568 569
f 568 570 569
f 569 570 571
f 569 571 572
f 572 571 573
f 572 573 574
f 573 575 574
f 574 575 576
f 574 576 577
f 576 578 577
f 577 578 579
f 577 579 580
f 580 579 581
f 580 581 582
f 582 581 583
f 582 583 584
f 585 586 587
f 587 586 584
f 587 584 588
f 588 584 583
f 589 590 591
f 589 591 592
f 591 593 592
f 592 593 594
f 592 594 595
f 594 596 595
f 595 596 597
f 595 597 598
f 598 597 599
f 598 599 600
f 600 599 601
f 600 601 602
f 601 603 602
f 602 603 604
f 602 604 605
f 604 606 605
f 605 606 607
f 605 607 608
f 608 607 609
f 608 609 610
f 609 611 610
f 610 611 612
f 610 612 613
f 612 614 613
f 613 614 615
f 613 615 616
f 617 618 619
f 619 618 620
f 619 620 621
f 621 620 616
f 621 616 622
f 622 616 615
f 618 623 624
f 406 411 407
f 407 411 511
f 407 511 625
f 625 511 514
f 625 514 626
f 626 514 517
f 626 517 627
f 627 517 520
f 627 520 628
f 628 520 522
f 628 522 629
f 629 522 525
f 629 525 630
f 630 525 529
f 630 529 631
f 631 529 527
f 631 527 632
f 403 533 404
f 404 533 536
f 404 536 633
f 633 536 538
f 633 538 634
f 634 538 541
f 634 541 635
f 635 541 544
f 635 544 636
f 636 544 546
f 636 546 637
f 637 546 549
f 637 549 638
f 638 549 552
f 638 552 639
f 639 552 555
f 639 555 640
f 640 555 557
f 640 557 641
f 641 557 560
f 641 560 642
f 642 560 563
f 642 563 643
f 400 409 401
f 401 409 569
f 401 569 644
f 644 569 572
f 644 572 645
f 645 572 574
f 645 574 646
f 646 574 577
f 646 577 647
f 647 577 580
f 647 580 648
f 648 580 582
f 648 582 649
f 649 582 584
f 649 584 650
f 650 584 586
f 650 586 651
f 618 624 620
f 620 624 652
f 620 652 616
f 616 652 653
f 616 653 613
f 613 653 654
f 613 654 610
f 610 654 655
f 610 655 608
f 608 655 656
f 608 656 605
f 605 656 657
f 605 657 602
f 602 657 658
f 602 658 600
f 600 658 659
f 600 659 598
f 598 659 660
f 598 660 595
f 595 660 661
f 595 661 592
f 592 661 662
f 592 662 589
f 663 448 664
f 664 448 447
f 664 447 623
f 405 407 665
f 665 407 625
f 665 625 666
f 666 625 626
f 666 626 667
f 667 626 627
f 667 627 668
f 668 627 628
f 668 628 669
f 669 628 629
f 669 629 670
f 670 629 630
f 670 630 464
f 464 630 631
f 464 631 465
f 465 631 632
f 465 632 466
f 402 404 671
f 671 404 633
f 671 633 672
f 672 633 634
f 672 634 673
f 673 634 635
f 673 635 674
f 674 635 636
f 674 636 675
f 675 636 637
f 675 637 676
f 676 637 638
f 676 638 677
f 677 638 639
f 677 639 678
f 678 639 640
f 678 640 486
f 486 640 641
f 486 641 487
f 487 641 642
f 487 642 489
f 489 642 643
f 489 643 491
f 399 401 679
f 679 401 644
f 679 644 680
f 680 644 645
f 680 645 681
f 681 645 646
f 681 646 682
f 682 646 647
f 682 647 683
f 683 647 648
f 683 648 684
f 684 648 649
f 684 649 421
f 421 649 650
f 421 650 422
f 422 650 651
f 422 651 424
f 623 447 624
f 624 447 445
f 624 445 652
f 652 445 444
f 652 444 653
f 653 444 685
f 653 685 654
f 654 685 686
f 654 686 655
f 655 686 687
f 655 687 656
f 656 687 688
f 656 688 657
f 657 688 689
f 657 689 658
f 658 689 690
f 658 690 659
f 659 690 691
f 659 691 660
f 660 691 692
f 660 692 661
f 661 692 693
f 661 693 662
f 462 461 464
f 464 461 694
f 464 694 670
f 670 694 695
f 670 695 669
f 669 695 696
f 669 696 668
f 668 696 697
f 668 697 667
f 667 697 698
f 667 698 666
f 666 698 699
f 666 699 665
f 665 699 700
f 665 700 405
f 526 412 527
f 527 412 414
f 527 414 632
f 632 414 403
f 632 403 466
f 466 403 402
f 466 402 467
f 467 402 671
f 467 671 701
f 701 671 672
f 701 672 702
f 702 672 673
f 702 673 703
f 703 673 674
f 703 674 704
f 704 674 675
f 704 675 705
f 705 675 676
f 705 676 706
f 706 676 677
f 706 677 707
f 707 677 678
f 707 678 484
f 484 678 486
f 484 486 485
f 485 486 488
f 485 488 468
f 423 505 421
f 421 505 708
f 421 708 684
f 684 708 709
f 684 709 683
f 683 709 710
f 683 710 682
f 682 710 711
f 682 711 681
f 681 711 712
f 681 712 680
f 680 712 713
f 680 713 679
f 679 713 714
f 679 714 399
f 585 590 586
f 586 590 589
f 586 589 651
f 651 589 662
f 651 662 424
f 424 662 693
f 424 693 425
f 425 693 692
f 425 692 715
f 715 692 691
f 715 691 716
f 716 691 690
f 716 690 717
f 717 690 689
f 717 689 718
f 718 689 688
f 718 688 719
f 719 688 687
f 719 687 720
f 720 687 686
f 720 686 721
f 721 686 685
f 721 685 442
f 442 685 444
f 442 444 443
f 443 444 446
f 443 446 426
f 617 507 618
f 618 507 410
f 618 410 623
f 623 410 406
f 623 406 664
f 664 406 405
f 664 405 663
f 663 405 700
f 663 700 449
f 449 700 699
f 449 699 450
f 450 699 698
f 450 698 452
f 452 698 697
f 452 697 454
f 454 697 696
f 454 696 456
f 456 696 695
f 456 695 458
f 458 695 694
f 458 694 419
f 419 694 461
f 419 461 420
f 420 461 463
f 420 463 418
f 468 470 484
f 484 470 472
f 484 472 707
f 707 472 474
f 707 474 706
f 706 474 476
f 706 476 705
f 705 476 478
f 705 478 704
f 704 478 480
f 704 480 703
f 703 480 482
f 703 482 702
f 702 482 483
f 702 483 701
f 562 564 563
f 563 564 408
f 563 408 643
f 643 408 400
f 643 400 491
f 491 400 399
f 491 399 492
f 492 399 714
f 492 714 493
f 493 714 713
f 493 713 494
f 494 713 712
f 494 712 496
f 496 712 711
f 496 711 498
f 498 711 710
f 498 710 500
f 500 710 709
f 500 709 502
f 502 709 708
f 502 708 416
f 416 708 505
f 416 505 417
f 417 505 506
f 417 506 415
f 426 428 442
f 442 428 430
f 442 430 721
f 721 430 432
f 721 432 720
f 720 432 434
f 720 434 719
f 719 434 436
f 719 436 718
f 718 436 438
f 718 438 717
f 717 438 440
f 717 440 716
f 716 440 441
f 716 441 715
f 722 723 724
f 722 724 725
f 726 727 724
f 724 727 728
f 724 728 725
f 729 730 724
f 724 730 731
f 724 731 726
f 732 733 724
f 724 733 734
f 724 734 729
f 735 736 724
f 724 736 737
f 724 737 732
f 738 739 724
f 724 739 740
f 724 740 735
f 741 742 724
f 724 742 743
f 724 743 738
f 723 744 724
f 724 744 745
f 724 745 741
f 722 746 723
f 723 746 747
f 723 747 744
f 744 747 748
f 744 748 745
f 745 748 749
f 745 749 741
f 741 749 750
f 741 750 742
f 742 750 751
f 742 751 743
f 743 751 752
f 743 752 738
f 738 752 753
f 738 753 739
f 739 753 754
f 739 754 740
f 740 754 755
f 740 755 735
f 735 755 756
f 735 756 736
f 736 756 757
f 736 757 737
f 737 757 758
f 737 758 732
f 732 758 759
f 732 759 733
f 733 759 760
f 733 760 734
f 734 760 761
f 734 761 729
f 729 761 762
f 729 762 730
f 730 762 763
f 730 763 731
f 731 763 764
f 731 764 726
f 726 764 765
f 726 765 727
f 727 765 766
f 727 766 728
f 728 766 767
f 728 767 725
f 725 767 768
f 725 768 722
f 722 768 746
f 764 769 765
f 765 769 770
f 765 770 766
f 770 771 766
f 766 771 772
f 766 772 767
f 767 772 773
f 767 773 768
f 768 773 774
f 768 774 746
f 762 775 763
f 763 775 776
f 763 776 764
f 764 776 777
f 764 777 769
f 757 778 758
f 758 778 779
f 758 779 759
f 779 780 759
f 759 780 781
f 759 781 760
f 760 781 782
f 760 782 761
f 761 782 783
f 761 783 762
f 762 783 784
f 762 784 775
f 755 785 756
f 756 785 786
f 756 786 757
f 757 786 787
f 757 787 778
f 753 788 754
f 754 788 789
f 754 789 755
f 755 789 790
f 755 790 785
f 750 791 751
f 751 791 792
f 751 792 752
f 752 792 793
f 752 793 753
f 753 793 794
f 753 794 788
f 774 795 746
f 746 795 796
f 746 796 747
f 747 796 797
f 747 797 748
f 797 798 748
f 748 798 799
f 748 799 749
f 749 799 800
f 749 800 750
f 750 800 801
f 750 801 791
f 532 413 773
f 773 413 774
f 532 773 534
f 534 773 772
f 534 772 535
f 771 539 772
f 772 539 537
f 772 537 535
f 545 543 770
f 770 543 542
f 770 542 771
f 771 542 540
f 771 540 539
f 545 770 547
f 547 770 769
f 547 769 548
f 548 769 550
f 550 769 777
f 550 777 551
f 551 777 553
f 553 777 776
f 553 776 554
f 775 558 776
f 776 558 556
f 776 556 554
f 564 562 784
f 784 562 561
f 784 561 775
f 775 561 559
f 775 559 558
f 564 784 565
f 565 784 783
f 565 783 566
f 566 783 567
f 567 783 782
f 567 782 568
f 568 782 570
f 570 782 781
f 570 781 571
f 780 575 781
f 781 575 573
f 781 573 571
f 779 578 780
f 780 578 576
f 780 576 575
f 778 581 779
f 779 581 579
f 779 579 578
f 787 588 778
f 778 588 583
f 778 583 581
f 591 590 786
f 786 590 585
f 786 585 787
f 787 585 587
f 787 587 588
f 591 786 593
f 593 786 785
f 593 785 594
f 594 785 596
f 596 785 790
f 596 790 597
f 597 790 599
f 599 790 789
f 599 789 601
f 601 789 603
f 603 789 788
f 603 788 604
f 604 788 606
f 606 788 794
f 606 794 607
f 793 611 794
f 794 611 609
f 794 609 607
f 792 614 793
f 793 614 612
f 793 612 611
f 619 621 791
f 791 621 622
f 791 622 792
f 792 622 615
f 792 615 614
f 619 791 617
f 617 791 801
f 617 801 507
f 507 801 508
f 508 801 800
f 508 800 509
f 799 512 800
f 800 512 510
f 800 510 509
f 798 515 799
f 799 515 513
f 799 513 512
f 521 519 797
f 797 519 518
f 797 518 798
f 798 518 516
f 798 516 515
f 521 797 523
f 523 797 796
f 523 796 524
f 524 796 531
f 531 796 795
f 531 795 530
f 413 412 774
f 774 412 526
f 774 526 795
f 795 526 528
f 795 528 530
f 439 802 441
f 441 802 715
f 425 715 802
f 803 804 802
f 802 804 805
f 802 805 425
f 425 805 423
f 423 805 506
f 506 805 415
f 495 806 493
f 493 806 492
f 490 492 806
f 488 490 807
f 807 490 806
f 807 806 808
f 808 806 809
f 488 807 468
f 468 807 469
f 481 810 483
f 483 810 701
f 467 701 810
f 462 467 811
f 811 467 810
f 811 810 812
f 812 810 813
f 462 811 463
f 463 811 418
f 451 814 449
f 449 814 663
f 448 663 814
f 446 448 815
f 815 448 814
f 815 814 816
f 816 814 817
f 446 815 426
f 426 815 427
f 816 817 818
f 818 817 819
f 818 819 820
f 808 809 821
f 821 809 822
f 822 823 821
f 821 823 804
f 821 804 824
f 812 813 825
f 825 813 824
f 825 824 819
f 819 824 804
f 819 804 820
f 820 804 803
f 823 503 504
f 504 415 823
f 823 415 805
f 823 805 804
f 503 823 501
f 501 823 822
f 501 822 499
f 822 809 806
f 499 822 497
f 497 822 806
f 497 806 495
f 821 473 471
f 471 469 821
f 821 469 807
f 821 807 808
f 473 821 475
f 475 821 824
f 475 824 477
f 824 813 810
f 477 824 479
f 479 824 810
f 479 810 481
f 818 431 429
f 429 427 818
f 818 427 815
f 818 815 816
f 431 818 433
f 433 818 820
f 433 820 435
f 820 803 802
f 435 820 437
f 437 820 802
f 437 802 439
f 825 459 460
f 460 418 825
f 825 418 811
f 825 811 812
f 459 825 457
f 457 825 819
f 457 819 455
f 819 817 814
f 455 819 453
f 453 819 814
f 453 814 451
f 826 827 828
f 829 830 831
f 832 833 834
f 827 835 836
f 833 837 838
f 839 840 841
f 842 843 844
f 845 846 847
f 848 849 850
f 851 852 853
f 854 855 856
f 856 855 857
f 856 857 858
f 859 860 861
f 861 860 862
f 861 862 858
f 859 861 863
f 863 861 864
f 863 864 865
f 865 864 866
f 865 866 867
f 866 868 867
f 867 868 869
f 867 869 870
f 853 852 869
f 869 852 871
f 869 871 870
f 872 873 874
f 873 875 874
f 874 875 876
f 874 876 877
f 878 879 880
f 880 879 881
f 880 881 882
f 878 880 883
f 883 880 884
f 883 884 885
f 885 884 886
f 885 886 887
f 886 888 887
f 887 888 889
f 887 889 890
f 850 849 889
f 889 849 891
f 889 891 890
f 892 893 894
f 893 895 894
f 894 895 896
f 894 896 897
f 897 896 898
f 897 898 899
f 900 901 902
f 902 901 903
f 902 903 899
f 900 902 904
f 904 902 905
f 904 905 906
f 906 905 907
f 906 907 908
f 907 909 908
f 908 909 910
f 908 910 911
f 847 846 910
f 910 846 912
f 910 912 911
f 913 914 915
f 914 916 915
f 915 916 917
f 915 917 918
f 918 917 919
f 918 919 920
f 921 922 923
f 923 922 924
f 923 924 920
f 921 923 925
f 925 923 926
f 925 926 927
f 927 926 928
f 927 928 929
f 928 930 929
f 929 930 931
f 929 931 932
f 844 843 931
f 931 843 933
f 931 933 932
f 934 935 854
f 854 935 936
f 854 936 855
f 937 938 939
f 940 941 837
f 837 941 942
f 837 942 838
f 942 943 838
f 838 943 944
f 838 944 945
f 944 946 945
f 945 946 947
f 945 947 948
f 948 947 949
f 948 949 950
f 949 951 950
f 950 951 952
f 950 952 953
f 952 954 953
f 953 954 955
f 953 955 956
f 956 955 957
f 956 957 958
f 957 959 958
f 958 959 960
f 958 960 961
f 960 962 961
f 961 962 963
f 961 963 964
f 964 963 965
f 964 965 966
f 840 967 841
f 841 967 968
f 841 968 830
f 967 969 968
f 968 969 970
f 968 970 971
f 971 970 972
f 971 972 973
f 972 974 973
f 973 974 975
f 973 975 976
f 975 977 976
f 976 977 978
f 976 978 979
f 979 978 980
f 979 980 981
f 980 982 981
f 981 982 983
f 981 983 984
f 983 985 984
f 984 985 986
f 984 986 987
f 988 989 990
f 990 989 991
f 990 991 992
f 992 991 987
f 992 987 993
f 993 987 986
f 994 995 835
f 835 995 996
f 835 996 836
f 836 996 997
f 836 997 998
f 997 999 998
f 998 999 1000
f 998 1000 1001
f 1000 1002 1001
f 1001 1002 1003
f 1001 1003 1004
f 1004 1003 1005
f 1004 1005 1006
f 1005 1007 1006
f 1006 1007 1008
f 1006 1008 1009
f 1008 1010 1009
f 1009 1010 1011
f 1009 1011 1012
f 1011 1013 1012
f 1012 1013 1014
f 1012 1014 1015
f 1015 1014 1016
f 1015 1016 1017
f 1018 1019 1020
f 1020 1019 1017
f 1020 1017 1021
f 1021 1017 1016
f 1022 1023 1024
f 1022 1024 1025
f 1024 1026 1025
f 1025 1026 1027
f 1025 1027 1028
f 1027 1029 1028
f 1028 1029 1030
f 1028 1030 1031
f 1030 1032 1031
f 1031 1032 1033
f 1031 1033 1034
f 1034 1033 1035
f 1034 1035 1036
f 1035 1037 1036
f 1036 1037 1038
f 1036 1038 1039
f 1038 1040 1039
f 1039 1040 1041
f 1039 1041 1042
f 1042 1041 1043
f 1042 1043 1044
f 1043 1045 1044
f 1044 1045 1046
f 1044 1046 939
f 939 1046 1047
f 939 1047 937
f 938 1048 1049
f 833 838 834
f 834 838 945
f 834 945 1050
f 1050 945 948
f 1050 948 1051
f 1051 948 950
f 1051 950 1052
f 1052 950 953
f 1052 953 1053
f 1053 953 956
f 1053 956 1054
f 1054 956 958
f 1054 958 1055
f 1055 958 961
f 1055 961 1056
f 1056 961 964
f 1056 964 1057
f 1057 964 966
f 1057 966 1058
f 830 968 831
f 831 968 971
f 831 971 1059
f 1059 971 973
f 1059 973 1060
f 1060 973 976
f 1060 976 1061
f 1061 976 979
f 1061 979 1062
f 1062 979 981
f 1062 981 1063
f 1063 981 984
f 1063 984 1064
f 1064 984 987
f 1064 987 1065
f 1065 987 991
f 1065 991 1066
f 1066 991 989
f 1066 989 1067
f 827 836 828
f 828 836 998
f 828 998 1068
f 1068 998 1001
f 1068 1001 1069
f 1069 1001 1004
f 1069 1004 1070
f 1070 1004 1006
f 1070 1006 1071
f 1071 1006 1009
f 1071 1009 1072
f 1072 1009 1012
f 1072 1012 1073
f 1073 1012 1015
f 1073 1015 1074
f 1074 1015 1017
f 1074 1017 1075
f 1075 1017 1019
f 1075 1019 1076
f 938 1049 939
f 939 1049 1077
f 939 1077 1044
f 1044 1077 1078
f 1044 1078 1042
f 1042 1078 1079
f 1042 1079 1039
f 1039 1079 1080
f 1039 1080 1036
f 1036 1080 1081
f 1036 1081 1034
f 1034 1081 1082
f 1034 1082 1031
f 1031 1082 1083
f 1031 1083 1028
f 1028 1083 1084
f 1028 1084 1025
f 1025 1084 1085
f 1025 1085 1022
f 882 877 1086
f 1086 877 876
f 1086 876 1048
f 832 834 1087
f 1087 834 1050
f 1087 1050 1088
f 1088 1050 1051
f 1088 1051 1089
f 1089 1051 1052
f 1089 1052 1090
f 1090 1052 1053
f 1090 1053 1091
f 1091 1053 1054
f 1091 1054 892
f 892 1054 1055
f 892 1055 893
f 893 1055 1056
f 893 1056 895
f 895 1056 1057
f 895 1057 896
f 896 1057 1058
f 896 1058 898
f 829 831 1092
f 1092 831 1059
f 1092 1059 1093
f 1093 1059 1060
f 1093 1060 1094
f 1094 1060 1061
f 1094 1061 1095
f 1095 1061 1062
f 1095 1062 1096
f 1096 1062 1063
f 1096 1063 913
f 913 1063 1064
f 913 1064 914
f 914 1064 1065
f 914 1065 916
f 916 1065 1066
f 916 1066 917
f 917 1066 1067
f 917 1067 919
f 826 828 1097
f 1097 828 1068
f 1097 1068 1098
f 1098 1068 1069
f 1098 1069 1099
f 1099 1069 1070
f 1099 1070 1100
f 1100 1070 1071
f 1100 1071 1101
f 1101 1071 1072
f 1101 1072 934
f 934 1072 1073
f 934 1073 935
f 935 1073 1074
f 935 1074 936
f 936 1074 1075
f 936 1075 855
f 855 1075 1076
f 855 1076 857
f 1048 876 1049
f 1049 876 875
f 1049 875 1077
f 1077 875 873
f 1077 873 1078
f 1078 873 872
f 1078 872 1079
f 1079 872 1102
f 1079 1102 1080
f 1080 1102 1103
f 1080 1103 1081
f 1081 1103 1104
f 1081 1104 1082
f 1082 1104 1105
f 1082 1105 1083
f 1083 1105 1106
f 1083 1106 1084
f 1084 1106 1107
f 1084 1107 1085
f 937 940 938
f 938 940 837
f 938 837 1048
f 1048 837 833
f 1048 833 1086
f 1086 833 832
f 1086 832 882
f 882 832 1087
f 882 1087 880
f 880 1087 1088
f 880 1088 884
f 884 1088 1089
f 884 1089 886
f 886 1089 1090
f 886 1090 888
f 888 1090 1091
f 888 1091 889
f 889 1091 892
f 889 892 850
f 850 892 894
f 850 894 848
f 965 839 966
f 966 839 841
f 966 841 1058
f 1058 841 830
f 1058 830 898
f 898 830 829
f 898 829 899
f 899 829 1092
f 899 1092 902
f 902 1092 1093
f 902 1093 905
f 905 1093 1094
f 905 1094 907
f 907 1094 1095
f 907 1095 909
f 909 1095 1096
f 909 1096 910
f 910 1096 913
f 910 913 847
f 847 913 915
f 847 915 845
f 988 994 989
f 989 994 835
f 989 835 1067
f 1067 835 827
f 1067 827 919
f 919 827 826
f 919 826 920
f 920 826 1097
f 920 1097 923
f 923 1097 1098
f 923 1098 926
f 926 1098 1099
f 926 1099 928
f 928 1099 1100
f 928 1100 930
f 930 1100 1101
f 930 1101 931
f 931 1101 934
f 931 934 844
f 844 934 854
f 844 854 842
f 1018 1023 1019
f 1019 1023 1022
f 1019 1022 1076
f 1076 1022 1085
f 1076 1085 857
f 857 1085 1107
f 857 1107 858
f 858 1107 1106
f 858 1106 861
f 861 1106 1105
f 861 1105 864
f 864 1105 1104
f 864 1104 866
f 866 1104 1103
f 866 1103 868
f 868 1103 1102
f 868 1102 869
f 869 1102 872
f 869 872 853
f 853 872 874
f 853 874 851
f 1108 1109 1110
f 1111 1112 1110
f 1110 1112 1113
f 1110 1113 1108
f 1114 1115 1110
f 1110 1115 1116
f 1110 1116 1111
f 1117 1118 1110
f 1110 1118 1119
f 1110 1119 1114
f 1120 1121 1110
f 1110 1121 1122
f 1110 1122 1117
f 1123 1124 1110
f 1110 1124 1125
f 1110 1125 1120
f 1126 1127 1110
f 1110 1127 1128
f 1110 1128 1123
f 1109 1129 1110
f 1110 1129 1130
f 1110 1130 1126
f 1108 1131 1109
f 1109 1131 1132
f 1109 1132 1129
f 1129 1132 1133
f 1129 1133 1130
f 1130 1133 1134
f 1130 1134 1126
f 1126 1134 1135
f 1126 1135 1127
f 1127 1135 1136
f 1127 1136 1128
f 1128 1136 1137
f 1128 1137 1123
f 1123 1137 1138
f 1123 1138 1124
f 1124 1138 1139
f 1124 1139 1125
f 1125 1139 1140
f 1125 1140 1120
f 1120 1140 1141
f 1120 1141 1121
f 1121 1141 1142
f 1121 1142 1122
f 1122 1142 1143
f 1122 1143 1117
f 1117 1143 1144
f 1117 1144 1118
f 1118 1144 1145
f 1118 1145 1119
f 1119 1145 1146
f 1119 1146 1114
f 1114 1146 1147
f 1114 1147 1115
f 1115 1147 1148
f 1115 1148 1116
f 1116 1148 1149
f 1116 1149 1111
f 1111 1149 1150
f 1111 1150 1112
f 1112 1150 1151
f 1112 1151 1113
f 1113 1151 1152
f 1113 1152 1108
f 1108 1152 1131
f 1150 1153 1151
f 1151 1153 1154
f 1151 1154 1152
f 1152 1154 1155
f 1152 1155 1131
f 1145 1156 1146
f 1146 1156 1157
f 1146 1157 1147
f 1147 1157 1158
f 1147 1158 1148
f 1138 1159 1139
f 1139 1159 1160
f 1139 1160 1140
f 1136 1161 1137
f 1137 1161 1162
f 1137 1162 1138
f 1138 1162 1163
f 1138 1163 1159
f 1158 1164 1148
f 1148 1164 1165
f 1148 1165 1149
f 1149 1165 1166
f 1149 1166 1150
f 1150 1166 1167
f 1150 1167 1153
f 1143 1168 1144
f 1144 1168 1169
f 1144 1169 1145
f 1145 1169 1170
f 1145 1170 1156
f 1160 1171 1140
f 1140 1171 1172
f 1140 1172 1141
f 1141 1172 1173
f 1141 1173 1142
f 1142 1173 1174
f 1142 1174 1143
f 1143 1174 1175
f 1143 1175 1168
f 1133 1176 1134
f 1134 1176 1177
f 1134 1177 1135
f 1135 1177 1178
f 1135 1178 1136
f 1136 1178 1179
f 1136 1179 1161
f 1155 1180 1131
f 1131 1180 1181
f 1131 1181 1132
f 1132 1181 1182
f 1132 1182 1133
f 1133 1182 1183
f 1133 1183 1176
f 1155 1154 965
f 1153 840 1154
f 1154 840 839
f 1154 839 965
f 972 970 1167
f 1167 970 969
f 1167 969 1153
f 1153 969 967
f 1153 967 840
f 972 1167 974
f 974 1167 1166
f 974 1166 975
f 975 1166 977
f 977 1166 1165
f 977 1165 978
f 1164 982 1165
f 1165 982 980
f 1165 980 978
f 1158 985 1164
f 1164 985 983
f 1164 983 982
f 990 992 1157
f 1157 992 993
f 1157 993 1158
f 1158 993 986
f 1158 986 985
f 990 1157 988
f 988 1157 1156
f 988 1156 994
f 994 1156 995
f 995 1156 1170
f 995 1170 996
f 1169 999 1170
f 1170 999 997
f 1170 997 996
f 1005 1003 1168
f 1168 1003 1002
f 1168 1002 1169
f 1169 1002 1000
f 1169 1000 999
f 1005 1168 1007
f 1007 1168 1175
f 1007 1175 1008
f 1008 1175 1010
f 1010 1175 1174
f 1010 1174 1011
f 1011 1174 1013
f 1013 1174 1173
f 1013 1173 1014
f 1172 1021 1173
f 1173 1021 1016
f 1173 1016 1014
f 1024 1023 1171
f 1171 1023 1018
f 1171 1018 1172
f 1172 1018 1020
f 1172 1020 1021
f 1024 1171 1026
f 1026 1171 1160
f 1026 1160 1027
f 1027 1160 1029
f 1029 1160 1159
f 1029 1159 1030
f 1030 1159 1032
f 1032 1159 1163
f 1032 1163 1033
f 1162 1037 1163
f 1163 1037 1035
f 1163 1035 1033
f 1043 1041 1161
f 1161 1041 1040
f 1161 1040 1162
f 1162 1040 1038
f 1162 1038 1037
f 1043 1161 1045
f 1045 1161 1179
f 1045 1179 1046
f 1046 1179 1047
f 1047 1179 1178
f 1047 1178 937
f 1177 941 1178
f 1178 941 940
f 1178 940 937
f 1176 943 1177
f 1177 943 942
f 1177 942 941
f 949 947 1183
f 1183 947 946
f 1183 946 1176
f 1176 946 944
f 1176 944 943
f 949 1183 951
f 951 1183 1182
f 951 1182 952
f 952 1182 954
f 954 1182 1181
f 954 1181 955
f 1180 959 1181
f 1181 959 957
f 1181 957 955
f 965 963 1155
f 1155 963 962
f 1155 962 1180
f 1180 962 960
f 1180 960 959
f 860 1184 862
f 862 1184 858
f 1185 1186 1187
f 856 858 1184
f 854 856 1188
f 1188 856 1184
f 1188 1184 1189
f 1189 1184 1190
f 1189 1190 1187
f 1187 1190 1191
f 1187 1191 1185
f 1188 842 854
f 922 1192 924
f 924 1192 920
f 1193 1194 1195
f 918 920 1192
f 915 918 1196
f 1196 918 1192
f 1196 1192 1197
f 1197 1192 1198
f 1197 1198 1195
f 1195 1198 1199
f 1195 1199 1193
f 1196 845 915
f 901 1200 903
f 903 1200 899
f 1201 1202 1203
f 897 899 1200
f 894 897 1204
f 1204 897 1200
f 1204 1200 1205
f 1205 1200 1206
f 1205 1206 1203
f 1203 1206 1207
f 1203 1207 1201
f 1204 848 894
f 879 1208 881
f 881 1208 882
f 877 882 1208
f 874 877 1209
f 1209 877 1208
f 1209 1208 1210
f 1210 1208 1211
f 1210 1211 1212
f 1212 1211 1213
f 1212 1213 1214
f 1214 1213 1215
f 1209 851 874
f 1216 1202 1201
f 1217 1186 1185
f 1194 1193 1218
f 1218 1193 1217
f 1218 1217 1219
f 1219 1217 1185
f 1214 1215 1219
f 1219 1215 1216
f 1219 1216 1218
f 1218 1216 1201
f 1187 1186 1217
f 842 1188 843
f 843 1188 1189
f 843 1189 933
f 933 1189 1187
f 933 1187 932
f 932 1187 1217
f 1217 1193 1199
f 1198 1192 922
f 922 921 1198
f 1198 921 925
f 1198 925 1199
f 1199 925 927
f 1199 927 1217
f 1217 927 929
f 1217 929 932
f 1195 1194 1218
f 845 1196 846
f 846 1196 1197
f 846 1197 912
f 912 1197 1195
f 912 1195 911
f 911 1195 1218
f 1218 1201 1207
f 1206 1200 901
f 901 900 1206
f 1206 900 904
f 1206 904 1207
f 1207 904 906
f 1207 906 1218
f 1218 906 908
f 1218 908 911
f 1212 1214 1219
f 851 1209 852
f 852 1209 1210
f 852 1210 871
f 871 1210 1212
f 871 1212 870
f 870 1212 1219
f 1219 1185 1191
f 1190 1184 860
f 860 859 1190
f 1190 859 863
f 1190 863 1191
f 1191 863 865
f 1191 865 1219
f 1219 865 867
f 1219 867 870
f 1203 1202 1216
f 848 1204 849
f 849 1204 1205
f 849 1205 891
f 891 1205 1203
f 891 1203 890
f 890 1203 1216
f 1216 1215 1213
f 1211 1208 879
f 879 878 1211
f 1211 878 883
f 1211 883 1213
f 1213 883 885
f 1213 885 1216
f 1216 885 887
f 1216 887 890
f 1220 1221 1222
f 1223 1224 1225
f 1226 1227 1228
f 1221 1229 1230
f 1227 1231 1232
f 1233 1234 1235
f 1236 1237 1238
f 1239 1240 1241
f 1242 1243 1244
f 1245 1246 1247
f 1248 1249 1250
f 1250 1249 1251
f 1250 1251 1252
f 1253 1254 1255
f 1255 1254 1256
f 1255 1256 1252
f 1253 1255 1257
f 1257 1255 1258
f 1257 1258 1259
f 1259 1258 1260
f 1259 1260 1261
f 1260 1262 1261
f 1261 1262 1263
f 1261 1263 1264
f 1247 1246 1263
f 1263 1246 1265
f 1263 1265 1264
f 1266 1267 1268
f 1267 1269 1268
f 1268 1269 1270
f 1268 1270 1271
f 1272 1273 1274
f 1274 1273 1275
f 1274 1275 1276
f 1272 1274 1277
f 1277 1274 1278
f 1277 1278 1279
f 1279 1278 1280
f 1279 1280 1281
f 1280 1282 1281
f 1281 1282 1283
f 1281 1283 1284
f 1244 1243 1283
f 1283 1243 1285
f 1283 1285 1284
f 1286 1287 1288
f 1287 1289 1288
f 1288 1289 1290
f 1288 1290 1291
f 1291 1290 1292
f 1291 1292 1293
f 1294 1295 1296
f 1296 1295 1297
f 1296 1297 1293
f 1294 1296 1298
f 1298 1296 1299
f 1298 1299 1300
f 1300 1299 1301
f 1300 1301 1302
f 1301 1303 1302
f 1302 1303 1304
f 1302 1304 1305
f 1241 1240 1304
f 1304 1240 1306
f 1304 1306 1305
f 1307 1308 1309
f 1308 1310 1309
f 1309 1310 1311
f 1309 1311 1312
f 1312 1311 1313
f 1312 1313 1314
f 1315 1316 1317
f 1317 1316 1318
f 1317 1318 1314
f 1315 1317 1319
f 1319 1317 1320
f 1319 1320 1321
f 1321 1320 1322
f 1321 1322 1323
f 1322 1324 1323
f 1323 1324 1325
f 1323 1325 1326
f 1238 1237 1325
f 1325 1237 1327
f 1325 1327 1326
f 1328 1329 1248
f 1248 1329 1330
f 1248 1330 1249
f 1331 1332 1333
f 1334 1335 1231
f 1231 1335 1336
f 1231 1336 1232
f 1336 1337 1232
f 1232 1337 1338
f 1232 1338 1339
f 1338 1340 1339
f 1339 1340 1341
f 1339 1341 1342
f 1342 1341 1343
f 1342 1343 1344
f 1343 1345 1344
f 1344 1345 1346
f 1344 1346 1347
f 1346 1348 1347
f 1347 1348 1349
f 1347 1349 1350
f 1350 1349 1351
f 1350 1351 1352
f 1351 1353 1352
f 1352 1353 1354
f 1352 1354 1355
f 1354 1356 1355
f 1355 1356 1357
f 1355 1357 1358
f 1358 1357 1359
f 1358 1359 1360
f 1234 1361 1235
f 1235 1361 1362
f 1235 1362 1224
f 1361 1363 1362
f 1362 1363 1364
f 1362 1364 1365
f 1365 1364 1366
f 1365 1366 1367
f 1366 1368 1367
f 1367 1368 1369
f 1367 1369 1370
f 1369 1371 1370
f 1370 1371 1372
f 1370 1372 1373
f 1373 1372 1374
f 1373 1374 1375
f 1374 1376 1375
f 1375 1376 1377
f 1375 1377 1378
f 1377 1379 1378
f 1378 1379 1380
f 1378 1380 1381
f 1382 1383 1384
f 1384 1383 1385
f 1384 1385 1386
f 1386 1385 1381
f 1386 1381 1387
f 1387 1381 1380
f 1388 1389 1229
f 1229 1389 1390
f 1229 1390 1230
f 1230 1390 1391
f 1230 1391 1392
f 1391 1393 1392
f 1392 1393 1394
f 1392 1394 1395
f 1394 1396 1395
f 1395 1396 1397
f 1395 1397 1398
f 1398 1397 1399
f 1398 1399 1400
f 1399 1401 1400
f 1400 1401 1402
f 1400 1402 1403
f 1402 1404 1403
f 1403 1404 1405
f 1403 1405 1406
f 1405 1407 1406
f 1406 1407 1408
f 1406 1408 1409
f 1409 1408 1410
f 1409 1410 1411
f 1412 1413 1414
f 1414 1413 1411
f 1414 1411 1415
f 1415 1411 1410
f 1416 1417 1418
f 1416 1418 1419
f 1418 1420 1419
f 1419 1420 1421
f 1419 1421 1422
f 1421 1423 1422
f 1422 1423 1424
f 1422 1424 1425
f 1424 1426 1425
f 1425 1426 1427
f 1425 1427 1428
f 1428 1427 1429
f 1428 1429 1430
f 1429 1431 1430
f 1430 1431 1432
f 1430 1432 1433
f 1432 1434 1433
f 1433 1434 1435
f 1433 1435 1436
f 1436 1435 1437
f 1436 1437 1438
f 1437 1439 1438
f 1438 1439 1440
f 1438 1440 1333
f 1333 1440 1441
f 1333 1441 1331
f 1332 1442 1443
f 1227 1232 1228
f 1228 1232 1339
f 1228 1339 1444
f 1444 1339 1342
f 1444 1342 1445
f 1445 1342 1344
f 1445 1344 1446
f 1446 1344 1347
f 1446 1347 1447
f 1447 1347 1350
f 1447 1350 1448
f 1448 1350 1352
f 1448 1352 1449
f 1449 1352 1355
f 1449 1355 1450
f 1450 1355 1358
f 1450 1358 1451
f 1451 1358 1360
f 1451 1360 1452
f 1224 1362 1225
f 1225 1362 1365
f 1225 1365 1453
f 1453 1365 1367
f 1453 1367 1454
f 1454 1367 1370
f 1454 1370 1455
f 1455 1370 1373
f 1455 1373 1456
f 1456 1373 1375
f 1456 1375 1457
f 1457 1375 1378
f 1457 1378 1458
f 1458 1378 1381
f 1458 1381 1459
f 1459 1381 1385
f 1459 1385 1460
f 1460 1385 1383
f 1460 1383 1461
f 1221 1230 1222
f 1222 1230 1392
f 1222 1392 1462
f 1462 1392 1395
f 1462 1395 1463
f 1463 1395 1398
f 1463 1398 1464
f 1464 1398 1400
f 1464 1400 1465
f 1465 1400 1403
f 1465 1403 1466
f 1466 1403 1406
f 1466 1406 1467
f 1467 1406 1409
f 1467 1409 1468
f 1468 1409 1411
f 1468 1411 1469
f 1469 1411 1413
f 1469 1413 1470
f 1332 1443 1333
f 1333 1443 1471
f 1333 1471 1438
f 1438 1471 1472
f 1438 1472 1436
f 1436 1472 1473
f 1436 1473 1433
f 1433 1473 1474
f 1433 1474 1430
f 1430 1474 1475
f 1430 1475 1428
f 1428 1475 1476
f 1428 1476 1425
f 1425 1476 1477
f 1425 1477 1422
f 1422 1477 1478
f 1422 1478 1419
f 1419 1478 1479
f 1419 1479 1416
f 1276 1271 1480
f 1480 1271 1270
f 1480 1270 1442
f 1226 1228 1481
f 1481 1228 1444
f 1481 1444 1482
f 1482 1444 1445
f 1482 1445 1483
f 1483 1445 1446
f 1483 1446 1484
f 1484 1446 1447
f 1484 1447 1485
f 1485 1447 1448
f 1485 1448 1286
f 1286 1448 1449
f 1286 1449 1287
f 1287 1449 1450
f 1287 1450 1289
f 1289 1450 1451
f 1289 1451 1290
f 1290 1451 1452
f 1290 1452 1292
f 1223 1225 1486
f 1486 1225 1453
f 1486 1453 1487
f 1487 1453 1454
f 1487 1454 1488
f 1488 1454 1455
f 1488 1455 1489
f 1489 1455 1456
f 1489 1456 1490
f 1490 1456 1457
f 1490 1457 1307
f 1307 1457 1458
f 1307 1458 1308
f 1308 1458 1459
f 1308 1459 1310
f 1310 1459 1460
f 1310 1460 1311
f 1311 1460 1461
f 1311 1461 1313
f 1220 1222 1491
f 1491 1222 1462
f 1491 1462 1492
f 1492 1462 1463
f 1492 1463 1493
f 1493 1463 1464
f 1493 1464 1494
f 1494 1464 1465
f 1494 1465 1495
f 1495 1465 1466
f 1495 1466 1328
f 1328 1466 1467
f 1328 1467 1329
f 1329 1467 1468
f 1329 1468 1330
f 1330 1468 1469
f 1330 1469 1249
f 1249 1469 1470
f 1249 1470 1251
f 1442 1270 1443
f 1443 1270 1269
f 1443 1269 1471
f 1471 1269 1267
f 1471 1267 1472
f 1472 1267 1266
f 1472 1266 1473
f 1473 1266 1496
f 1473 1496 1474
f 1474 1496 1497
f 1474 1497 1475
f 1475 1497 1498
f 1475 1498 1476
f 1476 1498 1499
f 1476 1499 1477
f 1477 1499 1500
f 1477 1500 1478
f 1478 1500 1501
f 1478 1501 1479
f 1331 1334 1332
f 1332 1334 1231
f 1332 1231 1442
f 1442 1231 1227
f 1442 1227 1480
f 1480 1227 1226
f 1480 1226 1276
f 1276 1226 1481
f 1276 1481 1274
f 1274 1481 1482
f 1274 1482 1278
f 1278 1482 1483
f 1278 1483 1280
f 1280 1483 1484
f 1280 1484 1282
f 1282 1484 1485
f 1282 1485 1283
f 1283 1485 1286
f 1283 1286 1244
f 1244 1286 1288
f 1244 1288 1242
f 1359 1233 1360
f 1360 1233 1235
f 1360 1235 1452
f 1452 1235 1224
f 1452 1224 1292
f 1292 1224 1223
f 1292 1223 1293
f 1293 1223 1486
f 1293 1486 1296
f 1296 1486 1487
f 1296 1487 1299
f 1299 1487 1488
f 1299 1488 1301
f 1301 1488 1489
f 1301 1489 1303
f 1303 1489 1490
f 1303 1490 1304
f 1304 1490 1307
f 1304 1307 1241
f 1241 1307 1309
f 1241 1309 1239
f 1382 1388 1383
f 1383 1388 1229
f 1383 1229 1461
f 1461 1229 1221
f 1461 1221 1313
f 1313 1221 1220
f 1313 1220 1314
f 1314 1220 1491
f 1314 1491 1317
f 1317 1491 1492
f 1317 1492 1320
f 1320 1492 1493
f 1320 1493 1322
f 1322 1493 1494
f 1322 1494 1324
f 1324 1494 1495
f 1324 1495 1325
f 1325 1495 1328
f 1325 1328 1238
f 1238 1328 1248
f 1238 1248 1236
f 1412 1417 1413
f 1413 1417 1416
f 1413 1416 1470
f 1470 1416 1479
f 1470 1479 1251
f 1251 1479 1501
f 1251 1501 1252
f 1252 1501 1500
f 1252 1500 1255
f 1255 1500 1499
f 1255 1499 1258
f 1258 1499 1498
f 1258 1498 1260
f 1260 1498 1497
f 1260 1497 1262
f 1262 1497 1496
f 1262 1496 1263
f 1263 1496 1266
f 1263 1266 1247
f 1247 1266 1268
f 1247 1268 1245
f 1502 1503 1504
f 1505 1506 1504
f 1504 1506 1507
f 1504 1507 1502
f 1508 1509 1504
f 1504 1509 1510
f 1504 1510 1505
f 1511 1512 1504
f 1504 1512 1513
f 1504 1513 1508
f 1514 1515 1504
f 1504 1515 1516
f 1504 1516 1511
f 1517 1518 1504
f 1504 1518 1519
f 1504 1519 1514
f 1520 1521 1504
f 1504 1521 1522
f 1504 1522 1517
f 1503 1523 1504
f 1504 1523 1524
f 1504 1524 1520
f 1502 1525 1503
f 1503 1525 1526
f 1503 1526 1523
f 1523 1526 1527
f 1523 1527 1524
f 1524 1527 1528
f 1524 1528 1520
f 1520 1528 1529
f 1520 1529 1521
f 1521 1529 1530
f 1521 1530 1522
f 1522 1530 1531
f 1522 1531 1517
f 1517 1531 1532
f 1517 1532 1518
f 1518 1532 1533
f 1518 1533 1519
f 1519 1533 1534
f 1519 1534 1514
f 1514 1534 1535
f 1514 1535 1515
f 1515 1535 1536
f 1515 1536 1516
f 1516 1536 1537
f 1516 1537 1511
f 1511 1537 1538
f 1511 1538 1512
f 1512 1538 1539
f 1512 1539 1513
f 1513 1539 1540
f 1513 1540 1508
f 1508 1540 1541
f 1508 1541 1509
f 1509 1541 1542
f 1509 1542 1510
f 1510 1542 1543
f 1510 1543 1505
f 1505 1543 1544
f 1505 1544 1506
f 1506 1544 1545
f 1506 1545 1507
f 1507 1545 1546
f 1507 1546 1502
f 1502 1546 1525
f 1544 1547 1545
f 1545 1547 1548
f 1545 1548 1546
f 1546 1548 1549
f 1546 1549 1525
f 1539 1550 1540
f 1540 1550 1551
f 1540 1551 1541
f 1541 1551 1552
f 1541 1552 1542
f 1532 1553 1533
f 1533 1553 1554
f 1533 1554 1534
f 1530 1555 1531
f 1531 1555 1556
f 1531 1556 1532
f 1532 1556 1557
f 1532 1557 1553
f 1552 1558 1542
f 1542 1558 1559
f 1542 1559 1543
f 1543 1559 1560
f 1543 1560 1544
f 1544 1560 1561
f 1544 1561 1547
f 1537 1562 1538
f 1538 1562 1563
f 1538 1563 1539
f 1539 1563 1564
f 1539 1564 1550
f 1554 1565 1534
f 1534 1565 1566
f 1534 1566 1535
f 1535 1566 1567
f 1535 1567 1536
f 1536 1567 1568
f 1536 1568 1537
f 1537 1568 1569
f 1537 1569 1562
f 1527 1570 1528
f 1528 1570 1571
f 1528 1571 1529
f 1529 1571 1572
f 1529 1572 1530
f 1530 1572 1573
f 1530 1573 1555
f 1549 1574 1525
f 1525 1574 1575
f 1525 1575 1526
f 1526 1575 1576
f 1526 1576 1527
f 1527 1576 1577
f 1527 1577 1570
f 1549 1548 1359
f 1547 1234 1548
f 1548 1234 1233
f 1548 1233 1359
f 1366 1364 1561
f 1561 1364 1363
f 1561 1363 1547
f 1547 1363 1361
f 1547 1361 1234
f 1366 1561 1368
f 1368 1561 1560
f 1368 1560 1369
f 1369 1560 1371
f 1371 1560 1559
f 1371 1559 1372
f 1558 1376 1559
f 1559 1376 1374
f 1559 1374 1372
f 1552 1379 1558
f 1558 1379 1377
f 1558 1377 1376
f 1384 1386 1551
f 1551 1386 1387
f 1551 1387 1552
f 1552 1387 1380
f 1552 1380 1379
f 1384 1551 1382
f 1382 1551 1550
f 1382 1550 1388
f 1388 1550 1389
f 1389 1550 1564
f 1389 1564 1390
f 1563 1393 1564
f 1564 1393 1391
f 1564 1391 1390
f 1399 1397 1562
f 1562 1397 1396
f 1562 1396 1563
f 1563 1396 1394
f 1563 1394 1393
f 1399 1562 1401
f 1401 1562 1569
f 1401 1569 1402
f 1402 1569 1404
f 1404 1569 1568
f 1404 1568 1405
f 1405 1568 1407
f 1407 1568 1567
f 1407 1567 1408
f 1566 1415 1567
f 1567 1415 1410
f 1567 1410 1408
f 1418 1417 1565
f 1565 1417 1412
f 1565 1412 1566
f 1566 1412 1414
f 1566 1414 1415
f 1418 1565 1420
f 1420 1565 1554
f 1420 1554 1421
f 1421 1554 1423
f 1423 1554 1553
f 1423 1553 1424
f 1424 1553 1426
f 1426 1553 1557
f 1426 1557 1427
f 1556 1431 1557
f 1557 1431 1429
f 1557 1429 1427
f 1437 1435 1555
f 1555 1435 1434
f 1555 1434 1556
f 1556 1434 1432
f 1556 1432 1431
f 1437 1555 1439
f 1439 1555 1573
f 1439 1573 1440
f 1440 1573 1441
f 1441 1573 1572
f 1441 1572 1331
f 1571 1335 1572
f 1572 1335 1334
f 1572 1334 1331
f 1570 1337 1571
f 1571 1337 1336
f 1571 1336 1335
f 1343 1341 1577
f 1577 1341 1340
f 1577 1340 1570
f 1570 1340 1338
f 1570 1338 1337
f 1343 1577 1345
f 1345 1577 1576
f 1345 1576 1346
f 1346 1576 1348
f 1348 1576 1575
f 1348 1575 1349
f 1574 1353 1575
f 1575 1353 1351
f 1575 1351 1349
f 1359 1357 1549
f 1549 1357 1356
f 1549 1356 1574
f 1574 1356 1354
f 1574 1354 1353
f 1254 1578 1256
f 1256 1578 1252
f 1579 1580 1581
f 1250 1252 1578
f 1248 1250 1582
f 1582 1250 1578
f 1582 1578 1583
f 1583 1578 1584
f 1583 1584 1581
f 1581 1584 1585
f 1581 1585 1579
f 1582 1236 1248
f 1316 1586 1318
f 1318 1586 1314
f 1587 1588 1589
f 1312 1314 1586
f 1309 1312 1590
f 1590 1312 1586
f 1590 1586 1591
f 1591 1586 1592
f 1591 1592 1589
f 1589 1592 1593
f 1589 1593 1587
f 1590 1239 1309
f 1295 1594 1297
f 1297 1594 1293
f 1595 1596 1597
f 1291 1293 1594
f 1288 1291 1598
f 1598 1291 1594
f 1598 1594 1599
f 1599 1594 1600
f 1599 1600 1597
f 1597 1600 1601
f 1597 1601 1595
f 1598 1242 1288
f 1273 1602 1275
f 1275 1602 1276
f 1271 1276 1602
f 1268 1271 1603
f 1603 1271 1602
f 1603 1602 1604
f 1604 1602 1605
f 1604 1605 1606
f 1606 1605 1607
f 1606 1607 1608
f 1608 1607 1609
f 1603 1245 1268
f 1610 1596 1595
f 1611 1580 1579
f 1588 1587 1612
f 1612 1587 1611
f 1612 1611 1613
f 1613 1611 1579
f 1608 1609 1613
f 1613 1609 1610
f 1613 1610 1612
f 1612 1610 1595
f 1581 1580 1611
f 1236 1582 1237
f 1237 1582 1583
f 1237 1583 1327
f 1327 1583 1581
f 1327 1581 1326
f 1326 1581 1611
f 1611 1587 1593
f 1592 1586 1316
f 1316 1315 1592
f 1592 1315 1319
f 1592 1319 1593
f 1593 1319 1321
f 1593 1321 1611
f 1611 1321 1323
f 1611 1323 1326
f 1589 1588 1612
f 1239 1590 1240
f 1240 1590 1591
f 1240 1591 1306
f 1306 1591 1589
f 1306 1589 1305
f 1305 1589 1612
f 1612 1595 1601
f 1600 1594 1295
f 1295 1294 1600
f 1600 1294 1298
f 1600 1298 1601
f 1601 1298 1300
f 1601 1300 1612
f 1612 1300 1302
f 1612 1302 1305
f 1606 1608 1613
f 1245 1603 1246
f 1246 1603 1604
f 1246 1604 1265
f 1265 1604 1606
f 1265 1606 1264
f 1264 1606 1613
f 1613 1579 1585
f 1584 1578 1254
f 1254 1253 1584
f 1584 1253 1257
f 1584 1257 1585
f 1585 1257 1259
f 1585 1259 1613
f 1613 1259 1261
f 1613 1261 1264
f 1597 1596 1610
f 1242 1598 1243
f 1243 1598 1599
f 1243 1599 1285
f 1285 1599 1597
f 1285 1597 1284
f 1284 1597 1610
f 1610 1609 1607
f 1605 1602 1273
f 1273 1272 1605
f 1605 1272 1277
f 1605 1277 1607
f 1607 1277 1279
f 1607 1279 1610
f 1610 1279 1281
f 1610 1281 1284
f 1614 1615 1616
f 1617 1618 1619
f 1620 1621 1622
f 1623 1624 1625
f 1626 1627 1628
f 1629 1630 1631
f 1632 1633 1634
f 1635 1636 1637
f 1637 1636 1638
f 1637 1638 1639
f 1638 1640 1639
f 1639 1640 1634
f 1639 1634 1641
f 1641 1634 1633
f 1642 1643 1644
f 1644 1643 1645
f 1644 1645 1646
f 1646 1645 1647
f 1648 1645 1649
f 1649 1645 1650
f 1648 1651 1645
f 1645 1651 1652
f 1645 1652 1647
f 1643 1653 1654
f 1655 1656 1657
f 1657 1656 1658
f 1657 1658 1659
f 1659 1658 1660
f 1659 1660 1661
f 1654 1662 1643
f 1643 1662 1663
f 1643 1663 1645
f 1645 1663 1664
f 1645 1664 1665
f 1665 1666 1645
f 1645 1666 1667
f 1645 1667 1650
f 1650 1667 1668
f 1650 1668 1669
f 1669 1668 1670
f 1669 1670 1671
f 1671 1670 1661
f 1671 1661 1672
f 1672 1661 1660
f 1630 1629 1643
f 1629 1673 1643
f 1643 1673 1674
f 1643 1674 1675
f 1655 1653 1656
f 1656 1653 1643
f 1656 1643 1676
f 1676 1643 1675
f 1677 1678 1679
f 1679 1678 1680
f 1679 1680 1681
f 1626 1628 1682
f 1683 1684 1685
f 1685 1684 1686
f 1685 1686 1625
f 1625 1686 1687
f 1625 1687 1623
f 1688 1689 1690
f 1690 1689 1691
f 1692 1693 1622
f 1693 1694 1622
f 1622 1694 1695
f 1622 1695 1685
f 1685 1695 1696
f 1696 1697 1685
f 1685 1697 1698
f 1685 1698 1683
f 1689 1699 1691
f 1691 1699 1700
f 1691 1700 1701
f 1701 1700 1702
f 1701 1702 1703
f 1703 1702 1683
f 1703 1683 1704
f 1704 1683 1698
f 1690 1692 1688
f 1688 1692 1622
f 1688 1622 1705
f 1705 1622 1621
f 1706 1707 1708
f 1708 1707 1709
f 1617 1619 1710
f 1640 1711 1712
f 1630 1713 1714
f 1712 1715 1640
f 1640 1715 1716
f 1640 1716 1634
f 1634 1716 1717
f 1634 1717 1718
f 1718 1719 1634
f 1634 1719 1643
f 1634 1643 1632
f 1632 1643 1642
f 1714 1711 1630
f 1630 1711 1640
f 1630 1640 1631
f 1631 1640 1720
f 1631 1720 1721
f 1719 1722 1643
f 1643 1722 1723
f 1643 1723 1630
f 1630 1723 1724
f 1630 1724 1713
f 1725 1726 1727
f 1728 1729 1638
f 1725 1727 1730
f 1730 1727 1720
f 1730 1720 1731
f 1729 1732 1638
f 1638 1732 1733
f 1638 1733 1640
f 1640 1733 1734
f 1734 1735 1640
f 1640 1735 1736
f 1640 1736 1720
f 1720 1736 1737
f 1720 1737 1731
f 1680 1738 1739
f 1740 1741 1619
f 1677 1721 1678
f 1678 1721 1720
f 1678 1720 1680
f 1680 1720 1727
f 1680 1727 1738
f 1738 1727 1742
f 1741 1743 1619
f 1619 1743 1744
f 1619 1744 1727
f 1727 1744 1745
f 1727 1745 1742
f 1739 1746 1680
f 1680 1746 1747
f 1680 1747 1748
f 1748 1747 1749
f 1748 1749 1750
f 1726 1728 1727
f 1727 1728 1638
f 1727 1638 1619
f 1619 1638 1636
f 1619 1636 1710
f 1710 1636 1635
f 1628 1751 1752
f 1753 1616 1754
f 1754 1616 1615
f 1754 1615 1755
f 1752 1756 1628
f 1628 1756 1757
f 1628 1757 1615
f 1615 1757 1758
f 1615 1758 1755
f 1753 1759 1616
f 1616 1759 1760
f 1616 1760 1748
f 1748 1760 1761
f 1748 1761 1762
f 1626 1681 1627
f 1627 1681 1680
f 1627 1680 1628
f 1628 1680 1748
f 1628 1748 1751
f 1751 1748 1762
f 1750 1740 1748
f 1748 1740 1619
f 1748 1619 1616
f 1616 1619 1618
f 1616 1618 1763
f 1763 1618 1617
f 1625 1764 1765
f 1766 1614 1767
f 1767 1614 1685
f 1767 1685 1768
f 1766 1769 1614
f 1614 1769 1770
f 1614 1770 1615
f 1615 1770 1771
f 1615 1771 1772
f 1623 1682 1624
f 1624 1682 1628
f 1624 1628 1625
f 1625 1628 1615
f 1625 1615 1764
f 1764 1615 1772
f 1765 1773 1625
f 1625 1773 1774
f 1625 1774 1685
f 1685 1774 1775
f 1685 1775 1768
f 1763 1706 1616
f 1616 1706 1708
f 1616 1708 1614
f 1614 1708 1709
f 1614 1709 1685
f 1685 1709 1776
f 1685 1776 1622
f 1622 1776 1777
f 1622 1777 1620
f 1637 1778 1635
f 1635 1778 1779
f 1635 1779 1710
f 1710 1779 1780
f 1710 1780 1617
f 1617 1780 1781
f 1617 1781 1763
f 1763 1781 1782
f 1763 1782 1706
f 1706 1782 1783
f 1706 1783 1707
f 1707 1783 1784
f 1707 1784 1709
f 1709 1784 1785
f 1709 1785 1776
f 1776 1785 1786
f 1776 1786 1777
f 1787 1721 1788
f 1788 1721 1677
f 1788 1677 1789
f 1789 1677 1679
f 1789 1679 1790
f 1790 1679 1681
f 1790 1681 1791
f 1791 1681 1626
f 1791 1626 1792
f 1792 1626 1682
f 1792 1682 1793
f 1793 1682 1623
f 1793 1623 1794
f 1794 1623 1687
f 1794 1687 1795
f 1795 1687 1686
f 1796 1797 1798
f 1781 1780 1799
f 1789 1790 1800
f 1800 1790 1791
f 1801 1802 1803
f 1804 1805 1806
f 1806 1805 1807
f 1806 1807 1808
f 1801 1803 1809
f 1802 1810 1803
f 1803 1810 1811
f 1803 1811 1812
f 1811 1813 1812
f 1812 1813 1814
f 1812 1814 1815
f 1816 1817 1803
f 1803 1817 1818
f 1803 1818 1809
f 1809 1818 1819
f 1809 1819 1820
f 1820 1819 1821
f 1820 1821 1804
f 1804 1821 1822
f 1804 1822 1805
f 1795 1823 1803
f 1803 1823 1824
f 1803 1824 1816
f 1795 1803 1794
f 1794 1803 1812
f 1794 1812 1825
f 1793 1794 1826
f 1826 1794 1825
f 1826 1825 1827
f 1828 1787 1796
f 1796 1787 1788
f 1796 1788 1797
f 1797 1788 1789
f 1797 1789 1798
f 1798 1789 1800
f 1798 1800 1827
f 1827 1800 1791
f 1827 1791 1826
f 1826 1791 1792
f 1826 1792 1793
f 1829 1830 1831
f 1831 1830 1832
f 1833 1834 1835
f 1835 1834 1836
f 1835 1836 1837
f 1837 1836 1838
f 1837 1838 1839
f 1840 1833 1841
f 1841 1833 1835
f 1841 1835 1842
f 1842 1835 1843
f 1839 1844 1837
f 1837 1844 1845
f 1837 1845 1846
f 1846 1845 1830
f 1832 1830 1847
f 1847 1830 1845
f 1847 1845 1848
f 1841 1849 1840
f 1840 1849 1850
f 1840 1850 1851
f 1851 1850 1852
f 1851 1852 1853
f 1853 1852 1854
f 1853 1854 1855
f 1855 1854 1848
f 1855 1848 1856
f 1856 1848 1845
f 1856 1845 1857
f 1857 1845 1844
f 1779 1778 1858
f 1858 1778 1859
f 1858 1859 1837
f 1837 1859 1860
f 1837 1860 1835
f 1783 1782 1861
f 1861 1782 1781
f 1861 1781 1862
f 1862 1781 1799
f 1863 1864 1784
f 1784 1864 1785
f 1785 1864 1786
f 1786 1864 1812
f 1786 1812 1807
f 1807 1812 1815
f 1807 1815 1808
f 1865 1866 1867
f 1867 1866 1868
f 1868 1866 1869
f 1869 1866 1858
f 1869 1858 1870
f 1796 1871 1872
f 1837 1873 1874
f 1846 1828 1837
f 1837 1828 1796
f 1837 1796 1873
f 1873 1796 1872
f 1874 1875 1837
f 1837 1875 1876
f 1837 1876 1858
f 1858 1876 1877
f 1858 1877 1870
f 1780 1779 1799
f 1799 1779 1858
f 1799 1858 1862
f 1862 1858 1866
f 1862 1866 1878
f 1879 1880 1866
f 1866 1880 1881
f 1866 1881 1878
f 1878 1882 1862
f 1862 1882 1883
f 1862 1883 1884
f 1798 1885 1886
f 1887 1888 1889
f 1889 1888 1890
f 1886 1879 1798
f 1798 1879 1866
f 1798 1866 1796
f 1796 1866 1865
f 1796 1865 1871
f 1783 1861 1891
f 1891 1861 1862
f 1891 1862 1889
f 1889 1862 1884
f 1889 1884 1887
f 1889 1892 1893
f 1894 1891 1895
f 1895 1891 1896
f 1827 1897 1898
f 1893 1899 1889
f 1889 1899 1900
f 1889 1900 1891
f 1891 1900 1901
f 1891 1901 1896
f 1895 1902 1894
f 1894 1902 1903
f 1894 1903 1904
f 1898 1892 1827
f 1827 1892 1889
f 1827 1889 1798
f 1798 1889 1890
f 1798 1890 1885
f 1864 1905 1906
f 1907 1812 1908
f 1908 1812 1864
f 1908 1864 1909
f 1909 1864 1906
f 1907 1910 1812
f 1812 1910 1911
f 1812 1911 1825
f 1825 1911 1912
f 1825 1912 1913
f 1914 1915 1894
f 1894 1915 1916
f 1913 1914 1825
f 1825 1914 1894
f 1825 1894 1827
f 1827 1894 1904
f 1827 1904 1897
f 1784 1783 1863
f 1863 1783 1891
f 1863 1891 1864
f 1864 1891 1894
f 1864 1894 1905
f 1905 1894 1916
f 1917 1918 1919
f 1919 1918 1920
f 1919 1920 1921
f 1921 1920 1922
f 1921 1922 1923
f 1923 1922 1924
f 1923 1924 1925
f 1925 1924 1926
f 1925 1926 1927
f 1927 1926 1928
f 1927 1928 1929
f 1929 1928 1930
f 1929 1930 1931
f 1931 1930 1932
f 1931 1932 1933
f 1933 1932 1934
f 1933 1934 1935
f 1935 1934 1936
f 1935 1936 1937
f 1937 1936 1938
f 1937 1938 1939
f 1939 1938 1940
f 1939 1940 1941
f 1941 1940 1942
f 1941 1942 1943
f 1943 1942 1944
f 1943 1944 1945
f 1945 1944 1946
f 1945 1946 1947
f 1947 1946 1948
f 1947 1948 1949
f 1949 1948 1950
f 1949 1950 1951
f 1951 1950 1952
f 1951 1952 1953
f 1953 1952 1954
f 1953 1954 1955
f 1955 1954 1956
f 1955 1956 1957
f 1957 1956 1958
f 1957 1958 1959
f 1959 1958 1960
f 1959 1960 1917
f 1917 1960 1918
f 1843 1632 1642
f 1842 1843 1961
f 1962 1854 1963
f 1963 1854 1852
f 1963 1852 1964
f 1964 1852 1850
f 1964 1850 1965
f 1965 1850 1849
f 1965 1849 1966
f 1966 1849 1841
f 1966 1841 1967
f 1967 1841 1842
f 1967 1842 1968
f 1968 1842 1961
f 1969 1832 1970
f 1970 1832 1847
f 1970 1847 1962
f 1962 1847 1848
f 1962 1848 1854
f 1675 1674 1829
f 1843 1642 1961
f 1961 1642 1644
f 1961 1644 1971
f 1971 1644 1646
f 1971 1646 1972
f 1972 1646 1647
f 1972 1647 1973
f 1973 1647 1652
f 1973 1652 1974
f 1974 1652 1651
f 1974 1651 1975
f 1975 1651 1648
f 1975 1648 1976
f 1976 1648 1649
f 1976 1649 1977
f 1977 1649 1650
f 1977 1650 1978
f 1978 1650 1669
f 1978 1669 1979
f 1979 1669 1671
f 1979 1671 1980
f 1980 1671 1672
f 1980 1672 1981
f 1981 1672 1660
f 1981 1660 1982
f 1982 1660 1658
f 1982 1658 1983
f 1983 1658 1656
f 1983 1656 1984
f 1984 1656 1676
f 1984 1676 1985
f 1985 1676 1675
f 1985 1675 1986
f 1986 1675 1829
f 1986 1829 1969
f 1969 1829 1831
f 1969 1831 1832
f 1956 1972 1958
f 1958 1972 1973
f 1958 1973 1960
f 1960 1973 1974
f 1960 1974 1918
f 1918 1974 1975
f 1918 1975 1920
f 1920 1975 1976
f 1920 1976 1922
f 1944 1964 1946
f 1946 1964 1965
f 1946 1965 1948
f 1948 1965 1966
f 1948 1966 1950
f 1950 1966 1967
f 1950 1967 1952
f 1952 1967 1968
f 1952 1968 1954
f 1954 1968 1961
f 1954 1961 1956
f 1956 1961 1971
f 1956 1971 1972
f 1934 1985 1936
f 1936 1985 1986
f 1936 1986 1938
f 1938 1986 1969
f 1938 1969 1940
f 1940 1969 1970
f 1940 1970 1942
f 1942 1970 1962
f 1942 1962 1944
f 1944 1962 1963
f 1944 1963 1964
f 1976 1977 1922
f 1922 1977 1978
f 1922 1978 1924
f 1924 1978 1979
f 1924 1979 1926
f 1926 1979 1980
f 1926 1980 1928
f 1928 1980 1981
f 1928 1981 1930
f 1930 1981 1982
f 1930 1982 1932
f 1932 1982 1983
f 1932 1983 1934
f 1934 1983 1984
f 1934 1984 1985
f 1987 1919 1988
f 1988 1919 1921
f 1988 1921 1989
f 1990 1959 1987
f 1987 1959 1917
f 1987 1917 1919
f 1991 1953 1992
f 1992 1953 1955
f 1992 1955 1990
f 1990 1955 1957
f 1990 1957 1959
f 1993 1947 1994
f 1994 1947 1949
f 1994 1949 1991
f 1991 1949 1951
f 1991 1951 1953
f 1995 1941 1996
f 1996 1941 1943
f 1996 1943 1993
f 1993 1943 1945
f 1993 1945 1947
f 1997 1937 1995
f 1995 1937 1939
f 1995 1939 1941
f 1998 1931 1999
f 1999 1931 1933
f 1999 1933 1997
f 1997 1933 1935
f 1997 1935 1937
f 1921 1923 1989
f 1989 1923 1925
f 1989 1925 2000
f 2000 1925 1927
f 2000 1927 1998
f 1998 1927 1929
f 1998 1929 1931
f 1911 1774 1912
f 1912 1774 1773
f 1912 1773 1913
f 1913 1773 1765
f 1913 1765 1914
f 1914 1765 1764
f 1914 1764 1915
f 1915 1764 1772
f 1915 1772 1916
f 1916 1772 1771
f 1916 1771 1905
f 1905 1771 1770
f 1905 1770 1906
f 1906 1770 1769
f 1906 1769 1909
f 1909 1769 1766
f 1909 1766 1908
f 1908 1766 1767
f 1908 1767 1907
f 1907 1767 1768
f 1907 1768 1910
f 1910 1768 1775
f 1910 1775 1911
f 1911 1775 1774
f 1904 1757 1897
f 1897 1757 1756
f 1897 1756 1898
f 1898 1756 1752
f 1898 1752 1892
f 1892 1752 1751
f 1892 1751 1893
f 1893 1751 1762
f 1893 1762 1899
f 1899 1762 1761
f 1899 1761 1900
f 1900 1761 1760
f 1900 1760 1901
f 1901 1760 1759
f 1901 1759 1896
f 1896 1759 1753
f 1896 1753 1895
f 1895 1753 1754
f 1895 1754 1902
f 1902 1754 1755
f 1902 1755 1903
f 1903 1755 1758
f 1903 1758 1904
f 1904 1758 1757
f 1890 1747 1885
f 1885 1747 1746
f 1885 1746 1886
f 1886 1746 1739
f 1886 1739 1879
f 1879 1739 1738
f 1879 1738 1880
f 1880 1738 1742
f 1880 1742 1881
f 1881 1742 1745
f 1881 1745 1878
f 1878 1745 1744
f 1878 1744 1882
f 1882 1744 1743
f 1882 1743 1883
f 1883 1743 1741
f 1883 1741 1884
f 1884 1741 1740
f 1884 1740 1887
f 1887 1740 1750
f 1887 1750 1888
f 1888 1750 1749
f 1888 1749 1890
f 1890 1749 1747
f 1865 1730 1871
f 1871 1730 1731
f 1871 1731 1872
f 1872 1731 1737
f 1872 1737 1873
f 1873 1737 1736
f 1873 1736 1874
f 1874 1736 1735
f 1874 1735 1875
f 1875 1735 1734
f 1875 1734 1876
f 1876 1734 1733
f 1876 1733 1877
f 1877 1733 1732
f 1877 1732 1870
f 1870 1732 1729
f 1870 1729 1869
f 1869 1729 1728
f 1869 1728 1868
f 1868 1728 1726
f 1868 1726 1867
f 1867 1726 1725
f 1867 1725 1865
f 1865 1725 1730
f 1844 1711 1857
f 1857 1711 1714
f 1857 1714 1856
f 1856 1714 1713
f 1856 1713 1855
f 1855 1713 1724
f 1855 1724 1853
f 1853 1724 1723
f 1853 1723 1851
f 1851 1723 1722
f 1851 1722 1840
f 1840 1722 1719
f 1840 1719 1833
f 1833 1719 1718
f 1833 1718 1834
f 1834 1718 1717
f 1834 1717 1836
f 1836 1717 1716
f 1836 1716 1838
f 1838 1716 1715
f 1838 1715 1839
f 1839 1715 1712
f 1839 1712 1844
f 1844 1712 1711
f 1721 1787 1631
f 1631 1787 1828
f 1631 1828 1629
f 1629 1828 1846
f 1629 1846 1673
f 1673 1846 1830
f 1673 1830 1674
f 1674 1830 1829
f 1632 1843 1633
f 1633 1843 1835
f 1633 1835 1641
f 1641 1835 1860
f 1641 1860 1639
f 1639 1860 1859
f 1639 1859 1637
f 1637 1859 1778
f 1995 1653 1997
f 1997 1653 1655
f 1997 1655 1999
f 1999 1655 1657
f 1999 1657 1998
f 1998 1657 1659
f 1998 1659 2000
f 2000 1659 1661
f 2000 1661 1989
f 1989 1661 1670
f 1989 1670 1988
f 1988 1670 1668
f 1988 1668 1987
f 1987 1668 1667
f 1987 1667 1990
f 1990 1667 1666
f 1990 1666 1992
f 1992 1666 1665
f 1992 1665 1991
f 1991 1665 1664
f 1991 1664 1994
f 1994 1664 1663
f 1994 1663 1993
f 1993 1663 1662
f 1993 1662 1996
f 1996 1662 1654
f 1996 1654 1995
f 1995 1654 1653
f 1819 1689 1688
f 1819 1688 1821
f 1821 1688 1705
f 1821 1705 1822
f 1822 1705 1621
f 1822 1621 1805
f 1805 1621 1620
f 1805 1620 1807
f 1807 1620 1777
f 1807 1777 1786
f 1699 1689 1818
f 1818 1689 1819
f 1795 1686 1684
f 1795 1684 1823
f 1823 1684 1683
f 1823 1683 1824
f 1824 1683 1702
f 1824 1702 1816
f 1816 1702 1700
f 1816 1700 1817
f 1817 1700 1699
f 1817 1699 1818
f 1801 1701 1802
f 1802 1701 1703
f 1802 1703 1810
f 1810 1703 1704
f 1810 1704 1811
f 1811 1704 1698
f 1811 1698 1813
f 1813 1698 1697
f 1813 1697 1814
f 1814 1697 1696
f 1814 1696 1815
f 1815 1696 1695
f 1815 1695 1808
f 1808 1695 1694
f 1808 1694 1806
f 1806 1694 1693
f 1806 1693 1804
f 1804 1693 1692
f 1804 1692 1820
f 1820 1692 1690
f 1820 1690 1809
f 1809 1690 1691
f 1809 1691 1801
f 1801 1691 1701
f 2001 2002 2003
f 2003 2002 2004
f 2003 2004 2005
f 2006 2007 2008
f 2008 2009 2010
f 2011 2006 2012
f 2012 2006 2008
f 2012 2008 2013
f 2013 2008 2010
f 2010 2009 2001
f 2001 2009 2002
f 2003 2012 2013
f 2014 2003 2015
f 2015 2003 2016
f 2015 2016 2017
f 2017 2016 2018
f 2017 2018 2019
f 2019 2018 2020
f 2011 2012 2003
f 2021 2022 2023
f 2024 2025 2026
f 2026 2025 2027
f 2028 2029 2030
f 2027 2025 2031
f 2031 2025 2028
f 2031 2028 2022
f 2022 2028 2030
f 2022 2030 2023
f 2032 2033 2034
f 2032 2034 2035
f 2035 2034 2036
f 2035 2036 2021
f 2030 2029 2037
f 2038 2039 2030
f 2030 2037 2038
f 2038 2037 2040
f 2038 2040 2041
f 2042 2040 2043
f 2043 2040 2033
f 2044 2045 2046
f 2046 2045 2047
f 2043 2033 2048
f 2048 2033 2032
f 2032 2049 2050
f 2032 2050 2048
f 2048 2050 2051
f 2048 2051 2052
f 2053 2046 2054
f 2054 2046 2047
f 2054 2047 2055
f 2055 2047 2056
f 2055 2056 2057
f 2053 2058 2046
f 2046 2058 2059
f 2046 2059 2032
f 2032 2059 2060
f 2032 2060 2049
f 2052 2061 2048
f 2048 2061 2062
f 2048 2062 2056
f 2056 2062 2063
f 2056 2063 2057
f 2040 2042 2041
f 2041 2042 2064
f 2065 2064 2066
f 2066 2064 2067
f 2066 2067 2068
f 2068 2067 2069
f 2065 2070 2064
f 2064 2070 2071
f 2064 2071 2041
f 2041 2071 2072
f 2072 2073 2041
f 2041 2073 2074
f 2041 2074 2044
f 2044 2074 2075
f 2075 2076 2044
f 2044 2076 2077
f 2044 2077 2045
f 2045 2077 2078
f 2045 2078 2067
f 2067 2078 2079
f 2067 2079 2069
f 2056 2047 2067
f 2067 2047 2045
f 2080 2081 2082
f 2082 2081 2083
f 2084 2085 2086
f 2086 2085 2087
f 2085 2080 2087
f 2087 2080 2082
f 2083 2081 2086
f 2086 2081 2084
f 2088 2089 2090
f 2091 2092 2093
f 2094 2095 2096
f 2096 2095 2097
f 2091 2098 2089
f 2089 2098 2099
f 2024 2026 2100
f 2100 2026 2021
f 2100 2021 2036
f 2005 2004 2007
f 2007 2004 2008
f 2094 2099 2095
f 2095 2099 2098
f 2088 2090 2101
f 2102 2088 2103
f 2103 2088 2101
f 2103 2101 2009
f 2009 2101 2002
f 2008 2004 2104
f 2104 2004 2105
f 2104 2105 2094
f 2094 2105 2099
f 2089 2099 2105
f 2101 2090 2089
f 2089 2105 2101
f 2101 2105 2004
f 2101 2004 2002
f 2096 2102 2103
f 2009 2008 2103
f 2103 2008 2104
f 2103 2104 2096
f 2096 2104 2094
f 2095 2098 2106
f 2106 2098 2107
f 2106 2107 2028
f 2028 2107 2100
f 2092 2108 2109
f 2093 2092 2110
f 2110 2092 2109
f 2110 2109 2024
f 2024 2109 2025
f 2091 2093 2110
f 2091 2110 2098
f 2098 2110 2107
f 2107 2110 2024
f 2107 2024 2100
f 2097 2095 2106
f 2108 2097 2109
f 2109 2097 2106
f 2109 2106 2025
f 2025 2106 2028
f 2028 2100 2029
f 2029 2100 2036
f 2111 2112 2113
f 2113 2112 2114
f 2113 2114 2007
f 2007 2114 2005
f 2003 2005 2114
f 2003 2114 2016
f 2016 2114 2112
f 2016 2112 2018
f 2006 2014 2015
f 2017 2111 2113
f 2007 2006 2113
f 2113 2006 2015
f 2113 2015 2017
f 2112 2111 2115
f 2115 2111 2116
f 2117 2118 2020
f 2020 2118 2019
f 2119 2120 2121
f 2119 2121 2122
f 2122 2121 2123
f 2122 2123 2124
f 2117 2125 2119
f 2119 2125 2126
f 2127 2128 2129
f 2127 2130 2128
f 2128 2130 2131
f 2128 2131 2124
f 2124 2131 2132
f 2124 2132 2122
f 2112 2115 2018
f 2018 2115 2133
f 2134 2135 2117
f 2117 2135 2136
f 2117 2136 2125
f 2020 2137 2127
f 2138 2139 2117
f 2117 2139 2140
f 2117 2140 2134
f 2141 2133 2142
f 2142 2133 2119
f 2142 2119 2143
f 2143 2119 2122
f 2137 2020 2144
f 2144 2020 2018
f 2144 2018 2145
f 2129 2146 2127
f 2127 2146 2147
f 2127 2147 2020
f 2020 2147 2148
f 2020 2148 2117
f 2117 2148 2149
f 2117 2149 2138
f 2150 2151 2138
f 2138 2151 2152
f 2138 2152 2139
f 2126 2153 2119
f 2119 2153 2154
f 2119 2154 2120
f 2120 2154 2150
f 2120 2150 2155
f 2155 2150 2138
f 2141 2156 2133
f 2133 2156 2157
f 2133 2157 2018
f 2018 2157 2158
f 2018 2158 2145
f 2159 2160 2161
f 2161 2160 2162
f 2161 2162 2163
f 2164 2165 2159
f 2159 2165 2166
f 2159 2166 2160
f 2167 2168 2169
f 2169 2168 2170
f 2116 2111 2171
f 2171 2111 2017
f 2019 2172 2163
f 2169 2173 2167
f 2167 2173 2174
f 2167 2174 2175
f 2175 2174 2176
f 2170 2177 2169
f 2169 2177 2178
f 2169 2178 2118
f 2118 2178 2179
f 2118 2179 2180
f 2181 2017 2182
f 2182 2017 2019
f 2182 2019 2183
f 2183 2019 2163
f 2183 2163 2184
f 2184 2163 2162
f 2180 2185 2118
f 2118 2185 2186
f 2118 2186 2187
f 2174 2188 2176
f 2176 2188 2189
f 2176 2189 2187
f 2187 2189 2190
f 2187 2190 2118
f 2118 2190 2191
f 2118 2191 2019
f 2019 2191 2192
f 2019 2192 2172
f 2181 2193 2017
f 2017 2193 2194
f 2017 2194 2171
f 2171 2194 2195
f 2171 2195 2196
f 2164 2173 2165
f 2165 2173 2169
f 2165 2169 2197
f 2197 2169 2171
f 2197 2171 2198
f 2198 2171 2196
f 2118 2117 2169
f 2169 2117 2119
f 2029 2036 2037
f 2037 2036 2034
f 2037 2034 2040
f 2040 2034 2033
f 2199 2088 2102
f 2080 2199 2081
f 2081 2199 2102
f 2081 2102 2200
f 2200 2102 2096
f 2201 2097 2108
f 2108 2092 2202
f 2201 2108 2084
f 2084 2108 2202
f 2084 2202 2085
f 2091 2089 2092
f 2092 2089 2088
f 2092 2088 2202
f 2088 2199 2202
f 2202 2199 2080
f 2202 2080 2085
f 2084 2081 2201
f 2201 2081 2200
f 2201 2200 2097
f 2097 2200 2096
f 2086 2087 2203
f 2203 2087 2204
f 2203 2204 2205
f 2205 2204 2206
f 2207 2208 2209
f 2209 2208 2210
f 2209 2210 2083
f 2083 2210 2082
f 2087 2082 2210
f 2210 2208 2211
f 2087 2210 2204
f 2204 2210 2211
f 2204 2211 2206
f 2212 2207 2209
f 2205 2212 2203
f 2203 2212 2209
f 2203 2209 2086
f 2086 2209 2083
f 2213 2214 2215
f 2215 2214 2216
f 2215 2216 2207
f 2207 2216 2208
f 2217 2218 2219
f 2219 2218 2220
f 2219 2220 2206
f 2206 2220 2205
f 2221 2222 2223
f 2224 2225 2226
f 2223 2222 2227
f 2227 2222 2228
f 2227 2228 2229
f 2230 2231 2232
f 2221 2223 2233
f 2233 2223 2230
f 2233 2230 2234
f 2234 2230 2232
f 2234 2232 2235
f 2235 2232 2236
f 2235 2236 2237
f 2237 2236 2238
f 2237 2238 2239
f 2239 2238 2240
f 2239 2240 2241
f 2229 2228 2242
f 2242 2228 2243
f 2242 2243 2244
f 2244 2243 2245
f 2244 2245 2214
f 2214 2245 2246
f 2214 2246 2216
f 2216 2246 2247
f 2216 2247 2239
f 2248 2249 2216
f 2216 2249 2250
f 2241 2251 2239
f 2239 2251 2252
f 2239 2252 2216
f 2216 2252 2253
f 2216 2253 2248
f 2230 2254 2255
f 2256 2257 2219
f 2219 2257 2258
f 2259 2260 2217
f 2217 2260 2261
f 2217 2261 2262
f 2262 2261 2263
f 2262 2263 2264
f 2231 2230 2265
f 2265 2230 2255
f 2265 2255 2266
f 2266 2255 2267
f 2267 2255 2268
f 2267 2268 2269
f 2269 2268 2270
f 2269 2270 2271
f 2264 2263 2272
f 2272 2263 2273
f 2272 2273 2274
f 2274 2273 2275
f 2274 2275 2276
f 2276 2275 2277
f 2276 2277 2230
f 2230 2277 2278
f 2230 2278 2254
f 2258 2279 2219
f 2219 2279 2280
f 2219 2280 2281
f 2217 2219 2259
f 2259 2219 2281
f 2259 2281 2270
f 2270 2281 2282
f 2270 2282 2271
f 2283 2284 2219
f 2219 2284 2226
f 2219 2226 2256
f 2256 2226 2225
f 2285 2286 2206
f 2284 2287 2226
f 2226 2287 2288
f 2226 2288 2211
f 2211 2288 2289
f 2211 2289 2290
f 2206 2286 2219
f 2219 2286 2291
f 2219 2291 2283
f 2290 2292 2211
f 2211 2292 2293
f 2211 2293 2206
f 2206 2293 2294
f 2206 2294 2285
f 2250 2224 2216
f 2216 2224 2226
f 2216 2226 2295
f 2295 2226 2296
f 2297 2298 2211
f 2295 2299 2216
f 2216 2299 2300
f 2216 2300 2208
f 2208 2300 2301
f 2208 2301 2302
f 2211 2298 2226
f 2226 2298 2303
f 2226 2303 2296
f 2302 2304 2208
f 2208 2304 2305
f 2208 2305 2211
f 2211 2305 2306
f 2211 2306 2297
f 2307 2308 2309
f 2310 2311 2213
f 2213 2311 2312
f 2213 2312 2313
f 2313 2312 2314
f 2313 2314 2315
f 2315 2314 2316
f 2316 2314 2317
f 2316 2317 2318
f 2318 2317 2319
f 2318 2319 2320
f 2320 2319 2321
f 2320 2321 2322
f 2321 2323 2322
f 2322 2323 2324
f 2322 2324 2307
f 2309 2308 2325
f 2325 2308 2326
f 2325 2326 2327
f 2328 2329 2215
f 2215 2329 2330
f 2215 2330 2331
f 2332 2333 2334
f 2334 2333 2335
f 2334 2335 2215
f 2215 2335 2336
f 2215 2336 2328
f 2213 2215 2310
f 2310 2215 2331
f 2310 2331 2326
f 2326 2331 2337
f 2326 2337 2327
f 2338 2339 2340
f 2309 2341 2307
f 2307 2341 2342
f 2307 2342 2322
f 2322 2342 2343
f 2322 2343 2344
f 2340 2339 2345
f 2345 2339 2346
f 2345 2346 2347
f 2348 2349 2220
f 2338 2340 2350
f 2350 2340 2322
f 2350 2322 2351
f 2351 2322 2344
f 2351 2344 2352
f 2352 2344 2353
f 2352 2353 2354
f 2354 2353 2355
f 2354 2355 2356
f 2347 2346 2357
f 2357 2346 2358
f 2357 2358 2359
f 2359 2358 2360
f 2359 2360 2218
f 2218 2360 2361
f 2218 2361 2220
f 2355 2362 2356
f 2356 2362 2363
f 2356 2363 2364
f 2364 2348 2356
f 2356 2348 2220
f 2356 2220 2365
f 2365 2220 2361
f 2349 2366 2220
f 2220 2366 2367
f 2220 2367 2368
f 2212 2369 2370
f 2369 2212 2371
f 2371 2212 2334
f 2371 2334 2372
f 2372 2334 2373
f 2373 2334 2215
f 2373 2215 2374
f 2370 2375 2212
f 2212 2375 2376
f 2212 2376 2207
f 2207 2376 2377
f 2377 2378 2207
f 2207 2378 2379
f 2207 2379 2215
f 2215 2379 2380
f 2215 2380 2374
f 2381 2382 2220
f 2220 2382 2383
f 2220 2383 2205
f 2205 2383 2384
f 2205 2384 2385
f 2386 2212 2387
f 2387 2212 2205
f 2387 2205 2388
f 2388 2205 2385
f 2368 2332 2220
f 2220 2332 2334
f 2220 2334 2381
f 2381 2334 2389
f 2386 2390 2212
f 2212 2390 2391
f 2212 2391 2334
f 2334 2391 2392
f 2334 2392 2389
f 2340 2276 2322
f 2322 2276 2230
f 2322 2230 2320
f 2320 2230 2223
f 2064 2042 2048
f 2048 2042 2043
f 2067 2064 2056
f 2056 2064 2048
f 2057 2069 2055
f 2055 2069 2079
f 2055 2079 2054
f 2054 2079 2078
f 2054 2078 2053
f 2053 2078 2077
f 2053 2077 2058
f 2058 2077 2076
f 2058 2076 2059
f 2059 2076 2075
f 2059 2075 2060
f 2060 2075 2074
f 2060 2074 2049
f 2049 2074 2073
f 2049 2073 2050
f 2050 2073 2072
f 2050 2072 2051
f 2051 2072 2071
f 2051 2071 2052
f 2052 2071 2070
f 2052 2070 2061
f 2061 2070 2065
f 2061 2065 2062
f 2062 2065 2066
f 2062 2066 2063
f 2063 2066 2068
f 2063 2068 2057
f 2057 2068 2069
f 2044 2046 2041
f 2041 2046 2032
f 2041 2032 2038
f 2038 2032 2035
f 2038 2035 2039
f 2039 2035 2021
f 2031 2022 2021
f 2021 2026 2031
f 2031 2026 2027
f 2021 2030 2039
f 2030 2021 2023
f 2171 2169 2133
f 2133 2169 2119
f 2116 2171 2115
f 2115 2171 2133
f 2011 2003 2006
f 2006 2003 2014
f 2001 2003 2010
f 2010 2003 2013
f 2369 2298 2370
f 2370 2298 2297
f 2370 2297 2375
f 2375 2297 2306
f 2375 2306 2376
f 2376 2306 2305
f 2376 2305 2377
f 2377 2305 2304
f 2377 2304 2378
f 2378 2304 2302
f 2378 2302 2379
f 2379 2302 2301
f 2379 2301 2380
f 2380 2301 2300
f 2380 2300 2374
f 2374 2300 2299
f 2374 2299 2373
f 2373 2299 2295
f 2373 2295 2372
f 2372 2295 2296
f 2372 2296 2371
f 2371 2296 2303
f 2371 2303 2369
f 2369 2303 2298
f 2324 2234 2307
f 2307 2234 2235
f 2307 2235 2308
f 2308 2235 2237
f 2308 2237 2326
f 2326 2237 2239
f 2326 2239 2310
f 2310 2239 2247
f 2310 2247 2311
f 2311 2247 2246
f 2311 2246 2312
f 2312 2246 2245
f 2312 2245 2314
f 2314 2245 2243
f 2314 2243 2317
f 2317 2243 2228
f 2317 2228 2319
f 2319 2228 2222
f 2319 2222 2321
f 2321 2222 2221
f 2321 2221 2323
f 2323 2221 2233
f 2323 2233 2324
f 2324 2233 2234
f 2335 2224 2336
f 2336 2224 2250
f 2336 2250 2328
f 2328 2250 2249
f 2328 2249 2329
f 2329 2249 2248
f 2329 2248 2330
f 2330 2248 2253
f 2330 2253 2331
f 2331 2253 2252
f 2331 2252 2337
f 2337 2252 2251
f 2337 2251 2327
f 2327 2251 2241
f 2327 2241 2325
f 2325 2241 2240
f 2325 2240 2309
f 2309 2240 2238
f 2309 2238 2341
f 2341 2238 2236
f 2341 2236 2342
f 2342 2236 2232
f 2332 2256 2333
f 2333 2256 2225
f 2333 2225 2335
f 2335 2225 2224
f 2344 2265 2353
f 2353 2265 2266
f 2353 2266 2355
f 2355 2266 2267
f 2355 2267 2362
f 2362 2267 2269
f 2362 2269 2363
f 2363 2269 2271
f 2363 2271 2364
f 2364 2271 2282
f 2364 2282 2348
f 2348 2282 2281
f 2348 2281 2349
f 2349 2281 2280
f 2349 2280 2366
f 2366 2280 2279
f 2366 2279 2367
f 2367 2279 2258
f 2367 2258 2368
f 2368 2258 2257
f 2368 2257 2332
f 2332 2257 2256
f 2342 2232 2343
f 2343 2232 2231
f 2343 2231 2344
f 2344 2231 2265
f 2360 2261 2361
f 2361 2261 2260
f 2361 2260 2365
f 2365 2260 2259
f 2365 2259 2356
f 2356 2259 2270
f 2356 2270 2354
f 2354 2270 2268
f 2354 2268 2352
f 2352 2268 2255
f 2352 2255 2351
f 2351 2255 2254
f 2351 2254 2350
f 2350 2254 2278
f 2350 2278 2338
f 2338 2278 2277
f 2338 2277 2339
f 2339 2277 2275
f 2339 2275 2346
f 2346 2275 2273
f 2346 2273 2358
f 2358 2273 2263
f 2358 2263 2360
f 2360 2263 2261
f 2384 2286 2385
f 2385 2286 2285
f 2385 2285 2388
f 2388 2285 2294
f 2388 2294 2387
f 2387 2294 2293
f 2387 2293 2386
f 2386 2293 2292
f 2386 2292 2390
f 2390 2292 2290
f 2390 2290 2391
f 2391 2290 2289
f 2391 2289 2392
f 2392 2289 2288
f 2392 2288 2389
f 2389 2288 2287
f 2389 2287 2381
f 2381 2287 2284
f 2381 2284 2382
f 2382 2284 2283
f 2382 2283 2383
f 2383 2283 2291
f 2383 2291 2384
f 2384 2291 2286
f 2276 2340 2345
f 2276 2345 2274
f 2274 2345 2347
f 2274 2347 2272
f 2272 2347 2357
f 2272 2357 2264
f 2264 2357 2359
f 2264 2359 2262
f 2262 2359 2218
f 2262 2218 2217
f 2214 2213 2313
f 2214 2313 2244
f 2244 2313 2315
f 2244 2315 2242
f 2242 2315 2316
f 2242 2316 2229
f 2229 2316 2318
f 2229 2318 2227
f 2227 2318 2320
f 2227 2320 2223
f 2188 2120 2189
f 2189 2120 2155
f 2189 2155 2190
f 2190 2155 2138
f 2190 2138 2191
f 2191 2138 2149
f 2191 2149 2192
f 2192 2149 2148
f 2192 2148 2172
f 2172 2148 2147
f 2172 2147 2163
f 2163 2147 2146
f 2163 2146 2161
f 2161 2146 2129
f 2161 2129 2159
f 2159 2129 2128
f 2159 2128 2164
f 2164 2128 2124
f 2164 2124 2173
f 2173 2124 2123
f 2173 2123 2174
f 2174 2123 2121
f 2174 2121 2188
f 2188 2121 2120
f 2178 2125 2179
f 2179 2125 2136
f 2179 2136 2180
f 2180 2136 2135
f 2180 2135 2185
f 2185 2135 2134
f 2185 2134 2186
f 2186 2134 2140
f 2186 2140 2187
f 2187 2140 2139
f 2187 2139 2176
f 2176 2139 2152
f 2176 2152 2175
f 2175 2152 2151
f 2175 2151 2167
f 2167 2151 2150
f 2167 2150 2168
f 2168 2150 2154
f 2168 2154 2170
f 2170 2154 2153
f 2170 2153 2177
f 2177 2153 2126
f 2177 2126 2178
f 2178 2126 2125
f 2166 2122 2160
f 2160 2122 2132
f 2160 2132 2162
f 2162 2132 2131
f 2162 2131 2184
f 2184 2131 2130
f 2184 2130 2183
f 2183 2130 2127
f 2183 2127 2182
f 2182 2127 2137
f 2182 2137 2181
f 2181 2137 2144
f 2181 2144 2193
f 2193 2144 2145
f 2193 2145 2194
f 2194 2145 2158
f 2194 2158 2195
f 2195 2158 2157
f 2195 2157 2196
f 2196 2157 2156
f 2196 2156 2198
f 2198 2156 2141
f 2198 2141 2197
f 2197 2141 2142
f 2197 2142 2165
f 2165 2142 2143
f 2165 2143 2166
f 2166 2143 2122
f 2393 2394 2395
f 2395 2394 2396
f 2397 2398 2399
f 2399 2398 2400
f 2399 2400 2401
f 2401 2400 2402
f 2403 2404 2405
f 2405 2404 2406
f 2405 2406 2407
f 2407 2406 2408
f 2406 2404 2409
f 2410 2411 2412
f 2412 2411 2413
f 2412 2413 2409
f 2409 2413 2414
f 2409 2414 2406
f 2408 2406 2415
f 2415 2406 2414
f 2415 2414 2416
f 2416 2414 2417
f 2416 2417 2398
f 2398 2417 2400
f 2402 2400 2418
f 2418 2400 2417
f 2418 2417 2419
f 2419 2417 2420
f 2419 2420 2421
f 2421 2420 2422
f 2411 2422 2413
f 2413 2422 2420
f 2423 2421 2424
f 2424 2421 2422
f 2424 2422 2425
f 2425 2422 2411
f 2425 2411 2426
f 2426 2411 2410
f 2427 2414 2428
f 2428 2414 2413
f 2428 2413 2429
f 2429 2413 2420
f 2429 2420 2430
f 2430 2420 2417
f 2430 2417 2427
f 2427 2417 2414
f 2431 2403 2405
f 2425 2426 2394
f 2394 2426 2432
f 2433 2434 2435
f 2405 2433 2431
f 2431 2433 2435
f 2431 2435 2432
f 2432 2435 2436
f 2432 2436 2394
f 2394 2436 2396
f 2397 2399 2437
f 2437 2399 2438
f 2437 2438 2439
f 2439 2438 2433
f 2439 2433 2407
f 2407 2433 2405
f 2440 2441 2438
f 2424 2393 2442
f 2442 2393 2395
f 2399 2401 2443
f 2423 2424 2444
f 2444 2424 2442
f 2444 2442 2443
f 2443 2442 2440
f 2443 2440 2399
f 2399 2440 2438
f 2424 2425 2393
f 2393 2425 2394
f 2433 2438 2434
f 2434 2438 2441
f 2408 2415 2407
f 2407 2415 2439
f 2416 2398 2437
f 2437 2398 2397
f 2415 2416 2439
f 2439 2416 2437
f 2444 2443 2419
f 2419 2443 2418
f 2444 2419 2423
f 2423 2419 2421
f 2401 2402 2443
f 2443 2402 2418
f 2431 2409 2403
f 2403 2409 2404
f 2426 2410 2432
f 2432 2410 2412
f 2431 2432 2409
f 2409 2432 2412
f 2445 2429 2446
f 2446 2429 2430
f 2447 2427 2448
f 2448 2427 2428
f 2448 2436 2447
f 2447 2436 2435
f 2445 2442 2395
f 2436 2448 2396
f 2396 2448 2428
f 2396 2428 2395
f 2395 2428 2429
f 2395 2429 2445
f 2447 2435 2434
f 2440 2446 2441
f 2441 2446 2430
f 2441 2430 2434
f 2434 2430 2427
f 2434 2427 2447
f 2446 2440 2445
f 2445 2440 2442
f 2449 2450 2451
f 2452 2453 2454
f 2454 2453 2455
f 2454 2455 2456
f 2455 2457 2456
f 2456 2457 2458
f 2456 2458 2459
f 2460 2461 2462
f 2463 2464 2465
f 2465 2464 2466
f 2465 2466 2467
f 2467 2466 2468
f 2467 2468 2452
f 2458 2469 2459
f 2459 2469 2470
f 2459 2470 2462
f 2462 2470 2471
f 2462 2471 2460
f 2472 2473 2474
f 2474 2473 2475
f 2474 2475 2476
f 2477 2478 2479
f 2479 2478 2480
f 2480 2478 2481
f 2481 2478 2482
f 2481 2482 2483
f 2484 2485 2486
f 2486 2487 2484
f 2484 2487 2488
f 2484 2488 2489
f 2489 2488 2490
f 2489 2490 2475
f 2475 2490 2491
f 2475 2491 2476
f 2492 2493 2428
f 2492 2428 2494
f 2494 2428 2429
f 2494 2429 2467
f 2467 2429 2465
f 2465 2429 2495
f 2465 2495 2496
f 2493 2492 2427
f 2427 2492 2497
f 2427 2497 2430
f 2449 2498 2499
f 2499 2498 2500
f 2499 2500 2501
f 2501 2500 2502
f 2501 2502 2503
f 2503 2502 2484
f 2503 2484 2504
f 2504 2484 2489
f 2504 2489 2505
f 2505 2489 2475
f 2506 2507 2508
f 2508 2507 2509
f 2510 2511 2498
f 2498 2511 2512
f 2498 2512 2500
f 2500 2512 2513
f 2500 2513 2514
f 2515 2516 2517
f 2517 2516 2518
f 2517 2518 2506
f 2509 2519 2508
f 2508 2519 2520
f 2508 2520 2498
f 2498 2520 2521
f 2498 2521 2510
f 2514 2515 2500
f 2500 2515 2517
f 2500 2517 2502
f 2502 2517 2522
f 2502 2522 2484
f 2484 2522 2478
f 2484 2478 2485
f 2485 2478 2477
f 2523 2524 2497
f 2497 2524 2525
f 2524 2526 2525
f 2525 2526 2527
f 2525 2527 2517
f 2517 2527 2523
f 2517 2523 2522
f 2522 2523 2497
f 2522 2497 2478
f 2478 2497 2492
f 2478 2492 2482
f 2482 2492 2494
f 2452 2454 2467
f 2467 2454 2528
f 2467 2528 2494
f 2494 2528 2473
f 2494 2473 2482
f 2482 2473 2472
f 2482 2472 2483
f 2525 2529 2497
f 2497 2529 2496
f 2497 2496 2430
f 2430 2496 2495
f 2529 2530 2496
f 2496 2530 2531
f 2496 2531 2465
f 2465 2531 2462
f 2465 2462 2463
f 2463 2462 2461
f 2532 2533 2534
f 2506 2508 2517
f 2517 2508 2535
f 2517 2535 2525
f 2525 2535 2534
f 2525 2534 2529
f 2529 2534 2533
f 2529 2533 2536
f 2537 2538 2539
f 2539 2538 2540
f 2539 2540 2534
f 2534 2540 2541
f 2534 2541 2532
f 2536 2542 2529
f 2529 2542 2543
f 2529 2543 2530
f 2530 2543 2544
f 2530 2544 2545
f 2545 2546 2530
f 2530 2546 2547
f 2530 2547 2539
f 2539 2547 2548
f 2539 2548 2537
f 2449 2451 2498
f 2498 2451 2549
f 2498 2549 2508
f 2508 2549 2550
f 2508 2550 2535
f 2535 2550 2551
f 2535 2551 2534
f 2534 2551 2552
f 2534 2552 2539
f 2553 2554 2555
f 2553 2555 2556
f 2556 2555 2557
f 2556 2557 2558
f 2558 2557 2559
f 2558 2559 2560
f 2561 2562 2563
f 2564 2565 2566
f 2567 2568 2569
f 2570 2571 2572
f 2573 2574 2575
f 2576 2577 2578
f 2579 2580 2581
f 2582 2583 2584
f 2585 2586 2587
f 2588 2581 2589
f 2589 2581 2580
f 2589 2580 2569
f 2569 2580 2576
f 2569 2576 2567
f 2567 2576 2578
f 2584 2583 2590
f 2575 2574 2591
f 2591 2574 2592
f 2591 2592 2593
f 2594 2595 2596
f 2597 2598 2599
f 2599 2598 2600
f 2599 2600 2601
f 2602 2578 2603
f 2603 2578 2577
f 2603 2577 2604
f 2604 2577 2605
f 2604 2605 2606
f 2606 2605 2597
f 2606 2597 2607
f 2607 2597 2599
f 2592 2585 2593
f 2593 2585 2587
f 2593 2587 2608
f 2609 2610 2553
f 2611 2612 2613
f 2613 2612 2564
f 2613 2564 2614
f 2614 2564 2566
f 2615 2616 2617
f 2617 2616 2612
f 2617 2612 2618
f 2618 2612 2611
f 2615 2619 2616
f 2616 2619 2620
f 2616 2620 2598
f 2598 2620 2621
f 2598 2621 2600
f 2622 2623 2624
f 2624 2623 2625
f 2624 2625 2626
f 2587 2594 2608
f 2608 2594 2596
f 2608 2596 2627
f 2581 2570 2579
f 2579 2570 2572
f 2579 2572 2583
f 2583 2572 2628
f 2583 2628 2590
f 2584 2629 2582
f 2582 2629 2630
f 2582 2630 2625
f 2625 2630 2631
f 2625 2631 2626
f 2573 2575 2563
f 2563 2575 2632
f 2563 2632 2561
f 2622 2633 2623
f 2623 2633 2634
f 2623 2634 2632
f 2632 2634 2635
f 2632 2635 2561
f 2636 2566 2637
f 2637 2566 2565
f 2637 2565 2560
f 2560 2565 2638
f 2560 2638 2558
f 2596 2609 2627
f 2627 2609 2553
f 2627 2553 2638
f 2638 2553 2556
f 2638 2556 2558
f 2596 2639 2640
f 2596 2640 2609
f 2609 2640 2641
f 2609 2641 2610
f 2610 2641 2554
f 2610 2554 2553
f 2587 2642 2643
f 2587 2643 2594
f 2594 2643 2644
f 2594 2644 2595
f 2595 2644 2639
f 2595 2639 2596
f 2642 2587 2645
f 2645 2587 2586
f 2645 2586 2646
f 2646 2586 2585
f 2646 2585 2647
f 2647 2585 2592
f 2647 2592 2648
f 2647 2648 2646
f 2646 2648 2645
f 2649 2650 2648
f 2648 2650 2651
f 2648 2651 2645
f 2563 2652 2651
f 2563 2651 2573
f 2651 2650 2573
f 2573 2650 2649
f 2573 2649 2574
f 2574 2649 2648
f 2574 2648 2592
f 2635 2653 2654
f 2635 2654 2561
f 2561 2654 2655
f 2561 2655 2562
f 2562 2655 2652
f 2562 2652 2563
f 2656 2657 2658
f 2658 2657 2659
f 2660 2661 2657
f 2657 2661 2662
f 2657 2662 2659
f 2599 2663 2662
f 2599 2662 2607
f 2662 2661 2607
f 2607 2661 2660
f 2607 2660 2606
f 2606 2660 2657
f 2606 2657 2604
f 2622 2664 2665
f 2622 2665 2633
f 2633 2665 2666
f 2633 2666 2634
f 2634 2666 2653
f 2634 2653 2635
f 2631 2667 2668
f 2631 2668 2626
f 2626 2668 2669
f 2626 2669 2624
f 2624 2669 2664
f 2624 2664 2622
f 2584 2670 2671
f 2584 2671 2629
f 2629 2671 2672
f 2629 2672 2630
f 2673 2667 2631
f 2630 2672 2631
f 2631 2672 2674
f 2631 2674 2673
f 2674 2675 2673
f 2654 2676 2655
f 2655 2676 2651
f 2655 2651 2652
f 2676 2665 2664
f 2654 2653 2676
f 2676 2653 2666
f 2676 2666 2665
f 2667 2673 2668
f 2668 2673 2676
f 2668 2676 2669
f 2669 2676 2664
f 2677 2678 2572
f 2572 2678 2679
f 2572 2679 2628
f 2679 2680 2628
f 2628 2680 2681
f 2628 2681 2590
f 2590 2681 2670
f 2590 2670 2584
f 2678 2682 2679
f 2683 2684 2685
f 2685 2684 2686
f 2686 2687 2685
f 2685 2687 2688
f 2685 2688 2689
f 2679 2683 2680
f 2680 2683 2681
f 2690 2691 2692
f 2692 2691 2685
f 2692 2685 2693
f 2693 2685 2689
f 2674 2672 2685
f 2685 2672 2671
f 2685 2671 2683
f 2683 2671 2670
f 2683 2670 2681
f 2581 2694 2695
f 2581 2695 2570
f 2570 2695 2696
f 2570 2696 2571
f 2571 2696 2677
f 2571 2677 2572
f 2569 2697 2698
f 2569 2698 2589
f 2589 2698 2699
f 2589 2699 2588
f 2588 2699 2694
f 2588 2694 2581
f 2621 2700 2701
f 2621 2701 2600
f 2600 2701 2702
f 2600 2702 2601
f 2601 2702 2663
f 2601 2663 2599
f 2578 2703 2704
f 2578 2704 2567
f 2567 2704 2705
f 2567 2705 2568
f 2568 2705 2697
f 2568 2697 2569
f 2615 2706 2707
f 2615 2707 2619
f 2619 2707 2708
f 2619 2708 2620
f 2620 2708 2700
f 2620 2700 2621
f 2703 2578 2659
f 2659 2578 2602
f 2659 2602 2658
f 2658 2602 2603
f 2658 2603 2656
f 2656 2603 2604
f 2656 2604 2657
f 2611 2709 2710
f 2611 2710 2618
f 2618 2710 2711
f 2618 2711 2617
f 2617 2711 2706
f 2617 2706 2615
f 2566 2712 2713
f 2566 2713 2614
f 2614 2713 2714
f 2614 2714 2613
f 2715 2709 2611
f 2613 2714 2611
f 2611 2714 2716
f 2611 2716 2715
f 2717 2715 2716
f 2718 2707 2706
f 2701 2718 2702
f 2702 2718 2662
f 2702 2662 2663
f 2701 2700 2718
f 2718 2700 2708
f 2718 2708 2707
f 2709 2715 2710
f 2710 2715 2718
f 2710 2718 2711
f 2711 2718 2706
f 2559 2719 2560
f 2560 2719 2720
f 2560 2720 2637
f 2720 2721 2637
f 2637 2721 2722
f 2637 2722 2636
f 2636 2722 2712
f 2636 2712 2566
f 2723 2720 2719
f 2724 2725 2726
f 2727 2728 2726
f 2720 2724 2721
f 2721 2724 2722
f 2729 2730 2731
f 2731 2730 2732
f 2725 2733 2726
f 2726 2733 2731
f 2726 2731 2727
f 2727 2731 2732
f 2727 2732 2734
f 2716 2714 2726
f 2726 2714 2713
f 2726 2713 2724
f 2724 2713 2712
f 2724 2712 2722
f 2555 2735 2557
f 2557 2735 2719
f 2557 2719 2559
f 2735 2640 2639
f 2555 2554 2735
f 2735 2554 2641
f 2735 2641 2640
f 2642 2645 2643
f 2643 2645 2735
f 2643 2735 2644
f 2644 2735 2639
f 2736 2737 2738
f 2739 2740 2741
f 2742 2743 2744
f 2745 2746 2747
f 2747 2746 2748
f 2747 2748 2749
f 2749 2748 2742
f 2750 2751 2752
f 2753 2754 2755
f 2755 2754 2756
f 2752 2751 2747
f 2747 2751 2757
f 2747 2757 2745
f 2756 2758 2755
f 2755 2758 2759
f 2755 2759 2752
f 2752 2759 2760
f 2752 2760 2750
f 2761 2762 2763
f 2763 2762 2764
f 2753 2765 2766
f 2766 2765 2767
f 2766 2767 2768
f 2769 2770 2771
f 2742 2744 2749
f 2749 2744 2772
f 2749 2772 2769
f 2769 2772 2773
f 2769 2773 2770
f 2774 2775 2776
f 2776 2777 2774
f 2774 2777 2778
f 2774 2778 2763
f 2763 2778 2779
f 2763 2779 2761
f 2780 2781 2782
f 2783 2780 2784
f 2781 2785 2782
f 2782 2785 2786
f 2782 2786 2787
f 2738 2788 2784
f 2784 2788 2789
f 2784 2789 2783
f 2786 2790 2787
f 2787 2790 2791
f 2787 2791 2792
f 2737 2793 2738
f 2738 2793 2794
f 2738 2794 2788
f 2791 2795 2792
f 2792 2795 2796
f 2792 2796 2737
f 2737 2796 2797
f 2737 2797 2793
f 2798 2799 2800
f 2798 2800 2801
f 2799 2802 2800
f 2800 2802 2803
f 2800 2803 2804
f 2803 2805 2804
f 2804 2805 2806
f 2804 2806 2807
f 2806 2808 2807
f 2807 2808 2809
f 2807 2809 2810
f 2810 2809 2811
f 2811 2812 2810
f 2810 2812 2813
f 2810 2813 2814
f 2815 2763 2765
f 2765 2763 2764
f 2765 2764 2767
f 2815 2765 2816
f 2816 2765 2817
f 2816 2817 2818
f 2818 2817 2819
f 2818 2819 2820
f 2820 2819 2821
f 2820 2821 2822
f 2823 2824 2774
f 2774 2824 2769
f 2774 2769 2775
f 2775 2769 2771
f 2825 2826 2827
f 2827 2826 2828
f 2828 2829 2827
f 2827 2829 2830
f 2827 2830 2831
f 2831 2830 2832
f 2831 2832 2833
f 2833 2834 2831
f 2831 2834 2835
f 2831 2835 2824
f 2824 2835 2836
f 2836 2837 2824
f 2824 2837 2838
f 2824 2838 2769
f 2769 2838 2839
f 2769 2839 2840
f 2740 2801 2741
f 2741 2801 2800
f 2741 2800 2821
f 2821 2800 2841
f 2821 2841 2822
f 2822 2841 2842
f 2804 2823 2800
f 2800 2823 2774
f 2800 2774 2841
f 2841 2774 2763
f 2841 2763 2842
f 2842 2763 2815
f 2813 2739 2814
f 2814 2739 2741
f 2814 2741 2843
f 2843 2741 2821
f 2843 2821 2844
f 2844 2821 2819
f 2753 2755 2765
f 2765 2755 2782
f 2765 2782 2817
f 2817 2782 2787
f 2817 2787 2819
f 2819 2787 2792
f 2819 2792 2844
f 2780 2782 2784
f 2784 2782 2755
f 2784 2755 2845
f 2845 2755 2752
f 2845 2752 2846
f 2847 2848 2846
f 2846 2848 2849
f 2846 2849 2850
f 2850 2849 2851
f 2850 2851 2852
f 2853 2854 2855
f 2856 2857 2752
f 2752 2857 2858
f 2752 2858 2846
f 2846 2858 2859
f 2846 2859 2847
f 2840 2825 2769
f 2769 2825 2827
f 2769 2827 2749
f 2749 2827 2860
f 2749 2860 2747
f 2747 2860 2861
f 2747 2861 2752
f 2752 2861 2855
f 2752 2855 2856
f 2856 2855 2854
f 2852 2862 2850
f 2850 2862 2863
f 2850 2863 2855
f 2855 2863 2864
f 2855 2864 2853
f 2736 2738 2865
f 2865 2738 2784
f 2865 2784 2866
f 2866 2784 2845
f 2866 2845 2867
f 2867 2845 2846
f 2867 2846 2868
f 2868 2846 2850
f 2868 2850 2869
f 2831 2870 2827
f 2827 2870 2871
f 2827 2871 2860
f 2860 2871 2872
f 2860 2872 2861
f 2861 2872 2873
f 2861 2873 2855
f 2855 2873 2874
f 2855 2874 2850
f 2850 2874 2875
f 2850 2875 2869
f 2869 2875 2876
f 2795 2791 2472
f 2472 2791 2483
f 2795 2472 2796
f 2796 2472 2474
f 2796 2474 2797
f 2797 2474 2476
f 2797 2476 2793
f 2793 2476 2491
f 2793 2491 2794
f 2794 2491 2490
f 2794 2490 2788
f 2788 2490 2488
f 2788 2488 2789
f 2789 2488 2487
f 2783 2789 2486
f 2486 2789 2487
f 2829 2828 2541
f 2541 2828 2532
f 2829 2541 2830
f 2830 2541 2540
f 2830 2540 2832
f 2832 2540 2538
f 2832 2538 2833
f 2833 2538 2537
f 2833 2537 2834
f 2834 2537 2548
f 2834 2548 2835
f 2835 2548 2547
f 2835 2547 2836
f 2836 2547 2546
f 2837 2836 2545
f 2545 2836 2546
f 2552 2870 2539
f 2539 2870 2831
f 2539 2831 2530
f 2530 2831 2824
f 2530 2824 2531
f 2531 2824 2823
f 2531 2823 2462
f 2462 2823 2804
f 2462 2804 2459
f 2459 2804 2807
f 2459 2807 2456
f 2456 2807 2810
f 2870 2552 2871
f 2871 2552 2551
f 2450 2876 2451
f 2451 2876 2875
f 2451 2875 2549
f 2549 2875 2874
f 2549 2874 2550
f 2550 2874 2873
f 2550 2873 2551
f 2551 2873 2872
f 2551 2872 2871
f 2876 2450 2869
f 2869 2450 2449
f 2869 2449 2868
f 2449 2499 2868
f 2868 2499 2501
f 2868 2501 2867
f 2867 2501 2503
f 2505 2736 2504
f 2504 2736 2865
f 2504 2865 2503
f 2503 2865 2866
f 2503 2866 2867
f 2848 2513 2849
f 2849 2513 2512
f 2849 2512 2851
f 2851 2512 2511
f 2851 2511 2852
f 2852 2511 2510
f 2852 2510 2862
f 2862 2510 2521
f 2862 2521 2863
f 2863 2521 2520
f 2863 2520 2864
f 2864 2520 2519
f 2853 2864 2509
f 2509 2864 2519
f 2853 2509 2854
f 2854 2509 2507
f 2854 2507 2856
f 2856 2507 2506
f 2856 2506 2857
f 2857 2506 2518
f 2857 2518 2858
f 2858 2518 2516
f 2858 2516 2859
f 2859 2516 2515
f 2859 2515 2847
f 2847 2515 2514
f 2806 2471 2808
f 2808 2471 2470
f 2808 2470 2809
f 2809 2470 2469
f 2809 2469 2811
f 2811 2469 2458
f 2811 2458 2812
f 2812 2458 2457
f 2812 2457 2813
f 2813 2457 2455
f 2813 2455 2739
f 2739 2455 2453
f 2740 2739 2452
f 2452 2739 2453
f 2740 2452 2801
f 2801 2452 2468
f 2801 2468 2798
f 2798 2468 2466
f 2798 2466 2799
f 2799 2466 2464
f 2799 2464 2802
f 2802 2464 2463
f 2802 2463 2803
f 2803 2463 2461
f 2803 2461 2805
f 2805 2461 2460
f 2837 2545 2838
f 2838 2545 2544
f 2838 2544 2839
f 2839 2544 2543
f 2839 2543 2840
f 2840 2543 2542
f 2840 2542 2825
f 2825 2542 2536
f 2825 2536 2826
f 2826 2536 2533
f 2826 2533 2828
f 2828 2533 2532
f 2454 2456 2810
f 2736 2505 2737
f 2737 2505 2475
f 2737 2475 2792
f 2792 2475 2473
f 2792 2473 2844
f 2844 2473 2528
f 2844 2528 2843
f 2843 2528 2454
f 2843 2454 2814
f 2814 2454 2810
f 2848 2847 2513
f 2513 2847 2514
f 2806 2805 2471
f 2471 2805 2460
f 2783 2486 2780
f 2780 2486 2485
f 2780 2485 2781
f 2781 2485 2477
f 2781 2477 2785
f 2785 2477 2479
f 2785 2479 2786
f 2786 2479 2480
f 2786 2480 2790
f 2790 2480 2481
f 2790 2481 2791
f 2791 2481 2483
f 2877 2748 2678
f 2678 2748 2746
f 2678 2746 2682
f 2682 2746 2679
f 2679 2746 2745
f 2679 2745 2683
f 2683 2745 2757
f 2683 2757 2684
f 2684 2757 2751
f 2684 2751 2686
f 2686 2751 2750
f 2686 2750 2687
f 2687 2750 2760
f 2687 2760 2688
f 2688 2760 2759
f 2688 2759 2689
f 2689 2759 2758
f 2689 2758 2693
f 2693 2758 2756
f 2693 2756 2692
f 2692 2756 2754
f 2692 2754 2690
f 2690 2754 2753
f 2690 2753 2691
f 2691 2753 2766
f 2691 2766 2685
f 2685 2766 2674
f 2674 2766 2768
f 2674 2768 2675
f 2675 2768 2673
f 2673 2768 2767
f 2673 2767 2676
f 2764 2735 2645
f 2764 2645 2767
f 2767 2645 2651
f 2767 2651 2676
f 2735 2764 2719
f 2719 2764 2762
f 2719 2762 2723
f 2723 2762 2720
f 2720 2762 2761
f 2720 2761 2724
f 2724 2761 2779
f 2724 2779 2725
f 2725 2779 2778
f 2725 2778 2733
f 2733 2778 2777
f 2733 2777 2731
f 2731 2777 2776
f 2731 2776 2729
f 2729 2776 2775
f 2729 2775 2730
f 2730 2775 2771
f 2730 2771 2732
f 2732 2771 2770
f 2732 2770 2734
f 2734 2770 2773
f 2734 2773 2727
f 2727 2773 2772
f 2727 2772 2728
f 2728 2772 2744
f 2728 2744 2726
f 2726 2744 2716
f 2716 2744 2743
f 2716 2743 2717
f 2717 2743 2715
f 2715 2743 2742
f 2715 2742 2718
f 2748 2877 2659
f 2748 2659 2742
f 2742 2659 2662
f 2742 2662 2718
f 2877 2698 2697
f 2695 2877 2696
f 2696 2877 2678
f 2696 2678 2677
f 2695 2694 2877
f 2877 2694 2699
f 2877 2699 2698
f 2703 2659 2704
f 2704 2659 2877
f 2704 2877 2705
f 2705 2877 2697
f 2605 2878 2597
f 2597 2878 2879
f 2597 2879 2598
f 2598 2879 2880
f 2598 2880 2616
f 2616 2880 2881
f 2616 2881 2612
f 2612 2881 2882
f 2612 2882 2564
f 2564 2882 2883
f 2564 2883 2565
f 2565 2883 2884
f 2565 2884 2638
f 2638 2884 2885
f 2638 2885 2627
f 2627 2885 2886
f 2627 2886 2608
f 2608 2886 2887
f 2608 2887 2593
f 2593 2887 2888
f 2593 2888 2591
f 2591 2888 2889
f 2591 2889 2575
f 2575 2889 2890
f 2575 2890 2632
f 2632 2890 2891
f 2632 2891 2623
f 2623 2891 2892
f 2623 2892 2625
f 2625 2892 2893
f 2625 2893 2582
f 2582 2893 2894
f 2582 2894 2583
f 2583 2894 2895
f 2583 2895 2579
f 2579 2895 2896
f 2579 2896 2580
f 2580 2896 2897
f 2580 2897 2576
f 2576 2897 2898
f 2576 2898 2577
f 2577 2898 2899
f 2577 2899 2605
f 2605 2899 2878
f 2900 2901 2902
f 2902 2901 2903
f 2902 2903 2904
f 2904 2903 2905
f 2904 2905 2906
f 2906 2905 2907
f 2906 2907 2908
f 2908 2907 2909
f 2908 2909 2910
f 2910 2909 2911
f 2910 2911 2912
f 2912 2911 2913
f 2912 2913 2914
f 2914 2913 2915
f 2914 2915 2916
f 2916 2915 2917
f 2916 2917 2918
f 2918 2917 2919
f 2918 2919 2920
f 2920 2919 2921
f 2920 2921 2922
f 2922 2921 2923
f 2922 2923 2924
f 2924 2923 2925
f 2924 2925 2926
f 2926 2925 2927
f 2926 2927 2928
f 2928 2927 2929
f 2928 2929 2930
f 2930 2929 2931
f 2930 2931 2932
f 2932 2931 2933
f 2932 2933 2934
f 2934 2933 2935
f 2934 2935 2936
f 2936 2935 2937
f 2936 2937 2938
f 2938 2937 2939
f 2938 2939 2940
f 2940 2939 2941
f 2940 2941 2942
f 2942 2941 2943
f 2942 2943 2944
f 2944 2943 2945
f 2944 2945 2946
f 2946 2945 2947
f 2946 2947 2900
f 2900 2947 2901
f 2948 2941 2949
f 2949 2941 2939
f 2949 2939 2950
f 2950 2939 2937
f 2950 2937 2951
f 2951 2937 2935
f 2951 2935 2952
f 2952 2935 2933
f 2952 2933 2953
f 2954 2905 2955
f 2955 2905 2903
f 2955 2903 2956
f 2956 2903 2901
f 2956 2901 2957
f 2957 2901 2947
f 2957 2947 2958
f 2958 2947 2945
f 2958 2945 2948
f 2948 2945 2943
f 2948 2943 2941
f 2959 2917 2960
f 2960 2917 2915
f 2960 2915 2961
f 2961 2915 2913
f 2961 2913 2962
f 2962 2913 2911
f 2962 2911 2963
f 2963 2911 2909
f 2963 2909 2954
f 2954 2909 2907
f 2954 2907 2905
f 2933 2931 2953
f 2953 2931 2929
f 2953 2929 2964
f 2964 2929 2927
f 2964 2927 2965
f 2965 2927 2925
f 2965 2925 2966
f 2966 2925 2923
f 2966 2923 2967
f 2967 2923 2921
f 2967 2921 2959
f 2959 2921 2919
f 2959 2919 2917
f 2893 2936 2894
f 2894 2936 2938
f 2894 2938 2895
f 2895 2938 2940
f 2895 2940 2896
f 2896 2940 2942
f 2896 2942 2897
f 2897 2942 2944
f 2897 2944 2898
f 2898 2944 2946
f 2898 2946 2899
f 2899 2946 2900
f 2899 2900 2878
f 2878 2900 2902
f 2878 2902 2879
f 2879 2902 2904
f 2879 2904 2880
f 2880 2904 2906
f 2880 2906 2881
f 2881 2906 2908
f 2881 2908 2882
f 2908 2910 2882
f 2882 2910 2912
f 2882 2912 2883
f 2883 2912 2914
f 2883 2914 2884
f 2884 2914 2916
f 2884 2916 2885
f 2885 2916 2918
f 2885 2918 2886
f 2886 2918 2920
f 2886 2920 2887
f 2887 2920 2922
f 2887 2922 2888
f 2888 2922 2924
f 2888 2924 2889
f 2889 2924 2926
f 2889 2926 2890
f 2890 2926 2928
f 2890 2928 2891
f 2891 2928 2930
f 2891 2930 2892
f 2892 2930 2932
f 2892 2932 2893
f 2893 2932 2934
f 2893 2934 2936
f 2968 2969 2970
f 2968 2970 2971
f 2972 2973 2970
f 2970 2973 2974
f 2970 2974 2971
f 2975 2976 2970
f 2970 2976 2977
f 2970 2977 2972
f 2978 2979 2970
f 2970 2979 2980
f 2970 2980 2975
f 2981 2982 2970
f 2970 2982 2983
f 2970 2983 2978
f 2984 2985 2970
f 2970 2985 2986
f 2970 2986 2981
f 2969 2987 2970
f 2970 2987 2988
f 2970 2988 2984
f 2969 2967 2987
f 2987 2967 2959
f 2987 2959 2988
f 2988 2959 2960
f 2988 2960 2984
f 2984 2960 2961
f 2984 2961 2985
f 2985 2961 2962
f 2985 2962 2986
f 2986 2962 2963
f 2986 2963 2981
f 2981 2963 2954
f 2981 2954 2982
f 2982 2954 2955
f 2982 2955 2983
f 2983 2955 2956
f 2983 2956 2978
f 2978 2956 2957
f 2978 2957 2979
f 2979 2957 2958
f 2979 2958 2980
f 2980 2958 2948
f 2980 2948 2975
f 2975 2948 2949
f 2975 2949 2976
f 2976 2949 2950
f 2976 2950 2977
f 2977 2950 2951
f 2977 2951 2972
f 2972 2951 2952
f 2972 2952 2973
f 2973 2952 2953
f 2973 2953 2974
f 2974 2953 2964
f 2974 2964 2971
f 2971 2964 2965
f 2971 2965 2968
f 2968 2965 2966
f 2968 2966 2969
f 2969 2966 2967
f 2989 2990 2527
f 2527 2990 2523
f 2991 2989 2526
f 2526 2989 2527
f 2992 2991 2524
f 2524 2991 2526
f 2990 2992 2523
f 2523 2992 2524
f 2991 2992 2989
f 2989 2992 2990
f 2842 2430 2822
f 2822 2430 2495
f 2822 2495 2820
f 2820 2495 2429
f 2820 2429 2818
f 2818 2429 2428
f 2818 2428 2816
f 2816 2428 2493
f 2816 2493 2815
f 2815 2493 2427
f 2815 2427 2842
f 2842 2427 2430
f 2993 2994 2995
f 2996 2997 2998
f 2998 2997 2999
f 2998 2999 3000
f 3001 3002 3003
f 3004 3005 3006
f 3006 3005 3007
f 3008 3009 3010
f 3010 3009 3011
f 3010 3011 3012
f 3013 3014 3008
f 3008 3014 3015
f 3008 3015 3009
f 3016 3017 3018
f 3018 3017 3019
f 3018 3019 3020
f 3020 3019 3021
f 3020 3021 3022
f 3022 3021 3023
f 3022 3023 3024
f 3024 3023 3025
f 3024 3025 3013
f 3013 3025 3026
f 3013 3026 3014
f 3027 3028 3029
f 3029 3028 3030
f 3029 3030 3031
f 3031 3030 3032
f 3031 3032 3033
f 3033 3032 3034
f 3033 3034 3035
f 3035 3034 3036
f 3037 3038 3027
f 3038 3039 3027
f 3027 3039 3040
f 3027 3040 3028
f 3002 3041 3003
f 3003 3041 3037
f 3003 3037 3042
f 3042 3037 3027
f 3043 3044 3045
f 3045 3044 3046
f 3045 3046 3047
f 3048 3049 3050
f 3050 3049 3047
f 3050 3047 3051
f 3051 3047 3046
f 3052 3053 3054
f 3054 3053 3055
f 3054 3055 3056
f 3056 3055 3057
f 3056 3057 3058
f 3058 3057 3059
f 3058 3059 3060
f 3060 3059 3061
f 3060 3061 3062
f 3000 2999 3061
f 3061 2999 3063
f 3061 3063 3062
f 3064 3065 2996
f 2996 3065 3066
f 2996 3066 3067
f 3068 3069 3070
f 3070 3069 3067
f 3070 3067 3071
f 3071 3067 3066
f 2994 3072 2995
f 2995 3072 3073
f 2995 3073 3074
f 3074 3073 3075
f 3074 3075 3076
f 3076 3075 3077
f 3076 3077 3078
f 3078 3077 3079
f 3078 3079 3080
f 3080 3079 3081
f 3080 3081 3082
f 3082 3081 3083
f 3082 3083 3084
f 3084 3083 3085
f 3086 3087 2993
f 2993 3087 3088
f 2993 3088 3007
f 3007 3088 3089
f 3007 3089 3006
f 3090 3091 3092
f 3090 3093 3091
f 3091 3093 3094
f 3091 3094 3095
f 3095 3094 3096
f 3095 3096 3097
f 3096 3098 3097
f 3097 3098 3099
f 3097 3099 3100
f 3099 3101 3100
f 3100 3101 3102
f 3100 3102 3103
f 3103 3102 3104
f 3103 3104 3105
f 3104 3106 3105
f 3105 3106 3107
f 3105 3107 3108
f 3107 3109 3108
f 3108 3109 3110
f 3108 3110 3111
f 3110 3112 3111
f 3111 3112 3113
f 3111 3113 3114
f 3114 3113 3115
f 3114 3115 3116
f 3115 3117 3116
f 3116 3117 3118
f 3116 3118 3119
f 3118 3120 3119
f 3119 3120 3121
f 3119 3121 3122
f 3122 3121 3123
f 3122 3123 3124
f 3123 3125 3124
f 3124 3125 3126
f 3124 3126 3127
f 3126 3128 3127
f 3127 3128 3129
f 3127 3129 3130
f 3129 3131 3130
f 3130 3131 3132
f 3130 3132 3133
f 3133 3132 3134
f 3133 3134 3135
f 3134 3136 3135
f 3135 3136 3137
f 3135 3137 3138
f 3137 3139 3138
f 3138 3139 3140
f 3138 3140 3141
f 3141 3140 3142
f 3141 3142 3143
f 3142 3144 3143
f 3143 3144 3145
f 3143 3145 3146
f 3145 3147 3146
f 3146 3147 3148
f 3146 3148 3149
f 3148 3150 3149
f 3149 3150 3151
f 3149 3151 3152
f 3152 3151 3153
f 3152 3153 3154
f 3153 3155 3154
f 3154 3155 3156
f 3154 3156 3157
f 3156 3158 3157
f 3157 3158 3159
f 3157 3159 3160
f 3160 3159 3161
f 3160 3161 3162
f 3161 3163 3162
f 3162 3163 3164
f 3162 3164 3165
f 3164 3166 3165
f 3165 3166 3167
f 3165 3167 3168
f 3167 3169 3168
f 3168 3169 3170
f 3168 3170 3171
f 3171 3170 3172
f 3171 3172 3173
f 3172 3174 3173
f 3173 3174 3175
f 3173 3175 3176
f 3175 3177 3176
f 3176 3177 3178
f 3176 3178 3179
f 3179 3178 3180
f 3179 3180 3181
f 3180 3182 3181
f 3181 3182 3183
f 3181 3183 3184
f 3183 3185 3184
f 3184 3185 3186
f 3184 3186 3187
f 3186 3188 3187
f 3187 3188 3189
f 3187 3189 3190
f 3190 3189 3191
f 3190 3191 3192
f 3191 3193 3192
f 3192 3193 3194
f 3192 3194 3195
f 3196 3197 3198
f 3198 3197 3199
f 3198 3199 3200
f 3200 3199 3195
f 3200 3195 3201
f 3201 3195 3194
f 3202 3203 3204
f 3204 3203 3205
f 3204 3205 3206
f 3206 3205 3207
f 3206 3207 3208
f 3208 3207 3209
f 3208 3209 3092
f 3092 3209 3210
f 3092 3210 3090
f 3197 3211 3212
f 3197 3212 3199
f 3199 3212 3213
f 3199 3213 3195
f 3195 3213 3214
f 3195 3214 3192
f 3192 3214 3215
f 3192 3215 3190
f 3190 3215 3216
f 3190 3216 3187
f 3187 3216 3217
f 3187 3217 3184
f 3184 3217 3218
f 3184 3218 3181
f 3181 3218 3219
f 3181 3219 3179
f 3179 3219 3220
f 3179 3220 3176
f 3176 3220 3221
f 3176 3221 3173
f 3173 3221 3222
f 3173 3222 3171
f 3171 3222 3223
f 3171 3223 3168
f 3168 3223 3224
f 3168 3224 3165
f 3165 3224 3225
f 3165 3225 3162
f 3162 3225 3226
f 3162 3226 3160
f 3160 3226 3227
f 3160 3227 3157
f 3157 3227 3228
f 3157 3228 3154
f 3154 3228 3229
f 3154 3229 3152
f 3152 3229 3230
f 3152 3230 3149
f 3149 3230 3231
f 3149 3231 3146
f 3146 3231 3232
f 3146 3232 3143
f 3143 3232 3233
f 3143 3233 3141
f 3141 3233 3234
f 3141 3234 3138
f 3138 3234 3235
f 3138 3235 3135
f 3135 3235 3236
f 3135 3236 3133
f 3133 3236 3237
f 3133 3237 3130
f 3130 3237 3238
f 3130 3238 3127
f 3127 3238 3239
f 3127 3239 3124
f 3124 3239 3240
f 3124 3240 3122
f 3122 3240 3241
f 3122 3241 3119
f 3119 3241 3242
f 3119 3242 3116
f 3116 3242 3243
f 3116 3243 3114
f 3114 3243 3244
f 3114 3244 3111
f 3111 3244 3245
f 3111 3245 3108
f 3108 3245 3246
f 3108 3246 3105
f 3105 3246 3247
f 3105 3247 3103
f 3103 3247 3248
f 3103 3248 3100
f 3100 3248 3249
f 3100 3249 3097
f 3097 3249 3250
f 3097 3250 3095
f 3095 3250 3251
f 3095 3251 3091
f 3091 3251 3252
f 3091 3252 3092
f 3092 3252 3253
f 3092 3253 3208
f 3208 3253 3254
f 3208 3254 3206
f 3206 3254 3255
f 3206 3255 3204
f 3256 3016 3257
f 3257 3016 3258
f 3257 3258 3211
f 3211 3258 3212
f 3212 3258 3259
f 3212 3259 3213
f 3213 3259 3260
f 3213 3260 3214
f 3214 3260 3261
f 3214 3261 3215
f 3215 3261 3262
f 3215 3262 3216
f 3216 3262 3263
f 3216 3263 3217
f 3217 3263 3004
f 3217 3004 3218
f 3218 3004 3006
f 3218 3006 3219
f 3219 3006 3089
f 3219 3089 3220
f 3220 3089 3088
f 3220 3088 3221
f 3221 3088 3087
f 3221 3087 3222
f 3222 3087 3086
f 3222 3086 3223
f 3223 3086 3264
f 3223 3264 3224
f 3224 3264 3265
f 3224 3265 3225
f 3225 3265 3266
f 3225 3266 3226
f 3226 3266 3267
f 3226 3267 3227
f 3227 3267 3268
f 3227 3268 3228
f 3228 3268 3068
f 3228 3068 3229
f 3229 3068 3070
f 3229 3070 3230
f 3230 3070 3071
f 3230 3071 3231
f 3231 3071 3066
f 3231 3066 3232
f 3232 3066 3065
f 3232 3065 3233
f 3233 3065 3064
f 3233 3064 3234
f 3234 3064 3269
f 3234 3269 3235
f 3235 3269 3270
f 3235 3270 3236
f 3236 3270 3271
f 3236 3271 3237
f 3237 3271 3272
f 3237 3272 3238
f 3238 3272 3273
f 3238 3273 3239
f 3239 3273 3048
f 3239 3048 3240
f 3240 3048 3050
f 3240 3050 3241
f 3241 3050 3051
f 3241 3051 3242
f 3242 3051 3046
f 3242 3046 3243
f 3243 3046 3044
f 3243 3044 3244
f 3244 3044 3043
f 3244 3043 3245
f 3245 3043 3274
f 3245 3274 3246
f 3246 3274 3275
f 3246 3275 3247
f 3247 3275 3276
f 3247 3276 3248
f 3248 3276 3277
f 3248 3277 3249
f 3249 3277 3278
f 3249 3278 3250
f 3250 3278 3279
f 3250 3279 3251
f 3251 3279 3280
f 3251 3280 3252
f 3252 3280 3281
f 3252 3281 3253
f 3253 3281 3282
f 3253 3282 3254
f 3254 3282 3283
f 3254 3283 3255
f 3196 3202 3197
f 3197 3202 3204
f 3197 3204 3211
f 3211 3204 3255
f 3211 3255 3257
f 3257 3255 3283
f 3257 3283 3256
f 3256 3283 3282
f 3256 3282 3284
f 3284 3282 3281
f 3284 3281 3285
f 3285 3281 3280
f 3285 3280 3036
f 3036 3280 3279
f 3036 3279 3035
f 3035 3279 3278
f 3035 3278 3033
f 3033 3278 3277
f 3033 3277 3031
f 3031 3277 3276
f 3031 3276 3029
f 3029 3276 3275
f 3029 3275 3027
f 3027 3275 3274
f 3027 3274 3042
f 3042 3274 3043
f 3042 3043 3003
f 3003 3043 3045
f 3003 3045 3001
f 2996 2998 3064
f 3064 2998 3000
f 3064 3000 3269
f 3269 3000 3061
f 3269 3061 3270
f 3270 3061 3059
f 3270 3059 3271
f 3271 3059 3057
f 3271 3057 3272
f 3272 3057 3055
f 3272 3055 3273
f 3273 3055 3053
f 3273 3053 3048
f 3048 3053 3052
f 3048 3052 3049
f 2993 2995 3086
f 3086 2995 3074
f 3086 3074 3264
f 3264 3074 3076
f 3264 3076 3265
f 3265 3076 3078
f 3265 3078 3266
f 3266 3078 3080
f 3266 3080 3267
f 3267 3080 3082
f 3267 3082 3268
f 3268 3082 3084
f 3268 3084 3068
f 3068 3084 3085
f 3068 3085 3069
f 3016 3018 3258
f 3258 3018 3020
f 3258 3020 3259
f 3259 3020 3022
f 3259 3022 3260
f 3260 3022 3024
f 3260 3024 3261
f 3261 3024 3013
f 3261 3013 3262
f 3262 3013 3008
f 3262 3008 3263
f 3263 3008 3010
f 3263 3010 3004
f 3004 3010 3012
f 3004 3012 3005
f 3286 3287 3288
f 3288 3287 3289
f 3288 3289 3290
f 3291 3292 3288
f 3288 3292 3293
f 3288 3293 3286
f 3294 3295 3288
f 3288 3295 3296
f 3288 3296 3291
f 3297 3298 3288
f 3288 3298 3299
f 3288 3299 3294
f 3300 3301 3288
f 3288 3301 3302
f 3288 3302 3297
f 3303 3304 3288
f 3288 3304 3305
f 3288 3305 3300
f 3306 3307 3288
f 3288 3307 3308
f 3288 3308 3303
f 3290 3309 3288
f 3288 3309 3310
f 3288 3310 3306
f 3289 3311 3290
f 3290 3311 3312
f 3290 3312 3309
f 3309 3312 3313
f 3309 3313 3310
f 3310 3313 3314
f 3310 3314 3306
f 3306 3314 3315
f 3306 3315 3307
f 3307 3315 3316
f 3307 3316 3308
f 3308 3316 3317
f 3308 3317 3303
f 3303 3317 3318
f 3303 3318 3304
f 3304 3318 3319
f 3304 3319 3305
f 3305 3319 3320
f 3305 3320 3300
f 3300 3320 3321
f 3300 3321 3301
f 3301 3321 3322
f 3301 3322 3302
f 3302 3322 3323
f 3302 3323 3297
f 3297 3323 3324
f 3297 3324 3298
f 3298 3324 3325
f 3298 3325 3299
f 3299 3325 3326
f 3299 3326 3294
f 3294 3326 3327
f 3294 3327 3295
f 3295 3327 3328
f 3295 3328 3296
f 3296 3328 3329
f 3296 3329 3291
f 3291 3329 3330
f 3291 3330 3292
f 3292 3330 3331
f 3292 3331 3293
f 3293 3331 3332
f 3293 3332 3286
f 3286 3332 3333
f 3286 3333 3287
f 3287 3333 3334
f 3287 3334 3289
f 3289 3334 3311
f 3332 3335 3333
f 3333 3335 3336
f 3333 3336 3334
f 3334 3336 3337
f 3334 3337 3311
f 3329 3338 3330
f 3330 3338 3339
f 3330 3339 3331
f 3331 3339 3340
f 3331 3340 3332
f 3332 3340 3341
f 3332 3341 3335
f 3323 3342 3324
f 3324 3342 3343
f 3324 3343 3325
f 3325 3343 3344
f 3325 3344 3326
f 3344 3345 3326
f 3326 3345 3346
f 3326 3346 3327
f 3327 3346 3347
f 3327 3347 3328
f 3328 3347 3348
f 3328 3348 3329
f 3329 3348 3349
f 3329 3349 3338
f 3320 3350 3321
f 3321 3350 3351
f 3321 3351 3322
f 3322 3351 3352
f 3322 3352 3323
f 3323 3352 3353
f 3323 3353 3342
f 3317 3354 3318
f 3318 3354 3355
f 3318 3355 3319
f 3319 3355 3356
f 3319 3356 3320
f 3320 3356 3357
f 3320 3357 3350
f 3314 3358 3315
f 3315 3358 3359
f 3315 3359 3316
f 3316 3359 3360
f 3316 3360 3317
f 3317 3360 3361
f 3317 3361 3354
f 3337 3362 3311
f 3311 3362 3363
f 3311 3363 3312
f 3312 3363 3364
f 3312 3364 3313
f 3313 3364 3365
f 3313 3365 3314
f 3314 3365 3366
f 3314 3366 3358
f 3337 3336 3117
f 3123 3121 3335
f 3335 3121 3120
f 3335 3120 3336
f 3336 3120 3118
f 3336 3118 3117
f 3123 3335 3125
f 3125 3335 3341
f 3125 3341 3126
f 3126 3341 3128
f 3128 3341 3340
f 3128 3340 3129
f 3339 3132 3340
f 3340 3132 3131
f 3340 3131 3129
f 3338 3136 3339
f 3339 3136 3134
f 3339 3134 3132
f 3142 3140 3349
f 3349 3140 3139
f 3349 3139 3338
f 3338 3139 3137
f 3338 3137 3136
f 3142 3349 3144
f 3144 3349 3348
f 3144 3348 3145
f 3145 3348 3147
f 3147 3348 3347
f 3147 3347 3148
f 3346 3151 3347
f 3347 3151 3150
f 3347 3150 3148
f 3345 3155 3346
f 3346 3155 3153
f 3346 3153 3151
f 3161 3159 3344
f 3344 3159 3158
f 3344 3158 3345
f 3345 3158 3156
f 3345 3156 3155
f 3161 3344 3163
f 3163 3344 3343
f 3163 3343 3164
f 3164 3343 3166
f 3166 3343 3342
f 3166 3342 3167
f 3353 3170 3342
f 3342 3170 3169
f 3342 3169 3167
f 3352 3174 3353
f 3353 3174 3172
f 3353 3172 3170
f 3180 3178 3351
f 3351 3178 3177
f 3351 3177 3352
f 3352 3177 3175
f 3352 3175 3174
f 3180 3351 3182
f 3182 3351 3350
f 3182 3350 3183
f 3183 3350 3185
f 3185 3350 3357
f 3185 3357 3186
f 3356 3189 3357
f 3357 3189 3188
f 3357 3188 3186
f 3355 3193 3356
f 3356 3193 3191
f 3356 3191 3189
f 3198 3200 3354
f 3354 3200 3201
f 3354 3201 3355
f 3355 3201 3194
f 3355 3194 3193
f 3198 3354 3196
f 3196 3354 3361
f 3196 3361 3202
f 3202 3361 3203
f 3203 3361 3360
f 3203 3360 3205
f 3205 3360 3207
f 3207 3360 3359
f 3207 3359 3209
f 3209 3359 3210
f 3210 3359 3358
f 3210 3358 3090
f 3366 3094 3358
f 3358 3094 3093
f 3358 3093 3090
f 3365 3098 3366
f 3366 3098 3096
f 3366 3096 3094
f 3104 3102 3364
f 3364 3102 3101
f 3364 3101 3365
f 3365 3101 3099
f 3365 3099 3098
f 3104 3364 3106
f 3106 3364 3363
f 3106 3363 3107
f 3107 3363 3109
f 3109 3363 3362
f 3109 3362 3110
f 3117 3115 3337
f 3337 3115 3113
f 3337 3113 3362
f 3362 3113 3112
f 3362 3112 3110
f 3011 3367 3012
f 3012 3367 3005
f 3011 3009 3367
f 3367 3009 3015
f 3367 3015 3014
f 3007 3005 3367
f 2993 3007 3368
f 3368 3007 3367
f 3368 3367 3369
f 3369 3367 3370
f 2993 3368 2994
f 2994 3368 3072
f 3083 3371 3085
f 3085 3371 3069
f 3067 3069 3371
f 2996 3067 3372
f 3372 3067 3371
f 3372 3371 3373
f 3373 3371 3374
f 2996 3372 2997
f 2997 3372 2999
f 3054 3375 3052
f 3052 3375 3049
f 3047 3049 3375
f 3045 3047 3376
f 3376 3047 3375
f 3376 3375 3377
f 3377 3375 3378
f 3045 3376 3001
f 3001 3376 3002
f 3038 3037 3376
f 3376 3037 3041
f 3376 3041 3002
f 3034 3379 3036
f 3036 3379 3285
f 3284 3285 3379
f 3256 3284 3380
f 3380 3284 3379
f 3380 3379 3381
f 3381 3379 3382
f 3256 3380 3016
f 3016 3380 3017
f 3383 3377 3384
f 3381 3382 3385
f 3385 3382 3386
f 3385 3386 3387
f 3387 3386 3369
f 3387 3369 3370
f 3373 3374 3388
f 3388 3374 3384
f 3388 3384 3389
f 3389 3384 3377
f 3389 3377 3378
f 3383 3384 3386
f 3386 3384 3390
f 3386 3390 3369
f 3390 3075 3073
f 3073 3072 3390
f 3390 3072 3368
f 3390 3368 3369
f 3075 3390 3077
f 3077 3390 3384
f 3077 3384 3079
f 3384 3374 3371
f 3079 3384 3081
f 3081 3384 3371
f 3081 3371 3083
f 3388 3062 3063
f 3063 2999 3388
f 3388 2999 3372
f 3388 3372 3373
f 3062 3388 3060
f 3060 3388 3389
f 3060 3389 3058
f 3389 3378 3375
f 3058 3389 3056
f 3056 3389 3375
f 3056 3375 3054
f 3385 3021 3019
f 3019 3017 3385
f 3385 3017 3380
f 3385 3380 3381
f 3021 3385 3023
f 3023 3385 3387
f 3023 3387 3025
f 3387 3370 3367
f 3025 3387 3026
f 3026 3387 3367
f 3026 3367 3014
f 3383 3040 3039
f 3039 3038 3383
f 3383 3038 3376
f 3383 3376 3377
f 3040 3383 3028
f 3028 3383 3386
f 3028 3386 3030
f 3386 3382 3379
f 3030 3386 3032
f 3032 3386 3379
f 3032 3379 3034
f 3391 3392 3393
f 3394 3395 3396
f 3396 3395 3397
f 3396 3397 3398
f 3399 3400 3401
f 3402 3403 3404
f 3404 3403 3405
f 3406 3407 3408
f 3408 3407 3409
f 3408 3409 3410
f 3411 3412 3406
f 3406 3412 3413
f 3406 3413 3407
f 3414 3415 3416
f 3416 3415 3417
f 3416 3417 3418
f 3418 3417 3419
f 3418 3419 3420
f 3420 3419 3421
f 3420 3421 3422
f 3422 3421 3423
f 3422 3423 3411
f 3411 3423 3424
f 3411 3424 3412
f 3425 3426 3427
f 3427 3426 3428
f 3427 3428 3429
f 3429 3428 3430
f 3429 3430 3431
f 3431 3430 3432
f 3431 3432 3433
f 3433 3432 3434
f 3435 3436 3425
f 3436 3437 3425
f 3425 3437 3438
f 3425 3438 3426
f 3400 3439 3401
f 3401 3439 3435
f 3401 3435 3440
f 3440 3435 3425
f 3441 3442 3443
f 3443 3442 3444
f 3443 3444 3445
f 3446 3447 3448
f 3448 3447 3445
f 3448 3445 3449
f 3449 3445 3444
f 3450 3451 3452
f 3452 3451 3453
f 3452 3453 3454
f 3454 3453 3455
f 3454 3455 3456
f 3456 3455 3457
f 3456 3457 3458
f 3458 3457 3459
f 3458 3459 3460
f 3398 3397 3459
f 3459 3397 3461
f 3459 3461 3460
f 3462 3463 3394
f 3394 3463 3464
f 3394 3464 3465
f 3466 3467 3468
f 3468 3467 3465
f 3468 3465 3469
f 3469 3465 3464
f 3392 3470 3393
f 3393 3470 3471
f 3393 3471 3472
f 3472 3471 3473
f 3472 3473 3474
f 3474 3473 3475
f 3474 3475 3476
f 3476 3475 3477
f 3476 3477 3478
f 3478 3477 3479
f 3478 3479 3480
f 3480 3479 3481
f 3480 3481 3482
f 3482 3481 3483
f 3484 3485 3391
f 3391 3485 3486
f 3391 3486 3405
f 3405 3486 3487
f 3405 3487 3404
f 3488 3489 3490
f 3488 3491 3489
f 3489 3491 3492
f 3489 3492 3493
f 3493 3492 3494
f 3493 3494 3495
f 3494 3496 3495
f 3495 3496 3497
f 3495 3497 3498
f 3497 3499 3498
f 3498 3499 3500
f 3498 3500 3501
f 3501 3500 3502
f 3501 3502 3503
f 3502 3504 3503
f 3503 3504 3505
f 3503 3505 3506
f 3505 3507 3506
f 3506 3507 3508
f 3506 3508 3509
f 3508 3510 3509
f 3509 3510 3511
f 3509 3511 3512
f 3512 3511 3513
f 3512 3513 3514
f 3513 3515 3514
f 3514 3515 3516
f 3514 3516 3517
f 3516 3518 3517
f 3517 3518 3519
f 3517 3519 3520
f 3520 3519 3521
f 3520 3521 3522
f 3521 3523 3522
f 3522 3523 3524
f 3522 3524 3525
f 3524 3526 3525
f 3525 3526 3527
f 3525 3527 3528
f 3527 3529 3528
f 3528 3529 3530
f 3528 3530 3531
f 3531 3530 3532
f 3531 3532 3533
f 3532 3534 3533
f 3533 3534 3535
f 3533 3535 3536
f 3535 3537 3536
f 3536 3537 3538
f 3536 3538 3539
f 3539 3538 3540
f 3539 3540 3541
f 3540 3542 3541
f 3541 3542 3543
f 3541 3543 3544
f 3543 3545 3544
f 3544 3545 3546
f 3544 3546 3547
f 3546 3548 3547
f 3547 3548 3549
f 3547 3549 3550
f 3550 3549 3551
f 3550 3551 3552
f 3551 3553 3552
f 3552 3553 3554
f 3552 3554 3555
f 3554 3556 3555
f 3555 3556 3557
f 3555 3557 3558
f 3558 3557 3559
f 3558 3559 3560
f 3559 3561 3560
f 3560 3561 3562
f 3560 3562 3563
f 3562 3564 3563
f 3563 3564 3565
f 3563 3565 3566
f 3565 3567 3566
f 3566 3567 3568
f 3566 3568 3569
f 3569 3568 3570
f 3569 3570 3571
f 3570 3572 3571
f 3571 3572 3573
f 3571 3573 3574
f 3573 3575 3574
f 3574 3575 3576
f 3574 3576 3577
f 3577 3576 3578
f 3577 3578 3579
f 3578 3580 3579
f 3579 3580 3581
f 3579 3581 3582
f 3581 3583 3582
f 3582 3583 3584
f 3582 3584 3585
f 3584 3586 3585
f 3585 3586 3587
f 3585 3587 3588
f 3588 3587 3589
f 3588 3589 3590
f 3589 3591 3590
f 3590 3591 3592
f 3590 3592 3593
f 3594 3595 3596
f 3596 3595 3597
f 3596 3597 3598
f 3598 3597 3593
f 3598 3593 3599
f 3599 3593 3592
f 3600 3601 3602
f 3602 3601 3603
f 3602 3603 3604
f 3604 3603 3605
f 3604 3605 3606
f 3606 3605 3607
f 3606 3607 3490
f 3490 3607 3608
f 3490 3608 3488
f 3595 3609 3610
f 3595 3610 3597
f 3597 3610 3611
f 3597 3611 3593
f 3593 3611 3612
f 3593 3612 3590
f 3590 3612 3613
f 3590 3613 3588
f 3588 3613 3614
f 3588 3614 3585
f 3585 3614 3615
f 3585 3615 3582
f 3582 3615 3616
f 3582 3616 3579
f 3579 3616 3617
f 3579 3617 3577
f 3577 3617 3618
f 3577 3618 3574
f 3574 3618 3619
f 3574 3619 3571
f 3571 3619 3620
f 3571 3620 3569
f 3569 3620 3621
f 3569 3621 3566
f 3566 3621 3622
f 3566 3622 3563
f 3563 3622 3623
f 3563 3623 3560
f 3560 3623 3624
f 3560 3624 3558
f 3558 3624 3625
f 3558 3625 3555
f 3555 3625 3626
f 3555 3626 3552
f 3552 3626 3627
f 3552 3627 3550
f 3550 3627 3628
f 3550 3628 3547
f 3547 3628 3629
f 3547 3629 3544
f 3544 3629 3630
f 3544 3630 3541
f 3541 3630 3631
f 3541 3631 3539
f 3539 3631 3632
f 3539 3632 3536
f 3536 3632 3633
f 3536 3633 3533
f 3533 3633 3634
f 3533 3634 3531
f 3531 3634 3635
f 3531 3635 3528
f 3528 3635 3636
f 3528 3636 3525
f 3525 3636 3637
f 3525 3637 3522
f 3522 3637 3638
f 3522 3638 3520
f 3520 3638 3639
f 3520 3639 3517
f 3517 3639 3640
f 3517 3640 3514
f 3514 3640 3641
f 3514 3641 3512
f 3512 3641 3642
f 3512 3642 3509
f 3509 3642 3643
f 3509 3643 3506
f 3506 3643 3644
f 3506 3644 3503
f 3503 3644 3645
f 3503 3645 3501
f 3501 3645 3646
f 3501 3646 3498
f 3498 3646 3647
f 3498 3647 3495
f 3495 3647 3648
f 3495 3648 3493
f 3493 3648 3649
f 3493 3649 3489
f 3489 3649 3650
f 3489 3650 3490
f 3490 3650 3651
f 3490 3651 3606
f 3606 3651 3652
f 3606 3652 3604
f 3604 3652 3653
f 3604 3653 3602
f 3654 3414 3655
f 3655 3414 3656
f 3655 3656 3609
f 3609 3656 3610
f 3610 3656 3657
f 3610 3657 3611
f 3611 3657 3658
f 3611 3658 3612
f 3612 3658 3659
f 3612 3659 3613
f 3613 3659 3660
f 3613 3660 3614
f 3614 3660 3661
f 3614 3661 3615
f 3615 3661 3402
f 3615 3402 3616
f 3616 3402 3404
f 3616 3404 3617
f 3617 3404 3487
f 3617 3487 3618
f 3618 3487 3486
f 3618 3486 3619
f 3619 3486 3485
f 3619 3485 3620
f 3620 3485 3484
f 3620 3484 3621
f 3621 3484 3662
f 3621 3662 3622
f 3622 3662 3663
f 3622 3663 3623
f 3623 3663 3664
f 3623 3664 3624
f 3624 3664 3665
f 3624 3665 3625
f 3625 3665 3666
f 3625 3666 3626
f 3626 3666 3466
f 3626 3466 3627
f 3627 3466 3468
f 3627 3468 3628
f 3628 3468 3469
f 3628 3469 3629
f 3629 3469 3464
f 3629 3464 3630
f 3630 3464 3463
f 3630 3463 3631
f 3631 3463 3462
f 3631 3462 3632
f 3632 3462 3667
f 3632 3667 3633
f 3633 3667 3668
f 3633 3668 3634
f 3634 3668 3669
f 3634 3669 3635
f 3635 3669 3670
f 3635 3670 3636
f 3636 3670 3671
f 3636 3671 3637
f 3637 3671 3446
f 3637 3446 3638
f 3638 3446 3448
f 3638 3448 3639
f 3639 3448 3449
f 3639 3449 3640
f 3640 3449 3444
f 3640 3444 3641
f 3641 3444 3442
f 3641 3442 3642
f 3642 3442 3441
f 3642 3441 3643
f 3643 3441 3672
f 3643 3672 3644
f 3644 3672 3673
f 3644 3673 3645
f 3645 3673 3674
f 3645 3674 3646
f 3646 3674 3675
f 3646 3675 3647
f 3647 3675 3676
f 3647 3676 3648
f 3648 3676 3677
f 3648 3677 3649
f 3649 3677 3678
f 3649 3678 3650
f 3650 3678 3679
f 3650 3679 3651
f 3651 3679 3680
f 3651 3680 3652
f 3652 3680 3681
f 3652 3681 3653
f 3594 3600 3595
f 3595 3600 3602
f 3595 3602 3609
f 3609 3602 3653
f 3609 3653 3655
f 3655 3653 3681
f 3655 3681 3654
f 3654 3681 3680
f 3654 3680 3682
f 3682 3680 3679
f 3682 3679 3683
f 3683 3679 3678
f 3683 3678 3434
f 3434 3678 3677
f 3434 3677 3433
f 3433 3677 3676
f 3433 3676 3431
f 3431 3676 3675
f 3431 3675 3429
f 3429 3675 3674
f 3429 3674 3427
f 3427 3674 3673
f 3427 3673 3425
f 3425 3673 3672
f 3425 3672 3440
f 3440 3672 3441
f 3440 3441 3401
f 3401 3441 3443
f 3401 3443 3399
f 3394 3396 3462
f 3462 3396 3398
f 3462 3398 3667
f 3667 3398 3459
f 3667 3459 3668
f 3668 3459 3457
f 3668 3457 3669
f 3669 3457 3455
f 3669 3455 3670
f 3670 3455 3453
f 3670 3453 3671
f 3671 3453 3451
f 3671 3451 3446
f 3446 3451 3450
f 3446 3450 3447
f 3391 3393 3484
f 3484 3393 3472
f 3484 3472 3662
f 3662 3472 3474
f 3662 3474 3663
f 3663 3474 3476
f 3663 3476 3664
f 3664 3476 3478
f 3664 3478 3665
f 3665 3478 3480
f 3665 3480 3666
f 3666 3480 3482
f 3666 3482 3466
f 3466 3482 3483
f 3466 3483 3467
f 3414 3416 3656
f 3656 3416 3418
f 3656 3418 3657
f 3657 3418 3420
f 3657 3420 3658
f 3658 3420 3422
f 3658 3422 3659
f 3659 3422 3411
f 3659 3411 3660
f 3660 3411 3406
f 3660 3406 3661
f 3661 3406 3408
f 3661 3408 3402
f 3402 3408 3410
f 3402 3410 3403
f 3684 3685 3686
f 3686 3685 3687
f 3686 3687 3688
f 3689 3690 3686
f 3686 3690 3691
f 3686 3691 3684
f 3692 3693 3686
f 3686 3693 3694
f 3686 3694 3689
f 3695 3696 3686
f 3686 3696 3697
f 3686 3697 3692
f 3698 3699 3686
f 3686 3699 3700
f 3686 3700 3695
f 3701 3702 3686
f 3686 3702 3703
f 3686 3703 3698
f 3704 3705 3686
f 3686 3705 3706
f 3686 3706 3701
f 3688 3707 3686
f 3686 3707 3708
f 3686 3708 3704
f 3687 3709 3688
f 3688 3709 3710
f 3688 3710 3707
f 3707 3710 3711
f 3707 3711 3708
f 3708 3711 3712
f 3708 3712 3704
f 3704 3712 3713
f 3704 3713 3705
f 3705 3713 3714
f 3705 3714 3706
f 3706 3714 3715
f 3706 3715 3701
f 3701 3715 3716
f 3701 3716 3702
f 3702 3716 3717
f 3702 3717 3703
f 3703 3717 3718
f 3703 3718 3698
f 3698 3718 3719
f 3698 3719 3699
f 3699 3719 3720
f 3699 3720 3700
f 3700 3720 3721
f 3700 3721 3695
f 3695 3721 3722
f 3695 3722 3696
f 3696 3722 3723
f 3696 3723 3697
f 3697 3723 3724
f 3697 3724 3692
f 3692 3724 3725
f 3692 3725 3693
f 3693 3725 3726
f 3693 3726 3694
f 3694 3726 3727
f 3694 3727 3689
f 3689 3727 3728
f 3689 3728 3690
f 3690 3728 3729
f 3690 3729 3691
f 3691 3729 3730
f 3691 3730 3684
f 3684 3730 3731
f 3684 3731 3685
f 3685 3731 3732
f 3685 3732 3687
f 3687 3732 3709
f 3730 3733 3731
f 3731 3733 3734
f 3731 3734 3732
f 3732 3734 3735
f 3732 3735 3709
f 3727 3736 3728
f 3728 3736 3737
f 3728 3737 3729
f 3729 3737 3738
f 3729 3738 3730
f 3730 3738 3739
f 3730 3739 3733
f 3721 3740 3722
f 3722 3740 3741
f 3722 3741 3723
f 3723 3741 3742
f 3723 3742 3724
f 3742 3743 3724
f 3724 3743 3744
f 3724 3744 3725
f 3725 3744 3745
f 3725 3745 3726
f 3726 3745 3746
f 3726 3746 3727
f 3727 3746 3747
f 3727 3747 3736
f 3718 3748 3719
f 3719 3748 3749
f 3719 3749 3720
f 3720 3749 3750
f 3720 3750 3721
f 3721 3750 3751
f 3721 3751 3740
f 3715 3752 3716
f 3716 3752 3753
f 3716 3753 3717
f 3717 3753 3754
f 3717 3754 3718
f 3718 3754 3755
f 3718 3755 3748
f 3712 3756 3713
f 3713 3756 3757
f 3713 3757 3714
f 3714 3757 3758
f 3714 3758 3715
f 3715 3758 3759
f 3715 3759 3752
f 3735 3760 3709
f 3709 3760 3761
f 3709 3761 3710
f 3710 3761 3762
f 3710 3762 3711
f 3711 3762 3763
f 3711 3763 3712
f 3712 3763 3764
f 3712 3764 3756
f 3735 3734 3515
f 3521 3519 3733
f 3733 3519 3518
f 3733 3518 3734
f 3734 3518 3516
f 3734 3516 3515
f 3521 3733 3523
f 3523 3733 3739
f 3523 3739 3524
f 3524 3739 3526
f 3526 3739 3738
f 3526 3738 3527
f 3737 3530 3738
f 3738 3530 3529
f 3738 3529 3527
f 3736 3534 3737
f 3737 3534 3532
f 3737 3532 3530
f 3540 3538 3747
f 3747 3538 3537
f 3747 3537 3736
f 3736 3537 3535
f 3736 3535 3534
f 3540 3747 3542
f 3542 3747 3746
f 3542 3746 3543
f 3543 3746 3545
f 3545 3746 3745
f 3545 3745 3546
f 3744 3549 3745
f 3745 3549 3548
f 3745 3548 3546
f 3743 3553 3744
f 3744 3553 3551
f 3744 3551 3549
f 3559 3557 3742
f 3742 3557 3556
f 3742 3556 3743
f 3743 3556 3554
f 3743 3554 3553
f 3559 3742 3561
f 3561 3742 3741
f 3561 3741 3562
f 3562 3741 3564
f 3564 3741 3740
f 3564 3740 3565
f 3751 3568 3740
f 3740 3568 3567
f 3740 3567 3565
f 3750 3572 3751
f 3751 3572 3570
f 3751 3570 3568
f 3578 3576 3749
f 3749 3576 3575
f 3749 3575 3750
f 3750 3575 3573
f 3750 3573 3572
f 3578 3749 3580
f 3580 3749 3748
f 3580 3748 3581
f 3581 3748 3583
f 3583 3748 3755
f 3583 3755 3584
f 3754 3587 3755
f 3755 3587 3586
f 3755 3586 3584
f 3753 3591 3754
f 3754 3591 3589
f 3754 3589 3587
f 3596 3598 3752
f 3752 3598 3599
f 3752 3599 3753
f 3753 3599 3592
f 3753 3592 3591
f 3596 3752 3594
f 3594 3752 3759
f 3594 3759 3600
f 3600 3759 3601
f 3601 3759 3758
f 3601 3758 3603
f 3603 3758 3605
f 3605 3758 3757
f 3605 3757 3607
f 3607 3757 3608
f 3608 3757 3756
f 3608 3756 3488
f 3764 3492 3756
f 3756 3492 3491
f 3756 3491 3488
f 3763 3496 3764
f 3764 3496 3494
f 3764 3494 3492
f 3502 3500 3762
f 3762 3500 3499
f 3762 3499 3763
f 3763 3499 3497
f 3763 3497 3496
f 3502 3762 3504
f 3504 3762 3761
f 3504 3761 3505
f 3505 3761 3507
f 3507 3761 3760
f 3507 3760 3508
f 3515 3513 3735
f 3735 3513 3511
f 3735 3511 3760
f 3760 3511 3510
f 3760 3510 3508
f 3409 3765 3410
f 3410 3765 3403
f 3409 3407 3765
f 3765 3407 3413
f 3765 3413 3412
f 3405 3403 3765
f 3391 3405 3766
f 3766 3405 3765
f 3766 3765 3767
f 3767 3765 3768
f 3391 3766 3392
f 3392 3766 3470
f 3481 3769 3483
f 3483 3769 3467
f 3465 3467 3769
f 3394 3465 3770
f 3770 3465 3769
f 3770 3769 3771
f 3771 3769 3772
f 3394 3770 3395
f 3395 3770 3397
f 3452 3773 3450
f 3450 3773 3447
f 3445 3447 3773
f 3443 3445 3774
f 3774 3445 3773
f 3774 3773 3775
f 3775 3773 3776
f 3443 3774 3399
f 3399 3774 3400
f 3436 3435 3774
f 3774 3435 3439
f 3774 3439 3400
f 3432 3777 3434
f 3434 3777 3683
f 3682 3683 3777
f 3654 3682 3778
f 3778 3682 3777
f 3778 3777 3779
f 3779 3777 3780
f 3654 3778 3414
f 3414 3778 3415
f 3781 3775 3782
f 3779 3780 3783
f 3783 3780 3784
f 3783 3784 3785
f 3785 3784 3767
f 3785 3767 3768
f 3771 3772 3786
f 3786 3772 3782
f 3786 3782 3787
f 3787 3782 3775
f 3787 3775 3776
f 3781 3782 3784
f 3784 3782 3788
f 3784 3788 3767
f 3788 3473 3471
f 3471 3470 3788
f 3788 3470 3766
f 3788 3766 3767
f 3473 3788 3475
f 3475 3788 3782
f 3475 3782 3477
f 3782 3772 3769
f 3477 3782 3479
f 3479 3782 3769
f 3479 3769 3481
f 3786 3460 3461
f 3461 3397 3786
f 3786 3397 3770
f 3786 3770 3771
f 3460 3786 3458
f 3458 3786 3787
f 3458 3787 3456
f 3787 3776 3773
f 3456 3787 3454
f 3454 3787 3773
f 3454 3773 3452
f 3783 3419 3417
f 3417 3415 3783
f 3783 3415 3778
f 3783 3778 3779
f 3419 3783 3421
f 3421 3783 3785
f 3421 3785 3423
f 3785 3768 3765
f 3423 3785 3424
f 3424 3785 3765
f 3424 3765 3412
f 3781 3438 3437
f 3437 3436 3781
f 3781 3436 3774
f 3781 3774 3775
f 3438 3781 3426
f 3426 3781 3784
f 3426 3784 3428
f 3784 3780 3777
f 3428 3784 3430
f 3430 3784 3777
f 3430 3777 3432
f 3789 3790 3791
f 3792 3793 3794
f 3794 3793 3795
f 3794 3795 3791
f 3791 3795 3796
f 3791 3796 3789
f 3797 3798 3792
f 3792 3798 3799
f 3792 3799 3793
f 3800 3801 3802
f 3802 3803 3800
f 3800 3803 3804
f 3800 3804 3797
f 3797 3804 3805
f 3797 3805 3798
f 3806 3807 3808
f 3808 3807 3809
f 3808 3809 3810
f 3811 3812 3813
f 3814 3815 3812
f 3812 3815 3816
f 3812 3816 3813
f 3789 3817 3790
f 3790 3817 3818
f 3790 3818 3819
f 3819 3818 3820
f 3819 3820 3814
f 3814 3820 3821
f 3814 3821 3815
f 3809 3822 3810
f 3810 3822 3823
f 3810 3823 3801
f 3801 3823 3824
f 3801 3824 3802
f 3825 3826 3806
f 3806 3826 3827
f 3806 3827 3807
f 3828 3829 3825
f 3825 3829 3830
f 3825 3830 3826
f 3831 3832 3828
f 3828 3832 3833
f 3828 3833 3829
f 3834 3835 3836
f 3836 3835 3837
f 3836 3837 3838
f 3839 3840 3834
f 3834 3840 3841
f 3834 3841 3835
f 3813 3842 3811
f 3811 3842 3843
f 3811 3843 3839
f 3839 3843 3844
f 3839 3844 3840
f 3845 3846 3831
f 3831 3846 3847
f 3831 3847 3832
f 3837 3848 3838
f 3838 3848 3849
f 3838 3849 3845
f 3845 3849 3850
f 3845 3850 3846
f 3851 3852 3853
f 3853 3852 3854
f 3853 3854 3855
f 3856 3857 3851
f 3851 3857 3858
f 3851 3858 3852
f 3859 3860 3861
f 3862 3863 3864
f 3865 3866 3860
f 3860 3866 3867
f 3860 3867 3861
f 3868 3869 3864
f 3864 3869 3870
f 3864 3870 3862
f 3871 3872 3873
f 3874 3875 3856
f 3856 3875 3876
f 3856 3876 3857
f 3877 3878 3874
f 3874 3878 3879
f 3874 3879 3875
f 3880 3881 3882
f 3882 3881 3883
f 3882 3883 3884
f 3885 3886 3865
f 3865 3886 3887
f 3865 3887 3866
f 3862 3888 3863
f 3863 3888 3889
f 3863 3889 3890
f 3890 3889 3891
f 3890 3891 3885
f 3885 3891 3892
f 3885 3892 3886
f 3873 3893 3871
f 3871 3893 3894
f 3871 3894 3868
f 3868 3894 3895
f 3868 3895 3869
f 3883 3896 3884
f 3884 3896 3897
f 3884 3897 3877
f 3877 3897 3898
f 3877 3898 3878
f 3899 3900 3880
f 3880 3900 3901
f 3880 3901 3881
f 3861 3902 3859
f 3859 3902 3903
f 3859 3903 3899
f 3899 3903 3904
f 3899 3904 3900
f 3854 3905 3855
f 3855 3905 3906
f 3855 3906 3907
f 3906 3908 3907
f 3907 3908 3909
f 3907 3909 3910
f 3910 3909 3911
f 3910 3911 3872
f 3872 3911 3912
f 3872 3912 3873
f 3818 3817 3908
f 3908 3817 3909
f 3817 3789 3909
f 3909 3789 3796
f 3909 3796 3911
f 3911 3796 3795
f 3911 3795 3912
f 3912 3795 3793
f 3912 3793 3873
f 3873 3793 3799
f 3873 3799 3893
f 3893 3799 3798
f 3893 3798 3894
f 3894 3798 3805
f 3894 3805 3895
f 3895 3805 3804
f 3895 3804 3869
f 3869 3804 3803
f 3869 3803 3870
f 3870 3803 3802
f 3870 3802 3862
f 3862 3802 3824
f 3862 3824 3888
f 3888 3824 3823
f 3888 3823 3889
f 3889 3823 3822
f 3889 3822 3891
f 3891 3822 3809
f 3891 3809 3892
f 3892 3809 3807
f 3892 3807 3886
f 3886 3807 3827
f 3886 3827 3887
f 3887 3827 3826
f 3887 3826 3866
f 3866 3826 3830
f 3866 3830 3867
f 3867 3830 3829
f 3867 3829 3861
f 3861 3829 3833
f 3861 3833 3902
f 3902 3833 3832
f 3902 3832 3903
f 3903 3832 3847
f 3903 3847 3904
f 3904 3847 3846
f 3904 3846 3900
f 3900 3846 3850
f 3900 3850 3901
f 3901 3850 3849
f 3901 3849 3881
f 3881 3849 3848
f 3881 3848 3883
f 3883 3848 3837
f 3883 3837 3896
f 3896 3837 3835
f 3896 3835 3897
f 3897 3835 3841
f 3897 3841 3898
f 3898 3841 3840
f 3898 3840 3878
f 3878 3840 3844
f 3878 3844 3879
f 3879 3844 3843
f 3879 3843 3875
f 3875 3843 3842
f 3875 3842 3876
f 3876 3842 3813
f 3876 3813 3857
f 3857 3813 3816
f 3857 3816 3858
f 3858 3816 3815
f 3858 3815 3852
f 3852 3815 3821
f 3852 3821 3854
f 3854 3821 3820
f 3854 3820 3905
f 3905 3820 3818
f 3905 3818 3906
f 3906 3818 3908
f 3828 3859 3831
f 3831 3859 3899
f 3831 3899 3845
f 3845 3899 3880
f 3845 3880 3838
f 3838 3880 3882
f 3838 3882 3836
f 3836 3882 3884
f 3836 3884 3834
f 3834 3884 3877
f 3834 3877 3839
f 3839 3877 3874
f 3839 3874 3811
f 3811 3874 3856
f 3811 3856 3812
f 3812 3856 3851
f 3812 3851 3814
f 3814 3851 3853
f 3814 3853 3819
f 3819 3853 3855
f 3819 3855 3790
f 3790 3855 3907
f 3790 3907 3791
f 3791 3907 3910
f 3791 3910 3794
f 3794 3910 3872
f 3794 3872 3792
f 3792 3872 3871
f 3792 3871 3797
f 3797 3871 3868
f 3797 3868 3800
f 3800 3868 3864
f 3800 3864 3801
f 3801 3864 3863
f 3801 3863 3810
f 3810 3863 3890
f 3810 3890 3808
f 3808 3890 3885
f 3808 3885 3806
f 3806 3885 3865
f 3806 3865 3825
f 3825 3865 3860
f 3825 3860 3828
f 3828 3860 3859
f 3913 3914 3915
f 3915 3914 3916
f 3915 3916 3917
f 3918 3919 3920
f 3920 3919 3921
f 3920 3921 3922
f 3923 3924 3925
f 3925 3924 3926
f 3925 3926 3913
f 3913 3926 3927
f 3913 3927 3914
f 3928 3929 3930
f 3930 3929 3931
f 3930 3931 3932
f 3933 3934 3935
f 3935 3934 3936
f 3935 3936 3918
f 3918 3936 3937
f 3918 3937 3919
f 3916 3938 3917
f 3917 3938 3939
f 3917 3939 3940
f 3940 3939 3941
f 3940 3941 3942
f 3942 3941 3943
f 3942 3943 3944
f 3931 3945 3932
f 3932 3945 3946
f 3932 3946 3947
f 3947 3946 3948
f 3947 3948 3923
f 3923 3948 3949
f 3923 3949 3924
f 3921 3950 3922
f 3922 3950 3951
f 3922 3951 3952
f 3952 3951 3953
f 3952 3953 3954
f 3954 3953 3955
f 3954 3955 3956
f 3956 3955 3957
f 3956 3957 3958
f 3958 3957 3959
f 3958 3959 3928
f 3928 3959 3960
f 3928 3960 3929
f 3961 3962 3963
f 3963 3962 3964
f 3963 3964 3933
f 3933 3964 3965
f 3933 3965 3934
f 3943 3966 3944
f 3944 3966 3967
f 3944 3967 3968
f 3968 3967 3969
f 3968 3969 3961
f 3961 3969 3970
f 3961 3970 3962
f 3971 3972 3973
f 3973 3972 3974
f 3973 3974 3975
f 3975 3974 3976
f 3975 3976 3977
f 3978 3979 3980
f 3980 3979 3981
f 3980 3981 3971
f 3971 3981 3982
f 3971 3982 3972
f 3983 3984 3985
f 3985 3984 3986
f 3985 3986 3978
f 3978 3986 3987
f 3978 3987 3979
f 3988 3989 3990
f 3990 3989 3991
f 3990 3991 3983
f 3983 3991 3992
f 3983 3992 3984
f 3993 3994 3995
f 3995 3994 3996
f 3995 3996 3988
f 3988 3996 3997
f 3988 3997 3989
f 3998 3999 4000
f 4000 3999 4001
f 4000 4001 4002
f 4003 4004 4005
f 4005 4004 4006
f 4005 4006 4007
f 3976 4008 3977
f 3977 4008 4009
f 3977 4009 4010
f 4010 4009 4011
f 4010 4011 4003
f 4003 4011 4012
f 4003 4012 4004
f 4006 4013 4007
f 4007 4013 4014
f 4007 4014 4015
f 4015 4014 4016
f 4015 4016 3998
f 3998 4016 4017
f 3998 4017 3999
f 4001 4018 4002
f 4002 4018 4019
f 4002 4019 4020
f 4020 4019 4021
f 4020 4021 4022
f 4022 4021 4023
f 4022 4023 4024
f 4024 4023 4025
f 4024 4025 4026
f 4026 4025 4027
f 4026 4027 3993
f 3993 4027 4028
f 3993 4028 3994
f 3976 3941 4008
f 4008 3941 3939
f 4008 3939 4009
f 4009 3939 3938
f 4009 3938 4011
f 4011 3938 3916
f 4011 3916 4012
f 4012 3916 3914
f 4012 3914 4004
f 4004 3914 3927
f 4004 3927 4006
f 4006 3927 3926
f 4006 3926 4013
f 4013 3926 3924
f 4013 3924 4014
f 4014 3924 3949
f 4014 3949 4016
f 4016 3949 3948
f 4016 3948 4017
f 4017 3948 3946
f 4017 3946 3999
f 3999 3946 3945
f 3999 3945 4001
f 4001 3945 3931
f 4001 3931 4018
f 4018 3931 3929
f 4018 3929 4019
f 4019 3929 3960
f 4019 3960 4021
f 4021 3960 3959
f 4021 3959 4023
f 4023 3959 3957
f 4023 3957 4025
f 4025 3957 3955
f 4025 3955 4027
f 4027 3955 3953
f 4027 3953 4028
f 4028 3953 3951
f 4028 3951 3994
f 3994 3951 3950
f 3994 3950 3996
f 3996 3950 3921
f 3996 3921 3997
f 3997 3921 3919
f 3997 3919 3989
f 3989 3919 3937
f 3989 3937 3991
f 3991 3937 3936
f 3991 3936 3992
f 3992 3936 3934
f 3992 3934 3984
f 3984 3934 3965
f 3984 3965 3986
f 3986 3965 3964
f 3986 3964 3987
f 3987 3964 3962
f 3987 3962 3979
f 3979 3962 3970
f 3979 3970 3981
f 3981 3970 3969
f 3981 3969 3982
f 3982 3969 3967
f 3982 3967 3972
f 3972 3967 3966
f 3972 3966 3974
f 3974 3966 3943
f 3974 3943 3976
f 3976 3943 3941
f 3942 3975 3940
f 3940 3975 3977
f 3940 3977 3917
f 3917 3977 4010
f 3917 4010 3915
f 3915 4010 4003
f 3915 4003 3913
f 3913 4003 4005
f 3913 4005 3925
f 3925 4005 4007
f 3925 4007 3923
f 3923 4007 4015
f 3923 4015 3947
f 3947 4015 3998
f 3947 3998 3932
f 3932 3998 4000
f 3932 4000 3930
f 3930 4000 4002
f 3930 4002 3928
f 3928 4002 4020
f 3928 4020 3958
f 3958 4020 4022
f 3958 4022 3956
f 3956 4022 4024
f 3956 4024 3954
f 3954 4024 4026
f 3954 4026 3952
f 3952 4026 3993
f 3952 3993 3922
f 3922 3993 3995
f 3922 3995 3920
f 3920 3995 3988
f 3920 3988 3918
f 3918 3988 3990
f 3918 3990 3935
f 3935 3990 3983
f 3935 3983 3933
f 3933 3983 3985
f 3933 3985 3963
f 3963 3985 3978
f 3963 3978 3961
f 3961 3978 3980
f 3961 3980 3968
f 3968 3980 3971
f 3968 3971 3944
f 3944 3971 3973
f 3944 3973 3942
f 3942 3973 3975
f 4029 4030 4031
f 4032 4033 4034
f 4033 4032 4035
f 4036 4037 4038
f 4038 4037 4039
f 4038 4039 4040
f 4041 4042 4043
f 4044 4045 4046
f 4045 4044 4047
f 4048 4049 4050
f 4050 4049 4051
f 4050 4051 4052
f 4053 4054 4055
f 4055 4054 4056
f 4055 4056 4057
f 4057 4056 4058
f 4058 4056 4059
f 4058 4059 4060
f 4060 4059 4061
f 4060 4061 4062
f 4052 4051 4061
f 4061 4051 4063
f 4061 4063 4062
f 4064 4048 4065
f 4066 4067 4068
f 4068 4067 4064
f 4068 4064 4069
f 4069 4064 4065
f 4070 4071 4072
f 4072 4071 4073
f 4072 4073 4046
f 4046 4073 4074
f 4046 4074 4044
f 4075 4076 4070
f 4070 4076 4077
f 4070 4077 4071
f 4042 4078 4043
f 4043 4078 4075
f 4043 4075 4079
f 4079 4075 4070
f 4080 4081 4041
f 4041 4081 4082
f 4041 4082 4083
f 4083 4082 4084
f 4083 4084 4085
f 4085 4084 4086
f 4085 4086 4087
f 4088 4089 4090
f 4090 4089 4091
f 4090 4091 4092
f 4092 4091 4093
f 4093 4091 4094
f 4093 4094 4095
f 4095 4094 4096
f 4095 4096 4097
f 4040 4039 4096
f 4096 4039 4098
f 4096 4098 4097
f 4099 4036 4100
f 4101 4102 4103
f 4103 4102 4099
f 4103 4099 4104
f 4104 4099 4100
f 4105 4106 4107
f 4107 4106 4108
f 4107 4108 4034
f 4034 4108 4109
f 4034 4109 4032
f 4110 4111 4105
f 4105 4111 4112
f 4105 4112 4106
f 4030 4113 4031
f 4031 4113 4110
f 4031 4110 4114
f 4114 4110 4105
f 4115 4116 4029
f 4029 4116 4117
f 4029 4117 4118
f 4118 4117 4119
f 4118 4119 4120
f 4120 4119 4121
f 4120 4121 4122
f 4123 4124 4125
f 4125 4124 4126
f 4125 4126 4127
f 4126 4128 4127
f 4127 4128 4129
f 4127 4129 4130
f 4129 4131 4130
f 4130 4131 4132
f 4130 4132 4133
f 4132 4134 4133
f 4133 4134 4135
f 4133 4135 4136
f 4136 4135 4137
f 4136 4137 4138
f 4137 4139 4138
f 4138 4139 4140
f 4138 4140 4141
f 4140 4142 4141
f 4141 4142 4143
f 4141 4143 4144
f 4144 4143 4145
f 4144 4145 4146
f 4145 4147 4146
f 4146 4147 4148
f 4146 4148 4149
f 4148 4150 4149
f 4149 4150 4151
f 4149 4151 4152
f 4151 4153 4152
f 4152 4153 4154
f 4152 4154 4155
f 4155 4154 4156
f 4155 4156 4157
f 4156 4158 4157
f 4157 4158 4159
f 4157 4159 4160
f 4159 4161 4160
f 4160 4161 4162
f 4160 4162 4163
f 4163 4162 4164
f 4163 4164 4165
f 4164 4166 4165
f 4165 4166 4167
f 4165 4167 4168
f 4167 4169 4168
f 4168 4169 4170
f 4168 4170 4171
f 4170 4172 4171
f 4171 4172 4173
f 4171 4173 4174
f 4174 4173 4175
f 4174 4175 4176
f 4175 4177 4176
f 4176 4177 4178
f 4176 4178 4179
f 4178 4180 4179
f 4179 4180 4181
f 4179 4181 4182
f 4182 4181 4183
f 4182 4183 4184
f 4183 4185 4184
f 4184 4185 4186
f 4184 4186 4187
f 4186 4188 4187
f 4187 4188 4189
f 4187 4189 4190
f 4190 4189 4191
f 4190 4191 4192
f 4192 4191 4193
f 4192 4193 4194
f 4193 4195 4194
f 4194 4195 4196
f 4194 4196 4197
f 4196 4198 4197
f 4197 4198 4199
f 4197 4199 4200
f 4200 4199 4201
f 4200 4201 4202
f 4201 4203 4202
f 4202 4203 4204
f 4202 4204 4205
f 4204 4206 4205
f 4205 4206 4207
f 4205 4207 4208
f 4208 4207 4209
f 4208 4209 4210
f 4210 4209 4211
f 4210 4211 4212
f 4211 4213 4212
f 4212 4213 4214
f 4212 4214 4215
f 4214 4216 4215
f 4215 4216 4217
f 4215 4217 4218
f 4218 4217 4219
f 4218 4219 4220
f 4219 4221 4220
f 4220 4221 4222
f 4220 4222 4123
f 4123 4222 4223
f 4123 4223 4124
f 4123 4069 4220
f 4220 4069 4065
f 4220 4065 4218
f 4218 4065 4224
f 4218 4224 4215
f 4215 4224 4225
f 4215 4225 4212
f 4212 4225 4226
f 4212 4226 4210
f 4210 4226 4227
f 4210 4227 4208
f 4208 4227 4122
f 4208 4122 4205
f 4205 4122 4121
f 4205 4121 4202
f 4202 4121 4119
f 4202 4119 4200
f 4200 4119 4117
f 4200 4117 4197
f 4197 4117 4116
f 4197 4116 4194
f 4194 4116 4115
f 4194 4115 4192
f 4192 4115 4228
f 4192 4228 4190
f 4190 4228 4229
f 4190 4229 4187
f 4187 4229 4230
f 4187 4230 4184
f 4184 4230 4231
f 4184 4231 4182
f 4182 4231 4232
f 4182 4232 4179
f 4179 4232 4101
f 4179 4101 4176
f 4176 4101 4103
f 4176 4103 4174
f 4174 4103 4104
f 4174 4104 4171
f 4171 4104 4100
f 4171 4100 4168
f 4168 4100 4233
f 4168 4233 4165
f 4165 4233 4234
f 4165 4234 4163
f 4163 4234 4235
f 4163 4235 4160
f 4160 4235 4236
f 4160 4236 4157
f 4157 4236 4087
f 4157 4087 4155
f 4155 4087 4086
f 4155 4086 4152
f 4152 4086 4084
f 4152 4084 4149
f 4149 4084 4082
f 4149 4082 4146
f 4146 4082 4081
f 4146 4081 4144
f 4144 4081 4080
f 4144 4080 4141
f 4141 4080 4237
f 4141 4237 4138
f 4138 4237 4238
f 4138 4238 4136
f 4136 4238 4239
f 4136 4239 4133
f 4133 4239 4240
f 4133 4240 4130
f 4130 4240 4241
f 4130 4241 4127
f 4127 4241 4066
f 4127 4066 4125
f 4125 4066 4068
f 4125 4068 4123
f 4123 4068 4069
f 4041 4043 4080
f 4080 4043 4079
f 4080 4079 4237
f 4237 4079 4070
f 4237 4070 4238
f 4238 4070 4072
f 4238 4072 4239
f 4239 4072 4046
f 4239 4046 4240
f 4240 4046 4045
f 4240 4045 4241
f 4241 4045 4047
f 4241 4047 4066
f 4066 4047 4242
f 4066 4242 4067
f 4036 4038 4100
f 4100 4038 4040
f 4100 4040 4233
f 4233 4040 4096
f 4233 4096 4234
f 4234 4096 4094
f 4234 4094 4235
f 4235 4094 4091
f 4235 4091 4236
f 4236 4091 4089
f 4236 4089 4087
f 4087 4089 4088
f 4087 4088 4085
f 4029 4031 4115
f 4115 4031 4114
f 4115 4114 4228
f 4228 4114 4105
f 4228 4105 4229
f 4229 4105 4107
f 4229 4107 4230
f 4230 4107 4034
f 4230 4034 4231
f 4231 4034 4033
f 4231 4033 4232
f 4232 4033 4035
f 4232 4035 4101
f 4101 4035 4243
f 4101 4243 4102
f 4048 4050 4065
f 4065 4050 4052
f 4065 4052 4224
f 4224 4052 4061
f 4224 4061 4225
f 4225 4061 4059
f 4225 4059 4226
f 4226 4059 4056
f 4226 4056 4227
f 4227 4056 4054
f 4227 4054 4122
f 4122 4054 4053
f 4122 4053 4120
f 4244 4245 4246
f 4244 4246 4247
f 4248 4249 4246
f 4246 4249 4250
f 4246 4250 4247
f 4251 4252 4246
f 4246 4252 4253
f 4246 4253 4248
f 4254 4255 4246
f 4246 4255 4256
f 4246 4256 4251
f 4257 4258 4246
f 4246 4258 4259
f 4246 4259 4254
f 4260 4261 4246
f 4246 4261 4262
f 4246 4262 4257
f 4245 4263 4246
f 4246 4263 4264
f 4246 4264 4260
f 4244 4265 4245
f 4245 4265 4266
f 4245 4266 4263
f 4263 4266 4267
f 4263 4267 4264
f 4264 4267 4268
f 4264 4268 4260
f 4260 4268 4269
f 4260 4269 4261
f 4261 4269 4270
f 4261 4270 4262
f 4262 4270 4271
f 4262 4271 4257
f 4257 4271 4272
f 4257 4272 4258
f 4258 4272 4273
f 4258 4273 4259
f 4259 4273 4274
f 4259 4274 4254
f 4254 4274 4275
f 4254 4275 4255
f 4255 4275 4276
f 4255 4276 4256
f 4256 4276 4277
f 4256 4277 4251
f 4251 4277 4278
f 4251 4278 4252
f 4252 4278 4279
f 4252 4279 4253
f 4253 4279 4280
f 4253 4280 4248
f 4248 4280 4281
f 4248 4281 4249
f 4249 4281 4282
f 4249 4282 4250
f 4250 4282 4283
f 4250 4283 4247
f 4247 4283 4284
f 4247 4284 4244
f 4244 4284 4265
f 4282 4285 4283
f 4283 4285 4286
f 4283 4286 4284
f 4284 4286 4287
f 4284 4287 4265
f 4279 4288 4280
f 4280 4288 4289
f 4280 4289 4281
f 4281 4289 4290
f 4281 4290 4282
f 4282 4290 4291
f 4282 4291 4285
f 4276 4292 4277
f 4277 4292 4293
f 4277 4293 4278
f 4278 4293 4294
f 4278 4294 4279
f 4279 4294 4295
f 4279 4295 4288
f 4274 4296 4275
f 4275 4296 4297
f 4275 4297 4276
f 4276 4297 4298
f 4276 4298 4292
f 4271 4299 4272
f 4272 4299 4300
f 4272 4300 4273
f 4273 4300 4301
f 4273 4301 4274
f 4274 4301 4302
f 4274 4302 4296
f 4268 4303 4269
f 4269 4303 4304
f 4269 4304 4270
f 4270 4304 4305
f 4270 4305 4271
f 4271 4305 4306
f 4271 4306 4299
f 4287 4307 4265
f 4265 4307 4308
f 4265 4308 4266
f 4266 4308 4309
f 4266 4309 4267
f 4267 4309 4310
f 4267 4310 4268
f 4268 4310 4311
f 4268 4311 4303
f 4151 4150 4286
f 4286 4150 4287
f 4285 4154 4286
f 4286 4154 4153
f 4286 4153 4151
f 4291 4158 4285
f 4285 4158 4156
f 4285 4156 4154
f 4164 4162 4290
f 4290 4162 4161
f 4290 4161 4291
f 4291 4161 4159
f 4291 4159 4158
f 4164 4290 4166
f 4166 4290 4289
f 4166 4289 4167
f 4167 4289 4169
f 4169 4289 4288
f 4169 4288 4170
f 4295 4173 4288
f 4288 4173 4172
f 4288 4172 4170
f 4294 4177 4295
f 4295 4177 4175
f 4295 4175 4173
f 4183 4181 4293
f 4293 4181 4180
f 4293 4180 4294
f 4294 4180 4178
f 4294 4178 4177
f 4183 4293 4185
f 4185 4293 4292
f 4185 4292 4186
f 4186 4292 4188
f 4188 4292 4298
f 4188 4298 4189
f 4189 4298 4191
f 4191 4298 4297
f 4191 4297 4193
f 4193 4297 4195
f 4195 4297 4296
f 4195 4296 4196
f 4196 4296 4198
f 4198 4296 4302
f 4198 4302 4199
f 4301 4203 4302
f 4302 4203 4201
f 4302 4201 4199
f 4300 4206 4301
f 4301 4206 4204
f 4301 4204 4203
f 4299 4209 4300
f 4300 4209 4207
f 4300 4207 4206
f 4216 4214 4306
f 4306 4214 4213
f 4306 4213 4299
f 4299 4213 4211
f 4299 4211 4209
f 4216 4306 4217
f 4217 4306 4305
f 4217 4305 4219
f 4219 4305 4221
f 4221 4305 4304
f 4221 4304 4222
f 4222 4304 4223
f 4223 4304 4303
f 4223 4303 4124
f 4311 4128 4303
f 4303 4128 4126
f 4303 4126 4124
f 4134 4132 4310
f 4310 4132 4131
f 4310 4131 4311
f 4311 4131 4129
f 4311 4129 4128
f 4134 4310 4135
f 4135 4310 4309
f 4135 4309 4137
f 4137 4309 4139
f 4139 4309 4308
f 4139 4308 4140
f 4140 4308 4142
f 4142 4308 4307
f 4142 4307 4143
f 4150 4148 4287
f 4287 4148 4147
f 4287 4147 4307
f 4307 4147 4145
f 4307 4145 4143
f 4055 4312 4053
f 4053 4312 4120
f 4118 4120 4312
f 4029 4118 4313
f 4313 4118 4312
f 4313 4312 4314
f 4314 4312 4315
f 4029 4313 4030
f 4030 4313 4113
f 4109 4316 4032
f 4032 4316 4035
f 4317 4318 4316
f 4316 4318 4319
f 4036 4099 4319
f 4319 4099 4102
f 4319 4102 4316
f 4316 4102 4243
f 4316 4243 4035
f 4036 4319 4037
f 4037 4319 4039
f 4090 4320 4088
f 4088 4320 4085
f 4083 4085 4320
f 4041 4083 4321
f 4321 4083 4320
f 4321 4320 4322
f 4322 4320 4323
f 4041 4321 4042
f 4042 4321 4078
f 4074 4324 4044
f 4044 4324 4047
f 4325 4326 4324
f 4324 4326 4327
f 4048 4064 4327
f 4327 4064 4067
f 4327 4067 4324
f 4324 4067 4242
f 4324 4242 4047
f 4048 4327 4049
f 4049 4327 4051
f 4328 4322 4329
f 4326 4325 4330
f 4330 4325 4331
f 4330 4331 4332
f 4332 4331 4314
f 4332 4314 4315
f 4318 4317 4333
f 4333 4317 4329
f 4333 4329 4334
f 4334 4329 4322
f 4334 4322 4323
f 4328 4329 4331
f 4331 4329 4335
f 4331 4335 4314
f 4335 4111 4110
f 4110 4113 4335
f 4335 4113 4313
f 4335 4313 4314
f 4111 4335 4112
f 4112 4335 4329
f 4112 4329 4106
f 4329 4317 4316
f 4106 4329 4108
f 4108 4329 4316
f 4108 4316 4109
f 4333 4097 4098
f 4098 4039 4333
f 4333 4039 4319
f 4333 4319 4318
f 4097 4333 4095
f 4095 4333 4334
f 4095 4334 4093
f 4334 4323 4320
f 4093 4334 4092
f 4092 4334 4320
f 4092 4320 4090
f 4330 4062 4063
f 4063 4051 4330
f 4330 4051 4327
f 4330 4327 4326
f 4062 4330 4060
f 4060 4330 4332
f 4060 4332 4058
f 4332 4315 4312
f 4058 4332 4057
f 4057 4332 4312
f 4057 4312 4055
f 4328 4076 4075
f 4075 4078 4328
f 4328 4078 4321
f 4328 4321 4322
f 4076 4328 4077
f 4077 4328 4331
f 4077 4331 4071
f 4331 4325 4324
f 4071 4331 4073
f 4073 4331 4324
f 4073 4324 4074
f 4336 3956 4337
f 4338 4339 4340
f 4340 4339 4341
f 4340 4341 4337
f 4337 4341 4342
f 4337 4342 4336
f 4343 4344 4338
f 4338 4344 4345
f 4338 4345 4339
f 4346 4347 4348
f 4348 4349 4346
f 4346 4349 4350
f 4346 4350 4343
f 4343 4350 4351
f 4343 4351 4344
f 4352 4353 4354
f 4354 4353 4355
f 4354 4355 4356
f 4357 4358 4359
f 4360 4361 4358
f 4358 4361 4362
f 4358 4362 4359
f 4336 4363 3956
f 3956 4363 4364
f 3956 4364 4365
f 4365 4364 4366
f 4365 4366 4360
f 4360 4366 4367
f 4360 4367 4361
f 4355 4368 4356
f 4356 4368 4369
f 4356 4369 4347
f 4347 4369 4370
f 4347 4370 4348
f 4371 4372 4352
f 4352 4372 4373
f 4352 4373 4353
f 3942 4374 4371
f 4371 4374 4375
f 4371 4375 4372
f 4376 4377 3942
f 3942 4377 4378
f 3942 4378 4374
f 4379 4380 4381
f 4381 4380 4382
f 4381 4382 4383
f 4384 4385 4379
f 4379 4385 4386
f 4379 4386 4380
f 4359 4387 4357
f 4357 4387 4388
f 4357 4388 4384
f 4384 4388 4389
f 4384 4389 4385
f 4390 4391 4376
f 4376 4391 4392
f 4376 4392 4377
f 4382 4393 4383
f 4383 4393 4394
f 4383 4394 4390
f 4390 4394 4395
f 4390 4395 4391
f 4396 4397 4398
f 4398 4397 4399
f 4398 4399 4400
f 4401 4402 4396
f 4396 4402 4403
f 4396 4403 4397
f 4404 4405 4406
f 4407 4408 4409
f 4410 4411 4405
f 4405 4411 4412
f 4405 4412 4406
f 4413 4414 4409
f 4409 4414 4415
f 4409 4415 4407
f 4416 4417 4418
f 4419 4420 4401
f 4401 4420 4421
f 4401 4421 4402
f 4422 4423 4419
f 4419 4423 4424
f 4419 4424 4420
f 4425 4426 4427
f 4427 4426 4428
f 4427 4428 4429
f 4430 4431 4410
f 4410 4431 4432
f 4410 4432 4411
f 4407 4433 4408
f 4408 4433 4434
f 4408 4434 4435
f 4435 4434 4436
f 4435 4436 4430
f 4430 4436 4437
f 4430 4437 4431
f 4418 4438 4416
f 4416 4438 4439
f 4416 4439 4413
f 4413 4439 4440
f 4413 4440 4414
f 4428 4441 4429
f 4429 4441 4442
f 4429 4442 4422
f 4422 4442 4443
f 4422 4443 4423
f 4444 4445 4425
f 4425 4445 4446
f 4425 4446 4426
f 4406 4447 4404
f 4404 4447 4448
f 4404 4448 4444
f 4444 4448 4449
f 4444 4449 4445
f 4399 4450 4400
f 4400 4450 4451
f 4400 4451 4452
f 4451 4453 4452
f 4452 4453 4454
f 4452 4454 4455
f 4455 4454 4456
f 4455 4456 4417
f 4417 4456 4457
f 4417 4457 4418
f 4364 4363 4453
f 4453 4363 4454
f 4363 4336 4454
f 4454 4336 4342
f 4454 4342 4456
f 4456 4342 4341
f 4456 4341 4457
f 4457 4341 4339
f 4457 4339 4418
f 4418 4339 4345
f 4418 4345 4438
f 4438 4345 4344
f 4438 4344 4439
f 4439 4344 4351
f 4439 4351 4440
f 4440 4351 4350
f 4440 4350 4414
f 4414 4350 4349
f 4414 4349 4415
f 4415 4349 4348
f 4415 4348 4407
f 4407 4348 4370
f 4407 4370 4433
f 4433 4370 4369
f 4433 4369 4434
f 4434 4369 4368
f 4434 4368 4436
f 4436 4368 4355
f 4436 4355 4437
f 4437 4355 4353
f 4437 4353 4431
f 4431 4353 4373
f 4431 4373 4432
f 4432 4373 4372
f 4432 4372 4411
f 4411 4372 4375
f 4411 4375 4412
f 4412 4375 4374
f 4412 4374 4406
f 4406 4374 4378
f 4406 4378 4447
f 4447 4378 4377
f 4447 4377 4448
f 4448 4377 4392
f 4448 4392 4449
f 4449 4392 4391
f 4449 4391 4445
f 4445 4391 4395
f 4445 4395 4446
f 4446 4395 4394
f 4446 4394 4426
f 4426 4394 4393
f 4426 4393 4428
f 4428 4393 4382
f 4428 4382 4441
f 4441 4382 4380
f 4441 4380 4442
f 4442 4380 4386
f 4442 4386 4443
f 4443 4386 4385
f 4443 4385 4423
f 4423 4385 4389
f 4423 4389 4424
f 4424 4389 4388
f 4424 4388 4420
f 4420 4388 4387
f 4420 4387 4421
f 4421 4387 4359
f 4421 4359 4402
f 4402 4359 4362
f 4402 4362 4403
f 4403 4362 4361
f 4403 4361 4397
f 4397 4361 4367
f 4397 4367 4399
f 4399 4367 4366
f 4399 4366 4450
f 4450 4366 4364
f 4450 4364 4451
f 4451 4364 4453
f 3942 4404 4376
f 4376 4404 4444
f 4376 4444 4390
f 4390 4444 4425
f 4390 4425 4383
f 4383 4425 4427
f 4383 4427 4381
f 4381 4427 4429
f 4381 4429 4379
f 4379 4429 4422
f 4379 4422 4384
f 4384 4422 4419
f 4384 4419 4357
f 4357 4419 4401
f 4357 4401 4358
f 4358 4401 4396
f 4358 4396 4360
f 4360 4396 4398
f 4360 4398 4365
f 4365 4398 4400
f 4365 4400 3956
f 3956 4400 4452
f 3956 4452 4337
f 4337 4452 4455
f 4337 4455 4340
f 4340 4455 4417
f 4340 4417 4338
f 4338 4417 4416
f 4338 4416 4343
f 4343 4416 4413
f 4343 4413 4346
f 4346 4413 4409
f 4346 4409 4347
f 4347 4409 4408
f 4347 4408 4356
f 4356 4408 4435
f 4356 4435 4354
f 4354 4435 4430
f 4354 4430 4352
f 4352 4430 4410
f 4352 4410 4371
f 4371 4410 4405
f 4371 4405 3942
f 3942 4405 4404
f 4458 4459 4460
f 4460 4459 4461
f 4462 4463 4464
f 4464 4463 4465
f 4464 4465 4466
f 4466 4465 4467
f 4466 4467 4468
f 4468 4467 4469
f 4469 4467 4470
f 4469 4470 4471
f 4461 4459 4470
f 4470 4459 4472
f 4470 4472 4471
f 4473 4474 4475
f 4475 4476 4473
f 4473 4476 4477
f 4473 4477 4478
f 4478 4477 4458
f 4479 4480 4481
f 4481 4480 4482
f 4481 4482 4483
f 4481 4484 4479
f 4479 4484 4485
f 4479 4485 4474
f 4474 4485 4486
f 4474 4486 4475
f 4487 4488 4489
f 4489 4488 4483
f 4490 4491 4492
f 4492 4491 4493
f 4491 4494 4493
f 4493 4494 4495
f 4493 4495 4487
f 4487 4495 4496
f 4487 4496 4488
f 4490 4492 4497
f 4497 4492 4498
f 4497 4498 4499
f 4499 4500 4501
f 4501 4500 4502
f 4501 4502 4503
f 4503 4502 4504
f 4503 4504 4505
f 4505 4504 4506
f 4506 4504 4507
f 4506 4507 4508
f 4509 4510 4511
f 4511 4510 4512
f 4512 4510 4507
f 4507 4510 4513
f 4507 4513 4508
f 4514 4515 4516
f 4516 4515 4509
f 4517 4518 4519
f 4519 4518 4520
f 4519 4520 4521
f 4522 4523 4514
f 4514 4523 4524
f 4514 4524 4515
f 4519 4525 4517
f 4517 4525 4526
f 4517 4526 4522
f 4522 4526 4527
f 4522 4527 4523
f 4528 4529 4530
f 4530 4529 4531
f 4530 4531 4532
f 4533 4534 4535
f 4535 4534 4536
f 4535 4536 4537
f 4538 4539 4532
f 4532 4539 4540
f 4540 4541 4532
f 4532 4541 4542
f 4532 4542 4543
f 4543 4542 4544
f 4545 4537 4546
f 4546 4537 4536
f 4546 4536 4531
f 4531 4536 4547
f 4531 4547 4532
f 4532 4547 4548
f 4532 4548 4538
f 4545 4549 4537
f 4537 4549 4550
f 4537 4550 4551
f 4551 4552 4537
f 4537 4552 4553
f 4537 4553 4554
f 4554 4553 4555
f 4528 4530 4556
f 4556 4530 4557
f 4556 4557 4558
f 4558 4557 4559
f 4558 4559 4560
f 4560 4559 4561
f 4560 4561 4562
f 4533 4535 4563
f 4563 4535 4564
f 4563 4564 4565
f 4565 4564 4566
f 4565 4566 4567
f 4567 4566 4568
f 4567 4568 4569
f 4570 4571 4572
f 4572 4571 4573
f 4572 4573 4574
f 4575 4576 4577
f 4577 4576 4578
f 4577 4578 4579
f 4580 4581 4574
f 4574 4581 4582
f 4582 4583 4574
f 4574 4583 4584
f 4574 4584 4585
f 4585 4584 4586
f 4587 4579 4588
f 4588 4579 4578
f 4588 4578 4573
f 4573 4578 4589
f 4573 4589 4574
f 4574 4589 4590
f 4574 4590 4580
f 4587 4591 4579
f 4579 4591 4592
f 4579 4592 4593
f 4593 4594 4579
f 4579 4594 4595
f 4579 4595 4596
f 4596 4595 4597
f 4570 4572 4598
f 4598 4572 4599
f 4598 4599 4600
f 4600 4599 4601
f 4600 4601 4602
f 4602 4601 4603
f 4602 4603 4604
f 4575 4577 4605
f 4605 4577 4606
f 4605 4606 4607
f 4607 4606 4608
f 4607 4608 4609
f 4609 4608 4610
f 4609 4610 4611
f 4612 4613 4614
f 4614 4613 4615
f 4614 4615 4616
f 4617 4618 4619
f 4619 4618 4620
f 4619 4620 4621
f 4622 4623 4616
f 4616 4623 4624
f 4624 4625 4616
f 4616 4625 4626
f 4616 4626 4627
f 4627 4626 4628
f 4629 4621 4630
f 4630 4621 4620
f 4630 4620 4615
f 4615 4620 4631
f 4615 4631 4616
f 4616 4631 4632
f 4616 4632 4622
f 4629 4633 4621
f 4621 4633 4634
f 4621 4634 4635
f 4635 4636 4621
f 4621 4636 4637
f 4621 4637 4638
f 4638 4637 4639
f 4612 4614 4640
f 4640 4614 4641
f 4640 4641 4642
f 4642 4641 4643
f 4642 4643 4644
f 4644 4643 4645
f 4644 4645 4646
f 4617 4619 4647
f 4647 4619 4648
f 4647 4648 4649
f 4649 4648 4650
f 4649 4650 4651
f 4651 4650 4652
f 4651 4652 4653
f 4654 4655 4656
f 4656 4655 4657
f 4656 4657 4658
f 4659 4660 4661
f 4661 4660 4662
f 4661 4662 4663
f 4664 4665 4658
f 4658 4665 4666
f 4666 4667 4658
f 4658 4667 4668
f 4658 4668 4669
f 4669 4668 4670
f 4671 4663 4672
f 4672 4663 4662
f 4672 4662 4657
f 4657 4662 4673
f 4657 4673 4658
f 4658 4673 4674
f 4658 4674 4664
f 4671 4675 4663
f 4663 4675 4676
f 4663 4676 4677
f 4677 4678 4663
f 4663 4678 4679
f 4663 4679 4680
f 4680 4679 4681
f 4654 4656 4682
f 4682 4656 4683
f 4682 4683 4684
f 4684 4683 4685
f 4684 4685 4686
f 4686 4685 4687
f 4686 4687 4688
f 4659 4661 4689
f 4689 4661 4690
f 4689 4690 4691
f 4691 4690 4692
f 4691 4692 4693
f 4693 4692 4694
f 4693 4694 4695
f 4696 4697 4698
f 4698 4697 4699
f 4698 4699 4700
f 4701 4702 4703
f 4703 4702 4704
f 4703 4704 4705
f 4706 4707 4700
f 4700 4707 4708
f 4708 4709 4700
f 4700 4709 4710
f 4700 4710 4711
f 4711 4710 4712
f 4713 4705 4714
f 4714 4705 4704
f 4714 4704 4699
f 4699 4704 4715
f 4699 4715 4700
f 4700 4715 4716
f 4700 4716 4706
f 4713 4717 4705
f 4705 4717 4718
f 4705 4718 4719
f 4719 4720 4705
f 4705 4720 4721
f 4705 4721 4722
f 4722 4721 4723
f 4696 4698 4724
f 4724 4698 4725
f 4724 4725 4726
f 4726 4725 4727
f 4726 4727 4728
f 4728 4727 4729
f 4728 4729 4730
f 4701 4703 4731
f 4731 4703 4732
f 4731 4732 4733
f 4733 4732 4734
f 4733 4734 4735
f 4735 4734 4736
f 4735 4736 4737
f 4738 4739 4740
f 4740 4739 4741
f 4740 4741 4742
f 4743 4744 4745
f 4745 4744 4746
f 4745 4746 4747
f 4748 4749 4742
f 4742 4749 4750
f 4750 4751 4742
f 4742 4751 4752
f 4742 4752 4753
f 4753 4752 4754
f 4755 4747 4756
f 4756 4747 4746
f 4756 4746 4741
f 4741 4746 4757
f 4741 4757 4742
f 4742 4757 4758
f 4742 4758 4748
f 4755 4759 4747
f 4747 4759 4760
f 4747 4760 4761
f 4761 4762 4747
f 4747 4762 4763
f 4747 4763 4764
f 4764 4763 4765
f 4738 4740 4766
f 4766 4740 4767
f 4766 4767 4768
f 4768 4767 4769
f 4768 4769 4770
f 4770 4769 4771
f 4770 4771 4772
f 4743 4745 4773
f 4773 4745 4774
f 4773 4774 4775
f 4775 4774 4776
f 4775 4776 4777
f 4777 4776 4778
f 4777 4778 4779
f 4780 4462 4781
f 4782 4783 4784
f 4784 4783 4521
f 4780 4781 4785
f 4781 4786 4785
f 4785 4786 4787
f 4785 4787 4788
f 4787 4789 4788
f 4788 4789 4790
f 4788 4790 4782
f 4782 4790 4791
f 4782 4791 4783
f 4792 4793 4794
f 4794 4793 4795
f 4796 4797 4798
f 4798 4797 4799
f 4798 4799 4800
f 4800 4799 4801
f 4792 4802 4793
f 4793 4802 4803
f 4793 4803 4804
f 4804 4803 4805
f 4804 4805 4806
f 4806 4805 4807
f 4806 4807 4808
f 4808 4807 4809
f 4808 4809 4810
f 4810 4809 4811
f 4810 4811 4812
f 4799 4813 4801
f 4801 4813 4814
f 4801 4814 4815
f 4815 4814 4810
f 4815 4810 4816
f 4816 4810 4812
f 4817 4818 4819
f 4819 4818 4820
f 4819 4820 4821
f 4821 4820 4822
f 4821 4822 4823
f 4823 4822 4824
f 4823 4824 4795
f 4795 4824 4825
f 4795 4825 4794
f 4826 4827 4828
f 4828 4827 4829
f 4796 4830 4797
f 4797 4830 4831
f 4797 4831 4832
f 4832 4831 4833
f 4832 4833 4834
f 4834 4833 4835
f 4834 4835 4829
f 4829 4835 4836
f 4829 4836 4828
f 4837 4838 4839
f 4839 4838 4840
f 4839 4840 4841
f 4841 4840 4842
f 4841 4842 4843
f 4843 4842 4844
f 4843 4844 4845
f 4845 4844 4846
f 4845 4846 4819
f 4819 4846 4847
f 4819 4847 4817
f 4826 4848 4827
f 4827 4848 4849
f 4827 4849 4850
f 4850 4849 4851
f 4850 4851 4852
f 4852 4851 4853
f 4852 4853 4854
f 4854 4853 4855
f 4854 4855 4856
f 4856 4855 4857
f 4856 4857 4839
f 4839 4857 4858
f 4839 4858 4837
f 4859 4860 4861
f 4862 4863 4864
f 4864 4863 4861
f 4864 4861 4865
f 4865 4861 4860
f 4865 4860 4679
f 4862 4866 4863
f 4863 4866 4867
f 4863 4867 4868
f 4859 4861 4869
f 4869 4861 4863
f 4869 4863 4870
f 4870 4863 4868
f 4870 4868 4871
f 4872 4873 4874
f 4875 4876 4877
f 4867 4873 4868
f 4868 4873 4872
f 4868 4872 4871
f 4871 4872 4877
f 4878 4876 4879
f 4879 4876 4875
f 4879 4875 4880
f 4880 4875 4881
f 4880 4881 4882
f 4882 4881 4883
f 4867 4866 4873
f 4873 4866 4884
f 4873 4884 4874
f 4874 4884 4885
f 4874 4885 4886
f 4886 4885 4887
f 4886 4887 4888
f 4877 4872 4875
f 4875 4872 4874
f 4875 4874 4881
f 4881 4874 4886
f 4881 4886 4883
f 4883 4886 4888
f 4883 4888 4792
f 4889 4890 4891
f 4891 4890 4892
f 4772 4893 4894
f 4894 4893 4895
f 4894 4895 4896
f 4896 4895 4891
f 4896 4891 4897
f 4897 4891 4892
f 4898 4889 4899
f 4899 4889 4891
f 4899 4891 4900
f 4900 4891 4895
f 4900 4895 4901
f 4901 4895 4893
f 4901 4902 4903
f 4904 4905 4906
f 4906 4905 4903
f 4906 4903 4907
f 4907 4903 4902
f 4907 4902 4721
f 4904 4908 4905
f 4905 4908 4909
f 4905 4909 4910
f 4901 4903 4900
f 4900 4903 4905
f 4900 4905 4899
f 4899 4905 4910
f 4899 4910 4898
f 4911 4912 4913
f 4913 4912 4914
f 4915 4916 4917
f 4915 4917 4918
f 4918 4917 4919
f 4918 4919 4920
f 4914 4921 4913
f 4913 4921 4922
f 4913 4922 4911
f 4923 4924 4925
f 4925 4924 4926
f 4925 4926 4911
f 4911 4926 4927
f 4911 4927 4912
f 4912 4927 4928
f 4912 4928 4914
f 4914 4928 4929
f 4914 4929 4486
f 4930 4920 4922
f 4922 4920 4919
f 4922 4919 4911
f 4911 4919 4917
f 4911 4917 4925
f 4925 4917 4916
f 4925 4916 4923
f 4918 4920 4931
f 4931 4920 4930
f 4695 4932 4933
f 4933 4932 4934
f 4933 4934 4935
f 4935 4934 4931
f 4935 4931 4936
f 4936 4931 4930
f 4915 4918 4937
f 4937 4918 4931
f 4937 4931 4938
f 4938 4931 4934
f 4938 4934 4939
f 4939 4934 4932
f 4940 4941 4942
f 4943 4944 4945
f 4945 4944 4942
f 4945 4942 4946
f 4946 4942 4941
f 4946 4941 4637
f 4943 4947 4944
f 4944 4947 4948
f 4944 4948 4949
f 4940 4942 4950
f 4950 4942 4944
f 4950 4944 4951
f 4951 4944 4949
f 4951 4949 4952
f 4953 4954 4955
f 4956 4957 4958
f 4948 4954 4949
f 4949 4954 4953
f 4949 4953 4952
f 4952 4953 4959
f 4960 4961 4962
f 4962 4961 4956
f 4962 4956 4963
f 4963 4956 4958
f 4963 4958 4959
f 4948 4947 4954
f 4954 4947 4964
f 4954 4964 4955
f 4955 4964 4965
f 4955 4965 4966
f 4966 4965 4967
f 4966 4967 4968
f 4959 4953 4963
f 4963 4953 4955
f 4963 4955 4962
f 4962 4955 4966
f 4962 4966 4960
f 4960 4966 4968
f 4960 4968 4812
f 4969 4970 4971
f 4971 4970 4972
f 4562 4973 4974
f 4974 4973 4975
f 4974 4975 4976
f 4976 4975 4971
f 4976 4971 4977
f 4977 4971 4972
f 4978 4969 4979
f 4979 4969 4971
f 4979 4971 4980
f 4980 4971 4975
f 4980 4975 4981
f 4981 4975 4973
f 4981 4982 4983
f 4984 4985 4986
f 4986 4985 4983
f 4986 4983 4987
f 4987 4983 4982
f 4987 4982 4763
f 4984 4988 4985
f 4985 4988 4989
f 4985 4989 4990
f 4981 4983 4980
f 4980 4983 4985
f 4980 4985 4979
f 4979 4985 4990
f 4979 4990 4978
f 4991 4992 4993
f 4993 4992 4994
f 4995 4996 4997
f 4995 4997 4998
f 4998 4997 4999
f 4998 4999 5000
f 4994 5001 4993
f 4993 5001 5002
f 4993 5002 4991
f 5003 5004 5005
f 5005 5004 5006
f 5005 5006 4991
f 4991 5006 5007
f 4991 5007 4992
f 4992 5007 5008
f 4992 5008 4994
f 4994 5008 5009
f 4994 5009 4469
f 5010 5000 5002
f 5002 5000 4999
f 5002 4999 4991
f 4991 4999 4997
f 4991 4997 5005
f 5005 4997 4996
f 5005 4996 5003
f 4998 5000 5011
f 5011 5000 5010
f 4737 5012 5013
f 5013 5012 5014
f 5013 5014 5015
f 5015 5014 5011
f 5015 5011 5016
f 5016 5011 5010
f 4995 4998 5017
f 5017 4998 5011
f 5017 5011 5018
f 5018 5011 5014
f 5018 5014 5019
f 5019 5014 5012
f 5020 5021 5022
f 5022 5021 5023
f 4653 5024 5025
f 5025 5024 5026
f 5025 5026 5027
f 5027 5026 5022
f 5027 5022 5028
f 5028 5022 5023
f 5029 5020 5030
f 5030 5020 5022
f 5030 5022 5031
f 5031 5022 5026
f 5031 5026 5032
f 5032 5026 5024
f 5032 5033 5034
f 5035 5036 5037
f 5037 5036 5034
f 5037 5034 5038
f 5038 5034 5033
f 5038 5033 4668
f 5035 5039 5036
f 5036 5039 5040
f 5036 5040 5041
f 5032 5034 5031
f 5031 5034 5036
f 5031 5036 5030
f 5030 5036 5041
f 5030 5041 5029
f 5042 5043 5044
f 5045 5046 5047
f 5047 5046 5044
f 5047 5044 5048
f 5048 5044 5043
f 5048 5043 4595
f 5045 5049 5046
f 5046 5049 5050
f 5046 5050 5051
f 5042 5044 5052
f 5052 5044 5046
f 5052 5046 5053
f 5053 5046 5051
f 5053 5051 5054
f 5055 5056 5057
f 5058 5059 5060
f 5050 5056 5051
f 5051 5056 5055
f 5051 5055 5054
f 5054 5055 5061
f 5062 5063 5064
f 5064 5063 5058
f 5064 5058 5065
f 5065 5058 5060
f 5065 5060 5061
f 5050 5049 5056
f 5056 5049 5066
f 5056 5066 5057
f 5057 5066 5067
f 5057 5067 5068
f 5068 5067 5069
f 5068 5069 5070
f 5061 5055 5065
f 5065 5055 5057
f 5065 5057 5064
f 5064 5057 5068
f 5064 5068 5062
f 5062 5068 5070
f 5062 5070 4830
f 5071 5072 5073
f 5073 5072 5074
f 4604 5075 5076
f 5076 5075 5077
f 5076 5077 5078
f 5078 5077 5073
f 5078 5073 5079
f 5079 5073 5074
f 5080 5071 5081
f 5081 5071 5073
f 5081 5073 5082
f 5082 5073 5077
f 5082 5077 5083
f 5083 5077 5075
f 5083 5084 5085
f 5086 5087 5088
f 5088 5087 5085
f 5088 5085 5089
f 5089 5085 5084
f 5089 5084 4553
f 5086 5090 5087
f 5087 5090 5091
f 5087 5091 5092
f 5083 5085 5082
f 5082 5085 5087
f 5082 5087 5081
f 5081 5087 5092
f 5081 5092 5080
f 5093 5094 5095
f 5096 5097 5098
f 5099 5094 5100
f 5100 5094 5093
f 5100 5093 5101
f 5101 5093 5102
f 5103 5104 5105
f 5105 5104 5096
f 5105 5096 5106
f 5106 5096 5098
f 5106 5098 5102
f 5099 5107 5094
f 5094 5107 5108
f 5094 5108 5095
f 5095 5108 5109
f 5095 5109 5110
f 5110 5109 5111
f 5110 5111 5112
f 5102 5093 5106
f 5106 5093 5095
f 5106 5095 5105
f 5105 5095 5110
f 5105 5110 5103
f 5103 5110 5112
f 5103 5112 4789
f 5102 5098 5113
f 5113 5098 5097
f 4779 5114 5115
f 5115 5114 5116
f 5115 5116 5117
f 5117 5116 5113
f 5117 5113 5118
f 5118 5113 5097
f 5101 5102 5119
f 5119 5102 5113
f 5119 5113 5120
f 5120 5113 5116
f 5120 5116 5121
f 5121 5116 5114
f 5122 5123 5124
f 5124 5123 5125
f 4611 5126 5127
f 5127 5126 5128
f 5127 5128 5129
f 5129 5128 5124
f 5129 5124 5130
f 5130 5124 5125
f 5131 5122 5132
f 5132 5122 5124
f 5132 5124 5133
f 5133 5124 5128
f 5133 5128 5134
f 5134 5128 5126
f 5134 5135 5136
f 5137 5138 5139
f 5139 5138 5136
f 5139 5136 5140
f 5140 5136 5135
f 5140 5135 4626
f 5137 5141 5138
f 5138 5141 5142
f 5138 5142 5143
f 5134 5136 5133
f 5133 5136 5138
f 5133 5138 5132
f 5132 5138 5143
f 5132 5143 5131
f 5144 5145 5146
f 5147 5148 5149
f 5150 5145 5151
f 5151 5145 5144
f 5151 5144 5152
f 5152 5144 5153
f 5154 5155 5156
f 5156 5155 5147
f 5156 5147 5157
f 5157 5147 5149
f 5157 5149 5153
f 5150 5158 5145
f 5145 5158 5159
f 5145 5159 5146
f 5146 5159 5160
f 5146 5160 5161
f 5161 5160 5162
f 5161 5162 5163
f 5153 5144 5157
f 5157 5144 5146
f 5157 5146 5156
f 5156 5146 5161
f 5156 5161 5154
f 5154 5161 5163
f 5154 5163 4527
f 5153 5149 5164
f 5164 5149 5148
f 4569 5165 5166
f 5166 5165 5167
f 5166 5167 5168
f 5168 5167 5164
f 5168 5164 5169
f 5169 5164 5148
f 5152 5153 5170
f 5170 5153 5164
f 5170 5164 5171
f 5171 5164 5167
f 5171 5167 5172
f 5172 5167 5165
f 5173 5174 5175
f 5176 5177 5175
f 4515 4524 5176
f 4590 5178 5174
f 5179 5180 5173
f 5173 5180 5181
f 5176 4524 5177
f 5177 4524 4523
f 5177 4523 5182
f 5182 4523 4527
f 5182 4527 5163
f 5158 5183 5159
f 5159 5183 5184
f 5159 5184 5160
f 5160 5184 5185
f 5160 5185 5162
f 4590 4589 5178
f 5178 4589 5186
f 5178 5186 5187
f 5187 5186 5188
f 5187 5188 5189
f 5174 5178 5175
f 5175 5178 5187
f 5175 5187 5176
f 5176 5187 5189
f 5176 5189 4515
f 4584 4583 5181
f 5181 4583 4582
f 5181 4582 5173
f 5173 4582 4581
f 5173 4581 5174
f 5174 4581 4580
f 5174 4580 4590
f 5163 5162 5182
f 5182 5162 5185
f 5182 5185 5177
f 5177 5185 5184
f 5177 5184 5175
f 5175 5184 5183
f 5175 5183 5173
f 5173 5183 5158
f 5173 5158 5179
f 5190 4510 4509
f 4589 4578 5191
f 4589 5191 5186
f 5186 5191 5192
f 5186 5192 5188
f 5188 5192 5190
f 5188 5190 5189
f 5189 5190 4509
f 5189 4509 4515
f 5172 5193 5194
f 5179 5195 5180
f 5180 5195 5194
f 5180 5194 5181
f 5181 5194 5193
f 5181 5193 4584
f 5179 5158 5195
f 5195 5158 5150
f 5195 5150 5151
f 5172 5194 5171
f 5171 5194 5195
f 5171 5195 5170
f 5170 5195 5151
f 5170 5151 5152
f 5196 5125 5197
f 5198 4513 5199
f 5200 5201 5202
f 4576 4575 5200
f 5125 5196 5130
f 5130 5196 5203
f 5130 5203 5129
f 4513 4510 5199
f 5199 4510 5190
f 5199 5190 5204
f 5204 5190 5192
f 5204 5192 5191
f 4609 4611 5203
f 5203 4611 5127
f 5203 5127 5129
f 4607 4609 5201
f 5201 4609 5203
f 5201 5203 5202
f 5202 5203 5196
f 5202 5196 5205
f 5205 5196 5197
f 5205 5197 5206
f 5206 5197 5207
f 5206 5207 5208
f 5208 5207 5209
f 5200 4575 5201
f 5201 4575 4605
f 5201 4605 4607
f 4578 4576 5191
f 5191 4576 5200
f 5191 5200 5204
f 5204 5200 5202
f 5204 5202 5199
f 5199 5202 5205
f 5199 5205 5198
f 5198 5205 5206
f 5198 5206 4513
f 4513 5206 5208
f 4513 5208 4508
f 4508 5208 5209
f 4508 5209 4506
f 5210 5148 5147
f 5166 5168 5211
f 5212 4525 5213
f 4534 4533 5214
f 5215 4565 4567
f 5148 5210 5169
f 5154 5216 5155
f 5155 5216 5217
f 5155 5217 5147
f 5214 5215 5218
f 5218 5215 5211
f 4525 4519 5213
f 5213 4519 5219
f 5213 5219 5220
f 5220 5219 5221
f 5220 5221 5222
f 5215 4567 5211
f 5211 4567 4569
f 5211 4569 5166
f 5168 5169 5211
f 5211 5169 5210
f 5211 5210 5218
f 5218 5210 5147
f 5218 5147 5223
f 5223 5147 5217
f 5214 4533 5215
f 5215 4533 4563
f 5215 4563 4565
f 4536 4534 5222
f 5222 4534 5214
f 5222 5214 5220
f 5220 5214 5218
f 5220 5218 5213
f 5213 5218 5223
f 5213 5223 5212
f 5212 5223 5217
f 5212 5217 4525
f 4525 5217 5216
f 4525 5216 4526
f 4526 5216 5154
f 4526 5154 4527
f 5224 4574 5225
f 5225 4574 4585
f 5225 4585 5226
f 4586 4584 5227
f 5227 4584 5193
f 5227 5193 5228
f 5228 5193 5172
f 5228 5172 5165
f 4568 4566 5229
f 5229 4566 4564
f 5229 4564 5230
f 5230 4564 4535
f 5230 4535 5231
f 5226 5232 5225
f 5225 5232 5233
f 5225 5233 5224
f 4569 4568 5234
f 5234 4568 5229
f 5234 5229 5232
f 5232 5229 5230
f 5232 5230 5233
f 5233 5230 5231
f 5233 5231 5224
f 4585 4586 5226
f 5226 4586 5227
f 5226 5227 5232
f 5232 5227 5228
f 5232 5228 5234
f 5234 5228 5165
f 5234 5165 4569
f 5235 5236 5237
f 5131 5143 5238
f 5131 5238 5122
f 5122 5238 5239
f 5122 5239 5123
f 5207 5240 5209
f 5209 5240 5241
f 5209 5241 4506
f 5207 5197 5240
f 5240 5197 5235
f 5240 5235 5241
f 5241 5235 5237
f 5241 5237 4506
f 5236 5235 5242
f 5242 5235 5243
f 5242 5243 5244
f 5244 5243 5142
f 5244 5142 5141
f 5125 5123 5197
f 5197 5123 5239
f 5197 5239 5235
f 5235 5239 5238
f 5235 5238 5243
f 5243 5238 5143
f 5243 5143 5142
f 4547 4536 5222
f 5219 4519 4521
f 4547 5222 5245
f 5245 5222 5221
f 5245 5221 5246
f 5246 5221 5219
f 5246 5219 5247
f 5247 5219 4521
f 5247 4521 4783
f 4572 4574 5224
f 4572 5224 5248
f 5248 5224 5231
f 5248 5231 5249
f 5249 5231 4535
f 5249 4535 4537
f 5250 4616 5251
f 5251 4616 4627
f 5251 4627 5252
f 4628 4626 5253
f 5253 4626 5135
f 5253 5135 5254
f 5254 5135 5134
f 5254 5134 5126
f 4610 4608 5255
f 5255 4608 4606
f 5255 4606 5256
f 5256 4606 4577
f 5256 4577 5257
f 5252 5258 5251
f 5251 5258 5259
f 5251 5259 5250
f 4611 4610 5260
f 5260 4610 5255
f 5260 5255 5258
f 5258 5255 5256
f 5258 5256 5259
f 5259 5256 5257
f 5259 5257 5250
f 4627 4628 5252
f 5252 4628 5253
f 5252 5253 5258
f 5258 5253 5254
f 5258 5254 5260
f 5260 5254 5126
f 5260 5126 4611
f 5261 5262 5263
f 5264 5265 5263
f 5266 4501 5267
f 5267 4501 4503
f 5267 4503 5268
f 5269 5139 5140
f 4632 5264 5270
f 5270 5264 5263
f 5270 5263 5269
f 5269 5263 5262
f 4503 4505 5268
f 5268 4505 5271
f 5268 5271 5272
f 5236 5242 5261
f 5261 5242 5244
f 5261 5244 5262
f 5262 5244 5141
f 5262 5141 5269
f 5269 5141 5137
f 5269 5137 5139
f 4632 4631 5264
f 5264 4631 5273
f 5264 5273 5265
f 5265 5273 5274
f 4626 4625 5140
f 5140 4625 4624
f 5140 4624 5269
f 5269 4624 4623
f 5269 4623 5270
f 5270 4623 4622
f 5270 4622 4632
f 5274 5266 5265
f 5265 5266 5267
f 5265 5267 5263
f 5263 5267 5268
f 5263 5268 5261
f 5261 5268 5272
f 5261 5272 5236
f 5236 5272 5271
f 5236 5271 5237
f 5237 5271 4505
f 5237 4505 4506
f 5275 5276 5277
f 5278 5279 5277
f 4783 4791 5278
f 4548 5280 5276
f 5281 5282 5275
f 5275 5282 5283
f 5278 4791 5279
f 5279 4791 4790
f 5279 4790 5284
f 5284 4790 4789
f 5284 4789 5112
f 5107 5285 5108
f 5108 5285 5286
f 5108 5286 5109
f 5109 5286 5287
f 5109 5287 5111
f 4548 4547 5280
f 5280 4547 5245
f 5280 5245 5288
f 5288 5245 5246
f 5288 5246 5247
f 5276 5280 5277
f 5277 5280 5288
f 5277 5288 5278
f 5278 5288 5247
f 5278 5247 4783
f 4542 4541 5283
f 5283 4541 4540
f 5283 4540 5275
f 5275 4540 4539
f 5275 4539 5276
f 5276 4539 4538
f 5276 4538 4548
f 5112 5111 5284
f 5284 5111 5287
f 5284 5287 5279
f 5279 5287 5286
f 5279 5286 5277
f 5277 5286 5285
f 5277 5285 5275
f 5275 5285 5107
f 5275 5107 5281
f 4554 4555 5289
f 5075 4604 5290
f 5290 4604 4603
f 5290 4603 5291
f 5291 4603 4601
f 4599 4572 5292
f 5292 4572 5248
f 5292 5248 5293
f 5293 5248 5249
f 5289 4555 5294
f 5294 4555 4553
f 5294 4553 5084
f 5291 5295 5290
f 5290 5295 5296
f 5290 5296 5075
f 5075 5296 5083
f 4537 4554 5297
f 5297 4554 5289
f 5297 5289 5295
f 5295 5289 5294
f 5295 5294 5296
f 5296 5294 5084
f 5296 5084 5083
f 4601 4599 5291
f 5291 4599 5292
f 5291 5292 5295
f 5295 5292 5293
f 5295 5293 5297
f 5297 5293 5249
f 5297 5249 4537
f 5298 4828 5299
f 4571 4570 5300
f 5300 5301 5302
f 5300 4570 5301
f 5301 4570 4598
f 5301 4598 4600
f 4602 4604 5303
f 5303 4604 5076
f 5076 5078 5303
f 5303 5078 5079
f 5303 5079 5304
f 5304 5079 5074
f 5304 5074 5305
f 4828 4836 5299
f 5299 4836 5306
f 5299 5306 5307
f 5307 5306 5308
f 5307 5308 5309
f 4573 4571 5309
f 5309 4571 5300
f 5309 5300 5307
f 5307 5300 5302
f 5307 5302 5299
f 5299 5302 5310
f 5299 5310 5298
f 5298 5310 5311
f 5298 5311 4828
f 4828 5311 5312
f 4828 5312 4826
f 4848 4826 5313
f 5313 4826 5312
f 5313 5312 5314
f 5314 5312 5311
f 5314 5311 5305
f 5305 5311 5310
f 5305 5310 5304
f 5304 5310 5302
f 5304 5302 5303
f 5303 5302 5301
f 5303 5301 4602
f 4602 5301 4600
f 4588 4573 5309
f 4588 5309 5315
f 5315 5309 5308
f 5315 5308 5316
f 5316 5308 5306
f 5316 5306 5317
f 5317 5306 4836
f 5317 4836 4835
f 4614 4616 5250
f 4614 5250 5318
f 5318 5250 5257
f 5318 5257 5319
f 5319 5257 4577
f 5319 4577 4579
f 5320 4497 4499
f 4631 4620 5321
f 4631 5321 5273
f 5273 5321 5322
f 5273 5322 5274
f 5274 5322 5320
f 5274 5320 5266
f 5266 5320 4499
f 5266 4499 4501
f 5121 5323 5324
f 5281 5325 5282
f 5282 5325 5324
f 5282 5324 5283
f 5283 5324 5323
f 5283 5323 4542
f 5281 5107 5325
f 5325 5107 5099
f 5325 5099 5100
f 5121 5324 5120
f 5120 5324 5325
f 5120 5325 5119
f 5119 5325 5100
f 5119 5100 5101
f 5326 5327 5328
f 5080 5092 5329
f 5080 5329 5071
f 5071 5329 5330
f 5071 5330 5072
f 5314 5331 5313
f 5313 5331 5332
f 5313 5332 4848
f 5314 5305 5331
f 5331 5305 5326
f 5331 5326 5332
f 5332 5326 5328
f 5332 5328 4848
f 5327 5326 5333
f 5333 5326 5334
f 5333 5334 5335
f 5335 5334 5091
f 5335 5091 5090
f 5074 5072 5305
f 5305 5072 5330
f 5305 5330 5326
f 5326 5330 5329
f 5326 5329 5334
f 5334 5329 5092
f 5334 5092 5091
f 4833 4831 5336
f 5337 4831 4830
f 5338 5045 5339
f 5048 4595 4594
f 4594 4593 5048
f 5048 4593 5339
f 5048 5339 5047
f 5047 5339 5045
f 4831 5337 5336
f 5336 5337 5340
f 5336 5340 5341
f 4592 4591 5342
f 5342 4591 4587
f 5342 4587 5343
f 4587 4588 5343
f 5343 4588 5315
f 5343 5315 5344
f 5344 5315 5316
f 5344 5316 5317
f 5066 5341 5067
f 5067 5341 5340
f 5067 5340 5069
f 5069 5340 5337
f 5069 5337 5070
f 5070 5337 4830
f 5338 5345 5045
f 5045 5345 5346
f 5045 5346 5049
f 4835 4833 5347
f 5347 4833 5336
f 5347 5336 5345
f 5345 5336 5341
f 5345 5341 5346
f 5346 5341 5066
f 5346 5066 5049
f 4593 4592 5339
f 5339 4592 5342
f 5339 5342 5338
f 5338 5342 5343
f 5338 5343 5345
f 5345 5343 5344
f 5345 5344 5347
f 5347 5344 5317
f 5347 5317 4835
f 4596 4597 5348
f 5349 4646 5350
f 5350 4646 4645
f 5350 4645 5351
f 5351 4645 4643
f 4641 4614 5352
f 5352 4614 5318
f 5352 5318 5353
f 5353 5318 5319
f 5348 4597 5354
f 5354 4597 4595
f 5354 4595 5043
f 5351 5355 5350
f 5350 5355 5356
f 5350 5356 5349
f 5349 5356 5042
f 4579 4596 5357
f 5357 4596 5348
f 5357 5348 5355
f 5355 5348 5354
f 5355 5354 5356
f 5356 5354 5043
f 5356 5043 5042
f 4643 4641 5351
f 5351 4641 5352
f 5351 5352 5355
f 5355 5352 5353
f 5355 5353 5357
f 5357 5353 5319
f 5357 5319 4579
f 5358 5023 5359
f 5360 4490 5361
f 5362 5363 5364
f 4618 4617 5362
f 5023 5358 5028
f 5028 5358 5365
f 5028 5365 5027
f 4490 4497 5361
f 5361 4497 5320
f 5361 5320 5366
f 5366 5320 5322
f 5366 5322 5321
f 4651 4653 5365
f 5365 4653 5025
f 5365 5025 5027
f 4649 4651 5363
f 5363 4651 5365
f 5363 5365 5364
f 5364 5365 5358
f 5364 5358 5367
f 5367 5358 5359
f 5367 5359 5368
f 5368 5359 5369
f 5368 5369 5370
f 5370 5369 5371
f 5362 4617 5363
f 5363 4617 4647
f 5363 4647 4649
f 4620 4618 5321
f 5321 4618 5362
f 5321 5362 5366
f 5366 5362 5364
f 5366 5364 5361
f 5361 5364 5367
f 5361 5367 5360
f 5360 5367 5368
f 5360 5368 4490
f 4490 5368 5370
f 4490 5370 4491
f 4491 5370 5371
f 4491 5371 4494
f 5372 5097 5096
f 5115 5117 5373
f 5374 4786 5375
f 4744 4743 5376
f 5377 4775 4777
f 5097 5372 5118
f 5103 5378 5104
f 5104 5378 5379
f 5104 5379 5096
f 5376 5377 5380
f 5380 5377 5373
f 4786 4781 5375
f 5375 4781 5381
f 5375 5381 5382
f 5382 5381 5383
f 5382 5383 5384
f 5377 4777 5373
f 5373 4777 4779
f 5373 4779 5115
f 5117 5118 5373
f 5373 5118 5372
f 5373 5372 5380
f 5380 5372 5096
f 5380 5096 5385
f 5385 5096 5379
f 5376 4743 5377
f 5377 4743 4773
f 5377 4773 4775
f 4746 4744 5384
f 5384 4744 5376
f 5384 5376 5382
f 5382 5376 5380
f 5382 5380 5375
f 5375 5380 5385
f 5375 5385 5374
f 5374 5385 5379
f 5374 5379 4786
f 4786 5379 5378
f 4786 5378 4787
f 4787 5378 5103
f 4787 5103 4789
f 5386 4532 5387
f 5387 4532 4543
f 5387 4543 5388
f 4544 4542 5389
f 5389 4542 5323
f 5389 5323 5390
f 5390 5323 5121
f 5390 5121 5114
f 4778 4776 5391
f 5391 4776 4774
f 5391 4774 5392
f 5392 4774 4745
f 5392 4745 5393
f 5388 5394 5387
f 5387 5394 5395
f 5387 5395 5386
f 4779 4778 5396
f 5396 4778 5391
f 5396 5391 5394
f 5394 5391 5392
f 5394 5392 5395
f 5395 5392 5393
f 5395 5393 5386
f 4543 4544 5388
f 5388 4544 5389
f 5388 5389 5394
f 5394 5389 5390
f 5394 5390 5396
f 5396 5390 5114
f 5396 5114 4779
f 5333 5335 5397
f 5398 5086 5399
f 5089 4553 4552
f 4552 4551 5089
f 5089 4551 5399
f 5089 5399 5088
f 5088 5399 5086
f 5333 5397 5327
f 4851 4849 5400
f 5400 4849 5401
f 5400 5401 5402
f 4550 4549 5403
f 5403 4549 4545
f 5403 4545 5404
f 4545 4546 5404
f 5404 4546 5405
f 5404 5405 5406
f 5406 5405 5407
f 5406 5407 5408
f 4849 4848 5328
f 4849 5328 5401
f 5401 5328 5327
f 5401 5327 5402
f 5402 5327 5397
f 5402 5397 5400
f 5398 5409 5086
f 5086 5409 5410
f 5086 5410 5090
f 4853 4851 5411
f 5411 4851 5400
f 5411 5400 5409
f 5409 5400 5397
f 5409 5397 5410
f 5410 5397 5335
f 5410 5335 5090
f 4551 4550 5399
f 5399 4550 5403
f 5399 5403 5398
f 5398 5403 5404
f 5398 5404 5409
f 5409 5404 5406
f 5409 5406 5411
f 5411 5406 5408
f 5411 5408 4853
f 5061 5060 5412
f 5412 5060 5059
f 4646 5349 5413
f 5413 5349 5414
f 5413 5414 5415
f 5415 5414 5412
f 5415 5412 5416
f 5416 5412 5059
f 5054 5061 5053
f 5053 5061 5412
f 5053 5412 5052
f 5052 5412 5414
f 5052 5414 5042
f 5042 5414 5349
f 5417 5418 5419
f 5029 5041 5420
f 5029 5420 5020
f 5020 5420 5421
f 5020 5421 5021
f 5369 5422 5371
f 5371 5422 5423
f 5371 5423 4494
f 5369 5359 5422
f 5422 5359 5417
f 5422 5417 5423
f 5423 5417 5419
f 5423 5419 4494
f 5418 5417 5424
f 5424 5417 5425
f 5424 5425 5426
f 5426 5425 5040
f 5426 5040 5039
f 5023 5021 5359
f 5359 5021 5421
f 5359 5421 5417
f 5417 5421 5420
f 5417 5420 5425
f 5425 5420 5041
f 5425 5041 5040
f 4757 4746 5384
f 5381 4781 4462
f 4757 5384 5427
f 5427 5384 5383
f 5427 5383 5428
f 5428 5383 5381
f 5428 5381 5429
f 5429 5381 4462
f 5429 4462 4464
f 4530 4532 5386
f 4530 5386 5430
f 5430 5386 5393
f 5430 5393 5431
f 5431 5393 4745
f 5431 4745 4747
f 4546 4531 5432
f 4546 5432 5405
f 5405 5432 5433
f 5405 5433 5407
f 5407 5433 5434
f 5407 5434 5408
f 5408 5434 4855
f 5408 4855 4853
f 5435 5059 5058
f 5436 4798 5437
f 4612 4640 5438
f 5435 5058 5439
f 5062 5440 5063
f 5063 5440 5441
f 5063 5441 5058
f 5058 5441 5442
f 5058 5442 5439
f 4646 5443 4644
f 4644 5443 5438
f 4644 5438 4642
f 4642 5438 4640
f 4646 5413 5443
f 5443 5413 5415
f 5443 5415 5416
f 4798 4800 5437
f 5437 4800 5444
f 5437 5444 5445
f 5445 5444 5446
f 5445 5446 5447
f 4615 4613 5447
f 5447 4613 5448
f 5447 5448 5445
f 5445 5448 5439
f 5445 5439 5437
f 5437 5439 5442
f 5437 5442 5436
f 5436 5442 5441
f 5436 5441 4798
f 4798 5441 5440
f 4798 5440 4796
f 4796 5440 5062
f 4796 5062 4830
f 4613 4612 5448
f 5448 4612 5438
f 5448 5438 5439
f 5439 5438 5443
f 5439 5443 5435
f 5435 5443 5416
f 5435 5416 5059
f 5449 4658 5450
f 5450 4658 4669
f 5450 4669 5451
f 4670 4668 5452
f 5452 4668 5033
f 5452 5033 5453
f 5453 5033 5032
f 5453 5032 5024
f 4652 4650 5454
f 5454 4650 4648
f 5454 4648 5455
f 5455 4648 4619
f 5455 4619 5456
f 5451 5457 5450
f 5450 5457 5458
f 5450 5458 5449
f 4653 4652 5459
f 5459 4652 5454
f 5459 5454 5457
f 5457 5454 5455
f 5457 5455 5458
f 5458 5455 5456
f 5458 5456 5449
f 4669 4670 5451
f 5451 4670 5452
f 5451 5452 5457
f 5457 5452 5453
f 5457 5453 5459
f 5459 5453 5024
f 5459 5024 4653
f 5460 5461 5462
f 5463 5464 5462
f 5465 4488 5466
f 5466 4488 4496
f 5466 4496 5467
f 5468 5037 5038
f 4674 5463 5469
f 5469 5463 5462
f 5469 5462 5468
f 5468 5462 5461
f 4496 4495 5467
f 5467 4495 5470
f 5467 5470 5471
f 5418 5424 5460
f 5460 5424 5426
f 5460 5426 5461
f 5461 5426 5039
f 5461 5039 5468
f 5468 5039 5035
f 5468 5035 5037
f 4674 4673 5463
f 5463 4673 5472
f 5463 5472 5464
f 5464 5472 5473
f 4668 4667 5038
f 5038 4667 4666
f 5038 4666 5468
f 5468 4666 4665
f 5468 4665 5469
f 5469 4665 4664
f 5469 4664 4674
f 5473 5465 5464
f 5464 5465 5466
f 5464 5466 5462
f 5462 5466 5467
f 5462 5467 5460
f 5460 5467 5471
f 5460 5471 5418
f 5418 5471 5470
f 5418 5470 5419
f 5419 5470 4495
f 5419 4495 4494
f 5474 5010 5002
f 5475 4472 5476
f 5477 5478 5479
f 4702 4701 5477
f 5010 5474 5016
f 5016 5474 5480
f 5016 5480 5015
f 4472 4459 5476
f 5476 4459 5481
f 5476 5481 5482
f 5482 5481 5483
f 5482 5483 5484
f 4735 4737 5480
f 5480 4737 5013
f 5480 5013 5015
f 4733 4735 5478
f 5478 4735 5480
f 5478 5480 5479
f 5479 5480 5474
f 5479 5474 5485
f 5485 5474 5002
f 5485 5002 5486
f 5486 5002 5001
f 5486 5001 5487
f 5487 5001 4994
f 5477 4701 5478
f 5478 4701 4731
f 5478 4731 4733
f 4704 4702 5484
f 5484 4702 5477
f 5484 5477 5482
f 5482 5477 5479
f 5482 5479 5476
f 5476 5479 5485
f 5476 5485 5475
f 5475 5485 5486
f 5475 5486 4472
f 4472 5486 5487
f 4472 5487 4471
f 4471 5487 4994
f 4471 4994 4469
f 5488 5489 5490
f 5491 5492 5490
f 4464 4466 5491
f 4758 5493 5489
f 5494 5495 5488
f 5488 5495 5496
f 5491 4466 5492
f 5492 4466 4468
f 5492 4468 5497
f 5497 4468 4469
f 5497 4469 5009
f 5004 5498 5006
f 5006 5498 5499
f 5006 5499 5007
f 5007 5499 5500
f 5007 5500 5008
f 4758 4757 5493
f 5493 4757 5427
f 5493 5427 5501
f 5501 5427 5428
f 5501 5428 5429
f 5489 5493 5490
f 5490 5493 5501
f 5490 5501 5491
f 5491 5501 5429
f 5491 5429 4464
f 4752 4751 5496
f 5496 4751 4750
f 5496 4750 5488
f 5488 4750 4749
f 5488 4749 5489
f 5489 4749 4748
f 5489 4748 4758
f 5009 5008 5497
f 5497 5008 5500
f 5497 5500 5492
f 5492 5500 5499
f 5492 5499 5490
f 5490 5499 5498
f 5490 5498 5488
f 5488 5498 5004
f 5488 5004 5494
f 4764 4765 5502
f 4973 4562 5503
f 5503 4562 4561
f 5503 4561 5504
f 5504 4561 4559
f 4557 4530 5505
f 5505 4530 5430
f 5505 5430 5506
f 5506 5430 5431
f 5502 4765 5507
f 5507 4765 4763
f 5507 4763 4982
f 5504 5508 5503
f 5503 5508 5509
f 5503 5509 4973
f 4973 5509 4981
f 4747 4764 5510
f 5510 4764 5502
f 5510 5502 5508
f 5508 5502 5507
f 5508 5507 5509
f 5509 5507 4982
f 5509 4982 4981
f 4559 4557 5504
f 5504 4557 5505
f 5504 5505 5508
f 5508 5505 5506
f 5508 5506 5510
f 5510 5506 5431
f 5510 5431 4747
f 5511 4857 5512
f 4529 4528 5513
f 5513 5514 5515
f 5513 4528 5514
f 5514 4528 4556
f 5514 4556 4558
f 4560 4562 5516
f 5516 4562 4974
f 4974 4976 5516
f 5516 4976 4977
f 5516 4977 5517
f 5517 4977 4972
f 5517 4972 5518
f 4857 4855 5512
f 5512 4855 5434
f 5512 5434 5519
f 5519 5434 5433
f 5519 5433 5432
f 4531 4529 5432
f 5432 4529 5513
f 5432 5513 5519
f 5519 5513 5515
f 5519 5515 5512
f 5512 5515 5520
f 5512 5520 5511
f 5511 5520 5521
f 5511 5521 4857
f 4857 5521 5522
f 4857 5522 4858
f 4837 4858 5523
f 5523 4858 5522
f 5523 5522 5524
f 5524 5522 5521
f 5524 5521 5518
f 5518 5521 5520
f 5518 5520 5517
f 5517 5520 5515
f 5517 5515 5516
f 5516 5515 5514
f 5516 5514 4560
f 4560 5514 4558
f 4630 4615 5447
f 4630 5447 5525
f 5525 5447 5446
f 5525 5446 5526
f 5526 5446 5444
f 5526 5444 5527
f 5527 5444 4800
f 5527 4800 4801
f 4656 4658 5449
f 4656 5449 5528
f 5528 5449 5456
f 5528 5456 5529
f 5529 5456 4619
f 5529 4619 4621
f 5530 4481 4483
f 4673 4662 5531
f 4673 5531 5472
f 5472 5531 5532
f 5472 5532 5473
f 5473 5532 5530
f 5473 5530 5465
f 5465 5530 4483
f 5465 4483 4488
f 4715 4704 5484
f 5481 4459 4458
f 4715 5484 5533
f 5533 5484 5483
f 5533 5483 5534
f 5534 5483 5481
f 5534 5481 5535
f 5535 5481 4458
f 5535 4458 4477
f 5019 5536 5537
f 5494 5538 5495
f 5495 5538 5537
f 5495 5537 5496
f 5496 5537 5536
f 5496 5536 4752
f 5494 5004 5538
f 5538 5004 5003
f 5538 5003 4996
f 5019 5537 5018
f 5018 5537 5538
f 5018 5538 5017
f 5017 5538 4996
f 5017 4996 4995
f 5539 5540 5541
f 4978 4990 5542
f 4978 5542 4969
f 4969 5542 5543
f 4969 5543 4970
f 5524 5544 5523
f 5523 5544 5545
f 5523 5545 4837
f 5524 5518 5544
f 5544 5518 5539
f 5544 5539 5545
f 5545 5539 5541
f 5545 5541 4837
f 5540 5539 5546
f 5546 5539 5547
f 5546 5547 5548
f 5548 5547 4989
f 5548 4989 4988
f 4972 4970 5518
f 5518 4970 5543
f 5518 5543 5539
f 5539 5543 5542
f 5539 5542 5547
f 5547 5542 4990
f 5547 4990 4989
f 4815 4816 5549
f 5550 4816 4812
f 5551 4943 5552
f 4946 4637 4636
f 4636 4635 4946
f 4946 4635 5552
f 4946 5552 4945
f 4945 5552 4943
f 4816 5550 5549
f 5549 5550 5553
f 5549 5553 5554
f 4634 4633 5555
f 5555 4633 4629
f 5555 4629 5556
f 4629 4630 5556
f 5556 4630 5525
f 5556 5525 5557
f 5557 5525 5526
f 5557 5526 5527
f 4964 5554 4965
f 4965 5554 5553
f 4965 5553 4967
f 4967 5553 5550
f 4967 5550 4968
f 4968 5550 4812
f 5551 5558 4943
f 4943 5558 5559
f 4943 5559 4947
f 4801 4815 5560
f 5560 4815 5549
f 5560 5549 5558
f 5558 5549 5554
f 5558 5554 5559
f 5559 5554 4964
f 5559 4964 4947
f 4635 4634 5552
f 5552 4634 5555
f 5552 5555 5551
f 5551 5555 5556
f 5551 5556 5558
f 5558 5556 5557
f 5558 5557 5560
f 5560 5557 5527
f 5560 5527 4801
f 4638 4639 5561
f 5562 4688 5563
f 5563 4688 4687
f 5563 4687 5564
f 5564 4687 4685
f 4683 4656 5565
f 5565 4656 5528
f 5565 5528 5566
f 5566 5528 5529
f 5561 4639 5567
f 5567 4639 4637
f 5567 4637 4941
f 5564 5568 5563
f 5563 5568 5569
f 5563 5569 5562
f 5562 5569 4940
f 4621 4638 5570
f 5570 4638 5561
f 5570 5561 5568
f 5568 5561 5567
f 5568 5567 5569
f 5569 5567 4941
f 5569 4941 4940
f 4685 4683 5564
f 5564 4683 5565
f 5564 5565 5568
f 5568 5565 5566
f 5568 5566 5570
f 5570 5566 5529
f 5570 5529 4621
f 5571 4930 4922
f 5572 4484 5573
f 5574 5575 5576
f 4660 4659 5574
f 4930 5571 4936
f 4936 5571 5577
f 4936 5577 4935
f 4484 4481 5573
f 5573 4481 5530
f 5573 5530 5578
f 5578 5530 5532
f 5578 5532 5531
f 4693 4695 5577
f 5577 4695 4933
f 5577 4933 4935
f 4691 4693 5575
f 5575 4693 5577
f 5575 5577 5576
f 5576 5577 5571
f 5576 5571 5579
f 5579 5571 4922
f 5579 4922 5580
f 5580 4922 4921
f 5580 4921 5581
f 5581 4921 4914
f 5574 4659 5575
f 5575 4659 4689
f 5575 4689 4691
f 4662 4660 5531
f 5531 4660 5574
f 5531 5574 5578
f 5578 5574 5576
f 5578 5576 5573
f 5573 5576 5579
f 5573 5579 5572
f 5572 5579 5580
f 5572 5580 4484
f 4484 5580 5581
f 4484 5581 4485
f 4485 5581 4914
f 4485 4914 4486
f 5582 5583 5584
f 5585 5586 5584
f 4477 4476 5585
f 4716 5587 5583
f 5588 5589 5582
f 5582 5589 5590
f 5585 4476 5586
f 5586 4476 4475
f 5586 4475 5591
f 5591 4475 4486
f 5591 4486 4929
f 4924 5592 4926
f 4926 5592 5593
f 4926 5593 4927
f 4927 5593 5594
f 4927 5594 4928
f 4716 4715 5587
f 5587 4715 5533
f 5587 5533 5595
f 5595 5533 5534
f 5595 5534 5535
f 5583 5587 5584
f 5584 5587 5595
f 5584 5595 5585
f 5585 5595 5535
f 5585 5535 4477
f 4710 4709 5590
f 5590 4709 4708
f 5590 4708 5582
f 5582 4708 4707
f 5582 4707 5583
f 5583 4707 4706
f 5583 4706 4716
f 4929 4928 5591
f 5591 4928 5594
f 5591 5594 5586
f 5586 5594 5593
f 5586 5593 5584
f 5584 5593 5592
f 5584 5592 5582
f 5582 5592 4924
f 5582 4924 5588
f 5596 4742 5597
f 5597 4742 4753
f 5597 4753 5598
f 4754 4752 5599
f 5599 4752 5536
f 5599 5536 5600
f 5600 5536 5019
f 5600 5019 5012
f 4736 4734 5601
f 5601 4734 4732
f 5601 4732 5602
f 5602 4732 4703
f 5602 4703 5603
f 5598 5604 5597
f 5597 5604 5605
f 5597 5605 5596
f 4737 4736 5606
f 5606 4736 5601
f 5606 5601 5604
f 5604 5601 5602
f 5604 5602 5605
f 5605 5602 5603
f 5605 5603 5596
f 4753 4754 5598
f 5598 4754 5599
f 5598 5599 5604
f 5604 5599 5600
f 5604 5600 5606
f 5606 5600 5012
f 5606 5012 4737
f 5546 5548 5607
f 5608 4984 5609
f 4987 4763 4762
f 4762 4761 4987
f 4987 4761 5609
f 4987 5609 4986
f 4986 5609 4984
f 5546 5607 5540
f 4840 4838 5610
f 5610 4838 5611
f 5610 5611 5612
f 4760 4759 5613
f 5613 4759 4755
f 5613 4755 5614
f 4755 4756 5614
f 5614 4756 5615
f 5614 5615 5616
f 5616 5615 5617
f 5616 5617 5618
f 4838 4837 5541
f 4838 5541 5611
f 5611 5541 5540
f 5611 5540 5612
f 5612 5540 5607
f 5612 5607 5610
f 5608 5619 4984
f 4984 5619 5620
f 4984 5620 4988
f 4842 4840 5621
f 5621 4840 5610
f 5621 5610 5619
f 5619 5610 5607
f 5619 5607 5620
f 5620 5607 5548
f 5620 5548 4988
f 4761 4760 5609
f 5609 4760 5613
f 5609 5613 5608
f 5608 5613 5614
f 5608 5614 5619
f 5619 5614 5616
f 5619 5616 5621
f 5621 5616 5618
f 5621 5618 4842
f 4959 4958 5622
f 5622 4958 4957
f 4688 5562 5623
f 5623 5562 5624
f 5623 5624 5625
f 5625 5624 5622
f 5625 5622 5626
f 5626 5622 4957
f 4952 4959 4951
f 4951 4959 5622
f 4951 5622 4950
f 4950 5622 5624
f 4950 5624 4940
f 4940 5624 5562
f 4939 5627 5628
f 5588 5629 5589
f 5589 5629 5628
f 5589 5628 5590
f 5590 5628 5627
f 5590 5627 4710
f 5588 4924 5629
f 5629 4924 4923
f 5629 4923 4916
f 4939 5628 4938
f 4938 5628 5629
f 4938 5629 4937
f 4937 5629 4916
f 4937 4916 4915
f 4740 4742 5596
f 4740 5596 5630
f 5630 5596 5603
f 5630 5603 5631
f 5631 5603 4703
f 5631 4703 4705
f 4756 4741 5632
f 4756 5632 5615
f 5615 5632 5633
f 5615 5633 5617
f 5617 5633 5634
f 5617 5634 5618
f 5618 5634 4844
f 5618 4844 4842
f 5635 4957 4956
f 5636 4809 5637
f 4654 4682 5638
f 5635 4956 5639
f 4960 5640 4961
f 4961 5640 5641
f 4961 5641 4956
f 4956 5641 5642
f 4956 5642 5639
f 4688 5643 4686
f 4686 5643 5638
f 4686 5638 4684
f 4684 5638 4682
f 4688 5623 5643
f 5643 5623 5625
f 5643 5625 5626
f 4809 4807 5637
f 5637 4807 5644
f 5637 5644 5645
f 5645 5644 5646
f 5645 5646 5647
f 4657 4655 5647
f 5647 4655 5648
f 5647 5648 5645
f 5645 5648 5639
f 5645 5639 5637
f 5637 5639 5642
f 5637 5642 5636
f 5636 5642 5641
f 5636 5641 4809
f 4809 5641 5640
f 4809 5640 4811
f 4811 5640 4960
f 4811 4960 4812
f 4655 4654 5648
f 5648 4654 5638
f 5648 5638 5639
f 5639 5638 5643
f 5639 5643 5635
f 5635 5643 5626
f 5635 5626 4957
f 5649 4700 5650
f 5650 4700 4711
f 5650 4711 5651
f 4712 4710 5652
f 5652 4710 5627
f 5652 5627 5653
f 5653 5627 4939
f 5653 4939 4932
f 4694 4692 5654
f 5654 4692 4690
f 5654 4690 5655
f 5655 4690 4661
f 5655 4661 5656
f 5651 5657 5650
f 5650 5657 5658
f 5650 5658 5649
f 4695 4694 5659
f 5659 4694 5654
f 5659 5654 5657
f 5657 5654 5655
f 5657 5655 5658
f 5658 5655 5656
f 5658 5656 5649
f 4711 4712 5651
f 5651 4712 5652
f 5651 5652 5657
f 5657 5652 5653
f 5657 5653 5659
f 5659 5653 4932
f 5659 4932 4695
f 4722 4723 5660
f 4893 4772 5661
f 5661 4772 4771
f 5661 4771 5662
f 5662 4771 4769
f 4767 4740 5663
f 5663 4740 5630
f 5663 5630 5664
f 5664 5630 5631
f 5660 4723 5665
f 5665 4723 4721
f 5665 4721 4902
f 5662 5666 5661
f 5661 5666 5667
f 5661 5667 4893
f 4893 5667 4901
f 4705 4722 5668
f 5668 4722 5660
f 5668 5660 5666
f 5666 5660 5665
f 5666 5665 5667
f 5667 5665 4902
f 5667 4902 4901
f 4769 4767 5662
f 5662 4767 5663
f 5662 5663 5666
f 5666 5663 5664
f 5666 5664 5668
f 5668 5664 5631
f 5668 5631 4705
f 5669 4846 5670
f 4739 4738 5671
f 5671 5672 5673
f 5671 4738 5672
f 5672 4738 4766
f 5672 4766 4768
f 4770 4772 5674
f 5674 4772 4894
f 4894 4896 5674
f 5674 4896 4897
f 5674 4897 5675
f 5675 4897 4892
f 5675 4892 5676
f 4846 4844 5670
f 5670 4844 5634
f 5670 5634 5677
f 5677 5634 5633
f 5677 5633 5632
f 4741 4739 5632
f 5632 4739 5671
f 5632 5671 5677
f 5677 5671 5673
f 5677 5673 5670
f 5670 5673 5678
f 5670 5678 5669
f 5669 5678 5679
f 5669 5679 4846
f 4846 5679 5680
f 4846 5680 4847
f 4817 4847 5681
f 5681 4847 5680
f 5681 5680 5682
f 5682 5680 5679
f 5682 5679 5676
f 5676 5679 5678
f 5676 5678 5675
f 5675 5678 5673
f 5675 5673 5674
f 5674 5673 5672
f 5674 5672 4770
f 4770 5672 4768
f 4672 4657 5647
f 4672 5647 5683
f 5683 5647 5646
f 5683 5646 5684
f 5684 5646 5644
f 5684 5644 5685
f 5685 5644 4807
f 5685 4807 4805
f 4698 4700 5649
f 4698 5649 5686
f 5686 5649 5656
f 5686 5656 5687
f 5687 5656 4661
f 5687 4661 4663
f 5688 5689 5690
f 4898 4910 5691
f 4898 5691 4889
f 4889 5691 5692
f 4889 5692 4890
f 5682 5693 5681
f 5681 5693 5694
f 5681 5694 4817
f 5682 5676 5693
f 5693 5676 5688
f 5693 5688 5694
f 5694 5688 5690
f 5694 5690 4817
f 5689 5688 5695
f 5695 5688 5696
f 5695 5696 5697
f 5697 5696 4909
f 5697 4909 4908
f 4892 4890 5676
f 5676 4890 5692
f 5676 5692 5688
f 5688 5692 5691
f 5688 5691 5696
f 5696 5691 4910
f 5696 4910 4909
f 4803 4802 5698
f 5699 4802 4792
f 5700 4862 5701
f 4865 4679 4678
f 4678 4677 4865
f 4865 4677 5701
f 4865 5701 4864
f 4864 5701 4862
f 4802 5699 5698
f 5698 5699 5702
f 5698 5702 5703
f 4676 4675 5704
f 5704 4675 4671
f 5704 4671 5705
f 4671 4672 5705
f 5705 4672 5683
f 5705 5683 5706
f 5706 5683 5684
f 5706 5684 5685
f 4884 5703 4885
f 4885 5703 5702
f 4885 5702 4887
f 4887 5702 5699
f 4887 5699 4888
f 4888 5699 4792
f 5700 5707 4862
f 4862 5707 5708
f 4862 5708 4866
f 4805 4803 5709
f 5709 4803 5698
f 5709 5698 5707
f 5707 5698 5703
f 5707 5703 5708
f 5708 5703 4884
f 5708 4884 4866
f 4677 4676 5701
f 5701 4676 5704
f 5701 5704 5700
f 5700 5704 5705
f 5700 5705 5707
f 5707 5705 5706
f 5707 5706 5709
f 5709 5706 5685
f 5709 5685 4805
f 4680 4681 5710
f 5711 4730 5712
f 5712 4730 4729
f 5712 4729 5713
f 5713 4729 4727
f 4725 4698 5714
f 5714 4698 5686
f 5714 5686 5715
f 5715 5686 5687
f 5710 4681 5716
f 5716 4681 4679
f 5716 4679 4860
f 5713 5717 5712
f 5712 5717 5718
f 5712 5718 5711
f 5711 5718 4859
f 4663 4680 5719
f 5719 4680 5710
f 5719 5710 5717
f 5717 5710 5716
f 5717 5716 5718
f 5718 5716 4860
f 5718 4860 4859
f 4727 4725 5713
f 5713 4725 5714
f 5713 5714 5717
f 5717 5714 5715
f 5717 5715 5719
f 5719 5715 5687
f 5719 5687 4663
f 5695 5697 5720
f 5721 4904 5722
f 4907 4721 4720
f 4720 4719 4907
f 4907 4719 5722
f 4907 5722 4906
f 4906 5722 4904
f 5695 5720 5689
f 4820 4818 5723
f 5723 4818 5724
f 5723 5724 5725
f 4718 4717 5726
f 5726 4717 4713
f 5726 4713 5727
f 4713 4714 5727
f 5727 4714 5728
f 5727 5728 5729
f 5729 5728 5730
f 5729 5730 5731
f 4818 4817 5690
f 4818 5690 5724
f 5724 5690 5689
f 5724 5689 5725
f 5725 5689 5720
f 5725 5720 5723
f 5721 5732 4904
f 4904 5732 5733
f 4904 5733 4908
f 4822 4820 5734
f 5734 4820 5723
f 5734 5723 5732
f 5732 5723 5720
f 5732 5720 5733
f 5733 5720 5697
f 5733 5697 4908
f 4719 4718 5722
f 5722 4718 5726
f 5722 5726 5721
f 5721 5726 5727
f 5721 5727 5732
f 5732 5727 5729
f 5732 5729 5734
f 5734 5729 5731
f 5734 5731 4822
f 4877 4876 5735
f 5735 4876 4878
f 4730 5711 5736
f 5736 5711 5737
f 5736 5737 5738
f 5738 5737 5735
f 5738 5735 5739
f 5739 5735 4878
f 4871 4877 4870
f 4870 4877 5735
f 4870 5735 4869
f 4869 5735 5737
f 4869 5737 4859
f 4859 5737 5711
f 4714 4699 5740
f 4714 5740 5728
f 5728 5740 5741
f 5728 5741 5730
f 5730 5741 5742
f 5730 5742 5731
f 5731 5742 4824
f 5731 4824 4822
f 5743 4825 5744
f 4696 4724 5745
f 4878 4879 5746
f 5746 4879 4880
f 5746 4880 5747
f 4883 5748 4882
f 4882 5748 5749
f 4882 5749 4880
f 4880 5749 5750
f 4880 5750 5747
f 4730 5751 4728
f 4728 5751 5745
f 4728 5745 4726
f 4726 5745 4724
f 4730 5736 5751
f 5751 5736 5738
f 5751 5738 5739
f 4825 4824 5744
f 5744 4824 5742
f 5744 5742 5752
f 5752 5742 5741
f 5752 5741 5740
f 4699 4697 5740
f 5740 4697 5753
f 5740 5753 5752
f 5752 5753 5747
f 5752 5747 5744
f 5744 5747 5750
f 5744 5750 5743
f 5743 5750 5749
f 5743 5749 4825
f 4825 5749 5748
f 4825 5748 4794
f 4794 5748 4883
f 4794 4883 4792
f 4697 4696 5753
f 5753 4696 5745
f 5753 5745 5747
f 5747 5745 5751
f 5747 5751 5746
f 5746 5751 5739
f 5746 5739 4878
f 4493 4487 5754
f 4489 5755 4487
f 4487 5755 5756
f 4487 5756 5754
f 4483 5757 4489
f 4489 5757 5758
f 4489 5758 5755
f 4480 5759 4482
f 4482 5759 5760
f 4482 5760 4483
f 4483 5760 5761
f 4483 5761 5757
f 5762 5763 4479
f 4479 5763 5764
f 4479 5764 4480
f 4480 5764 5765
f 4480 5765 5759
f 5762 4479 5766
f 5766 4479 4474
f 5766 4474 5767
f 5767 4474 5768
f 5768 4474 4473
f 5768 4473 5769
f 5769 4473 5770
f 5770 4473 4478
f 5770 4478 5771
f 5772 5773 4461
f 4461 5773 5774
f 4461 5774 4460
f 4460 5774 5775
f 4460 5775 4458
f 4458 5775 5776
f 4458 5776 4478
f 4478 5776 5777
f 4478 5777 5771
f 5772 4461 5778
f 5778 4461 4470
f 5778 4470 5779
f 5779 4470 5780
f 5780 4470 4467
f 5780 4467 5781
f 5781 4467 5782
f 5782 4467 4465
f 5782 4465 5783
f 4463 5784 4465
f 4465 5784 5785
f 4465 5785 5783
f 4780 5786 4462
f 4462 5786 5787
f 4462 5787 4463
f 4463 5787 5788
f 4463 5788 5784
f 4785 5789 4780
f 4780 5789 5790
f 4780 5790 5786
f 4788 5791 4785
f 4785 5791 5792
f 4785 5792 5789
f 4782 5793 4788
f 4788 5793 5794
f 4788 5794 5791
f 4784 5795 4782
f 4782 5795 5796
f 4782 5796 5793
f 4521 5797 4784
f 4784 5797 5798
f 4784 5798 5795
f 4518 5799 4520
f 4520 5799 5800
f 4520 5800 4521
f 4521 5800 5801
f 4521 5801 5797
f 5802 5803 4517
f 4517 5803 5804
f 4517 5804 4518
f 4518 5804 5805
f 4518 5805 5799
f 5802 4517 5806
f 5806 4517 4522
f 5806 4522 5807
f 5807 4522 5808
f 5808 4522 4514
f 5808 4514 5809
f 5809 4514 5810
f 5810 4514 4516
f 5810 4516 5811
f 5812 5813 4512
f 4512 5813 5814
f 4512 5814 4511
f 4511 5814 5815
f 4511 5815 4509
f 4509 5815 5816
f 4509 5816 4516
f 4516 5816 5817
f 4516 5817 5811
f 5812 4512 5818
f 5818 4512 4507
f 5818 4507 5819
f 5819 4507 5820
f 5820 4507 4504
f 5820 4504 5821
f 5821 4504 5822
f 5822 4504 4502
f 5822 4502 5823
f 4500 5824 4502
f 4502 5824 5825
f 4502 5825 5823
f 4498 5826 4499
f 4499 5826 5827
f 4499 5827 4500
f 4500 5827 5828
f 4500 5828 5824
f 4492 5829 4498
f 4498 5829 5830
f 4498 5830 5826
f 5754 5831 4493
f 4493 5831 5832
f 4493 5832 4492
f 4492 5832 5833
f 4492 5833 5829
f 5834 5835 5836
f 5837 5838 5839
f 5840 5841 5842
f 5843 5844 5842
f 5842 5844 5845
f 5842 5845 5840
f 5846 5847 5848
f 5848 5847 5849
f 5848 5849 5850
f 5834 5851 5835
f 5835 5851 5852
f 5835 5852 5846
f 5846 5852 5853
f 5846 5853 5847
f 5854 5855 5836
f 5836 5855 5856
f 5836 5856 5834
f 5837 5857 5838
f 5838 5857 5858
f 5838 5858 5854
f 5854 5858 5859
f 5854 5859 5855
f 5860 5861 5839
f 5839 5861 5862
f 5839 5862 5837
f 5863 5864 5865
f 5866 5867 5860
f 5860 5867 5868
f 5860 5868 5861
f 5869 5870 5866
f 5866 5870 5871
f 5866 5871 5867
f 5872 5873 5869
f 5869 5873 5874
f 5869 5874 5870
f 5875 5876 5843
f 5843 5876 5877
f 5843 5877 5844
f 5863 5878 5864
f 5864 5878 5879
f 5864 5879 5875
f 5875 5879 5880
f 5875 5880 5876
f 5881 5882 5872
f 5872 5882 5883
f 5872 5883 5873
f 5840 5884 5841
f 5841 5884 5885
f 5841 5885 5886
f 5886 5885 5887
f 5886 5887 5881
f 5881 5887 5888
f 5881 5888 5882
f 5889 5890 5891
f 5892 5893 5890
f 5890 5893 5894
f 5890 5894 5891
f 5895 5896 5865
f 5865 5896 5897
f 5865 5897 5863
f 5891 5898 5889
f 5889 5898 5899
f 5889 5899 5895
f 5895 5899 5900
f 5895 5900 5896
f 5901 5902 5892
f 5892 5902 5903
f 5892 5903 5893
f 5849 5904 5850
f 5850 5904 5905
f 5850 5905 5901
f 5901 5905 5906
f 5901 5906 5902
f 5796 5795 5907
f 5798 5797 5908
f 5800 5799 5909
f 5802 5806 5910
f 5807 5808 5911
f 5809 5810 5912
f 5817 5816 5913
f 5812 5818 5914
f 5821 5822 5915
f 5825 5824 5916
f 5828 5827 5917
f 5830 5829 5918
f 5756 5755 5919
f 5758 5757 5920
f 5760 5759 5921
f 5762 5766 5922
f 5767 5768 5923
f 5769 5770 5924
f 5777 5776 5925
f 5772 5778 5926
f 5781 5782 5927
f 5785 5784 5928
f 5788 5787 5929
f 5790 5789 5930
f 5862 5861 5931
f 5931 5861 5932
f 5931 5932 5933
f 5933 5932 5934
f 5933 5934 5935
f 5935 5934 5936
f 5935 5936 5937
f 5937 5936 5938
f 5937 5938 5939
f 5939 5938 5930
f 5873 5883 5940
f 5940 5883 5941
f 5940 5941 5942
f 5942 5941 5943
f 5942 5943 5944
f 5944 5943 5945
f 5944 5945 5946
f 5946 5945 5947
f 5946 5947 5948
f 5948 5947 5926
f 5888 5887 5949
f 5949 5887 5950
f 5949 5950 5951
f 5951 5950 5952
f 5951 5952 5953
f 5953 5952 5954
f 5953 5954 5955
f 5955 5954 5956
f 5955 5956 5957
f 5957 5956 5925
f 5877 5876 5958
f 5958 5876 5959
f 5958 5959 5960
f 5960 5959 5961
f 5960 5961 5962
f 5962 5961 5963
f 5962 5963 5964
f 5964 5963 5965
f 5964 5965 5966
f 5966 5965 5921
f 5896 5900 5967
f 5967 5900 5968
f 5967 5968 5969
f 5969 5968 5970
f 5969 5970 5971
f 5971 5970 5972
f 5971 5972 5973
f 5973 5972 5974
f 5973 5974 5975
f 5975 5974 5918
f 5903 5902 5976
f 5976 5902 5977
f 5976 5977 5978
f 5978 5977 5979
f 5978 5979 5980
f 5980 5979 5981
f 5980 5981 5982
f 5982 5981 5983
f 5982 5983 5984
f 5984 5983 5914
f 5905 5904 5985
f 5985 5904 5986
f 5985 5986 5987
f 5987 5986 5988
f 5987 5988 5989
f 5989 5988 5990
f 5989 5990 5991
f 5991 5990 5992
f 5991 5992 5993
f 5993 5992 5913
f 5834 5856 5994
f 5994 5856 5995
f 5994 5995 5996
f 5996 5995 5997
f 5996 5997 5998
f 5998 5997 5999
f 5998 5999 6000
f 6000 5999 6001
f 6000 6001 6002
f 6002 6001 5909
f 5837 5862 6003
f 6003 5862 5931
f 6003 5931 6004
f 6004 5931 5933
f 6004 5933 6005
f 6005 5933 5935
f 6005 5935 6006
f 6006 5935 5937
f 6006 5937 6007
f 6007 5937 5939
f 6007 5939 5794
f 5794 5939 5791
f 5930 5789 5939
f 5939 5789 5792
f 5939 5792 5791
f 5786 5790 6008
f 6008 5790 5930
f 6008 5930 6009
f 6009 5930 5938
f 6009 5938 6010
f 6010 5938 5936
f 6010 5936 6011
f 6011 5936 5934
f 6011 5934 6012
f 6012 5934 5932
f 6012 5932 5868
f 5868 5932 5861
f 5868 5867 6012
f 6012 5867 6013
f 6012 6013 6011
f 6011 6013 6014
f 6011 6014 6010
f 6010 6014 6015
f 6010 6015 6009
f 6009 6015 6016
f 6009 6016 6008
f 6008 6016 5929
f 6008 5929 5786
f 5786 5929 5787
f 5784 5788 5928
f 5928 5788 5929
f 5928 5929 6017
f 6017 5929 6016
f 6017 6016 6018
f 6018 6016 6015
f 6018 6015 6019
f 6019 6015 6014
f 6019 6014 6020
f 6020 6014 6013
f 6020 6013 5871
f 5871 6013 5867
f 5783 5785 6021
f 6021 5785 5928
f 6021 5928 6022
f 6022 5928 6017
f 6022 6017 6023
f 6023 6017 6018
f 6023 6018 6024
f 6024 6018 6019
f 6024 6019 6025
f 6025 6019 6020
f 6025 6020 5870
f 5870 6020 5871
f 5870 5874 6025
f 6025 5874 6026
f 6025 6026 6024
f 6024 6026 6027
f 6024 6027 6023
f 6023 6027 6028
f 6023 6028 6022
f 6022 6028 6029
f 6022 6029 6021
f 6021 6029 5927
f 6021 5927 5783
f 5783 5927 5782
f 5780 5781 5948
f 5948 5781 5927
f 5948 5927 5946
f 5946 5927 6029
f 5946 6029 5944
f 5944 6029 6028
f 5944 6028 5942
f 5942 6028 6027
f 5942 6027 5940
f 5940 6027 6026
f 5940 6026 5873
f 5873 6026 5874
f 5926 5778 5948
f 5948 5778 5779
f 5948 5779 5780
f 5773 5772 6030
f 6030 5772 5926
f 6030 5926 6031
f 6031 5926 5947
f 6031 5947 6032
f 6032 5947 5945
f 6032 5945 6033
f 6033 5945 5943
f 6033 5943 6034
f 6034 5943 5941
f 6034 5941 5882
f 5882 5941 5883
f 5882 5888 6034
f 6034 5888 5949
f 6034 5949 6033
f 6033 5949 5951
f 6033 5951 6032
f 6032 5951 5953
f 6032 5953 6031
f 6031 5953 5955
f 6031 5955 6030
f 6030 5955 5957
f 6030 5957 5773
f 5773 5957 5774
f 5925 5776 5957
f 5957 5776 5775
f 5957 5775 5774
f 5771 5777 6035
f 6035 5777 5925
f 6035 5925 6036
f 6036 5925 5956
f 6036 5956 6037
f 6037 5956 5954
f 6037 5954 6038
f 6038 5954 5952
f 6038 5952 6039
f 6039 5952 5950
f 6039 5950 5885
f 5885 5950 5887
f 5885 5884 6039
f 6039 5884 6040
f 6039 6040 6038
f 6038 6040 6041
f 6038 6041 6037
f 6037 6041 6042
f 6037 6042 6036
f 6036 6042 6043
f 6036 6043 6035
f 6035 6043 5924
f 6035 5924 5771
f 5771 5924 5770
f 5768 5769 5923
f 5923 5769 5924
f 5923 5924 6044
f 6044 5924 6043
f 6044 6043 6045
f 6045 6043 6042
f 6045 6042 6046
f 6046 6042 6041
f 6046 6041 6047
f 6047 6041 6040
f 6047 6040 5840
f 5840 6040 5884
f 5766 5767 5922
f 5922 5767 5923
f 5922 5923 6048
f 6048 5923 6044
f 6048 6044 6049
f 6049 6044 6045
f 6049 6045 6050
f 6050 6045 6046
f 6050 6046 6051
f 6051 6046 6047
f 6051 6047 5845
f 5845 6047 5840
f 5763 5762 6052
f 6052 5762 5922
f 6052 5922 6053
f 6053 5922 6048
f 6053 6048 6054
f 6054 6048 6049
f 6054 6049 6055
f 6055 6049 6050
f 6055 6050 6056
f 6056 6050 6051
f 6056 6051 5844
f 5844 6051 5845
f 5844 5877 6056
f 6056 5877 5958
f 6056 5958 6055
f 6055 5958 5960
f 6055 5960 6054
f 6054 5960 5962
f 6054 5962 6053
f 6053 5962 5964
f 6053 5964 6052
f 6052 5964 5966
f 6052 5966 5763
f 5763 5966 5764
f 5921 5759 5966
f 5966 5759 5765
f 5966 5765 5764
f 5761 5760 6057
f 6057 5760 5921
f 6057 5921 6058
f 6058 5921 5965
f 6058 5965 6059
f 6059 5965 5963
f 6059 5963 6060
f 6060 5963 5961
f 6060 5961 6061
f 6061 5961 5959
f 6061 5959 5880
f 5880 5959 5876
f 5880 5879 6061
f 6061 5879 6062
f 6061 6062 6060
f 6060 6062 6063
f 6060 6063 6059
f 6059 6063 6064
f 6059 6064 6058
f 6058 6064 6065
f 6058 6065 6057
f 6057 6065 5920
f 6057 5920 5761
f 5761 5920 5757
f 5755 5758 5919
f 5919 5758 5920
f 5919 5920 6066
f 6066 5920 6065
f 6066 6065 6067
f 6067 6065 6064
f 6067 6064 6068
f 6068 6064 6063
f 6068 6063 6069
f 6069 6063 6062
f 6069 6062 5878
f 5878 6062 5879
f 5754 5756 6070
f 6070 5756 5919
f 6070 5919 6071
f 6071 5919 6066
f 6071 6066 6072
f 6072 6066 6067
f 6072 6067 6073
f 6073 6067 6068
f 6073 6068 6074
f 6074 6068 6069
f 6074 6069 5863
f 5863 6069 5878
f 5863 5897 6074
f 6074 5897 6075
f 6074 6075 6073
f 6073 6075 6076
f 6073 6076 6072
f 6072 6076 6077
f 6072 6077 6071
f 6071 6077 6078
f 6071 6078 6070
f 6070 6078 6079
f 6070 6079 5754
f 5754 6079 5831
f 5897 5896 6075
f 6075 5896 5967
f 6075 5967 6076
f 6076 5967 5969
f 6076 5969 6077
f 6077 5969 5971
f 6077 5971 6078
f 6078 5971 5973
f 6078 5973 6079
f 6079 5973 5975
f 6079 5975 5831
f 5831 5975 5832
f 5918 5829 5975
f 5975 5829 5833
f 5975 5833 5832
f 5826 5830 6080
f 6080 5830 5918
f 6080 5918 6081
f 6081 5918 5974
f 6081 5974 6082
f 6082 5974 5972
f 6082 5972 6083
f 6083 5972 5970
f 6083 5970 6084
f 6084 5970 5968
f 6084 5968 5899
f 5899 5968 5900
f 5899 5898 6084
f 6084 5898 6085
f 6084 6085 6083
f 6083 6085 6086
f 6083 6086 6082
f 6082 6086 6087
f 6082 6087 6081
f 6081 6087 6088
f 6081 6088 6080
f 6080 6088 5917
f 6080 5917 5826
f 5826 5917 5827
f 5824 5828 5916
f 5916 5828 5917
f 5916 5917 6089
f 6089 5917 6088
f 6089 6088 6090
f 6090 6088 6087
f 6090 6087 6091
f 6091 6087 6086
f 6091 6086 6092
f 6092 6086 6085
f 6092 6085 5891
f 5891 6085 5898
f 5823 5825 6093
f 6093 5825 5916
f 6093 5916 6094
f 6094 5916 6089
f 6094 6089 6095
f 6095 6089 6090
f 6095 6090 6096
f 6096 6090 6091
f 6096 6091 6097
f 6097 6091 6092
f 6097 6092 5894
f 5894 6092 5891
f 5894 5893 6097
f 6097 5893 6098
f 6097 6098 6096
f 6096 6098 6099
f 6096 6099 6095
f 6095 6099 6100
f 6095 6100 6094
f 6094 6100 6101
f 6094 6101 6093
f 6093 6101 5915
f 6093 5915 5823
f 5823 5915 5822
f 5820 5821 5984
f 5984 5821 5915
f 5984 5915 5982
f 5982 5915 6101
f 5982 6101 5980
f 5980 6101 6100
f 5980 6100 5978
f 5978 6100 6099
f 5978 6099 5976
f 5976 6099 6098
f 5976 6098 5903
f 5903 6098 5893
f 5914 5818 5984
f 5984 5818 5819
f 5984 5819 5820
f 5813 5812 6102
f 6102 5812 5914
f 6102 5914 6103
f 6103 5914 5983
f 6103 5983 6104
f 6104 5983 5981
f 6104 5981 6105
f 6105 5981 5979
f 6105 5979 6106
f 6106 5979 5977
f 6106 5977 5906
f 5906 5977 5902
f 5906 5905 6106
f 6106 5905 5985
f 6106 5985 6105
f 6105 5985 5987
f 6105 5987 6104
f 6104 5987 5989
f 6104 5989 6103
f 6103 5989 5991
f 6103 5991 6102
f 6102 5991 5993
f 6102 5993 5813
f 5813 5993 5814
f 5913 5816 5993
f 5993 5816 5815
f 5993 5815 5814
f 5811 5817 6107
f 6107 5817 5913
f 6107 5913 6108
f 6108 5913 5992
f 6108 5992 6109
f 6109 5992 5990
f 6109 5990 6110
f 6110 5990 5988
f 6110 5988 6111
f 6111 5988 5986
f 6111 5986 5849
f 5849 5986 5904
f 5849 5847 6111
f 6111 5847 6112
f 6111 6112 6110
f 6110 6112 6113
f 6110 6113 6109
f 6109 6113 6114
f 6109 6114 6108
f 6108 6114 6115
f 6108 6115 6107
f 6107 6115 5912
f 6107 5912 5811
f 5811 5912 5810
f 5808 5809 5911
f 5911 5809 5912
f 5911 5912 6116
f 6116 5912 6115
f 6116 6115 6117
f 6117 6115 6114
f 6117 6114 6118
f 6118 6114 6113
f 6118 6113 6119
f 6119 6113 6112
f 6119 6112 5853
f 5853 6112 5847
f 5806 5807 5910
f 5910 5807 5911
f 5910 5911 6120
f 6120 5911 6116
f 6120 6116 6121
f 6121 6116 6117
f 6121 6117 6122
f 6122 6117 6118
f 6122 6118 6123
f 6123 6118 6119
f 6123 6119 5852
f 5852 6119 5853
f 5803 5802 6124
f 6124 5802 5910
f 6124 5910 6125
f 6125 5910 6120
f 6125 6120 6126
f 6126 6120 6121
f 6126 6121 6127
f 6127 6121 6122
f 6127 6122 6128
f 6128 6122 6123
f 6128 6123 5851
f 5851 6123 5852
f 5851 5834 6128
f 6128 5834 5994
f 6128 5994 6127
f 6127 5994 5996
f 6127 5996 6126
f 6126 5996 5998
f 6126 5998 6125
f 6125 5998 6000
f 6125 6000 6124
f 6124 6000 6002
f 6124 6002 5803
f 5803 6002 5804
f 5909 5799 6002
f 6002 5799 5805
f 6002 5805 5804
f 5801 5800 6129
f 6129 5800 5909
f 6129 5909 6130
f 6130 5909 6001
f 6130 6001 6131
f 6131 6001 5999
f 6131 5999 6132
f 6132 5999 5997
f 6132 5997 6133
f 6133 5997 5995
f 6133 5995 5855
f 5855 5995 5856
f 5855 5859 6133
f 6133 5859 6134
f 6133 6134 6132
f 6132 6134 6135
f 6132 6135 6131
f 6131 6135 6136
f 6131 6136 6130
f 6130 6136 6137
f 6130 6137 6129
f 6129 6137 5908
f 6129 5908 5801
f 5801 5908 5797
f 5795 5798 5907
f 5907 5798 5908
f 5907 5908 6138
f 6138 5908 6137
f 6138 6137 6139
f 6139 6137 6136
f 6139 6136 6140
f 6140 6136 6135
f 6140 6135 6141
f 6141 6135 6134
f 6141 6134 5858
f 5858 6134 5859
f 5793 5796 6142
f 6142 5796 5907
f 6142 5907 6143
f 6143 5907 6138
f 6143 6138 6144
f 6144 6138 6139
f 6144 6139 6145
f 6145 6139 6140
f 6145 6140 6146
f 6146 6140 6141
f 6146 6141 5857
f 5857 6141 5858
f 5857 5837 6146
f 6146 5837 6003
f 6146 6003 6145
f 6145 6003 6004
f 6145 6004 6144
f 6144 6004 6005
f 6144 6005 6143
f 6143 6005 6006
f 6143 6006 6142
f 6142 6006 6007
f 6142 6007 5793
f 5793 6007 5794
f 5865 4810 5895
f 5895 4810 4814
f 5895 4814 5889
f 5889 4814 4813
f 5889 4813 5890
f 5890 4813 4799
f 5890 4799 5892
f 5892 4799 4797
f 5892 4797 5901
f 5901 4797 4832
f 5901 4832 5850
f 5850 4832 4834
f 5850 4834 5848
f 5848 4834 4829
f 5848 4829 5846
f 5846 4829 4827
f 5846 4827 5835
f 5835 4827 4850
f 5835 4850 5836
f 5836 4850 4852
f 5836 4852 5854
f 5854 4852 4854
f 5854 4854 5838
f 5838 4854 4856
f 5838 4856 5839
f 5839 4856 4839
f 5839 4839 5860
f 5860 4839 4841
f 5860 4841 5866
f 5866 4841 4843
f 5866 4843 5869
f 5869 4843 4845
f 5869 4845 5872
f 5872 4845 4819
f 5872 4819 5881
f 5881 4819 4821
f 5881 4821 5886
f 5886 4821 4823
f 5886 4823 5841
f 5841 4823 4795
f 5841 4795 5842
f 5842 4795 4793
f 5842 4793 5843
f 5843 4793 4804
f 5843 4804 5875
f 5875 4804 4806
f 5875 4806 5864
f 5864 4806 4808
f 5864 4808 5865
f 5865 4808 4810
f 6147 6148 6149
f 6150 6151 6152
f 6152 6151 6153
f 6152 6153 6154
f 6155 6156 6157
f 6158 6159 6160
f 6160 6159 6161
f 6162 6163 6164
f 6164 6163 6165
f 6164 6165 6166
f 6167 6168 6162
f 6162 6168 6169
f 6162 6169 6163
f 6170 6171 6172
f 6172 6171 6173
f 6172 6173 6174
f 6174 6173 6175
f 6174 6175 6176
f 6176 6175 6177
f 6176 6177 6178
f 6178 6177 6179
f 6178 6179 6167
f 6167 6179 6180
f 6167 6180 6168
f 6181 6182 6183
f 6183 6182 6184
f 6183 6184 6185
f 6185 6184 6186
f 6185 6186 6187
f 6187 6186 6188
f 6187 6188 6189
f 6189 6188 6190
f 6191 6192 6181
f 6192 6193 6181
f 6181 6193 6194
f 6181 6194 6182
f 6156 6195 6157
f 6157 6195 6191
f 6157 6191 6196
f 6196 6191 6181
f 6197 6198 6199
f 6199 6198 6200
f 6199 6200 6201
f 6202 6203 6204
f 6204 6203 6201
f 6204 6201 6205
f 6205 6201 6200
f 6206 6207 6208
f 6208 6207 6209
f 6208 6209 6210
f 6210 6209 6211
f 6210 6211 6212
f 6212 6211 6213
f 6212 6213 6214
f 6214 6213 6215
f 6214 6215 6216
f 6154 6153 6215
f 6215 6153 6217
f 6215 6217 6216
f 6218 6219 6150
f 6150 6219 6220
f 6150 6220 6221
f 6222 6223 6224
f 6224 6223 6221
f 6224 6221 6225
f 6225 6221 6220
f 6148 6226 6149
f 6149 6226 6227
f 6149 6227 6228
f 6228 6227 6229
f 6228 6229 6230
f 6230 6229 6231
f 6230 6231 6232
f 6232 6231 6233
f 6232 6233 6234
f 6234 6233 6235
f 6234 6235 6236
f 6236 6235 6237
f 6236 6237 6238
f 6238 6237 6239
f 6240 6241 6147
f 6147 6241 6242
f 6147 6242 6161
f 6161 6242 6243
f 6161 6243 6160
f 6244 6245 6246
f 6244 6247 6245
f 6245 6247 6248
f 6245 6248 6249
f 6249 6248 6250
f 6249 6250 6251
f 6250 6252 6251
f 6251 6252 6253
f 6251 6253 6254
f 6253 6255 6254
f 6254 6255 6256
f 6254 6256 6257
f 6257 6256 6258
f 6257 6258 6259
f 6258 6260 6259
f 6259 6260 6261
f 6259 6261 6262
f 6261 6263 6262
f 6262 6263 6264
f 6262 6264 6265
f 6264 6266 6265
f 6265 6266 6267
f 6265 6267 6268
f 6268 6267 6269
f 6268 6269 6270
f 6269 6271 6270
f 6270 6271 6272
f 6270 6272 6273
f 6272 6274 6273
f 6273 6274 6275
f 6273 6275 6276
f 6276 6275 6277
f 6276 6277 6278
f 6277 6279 6278
f 6278 6279 6280
f 6278 6280 6281
f 6280 6282 6281
f 6281 6282 6283
f 6281 6283 6284
f 6283 6285 6284
f 6284 6285 6286
f 6284 6286 6287
f 6287 6286 6288
f 6287 6288 6289
f 6288 6290 6289
f 6289 6290 6291
f 6289 6291 6292
f 6291 6293 6292
f 6292 6293 6294
f 6292 6294 6295
f 6295 6294 6296
f 6295 6296 6297
f 6296 6298 6297
f 6297 6298 6299
f 6297 6299 6300
f 6299 6301 6300
f 6300 6301 6302
f 6300 6302 6303
f 6302 6304 6303
f 6303 6304 6305
f 6303 6305 6306
f 6306 6305 6307
f 6306 6307 6308
f 6307 6309 6308
f 6308 6309 6310
f 6308 6310 6311
f 6310 6312 6311
f 6311 6312 6313
f 6311 6313 6314
f 6314 6313 6315
f 6314 6315 6316
f 6315 6317 6316
f 6316 6317 6318
f 6316 6318 6319
f 6318 6320 6319
f 6319 6320 6321
f 6319 6321 6322
f 6321 6323 6322
f 6322 6323 6324
f 6322 6324 6325
f 6325 6324 6326
f 6325 6326 6327
f 6326 6328 6327
f 6327 6328 6329
f 6327 6329 6330
f 6329 6331 6330
f 6330 6331 6332
f 6330 6332 6333
f 6333 6332 6334
f 6333 6334 6335
f 6334 6336 6335
f 6335 6336 6337
f 6335 6337 6338
f 6337 6339 6338
f 6338 6339 6340
f 6338 6340 6341
f 6340 6342 6341
f 6341 6342 6343
f 6341 6343 6344
f 6344 6343 6345
f 6344 6345 6346
f 6345 6347 6346
f 6346 6347 6348
f 6346 6348 6349
f 6350 6351 6352
f 6352 6351 6353
f 6352 6353 6354
f 6354 6353 6349
f 6354 6349 6355
f 6355 6349 6348
f 6356 6357 6358
f 6358 6357 6359
f 6358 6359 6360
f 6360 6359 6361
f 6360 6361 6362
f 6362 6361 6363
f 6362 6363 6246
f 6246 6363 6364
f 6246 6364 6244
f 6351 6365 6366
f 6351 6366 6353
f 6353 6366 6367
f 6353 6367 6349
f 6349 6367 6368
f 6349 6368 6346
f 6346 6368 6369
f 6346 6369 6344
f 6344 6369 6370
f 6344 6370 6341
f 6341 6370 6371
f 6341 6371 6338
f 6338 6371 6372
f 6338 6372 6335
f 6335 6372 6373
f 6335 6373 6333
f 6333 6373 6374
f 6333 6374 6330
f 6330 6374 6375
f 6330 6375 6327
f 6327 6375 6376
f 6327 6376 6325
f 6325 6376 6377
f 6325 6377 6322
f 6322 6377 6378
f 6322 6378 6319
f 6319 6378 6379
f 6319 6379 6316
f 6316 6379 6380
f 6316 6380 6314
f 6314 6380 6381
f 6314 6381 6311
f 6311 6381 6382
f 6311 6382 6308
f 6308 6382 6383
f 6308 6383 6306
f 6306 6383 6384
f 6306 6384 6303
f 6303 6384 6385
f 6303 6385 6300
f 6300 6385 6386
f 6300 6386 6297
f 6297 6386 6387
f 6297 6387 6295
f 6295 6387 6388
f 6295 6388 6292
f 6292 6388 6389
f 6292 6389 6289
f 6289 6389 6390
f 6289 6390 6287
f 6287 6390 6391
f 6287 6391 6284
f 6284 6391 6392
f 6284 6392 6281
f 6281 6392 6393
f 6281 6393 6278
f 6278 6393 6394
f 6278 6394 6276
f 6276 6394 6395
f 6276 6395 6273
f 6273 6395 6396
f 6273 6396 6270
f 6270 6396 6397
f 6270 6397 6268
f 6268 6397 6398
f 6268 6398 6265
f 6265 6398 6399
f 6265 6399 6262
f 6262 6399 6400
f 6262 6400 6259
f 6259 6400 6401
f 6259 6401 6257
f 6257 6401 6402
f 6257 6402 6254
f 6254 6402 6403
f 6254 6403 6251
f 6251 6403 6404
f 6251 6404 6249
f 6249 6404 6405
f 6249 6405 6245
f 6245 6405 6406
f 6245 6406 6246
f 6246 6406 6407
f 6246 6407 6362
f 6362 6407 6408
f 6362 6408 6360
f 6360 6408 6409
f 6360 6409 6358
f 6410 6170 6411
f 6411 6170 6412
f 6411 6412 6365
f 6365 6412 6366
f 6366 6412 6413
f 6366 6413 6367
f 6367 6413 6414
f 6367 6414 6368
f 6368 6414 6415
f 6368 6415 6369
f 6369 6415 6416
f 6369 6416 6370
f 6370 6416 6417
f 6370 6417 6371
f 6371 6417 6158
f 6371 6158 6372
f 6372 6158 6160
f 6372 6160 6373
f 6373 6160 6243
f 6373 6243 6374
f 6374 6243 6242
f 6374 6242 6375
f 6375 6242 6241
f 6375 6241 6376
f 6376 6241 6240
f 6376 6240 6377
f 6377 6240 6418
f 6377 6418 6378
f 6378 6418 6419
f 6378 6419 6379
f 6379 6419 6420
f 6379 6420 6380
f 6380 6420 6421
f 6380 6421 6381
f 6381 6421 6422
f 6381 6422 6382
f 6382 6422 6222
f 6382 6222 6383
f 6383 6222 6224
f 6383 6224 6384
f 6384 6224 6225
f 6384 6225 6385
f 6385 6225 6220
f 6385 6220 6386
f 6386 6220 6219
f 6386 6219 6387
f 6387 6219 6218
f 6387 6218 6388
f 6388 6218 6423
f 6388 6423 6389
f 6389 6423 6424
f 6389 6424 6390
f 6390 6424 6425
f 6390 6425 6391
f 6391 6425 6426
f 6391 6426 6392
f 6392 6426 6427
f 6392 6427 6393
f 6393 6427 6202
f 6393 6202 6394
f 6394 6202 6204
f 6394 6204 6395
f 6395 6204 6205
f 6395 6205 6396
f 6396 6205 6200
f 6396 6200 6397
f 6397 6200 6198
f 6397 6198 6398
f 6398 6198 6197
f 6398 6197 6399
f 6399 6197 6428
f 6399 6428 6400
f 6400 6428 6429
f 6400 6429 6401
f 6401 6429 6430
f 6401 6430 6402
f 6402 6430 6431
f 6402 6431 6403
f 6403 6431 6432
f 6403 6432 6404
f 6404 6432 6433
f 6404 6433 6405
f 6405 6433 6434
f 6405 6434 6406
f 6406 6434 6435
f 6406 6435 6407
f 6407 6435 6436
f 6407 6436 6408
f 6408 6436 6437
f 6408 6437 6409
f 6350 6356 6351
f 6351 6356 6358
f 6351 6358 6365
f 6365 6358 6409
f 6365 6409 6411
f 6411 6409 6437
f 6411 6437 6410
f 6410 6437 6436
f 6410 6436 6438
f 6438 6436 6435
f 6438 6435 6439
f 6439 6435 6434
f 6439 6434 6190
f 6190 6434 6433
f 6190 6433 6189
f 6189 6433 6432
f 6189 6432 6187
f 6187 6432 6431
f 6187 6431 6185
f 6185 6431 6430
f 6185 6430 6183
f 6183 6430 6429
f 6183 6429 6181
f 6181 6429 6428
f 6181 6428 6196
f 6196 6428 6197
f 6196 6197 6157
f 6157 6197 6199
f 6157 6199 6155
f 6150 6152 6218
f 6218 6152 6154
f 6218 6154 6423
f 6423 6154 6215
f 6423 6215 6424
f 6424 6215 6213
f 6424 6213 6425
f 6425 6213 6211
f 6425 6211 6426
f 6426 6211 6209
f 6426 6209 6427
f 6427 6209 6207
f 6427 6207 6202
f 6202 6207 6206
f 6202 6206 6203
f 6147 6149 6240
f 6240 6149 6228
f 6240 6228 6418
f 6418 6228 6230
f 6418 6230 6419
f 6419 6230 6232
f 6419 6232 6420
f 6420 6232 6234
f 6420 6234 6421
f 6421 6234 6236
f 6421 6236 6422
f 6422 6236 6238
f 6422 6238 6222
f 6222 6238 6239
f 6222 6239 6223
f 6170 6172 6412
f 6412 6172 6174
f 6412 6174 6413
f 6413 6174 6176
f 6413 6176 6414
f 6414 6176 6178
f 6414 6178 6415
f 6415 6178 6167
f 6415 6167 6416
f 6416 6167 6162
f 6416 6162 6417
f 6417 6162 6164
f 6417 6164 6158
f 6158 6164 6166
f 6158 6166 6159
f 6440 6441 6442
f 6442 6441 6443
f 6442 6443 6444
f 6445 6446 6442
f 6442 6446 6447
f 6442 6447 6440
f 6448 6449 6442
f 6442 6449 6450
f 6442 6450 6445
f 6451 6452 6442
f 6442 6452 6453
f 6442 6453 6448
f 6454 6455 6442
f 6442 6455 6456
f 6442 6456 6451
f 6457 6458 6442
f 6442 6458 6459
f 6442 6459 6454
f 6460 6461 6442
f 6442 6461 6462
f 6442 6462 6457
f 6444 6463 6442
f 6442 6463 6464
f 6442 6464 6460
f 6443 6465 6444
f 6444 6465 6466
f 6444 6466 6463
f 6463 6466 6467
f 6463 6467 6464
f 6464 6467 6468
f 6464 6468 6460
f 6460 6468 6469
f 6460 6469 6461
f 6461 6469 6470
f 6461 6470 6462
f 6462 6470 6471
f 6462 6471 6457
f 6457 6471 6472
f 6457 6472 6458
f 6458 6472 6473
f 6458 6473 6459
f 6459 6473 6474
f 6459 6474 6454
f 6454 6474 6475
f 6454 6475 6455
f 6455 6475 6476
f 6455 6476 6456
f 6456 6476 6477
f 6456 6477 6451
f 6451 6477 6478
f 6451 6478 6452
f 6452 6478 6479
f 6452 6479 6453
f 6453 6479 6480
f 6453 6480 6448
f 6448 6480 6481
f 6448 6481 6449
f 6449 6481 6482
f 6449 6482 6450
f 6450 6482 6483
f 6450 6483 6445
f 6445 6483 6484
f 6445 6484 6446
f 6446 6484 6485
f 6446 6485 6447
f 6447 6485 6486
f 6447 6486 6440
f 6440 6486 6487
f 6440 6487 6441
f 6441 6487 6488
f 6441 6488 6443
f 6443 6488 6465
f 6486 6489 6487
f 6487 6489 6490
f 6487 6490 6488
f 6488 6490 6491
f 6488 6491 6465
f 6483 6492 6484
f 6484 6492 6493
f 6484 6493 6485
f 6485 6493 6494
f 6485 6494 6486
f 6486 6494 6495
f 6486 6495 6489
f 6477 6496 6478
f 6478 6496 6497
f 6478 6497 6479
f 6479 6497 6498
f 6479 6498 6480
f 6498 6499 6480
f 6480 6499 6500
f 6480 6500 6481
f 6481 6500 6501
f 6481 6501 6482
f 6482 6501 6502
f 6482 6502 6483
f 6483 6502 6503
f 6483 6503 6492
f 6474 6504 6475
f 6475 6504 6505
f 6475 6505 6476
f 6476 6505 6506
f 6476 6506 6477
f 6477 6506 6507
f 6477 6507 6496
f 6471 6508 6472
f 6472 6508 6509
f 6472 6509 6473
f 6473 6509 6510
f 6473 6510 6474
f 6474 6510 6511
f 6474 6511 6504
f 6468 6512 6469
f 6469 6512 6513
f 6469 6513 6470
f 6470 6513 6514
f 6470 6514 6471
f 6471 6514 6515
f 6471 6515 6508
f 6491 6516 6465
f 6465 6516 6517
f 6465 6517 6466
f 6466 6517 6518
f 6466 6518 6467
f 6467 6518 6519
f 6467 6519 6468
f 6468 6519 6520
f 6468 6520 6512
f 6491 6490 6271
f 6277 6275 6489
f 6489 6275 6274
f 6489 6274 6490
f 6490 6274 6272
f 6490 6272 6271
f 6277 6489 6279
f 6279 6489 6495
f 6279 6495 6280
f 6280 6495 6282
f 6282 6495 6494
f 6282 6494 6283
f 6493 6286 6494
f 6494 6286 6285
f 6494 6285 6283
f 6492 6290 6493
f 6493 6290 6288
f 6493 6288 6286
f 6296 6294 6503
f 6503 6294 6293
f 6503 6293 6492
f 6492 6293 6291
f 6492 6291 6290
f 6296 6503 6298
f 6298 6503 6502
f 6298 6502 6299
f 6299 6502 6301
f 6301 6502 6501
f 6301 6501 6302
f 6500 6305 6501
f 6501 6305 6304
f 6501 6304 6302
f 6499 6309 6500
f 6500 6309 6307
f 6500 6307 6305
f 6315 6313 6498
f 6498 6313 6312
f 6498 6312 6499
f 6499 6312 6310
f 6499 6310 6309
f 6315 6498 6317
f 6317 6498 6497
f 6317 6497 6318
f 6318 6497 6320
f 6320 6497 6496
f 6320 6496 6321
f 6507 6324 6496
f 6496 6324 6323
f 6496 6323 6321
f 6506 6328 6507
f 6507 6328 6326
f 6507 6326 6324
f 6334 6332 6505
f 6505 6332 6331
f 6505 6331 6506
f 6506 6331 6329
f 6506 6329 6328
f 6334 6505 6336
f 6336 6505 6504
f 6336 6504 6337
f 6337 6504 6339
f 6339 6504 6511
f 6339 6511 6340
f 6510 6343 6511
f 6511 6343 6342
f 6511 6342 6340
f 6509 6347 6510
f 6510 6347 6345
f 6510 6345 6343
f 6352 6354 6508
f 6508 6354 6355
f 6508 6355 6509
f 6509 6355 6348
f 6509 6348 6347
f 6352 6508 6350
f 6350 6508 6515
f 6350 6515 6356
f 6356 6515 6357
f 6357 6515 6514
f 6357 6514 6359
f 6359 6514 6361
f 6361 6514 6513
f 6361 6513 6363
f 6363 6513 6364
f 6364 6513 6512
f 6364 6512 6244
f 6520 6248 6512
f 6512 6248 6247
f 6512 6247 6244
f 6519 6252 6520
f 6520 6252 6250
f 6520 6250 6248
f 6258 6256 6518
f 6518 6256 6255
f 6518 6255 6519
f 6519 6255 6253
f 6519 6253 6252
f 6258 6518 6260
f 6260 6518 6517
f 6260 6517 6261
f 6261 6517 6263
f 6263 6517 6516
f 6263 6516 6264
f 6271 6269 6491
f 6491 6269 6267
f 6491 6267 6516
f 6516 6267 6266
f 6516 6266 6264
f 6165 6521 6166
f 6166 6521 6159
f 6165 6163 6521
f 6521 6163 6169
f 6521 6169 6168
f 6161 6159 6521
f 6147 6161 6522
f 6522 6161 6521
f 6522 6521 6523
f 6523 6521 6524
f 6147 6522 6148
f 6148 6522 6226
f 6237 6525 6239
f 6239 6525 6223
f 6221 6223 6525
f 6150 6221 6526
f 6526 6221 6525
f 6526 6525 6527
f 6527 6525 6528
f 6150 6526 6151
f 6151 6526 6153
f 6208 6529 6206
f 6206 6529 6203
f 6201 6203 6529
f 6199 6201 6530
f 6530 6201 6529
f 6530 6529 6531
f 6531 6529 6532
f 6199 6530 6155
f 6155 6530 6156
f 6192 6191 6530
f 6530 6191 6195
f 6530 6195 6156
f 6188 6533 6190
f 6190 6533 6439
f 6438 6439 6533
f 6410 6438 6534
f 6534 6438 6533
f 6534 6533 6535
f 6535 6533 6536
f 6410 6534 6170
f 6170 6534 6171
f 6537 6531 6538
f 6535 6536 6539
f 6539 6536 6540
f 6539 6540 6541
f 6541 6540 6523
f 6541 6523 6524
f 6527 6528 6542
f 6542 6528 6538
f 6542 6538 6543
f 6543 6538 6531
f 6543 6531 6532
f 6537 6538 6540
f 6540 6538 6544
f 6540 6544 6523
f 6544 6229 6227
f 6227 6226 6544
f 6544 6226 6522
f 6544 6522 6523
f 6229 6544 6231
f 6231 6544 6538
f 6231 6538 6233
f 6538 6528 6525
f 6233 6538 6235
f 6235 6538 6525
f 6235 6525 6237
f 6542 6216 6217
f 6217 6153 6542
f 6542 6153 6526
f 6542 6526 6527
f 6216 6542 6214
f 6214 6542 6543
f 6214 6543 6212
f 6543 6532 6529
f 6212 6543 6210
f 6210 6543 6529
f 6210 6529 6208
f 6539 6175 6173
f 6173 6171 6539
f 6539 6171 6534
f 6539 6534 6535
f 6175 6539 6177
f 6177 6539 6541
f 6177 6541 6179
f 6541 6524 6521
f 6179 6541 6180
f 6180 6541 6521
f 6180 6521 6168
f 6537 6194 6193
f 6193 6192 6537
f 6537 6192 6530
f 6537 6530 6531
f 6194 6537 6182
f 6182 6537 6540
f 6182 6540 6184
f 6540 6536 6533
f 6184 6540 6186
f 6186 6540 6533
f 6186 6533 6188

