# https://github.com/mikedh/trimesh

o radar_Link.STL
v -1.40500003 -1.41166663 6.49335570
v -1.40500003 -1.40833333 6.49335570
v -1.40833333 -1.41166663 6.49335570
v -1.40833333 -1.40833333 6.49335570
v -1.41500002 -1.40833333 6.49335570
v -1.41500002 -1.41166663 6.49335570
v -1.41166663 -1.40833333 6.49335570
v -1.41166663 -1.41166663 6.49335570
v -1.41166663 -1.41500002 6.49335570
v -1.40833333 -1.41500002 6.49335570
v -1.41166663 -1.40500003 6.49335570
v -1.40833333 -1.40500003 6.49335570
v 1.41500002 1.40833333 6.49335570
v 1.41500002 1.41166663 6.49335570
v 1.41166663 1.40833333 6.49335570
v 1.41166663 1.41166663 6.49335570
v 1.40500003 1.41166663 6.49335570
v 1.40500003 1.40833333 6.49335570
v 1.40833333 1.41166663 6.49335570
v 1.40833333 1.40833333 6.49335570
v 1.40833333 1.40500003 6.49335570
v 1.41166663 1.40500003 6.49335570
v 1.40833333 1.41500002 6.49335570
v 1.41166663 1.41500002 6.49335570
v -1.52249997 -1.37250004 6.53335582
v -1.52249997 -1.44750001 6.53335582
v -1.44750001 -1.44750001 6.53335582
v -1.44750001 -1.52249997 6.53335582
v -1.37250004 -1.52249997 6.53335582
v -1.37250004 -1.44750001 6.53335582
v -1.29749998 -1.44750001 6.53335582
v -1.29749998 -1.37250004 6.53335582
v -1.37250004 -1.37250004 6.53335582
v -1.37250004 -1.29749998 6.53335582
v -1.44750001 -1.29749998 6.53335582
v -1.44750001 -1.37250004 6.53335582
v 1.29749998 1.44750001 6.53335582
v 1.29749998 1.37250004 6.53335582
v 1.37250004 1.37250004 6.53335582
v 1.37250004 1.29749998 6.53335582
v 1.44750001 1.29749998 6.53335582
v 1.44750001 1.37250004 6.53335582
v 1.52249997 1.37250004 6.53335582
v 1.52249997 1.44750001 6.53335582
v 1.44750001 1.44750001 6.53335582
v 1.44750001 1.52249997 6.53335582
v 1.37250004 1.52249997 6.53335582
v 1.37250004 1.44750001 6.53335582
v -1.52249997 -1.44750001 6.59335572
v -1.52249997 -1.37250004 6.59335572
v -1.44750001 -1.44750001 6.59335572
v -1.44750001 -1.52249997 6.59335572
v -1.37250004 -1.52249997 6.59335572
v -1.37250004 -1.44750001 6.59335572
v -1.29749998 -1.44750001 6.59335572
v -1.29749998 -1.37250004 6.59335572
v -1.37250004 -1.37250004 6.59335572
v -1.37250004 -1.29749998 6.59335572
v -1.44750001 -1.29749998 6.59335572
v -1.44750001 -1.37250004 6.59335572
v 1.29749998 1.37250004 6.59335572
v 1.29749998 1.44750001 6.59335572
v 1.37250004 1.37250004 6.59335572
v 1.37250004 1.29749998 6.59335572
v 1.44750001 1.29749998 6.59335572
v 1.44750001 1.37250004 6.59335572
v 1.52249997 1.37250004 6.59335572
v 1.52249997 1.44750001 6.59335572
v 1.44750001 1.44750001 6.59335572
v 1.44750001 1.52249997 6.59335572
v 1.37250004 1.52249997 6.59335572
v 1.37250004 1.44750001 6.59335572
v -1.37876580 -1.27863577 6.59335572
v -1.28613245 -1.46368258 6.59335572
v -1.27499998 -1.41000003 6.59335572
v -1.27500668 -1.40865995 6.59335572
v -1.27751967 -1.38391107 6.59335572
v -1.28985159 -1.34840133 6.59335572
v -1.31404996 -1.31503223 6.59335572
v -1.33906277 -1.29511040 6.59335572
v -1.31867602 -1.50942300 6.59335572
v -1.51842423 -1.49043119 6.59335572
v -1.47633618 -1.52757764 6.59335572
v -1.42277796 -1.54439388 6.59335572
v -1.36701036 -1.53797222 6.59335572
v -1.54176485 -1.43937748 6.59335572
v -1.54499337 -1.41134001 6.59335572
v -1.54499998 -1.41000003 6.59335572
v -1.42147327 -1.27547504 6.59335572
v -1.46000627 -1.28459251 6.59335572
v -1.49562517 -1.30560491 6.59335572
v -1.50482627 -1.31390970 6.59335572
v -1.50565337 -1.31473485 6.59335572
v -1.51848523 -1.32958591 6.59335572
v -1.53831542 -1.36804590 6.59335572
v 1.45611763 -0.07902617 7.87335576
v 1.45861981 -0.07906415 7.87335576
v 1.46299042 -0.07750000 7.87335576
v 1.44999996 0.07000000 7.87335576
v 1.44999996 0.04866025 7.87335576
v 1.46299042 0.07750000 7.87335576
v 1.58423390 0.00750000 7.87335576
v 1.45225804 0.07688039 7.87335576
v 1.45102264 0.07500000 7.87335576
v 1.44582139 0.04109675 7.87335576
v 1.44758169 0.04241830 7.87335576
v 1.58423390 -0.00750000 7.87335576
v 1.44890323 0.04417865 7.87335576
v 1.58777386 -0.00449704 7.87335576
v 1.58899203 -0.00231109 7.87335576
v 1.58777386 0.00449704 7.87335576
v 1.58899203 0.00231109 7.87335576
v 1.58940554 0.00000000 7.87335576
v 1.44758169 -0.04241830 7.87335576
v 1.44582139 -0.04109675 7.87335576
v 1.44133978 0.04000000 7.87335576
v 1.44133978 -0.04000000 7.87335576
v 1.45814894 0.07911438 7.87335576
v 1.45590277 0.07898470 7.87335576
v 1.45390937 0.07822876 7.87335576
v 1.44999996 -0.07000000 7.87335576
v 1.45083070 -0.07456710 7.87335576
v 1.45211471 -0.07671508 7.87335576
v 1.32999998 0.03133975 7.87335576
v 1.32999998 -0.03133975 7.87335576
v 1.33866025 -0.04000000 7.87335576
v 1.44890323 -0.04417865 7.87335576
v 1.44999996 -0.04866025 7.87335576
v 1.45390937 -0.07822876 7.87335576
v 1.33866025 0.04000000 7.87335576
v 1.33415516 0.03889025 7.87335576
v 1.33239040 0.03755364 7.87335576
v 1.33448280 -0.03906303 7.87335576
v 1.33247953 -0.03764230 7.87335576
v 1.33101707 -0.03567357 7.87335576
v 1.33107100 0.03577432 7.87335576
v 1.44123426 1.54136419 6.59335572
v 1.53386761 1.35631748 6.59335572
v 1.54499998 1.41000003 6.59335572
v 1.54499337 1.41134001 6.59335572
v 1.54248029 1.43608898 6.59335572
v 1.53014837 1.47159863 6.59335572
v 1.50595009 1.50496783 6.59335572
v 1.48093728 1.52488966 6.59335572
v 1.50132403 1.31057706 6.59335572
v 1.30157573 1.32956877 6.59335572
v 1.34366378 1.29242232 6.59335572
v 1.39722200 1.27560608 6.59335572
v 1.45298969 1.28202783 6.59335572
v 1.27823520 1.38062257 6.59335572
v 1.27500668 1.40865995 6.59335572
v 1.27499998 1.41000003 6.59335572
v 1.39852669 1.54452492 6.59335572
v 1.35999369 1.53540745 6.59335572
v 1.32437479 1.51439514 6.59335572
v 1.31517369 1.50609035 6.59335572
v 1.31434668 1.50526511 6.59335572
v 1.30151473 1.49041414 6.59335572
v 1.28168454 1.45195415 6.59335572
v -1.27524594 -1.46840066 6.59128334
v -1.31064970 -1.51816104 6.59128334
v -1.36323208 -1.54921943 6.59128334
v -1.42390104 -1.55620556 6.59128334
v -1.48216635 -1.53791131 6.59128334
v -1.52795343 -1.49750011 6.59128334
v -1.55334538 -1.44195938 6.59128334
v -1.55395158 -1.38089247 6.59128334
v -1.26314238 -1.40854223 6.59128334
v -1.31281642 -1.29988808 6.59128334
v -1.27643179 -1.34893581 6.59128334
v -1.42680062 -1.26409922 6.59128334
v -1.36600491 -1.26987956 6.59128334
v -1.48469135 -1.28354644 6.59128334
v -1.52966725 -1.32485861 6.59128334
v -1.35656223 -1.56907421 6.57054204
v -1.42588345 -1.57705657 6.57054204
v -1.41000003 -1.57999992 6.55835569
v -1.42609077 -1.57923680 6.55835569
v -1.49245830 -1.55615341 6.57054204
v -1.49353445 -1.55806076 6.55835569
v -1.49499997 -1.55722434 6.55835569
v -1.54477535 -1.50997890 6.57054204
v -1.54653424 -1.51128378 6.55835569
v -1.57448109 -1.37674138 6.57054204
v -1.57999992 -1.41000003 6.55835569
v -1.57378856 -1.44651728 6.57054204
v -1.57592613 -1.44699384 6.55835569
v -1.55722434 -1.49499997 6.55835569
v -1.49534335 -1.26551231 6.57054204
v -1.54851796 -1.31144663 6.55835569
v -1.54673345 -1.31271621 6.57054204
v -1.55722434 -1.32499998 6.55835569
v -1.57662779 -1.37630729 6.55835569
v -1.41000003 -1.24000004 6.55835569
v -1.42944716 -1.24111595 6.55835569
v -1.42919663 -1.24329161 6.57054204
v -1.49499997 -1.26277572 6.55835569
v -1.49645722 -1.26362666 6.55835569
v -1.35907456 -1.24780694 6.55835569
v -1.35973059 -1.24989636 6.57054204
v -1.32499998 -1.26277572 6.55835569
v -1.29895657 -1.28418449 6.57054204
v -1.29750744 -1.28254248 6.55835569
v -1.26277572 -1.32499998 6.55835569
v -1.25738299 -1.34022720 6.57054204
v -1.25539126 -1.33931665 6.55835569
v -1.24219833 -1.40833426 6.57054204
v -1.24000842 -1.40831256 6.55835569
v -1.24000004 -1.41000003 6.55835569
v -1.25602800 -1.47672938 6.57054204
v -1.25401858 -1.47760026 6.55835569
v -1.35586485 -1.57115012 6.55835569
v -1.32499998 -1.55722434 6.55835569
v -1.29648093 -1.53358644 6.57054204
v -1.29499938 -1.53519930 6.55835569
v -1.26277572 -1.49499997 6.55835569
v -1.25038046 -1.40841557 6.58322517
v -1.26482472 -1.34362942 6.58322517
v -1.30437119 -1.29031930 6.58322517
v -1.36218173 -1.25770317 6.58322517
v -1.42826056 -1.25142047 6.58322517
v -1.49118202 -1.27255768 6.58322517
v -1.54006630 -1.31745981 6.58322517
v -1.56646091 -1.37836309 6.58322517
v -1.56580210 -1.44473659 6.58322517
v -1.53820366 -1.50510389 6.58322517
v -1.48843760 -1.54902684 6.58322517
v -1.42510897 -1.56891085 6.58322517
v -1.35916788 -1.56131759 6.58322517
v -1.30201615 -1.52756022 6.58322517
v -1.26353577 -1.47347562 6.58322517
v 1.32345296 -0.03788675 7.88469555
v 1.32345296 0.03788668 7.88469555
v 1.33211324 0.04654700 7.88469555
v 1.32305166 0.04012019 7.88563097
v 1.32322442 0.03890512 7.88513886
v 1.32308723 0.04231130 7.88639316
v 1.32832220 0.04697683 7.88619125
v 1.32575212 0.04632389 7.88687112
v 1.32431323 0.04520107 7.88698287
v 1.32334195 0.04343500 7.88670124
v 1.32340482 0.03808141 7.88478048
v 1.43479276 0.04654700 7.88469555
v 1.44345304 0.05520726 7.88469555
v 1.44303674 0.05297894 7.88493583
v 1.44180786 0.05127402 7.88564512
v 1.43982554 0.05017445 7.88678990
v 1.43872602 0.04819212 7.88564512
v 1.43702105 0.04696329 7.88493583
v 1.44345304 0.08133975 7.88469555
v 1.44803831 0.09430395 7.88854452
v 1.45644341 0.08883975 7.88469555
v 1.44671425 0.09447188 7.88889209
v 1.44535555 0.09425593 7.88910443
v 1.44276060 0.08483856 7.88615027
v 1.44269709 0.09039752 7.88823755
v 1.44333625 0.09238980 7.88884291
v 1.44408634 0.09344550 7.88907537
v 1.59732793 0.00750000 7.88469555
v 1.60477366 -0.00422238 7.88790302
v 1.59732793 -0.00750000 7.88469555
v 1.60743985 -0.00108064 7.88905153
v 1.60761960 0.00000538 7.88912901
v 1.60689801 -0.00216285 7.88881795
v 1.60743650 0.00109083 7.88905004
v 1.60689242 0.00217146 7.88881572
v 1.60476789 0.00422631 7.88790041
v 1.45644341 -0.08883975 7.88469555
v 1.44256856 -0.08942678 7.88790302
v 1.44345304 -0.08133975 7.88469555
v 1.44395633 -0.09330661 7.88905153
v 1.44480700 -0.09400534 7.88912901
v 1.44329006 -0.09229628 7.88881795
v 1.44583862 -0.09438944 7.88905004
v 1.44704655 -0.09445853 7.88881572
v 1.44988829 -0.09364604 7.88790041
v 1.44345304 -0.05520726 7.88469555
v 1.43479276 -0.04654700 7.88469555
v 1.43702105 -0.04696329 7.88493583
v 1.43872602 -0.04819212 7.88564512
v 1.43982554 -0.05017445 7.88678990
v 1.44180786 -0.05127402 7.88564512
v 1.44303674 -0.05297894 7.88493583
v 1.33202756 -0.04666634 7.88483711
v 1.32682063 -0.04667636 7.88657048
v 1.32558951 -0.04623011 7.88689086
v 1.32313278 -0.04259919 7.88647959
v 1.32330367 -0.04332384 7.88667815
v 1.32415034 -0.04502567 7.88698958
v 1.32928863 -0.04705787 7.88595432
v 1.33056864 -0.04679755 7.88525285
v 1.33107444 -0.04671524 7.88504423
v 1.33180469 -0.04693351 7.88536535
v 1.33195706 -0.04680133 7.88513662
v 1.33155072 -0.04668289 7.88494514
v 1.33153023 -0.04693833 7.88537616
v 1.54475411 1.35159940 6.59128334
v 1.50935026 1.30183892 6.59128334
v 1.45676797 1.27078053 6.59128334
v 1.39609901 1.26379449 6.59128334
v 1.33783370 1.28208864 6.59128334
v 1.29204653 1.32249985 6.59128334
v 1.26665467 1.37804067 6.59128334
v 1.26604848 1.43910749 6.59128334
v 1.55685768 1.41145783 6.59128334
v 1.50718363 1.52011197 6.59128334
v 1.54356817 1.47106415 6.59128334
v 1.39319934 1.55590074 6.59128334
v 1.45399505 1.55012039 6.59128334
v 1.33530870 1.53645361 6.59128334
v 1.29033281 1.49514135 6.59128334
v 1.46343773 1.25092585 6.57054204
v 1.39411651 1.24294339 6.57054204
v 1.41000003 1.24000004 6.55835569
v 1.39390919 1.24076325 6.55835569
v 1.32754166 1.26384664 6.57054204
v 1.32646551 1.26193920 6.55835569
v 1.32499998 1.26277572 6.55835569
v 1.27522461 1.31002106 6.57054204
v 1.27346572 1.30871627 6.55835569
v 1.24551887 1.44325867 6.57054204
v 1.24000004 1.41000003 6.55835569
v 1.24621149 1.37348277 6.57054204
v 1.24407392 1.37300622 6.55835569
v 1.26277572 1.32499998 6.55835569
v 1.32465661 1.55448765 6.57054204
v 1.27148200 1.50855342 6.55835569
v 1.27326651 1.50728375 6.57054204
v 1.26277572 1.49499997 6.55835569
v 1.24337226 1.44369267 6.55835569
v 1.41000003 1.57999992 6.55835569
v 1.39055280 1.57888401 6.55835569
v 1.39080342 1.57670826 6.57054204
v 1.32499998 1.55722434 6.55835569
v 1.32354284 1.55637339 6.55835569
v 1.46092549 1.57219302 6.55835569
v 1.46026937 1.57010369 6.57054204
v 1.49499997 1.55722434 6.55835569
v 1.52104339 1.53581556 6.57054204
v 1.52249262 1.53745748 6.55835569
v 1.55722434 1.49499997 6.55835569
v 1.56261697 1.47977276 6.57054204
v 1.56460870 1.48068340 6.55835569
v 1.57780163 1.41166570 6.57054204
v 1.57999154 1.41168740 6.55835569
v 1.57999992 1.41000003 6.55835569
v 1.56397205 1.34327058 6.57054204
v 1.56598147 1.34239970 6.55835569
v 1.46413511 1.24884984 6.55835569
v 1.49499997 1.26277572 6.55835569
v 1.52351912 1.28641361 6.57054204
v 1.52500058 1.28480075 6.55835569
v 1.55722434 1.32499998 6.55835569
v 1.56961959 1.41158449 6.58322517
v 1.55517524 1.47637064 6.58322517
v 1.51562886 1.52968066 6.58322517
v 1.45781823 1.56229688 6.58322517
v 1.39173940 1.56857949 6.58322517
v 1.32881803 1.54744238 6.58322517
v 1.27993375 1.50254015 6.58322517
v 1.25353904 1.44163696 6.58322517
v 1.25419796 1.37526337 6.58322517
v 1.28179640 1.31489607 6.58322517
v 1.33156246 1.27097312 6.58322517
v 1.39489099 1.25108920 6.58322517
v 1.46083208 1.25868237 6.58322517
v 1.51798381 1.29243974 6.58322517
v 1.55646419 1.34652434 6.58322517
v -1.49360206 -1.55802257 6.51835575
v -1.42616807 -1.57922935 6.51835575
v -1.41000003 -1.57999992 6.51835575
v -1.35593843 -1.57117490 6.51835575
v -1.32499998 -1.55722434 6.51835575
v -1.29505657 -1.53525183 6.51835575
v -1.26277572 -1.49499997 6.51835575
v -1.25404950 -1.47767151 6.51835575
v -1.24000004 -1.41000003 6.51835575
v -1.24000758 -1.40839024 6.51835575
v -1.25535903 -1.33938724 6.51835575
v -1.26277572 -1.32499998 6.51835575
v -1.29744923 -1.28259389 6.51835575
v -1.32499998 -1.26277572 6.51835575
v -1.35900052 -1.24783022 6.51835575
v -1.41000003 -1.24000004 6.51835575
v -1.42937005 -1.24110710 6.51835575
v -1.49499997 -1.26277572 6.51835575
v -1.49639035 -1.26358718 6.51835575
v -1.54847298 -1.31138330 6.51835575
v -1.55722434 -1.32499998 6.51835575
v -1.57661233 -1.37623120 6.51835575
v -1.57999992 -1.41000003 6.51835575
v -1.57594290 -1.44691803 6.51835575
v -1.55722434 -1.49499997 6.51835575
v -1.54658053 -1.51122138 6.51835575
v -1.49499997 -1.55722434 6.51835575
v 1.31590432 -0.03788675 7.88905376
v 1.30848102 0.03792137 7.89335573
v 1.30845299 -0.03788675 7.89335573
v 1.33211324 0.06154701 7.89335573
v 1.32241035 0.05975980 7.89335573
v 1.31622367 0.05601415 7.89335573
v 1.31166941 0.05052704 7.89335573
v 1.31011698 0.04727054 7.89335573
v 1.30885569 0.04260944 7.89335573
v 1.30854761 0.04015860 7.89335573
v 1.30847059 0.03892747 7.89335573
v 1.30846789 0.03850503 7.89335573
v 1.42845297 0.06154701 7.89335573
v 1.42845297 0.08133975 7.89335573
v 1.46394335 0.10183012 7.89335573
v 1.45107452 0.10620793 7.89335573
v 1.44474600 0.10591896 7.89335573
v 1.44181289 0.10508527 7.89335573
v 1.43911969 0.10381588 7.89335573
v 1.43667739 0.10211495 7.89335573
v 1.43449418 0.09999108 7.89335573
v 1.43109085 0.09466109 7.89335573
v 1.60482787 0.02049038 7.89335573
v 1.61504559 0.01154523 7.89335573
v 1.61795989 0.00593290 7.89335573
v 1.61870755 0.00298025 7.89335573
v 1.61895957 0.00001470 7.89335573
v 1.61871221 -0.00295240 7.89335573
v 1.61796771 -0.00590936 7.89335573
v 1.61505360 -0.01153451 7.89335573
v 1.60482787 -0.02049038 7.89335573
v 1.46394335 -0.10183012 7.89335573
v 1.45108784 -0.10620633 7.89335573
v 1.44477030 -0.10592397 7.89335573
v 1.44183934 -0.10509519 7.89335573
v 1.43914511 -0.10383058 7.89335573
v 1.43669918 -0.10213287 7.89335573
v 1.43451067 -0.10000960 7.89335573
v 1.43109616 -0.09467343 7.89335573
v 1.42845297 -0.08133975 7.89335573
v 1.42845297 -0.06154700 7.89335573
v 1.33211352 -0.06154695 7.89335573
v 1.33211361 -0.05411822 7.88906680
v 1.33136176 -0.06090571 7.89335573
v 1.33165997 -0.06101759 7.89335573
v 1.33163584 -0.05412553 7.88947398
v 1.31974034 -0.05018587 7.89020339
v 1.32510457 -0.05341555 7.88986252
v 1.32850027 -0.05407577 7.88959654
v 1.33032314 -0.05416257 7.88920427
v 1.33119430 -0.05414712 7.88945274
v 1.33141205 -0.05413740 7.88950043
v 1.33172320 -0.05032103 7.88730176
v 1.33191301 -0.05029719 7.88714790
v 1.33186867 -0.05411159 7.88933689
v 1.33181363 -0.06114611 7.89335573
v 1.33112343 -0.06093718 7.89335573
v 1.33011937 -0.06150022 7.89335573
v 1.32958097 -0.06160928 7.89335573
v 1.32811284 -0.06125552 7.89335573
v 1.32130310 -0.05939246 7.89335573
v 1.31367426 -0.05338563 7.89335573
v 1.30939391 -0.04510271 7.89335573
v 1.32639790 1.26197739 6.51835575
v 1.39383189 1.24077061 6.51835575
v 1.41000003 1.24000004 6.51835575
v 1.46406153 1.24882506 6.51835575
v 1.49499997 1.26277572 6.51835575
v 1.52494339 1.28474822 6.51835575
v 1.55722434 1.32499998 6.51835575
v 1.56595055 1.34232845 6.51835575
v 1.57999992 1.41000003 6.51835575
v 1.57999229 1.41160982 6.51835575
v 1.56464092 1.48061272 6.51835575
v 1.55722434 1.49499997 6.51835575
v 1.52255083 1.53740617 6.51835575
v 1.49499997 1.55722434 6.51835575
v 1.46099953 1.57216974 6.51835575
v 1.41000003 1.57999992 6.51835575
v 1.39063001 1.57889295 6.51835575
v 1.32499998 1.55722434 6.51835575
v 1.32360971 1.55641278 6.51835575
v 1.27152707 1.50861666 6.51835575
v 1.26277572 1.49499997 6.51835575
v 1.24338763 1.44376876 6.51835575
v 1.24000004 1.41000003 6.51835575
v 1.24405706 1.37308193 6.51835575
v 1.26277572 1.32499998 6.51835575
v 1.27341952 1.30877867 6.51835575
v 1.32499998 1.26277572 6.51835575
v -1.57446600 -1.37666622 6.50616940
v -1.54273212 -1.38522405 6.48335572
v -1.54499998 -1.41000003 6.48335572
v -1.55393826 -1.38082681 6.48542829
v -1.54499393 -1.41127836 6.48335572
v -1.55335991 -1.44189391 6.48542829
v -1.53074740 -1.34958401 6.48335572
v -1.52962832 -1.32480394 6.48542829
v -1.50687760 -1.31597854 6.48335572
v -1.48463352 -1.28351236 6.48542829
v -1.48203745 -1.29579697 6.48335572
v -1.42673394 -1.26409158 6.48542829
v -1.44249573 -1.27894217 6.48335572
v -1.39982058 -1.27537092 6.48335572
v -1.36594092 -1.26989968 6.48542829
v -1.36120170 -1.28411753 6.48335572
v -1.32538090 -1.30478768 6.48335572
v -1.31276613 -1.29993241 6.48542829
v -1.31609915 -1.31300511 6.48335572
v -1.26314173 -1.40860928 6.48542829
v -1.28208762 -1.36683267 6.48335572
v -1.27640394 -1.34899681 6.48542829
v -1.30228121 -1.32856201 6.48335572
v -1.31526403 -1.31382253 6.48335572
v -1.28615694 -1.46373911 6.48335572
v -1.27499998 -1.41000003 6.48335572
v -1.27500603 -1.40872160 6.48335572
v -1.54177826 -1.43931722 6.48335572
v -1.51846102 -1.49038164 6.48335572
v -1.52799338 -1.49744628 6.48542829
v -1.47638991 -1.52754737 6.48335572
v -1.48222474 -1.53787835 6.48542829
v -1.42283933 -1.54438810 6.48335572
v -1.42396772 -1.55619914 6.48542829
v -1.36706876 -1.53799187 6.48335572
v -1.36329560 -1.54924076 6.48542829
v -1.31872138 -1.50946463 6.48335572
v -1.31069906 -1.51820639 6.48542829
v -1.27527257 -1.46846212 6.48542829
v -1.25735113 -1.34029696 6.50616940
v -1.29889911 -1.28423516 6.50616940
v -1.35965748 -1.24991937 6.50616940
v -1.42912045 -1.24328295 6.50616940
v -1.49527742 -1.26547338 6.50616940
v -1.54668903 -1.31265381 6.50616940
v -1.57380514 -1.44644240 6.50616940
v -1.54482098 -1.50991734 6.50616940
v -1.49252508 -1.55611569 6.50616940
v -1.42595973 -1.57704931 6.50616940
v -1.35663487 -1.56909861 6.50616940
v -1.25605855 -1.47679970 6.50616940
v -1.29653737 -1.53363822 6.50616940
v -1.24219758 -1.40841091 6.50616940
v -1.25037972 -1.40848840 6.49348628
v -1.26479445 -1.34369573 6.49348628
v -1.30431652 -1.29036754 6.49348628
v -1.36211226 -1.25772497 6.49348628
v -1.42818820 -1.25141218 6.49348628
v -1.49111925 -1.27252061 6.49348628
v -1.54002402 -1.31740049 6.49348628
v -1.56644639 -1.37829166 6.49348628
v -1.56581793 -1.44466544 6.49348628
v -1.53824706 -1.50504531 6.49348628
v -1.48850111 -1.54899098 6.49348628
v -1.42518161 -1.56890377 6.49348628
v -1.35923699 -1.56134078 6.49348628
v -1.30206989 -1.52760958 6.49348628
v -1.26356483 -1.47354249 6.49348628
v -1.18483631 1.19678732 7.89335573
v 1.55910458 0.63665537 7.89335573
v 1.62886642 0.42770468 7.89335573
v 1.67075787 0.21143588 7.89335573
v 1.66855194 -0.22819259 7.89335573
v 1.68406218 -0.00845065 7.89335573
v 0.63665537 -1.55910458 7.89335573
v 1.68408342 -0.00000000 7.89335573
v -1.46266604 -0.83471267 7.89335573
v -1.34120090 -1.01848785 7.89335573
v -0.65227011 -1.55263674 7.89335573
v -0.84934961 -1.45421540 7.89335573
v -0.83471267 1.46266604 7.89335573
v -1.01848785 1.34120090 7.89335573
v 1.62449200 -0.44403011 7.89335573
v 1.55263674 -0.65227011 7.89335573
v 1.45421540 -0.84934961 7.89335573
v 1.33091202 -1.03189647 7.89335573
v -0.44403011 -1.62449200 7.89335573
v -0.22819259 -1.66855194 7.89335573
v -0.00845065 -1.68406218 7.89335573
v 0.42770468 -1.62886642 7.89335573
v 0.21143588 -1.67075787 7.89335573
v -1.55910458 -0.63665537 7.89335573
v -1.62886642 -0.42770468 7.89335573
v -1.68408342 0.00000000 7.89335573
v -1.67075787 -0.21143588 7.89335573
v 1.03189647 1.33091202 7.89335573
v -1.19678732 -1.18483631 7.89335573
v -1.03189647 -1.33091202 7.89335573
v 0.22819259 1.66855194 7.89335573
v 0.00845065 1.68406218 7.89335573
v -0.21143588 1.67075787 7.89335573
v -0.42770468 1.62886642 7.89335573
v -0.63665537 1.55910458 7.89335573
v 0.84934961 1.45421540 7.89335573
v 0.65227011 1.55263674 7.89335573
v 0.44403011 1.62449200 7.89335573
v 1.46266604 0.83471267 7.89335573
v 1.34120090 1.01848785 7.89335573
v 1.19678732 1.18483631 7.89335573
v 1.18483631 -1.19678732 7.89335573
v 1.01848785 -1.34120090 7.89335573
v 0.83471267 -1.46266604 7.89335573
v -1.55263674 0.65227011 7.89335573
v -1.62449200 0.44403011 7.89335573
v -1.66855194 0.22819259 7.89335573
v -1.68406218 0.00845065 7.89335573
v -1.33091202 1.03189647 7.89335573
v -1.45421540 0.84934961 7.89335573
v 1.24553405 1.44333374 6.50616940
v 1.27726784 1.43477591 6.48335572
v 1.27499998 1.41000003 6.48335572
v 1.26606179 1.43917324 6.48542829
v 1.27500603 1.40872160 6.48335572
v 1.26664005 1.37810614 6.48542829
v 1.28925256 1.47041595 6.48335572
v 1.29037173 1.49519602 6.48542829
v 1.31312236 1.50402142 6.48335572
v 1.33536644 1.53648769 6.48542829
v 1.33796250 1.52420299 6.48335572
v 1.39326602 1.55590838 6.48542829
v 1.37750423 1.54105788 6.48335572
v 1.42017948 1.54462904 6.48335572
v 1.45405903 1.55010028 6.48542829
v 1.45879826 1.53588243 6.48335572
v 1.49461906 1.51521228 6.48335572
v 1.50723383 1.52006755 6.48542829
v 1.50390081 1.50699485 6.48335572
v 1.55685833 1.41139077 6.48542829
v 1.53791243 1.45316729 6.48335572
v 1.54359611 1.47100314 6.48542829
v 1.51771884 1.49143804 6.48335572
v 1.50473593 1.50617743 6.48335572
v 1.53384311 1.35626085 6.48335572
v 1.54499998 1.41000003 6.48335572
v 1.54499393 1.41127836 6.48335572
v 1.27822179 1.38068274 6.48335572
v 1.30153904 1.32961832 6.48335572
v 1.29200658 1.32255377 6.48542829
v 1.34361014 1.29245259 6.48335572
v 1.33777522 1.28212161 6.48542829
v 1.39716063 1.27561195 6.48335572
v 1.39603224 1.26380082 6.48542829
v 1.45293120 1.28200818 6.48335572
v 1.45670436 1.27075920 6.48542829
v 1.50127858 1.31053533 6.48335572
v 1.50930090 1.30179357 6.48542829
v 1.54472739 1.35153783 6.48542829
v 1.56264883 1.47970309 6.50616940
v 1.52110085 1.53576480 6.50616940
v 1.46034248 1.57008059 6.50616940
v 1.39087951 1.57671701 6.50616940
v 1.32472264 1.55452667 6.50616940
v 1.27331093 1.50734624 6.50616940
v 1.24619482 1.37355756 6.50616940
v 1.27517898 1.31008262 6.50616940
v 1.32747497 1.26388427 6.50616940
v 1.39404023 1.24295074 6.50616940
v 1.46336509 1.25090145 6.50616940
v 1.56394150 1.34320026 6.50616940
v 1.52346268 1.28636174 6.50616940
v 1.57780237 1.41158905 6.50616940
v 1.56962033 1.41151156 6.49348628
v 1.55520560 1.47630433 6.49348628
v 1.51568353 1.52963242 6.49348628
v 1.45788779 1.56227499 6.49348628
v 1.39181186 1.56858787 6.49348628
v 1.32888081 1.54747944 6.49348628
v 1.27997603 1.50259957 6.49348628
v 1.25355357 1.44170839 6.49348628
v 1.25418212 1.37533452 6.49348628
v 1.28175300 1.31495465 6.49348628
v 1.33149894 1.27100898 6.49348628
v 1.39481844 1.25109619 6.49348628
v 1.46076297 1.25865918 6.49348628
v 1.51793016 1.29239047 6.49348628
v 1.55643523 1.34645747 6.49348628
v -1.24496445 -1.31471669 6.48335572
v -1.41000003 -1.21943336 6.48335572
v -1.31471669 -1.24496445 6.48335572
v -1.21943336 -1.41000003 6.48335572
v -1.24496445 -1.50528327 6.48335572
v -1.31471669 -1.57503560 6.48335572
v -1.41000003 -1.60056669 6.48335572
v -1.50528327 -1.57503560 6.48335572
v -1.57503560 -1.50528327 6.48335572
v -1.60056669 -1.41000003 6.48335572
v -1.57503560 -1.31471669 6.48335572
v -1.50528327 -1.24496445 6.48335572
v 1.66935641 -0.45629307 7.86170827
v 1.71807371 -0.23496523 7.84466470
v 1.71463303 -0.23449468 7.86170827
v 1.73404459 -0.00870146 7.84466470
v 1.73057169 -0.00868403 7.86170827
v 1.59551650 -0.67028413 7.86170827
v 1.64919514 -0.53585595 7.84466470
v 1.67270619 -0.45720870 7.84466470
v 1.35574769 -1.08117266 7.84466470
v 1.37041286 -1.06252274 7.84466470
v 1.36766834 -1.06039485 7.86170827
v 1.49737587 -0.87455790 7.84466470
v 1.49437711 -0.87280646 7.86170827
v 1.52701112 -0.82171969 7.84466470
v 1.59871839 -0.67162919 7.84466470
v 1.22000175 -1.23230750 7.84466470
v 1.21755851 -1.22983959 7.86170827
v 1.14090936 -1.30587583 7.84466470
v 1.04661584 -1.37824137 7.86170827
v 1.04871606 -1.38100712 7.84466470
v 0.88940142 -1.48860719 7.84466470
v 0.85776532 -1.50306113 7.86170827
v 0.85948659 -1.50607731 7.84466470
v 0.65423814 -1.60216298 7.86170827
v 0.65555102 -1.60537809 7.84466470
v 0.21727521 -1.71689987 7.86170827
v 0.30962951 -1.70619916 7.84466470
v 0.43951678 -1.67385153 7.86170827
v 0.44039879 -1.67721044 7.84466470
v 0.60930727 -1.62349343 7.84466470
v -0.23449468 -1.71463303 7.86170827
v -0.00870146 -1.73404459 7.84466470
v -0.00868403 -1.73057169 7.86170827
v -0.00000000 -1.73406638 7.84466470
v 0.21771120 -1.72034521 7.84466470
v -0.45629307 -1.66935641 7.86170827
v -0.30962951 -1.70619916 7.84466470
v -0.23496523 -1.71807371 7.84466470
v -0.88940142 -1.48860719 7.84466470
v -0.87455790 -1.49737587 7.84466470
v -0.87280646 -1.49437711 7.86170827
v -0.67162919 -1.59871839 7.84466470
v -0.67028413 -1.59551650 7.86170827
v -0.60930727 -1.62349343 7.84466470
v -0.45720870 -1.67270619 7.84466470
v -1.06252274 -1.37041286 7.84466470
v -1.06039485 -1.36766834 7.86170827
v -1.14090936 -1.30587583 7.84466470
v -1.22983959 -1.21755851 7.86170827
v -1.23230750 -1.22000175 7.84466470
v -1.35574769 -1.08117266 7.84466470
v -1.37824137 -1.04661584 7.86170827
v -1.38100712 -1.04871606 7.84466470
v -1.50306113 -0.85776532 7.86170827
v -1.50607731 -0.85948659 7.84466470
v -1.67385153 -0.43951678 7.86170827
v -1.64919514 -0.53585595 7.84466470
v -1.60216298 -0.65423814 7.86170827
v -1.60537809 -0.65555102 7.84466470
v -1.52701112 -0.82171969 7.84466470
v -1.73057169 0.00868403 7.86170827
v -1.72034521 -0.21771120 7.84466470
v -1.71689987 -0.21727521 7.86170827
v -1.71837267 -0.23276939 7.84466470
v -1.67721044 -0.44039879 7.84466470
v -1.71463303 0.23449468 7.86170827
v -1.73232034 0.07779859 7.84466470
v -1.73404459 0.00870146 7.84466470
v -1.59452222 0.68153148 7.84466470
v -1.59871839 0.67162919 7.84466470
v -1.59551650 0.67028413 7.86170827
v -1.67270619 0.45720870 7.84466470
v -1.66935641 0.45629307 7.86170827
v -1.69058964 0.38586606 7.84466470
v -1.71807371 0.23496523 7.84466470
v -1.49737587 0.87455790 7.84466470
v -1.49437711 0.87280646 7.86170827
v -1.44720543 0.95529193 7.84466470
v -1.36766834 1.06039485 7.86170827
v -1.37041286 1.06252274 7.84466470
v -1.25337420 1.19834850 7.84466470
v -1.21755851 1.22983959 7.86170827
v -1.22000175 1.23230750 7.84466470
v -1.04661584 1.37824137 7.86170827
v -1.04871606 1.38100712 7.84466470
v -0.65423814 1.60216298 7.86170827
v -0.75238319 1.56233981 7.84466470
v -0.85776532 1.50306113 7.86170827
v -0.85948659 1.50607731 7.84466470
v -1.01925861 1.40288910 7.84466470
v -0.21727521 1.71689987 7.86170827
v -0.44039879 1.67721044 7.84466470
v -0.43951678 1.67385153 7.86170827
v -0.46132556 1.67157557 7.84466470
v -0.65555102 1.60537809 7.84466470
v 0.00868403 1.73057169 7.86170827
v -0.15544051 1.72708556 7.84466470
v -0.21771120 1.72034521 7.84466470
v 0.67028413 1.59551650 7.86170827
v 0.45720870 1.67270619 7.84466470
v 0.45629307 1.66935641 7.86170827
v 0.23496523 1.71807371 7.84466470
v 0.23449468 1.71463303 7.86170827
v 0.15544051 1.72708556 7.84466470
v 0.00870146 1.73404459 7.84466470
v 0.87280646 1.49437711 7.86170827
v 0.75238319 1.56233981 7.84466470
v 0.67162919 1.59871839 7.84466470
v 1.25337420 1.19834850 7.84466470
v 1.23230750 1.22000175 7.84466470
v 1.22983959 1.21755851 7.86170827
v 1.06252274 1.37041286 7.84466470
v 1.06039485 1.36766834 7.86170827
v 1.01925861 1.40288910 7.84466470
v 0.87455790 1.49737587 7.84466470
v 1.38100712 1.04871606 7.84466470
v 1.37824137 1.04661584 7.86170827
v 1.44720543 0.95529193 7.84466470
v 1.50306113 0.85776532 7.86170827
v 1.50607731 0.85948659 7.84466470
v 1.59452222 0.68153148 7.84466470
v 1.60216298 0.65423814 7.86170827
v 1.60537809 0.65555102 7.84466470
v 1.67385153 0.43951678 7.86170827
v 1.67721044 0.44039879 7.84466470
v 1.73406638 -0.00000000 7.84466470
v 1.73232034 0.07779859 7.84466470
v 1.71689987 0.21727521 7.86170827
v 1.72034521 0.21771120 7.84466470
v 1.69058964 0.38586606 7.84466470
v -1.70074794 0.00853438 7.89048949
v 1.70074794 -0.00853438 7.89048949
v 1.68508384 -0.23045354 7.89048949
v 1.64058749 -0.44842954 7.89048949
v 1.56802032 -0.65873284 7.89048949
v 1.46862380 -0.85776495 7.89048949
v 1.34409871 -1.04212053 7.89048949
v 1.19657572 -1.20864520 7.89048949
v 1.02857901 -1.35448948 7.89048949
v 0.84298300 -1.47715816 7.89048949
v 0.64296336 -1.57455225 7.89048949
v 0.43194238 -1.64500531 7.89048949
v 0.21353080 -1.68731175 7.89048949
v -0.00853438 -1.70074794 7.89048949
v -0.23045354 -1.68508384 7.89048949
v -0.44842954 -1.64058749 7.89048949
v -0.65873284 -1.56802032 7.89048949
v -0.85776495 -1.46862380 7.89048949
v -1.04212053 -1.34409871 7.89048949
v -1.20864520 -1.19657572 7.89048949
v -1.35448948 -1.02857901 7.89048949
v -1.47715816 -0.84298300 7.89048949
v -1.57455225 -0.64296336 7.89048949
v -1.64500531 -0.43194238 7.89048949
v -1.68731175 -0.21353080 7.89048949
v -1.68508384 0.23045354 7.89048949
v -1.64058749 0.44842954 7.89048949
v -1.56802032 0.65873284 7.89048949
v -1.46862380 0.85776495 7.89048949
v -1.34409871 1.04212053 7.89048949
v -1.19657572 1.20864520 7.89048949
v -1.02857901 1.35448948 7.89048949
v -0.84298300 1.47715816 7.89048949
v -0.64296336 1.57455225 7.89048949
v -0.43194238 1.64500531 7.89048949
v -0.21353080 1.68731175 7.89048949
v 0.00853438 1.70074794 7.89048949
v 0.23045354 1.68508384 7.89048949
v 0.44842954 1.64058749 7.89048949
v 0.65873284 1.56802032 7.89048949
v 0.85776495 1.46862380 7.89048949
v 1.04212053 1.34409871 7.89048949
v 1.20864520 1.19657572 7.89048949
v 1.35448948 1.02857901 7.89048949
v 1.47715816 0.84298300 7.89048949
v 1.57455225 0.64296336 7.89048949
v 1.64500531 0.43194238 7.89048949
v 1.68731175 0.21353080 7.89048949
v -1.71878245 0.00862488 7.87933448
v -1.70295220 0.23289721 7.87933448
v -1.65798403 0.45318464 7.87933448
v -1.58464741 0.66571790 7.87933448
v -1.48419682 0.86686062 7.87933448
v -1.35835130 1.05317105 7.87933448
v -1.20926406 1.22146141 7.87933448
v -1.03948591 1.36885233 7.87933448
v -0.85192183 1.49282170 7.87933448
v -0.64978125 1.59124862 7.87933448
v -0.43652263 1.66244861 7.87933448
v -0.21579503 1.70520376 7.87933448
v 0.00862488 1.71878245 7.87933448
v 0.23289721 1.70295220 7.87933448
v 0.45318464 1.65798403 7.87933448
v 0.66571790 1.58464741 7.87933448
v 0.86686062 1.48419682 7.87933448
v 1.05317105 1.35835130 7.87933448
v 1.22146141 1.20926406 7.87933448
v 1.36885233 1.03948591 7.87933448
v 1.49282170 0.85192183 7.87933448
v 1.59124862 0.64978125 7.87933448
v 1.66244861 0.43652263 7.87933448
v 1.70520376 0.21579503 7.87933448
v 1.71878245 -0.00862488 7.87933448
v 1.70295220 -0.23289721 7.87933448
v 1.65798403 -0.45318464 7.87933448
v 1.58464741 -0.66571790 7.87933448
v 1.48419682 -0.86686062 7.87933448
v 1.35835130 -1.05317105 7.87933448
v 1.20926406 -1.22146141 7.87933448
v 1.03948591 -1.36885233 7.87933448
v 0.85192183 -1.49282170 7.87933448
v 0.64978125 -1.59124862 7.87933448
v 0.43652263 -1.66244861 7.87933448
v 0.21579503 -1.70520376 7.87933448
v -0.00862488 -1.71878245 7.87933448
v -0.23289721 -1.70295220 7.87933448
v -0.45318464 -1.65798403 7.87933448
v -0.66571790 -1.58464741 7.87933448
v -0.86686062 -1.48419682 7.87933448
v -1.05317105 -1.35835130 7.87933448
v -1.22146141 -1.20926406 7.87933448
v -1.36885233 -1.03948591 7.87933448
v -1.49282170 -0.85192183 7.87933448
v -1.59124862 -0.64978125 7.87933448
v -1.66244861 -0.43652263 7.87933448
v -1.70520376 -0.21579503 7.87933448
v 1.57503560 1.50528327 6.48335572
v 1.50528327 1.24496445 6.48335572
v 1.41000003 1.21943336 6.48335572
v 1.31471669 1.24496445 6.48335572
v 1.24496445 1.31471669 6.48335572
v 1.21943336 1.41000003 6.48335572
v 1.41000003 1.60056669 6.48335572
v 1.50528327 1.57503560 6.48335572
v 1.60056669 1.41000003 6.48335572
v 1.24496445 1.50528327 6.48335572
v 1.31471669 1.57503560 6.48335572
v 1.57503560 1.31471669 6.48335572
v -0.99499999 -1.40833333 4.75335587
v -0.99499999 -1.41166663 4.75335587
v -0.99833338 -1.40833333 4.75335587
v -0.99833338 -1.41166663 4.75335587
v -1.00499997 -1.41166663 4.75335587
v -1.00499997 -1.40833333 4.75335587
v -1.00166667 -1.41166663 4.75335587
v -1.00166667 -1.40833333 4.75335587
v -1.00166667 -1.40500003 4.75335587
v -0.99833338 -1.40500003 4.75335587
v -1.00166667 -1.41500002 4.75335587
v -0.99833338 -1.41500002 4.75335587
v 1.41500002 1.41166663 4.75335587
v 1.41500002 1.40833333 4.75335587
v 1.41166663 1.41166663 4.75335587
v 1.41166663 1.40833333 4.75335587
v 1.40500003 1.40833333 4.75335587
v 1.40500003 1.41166663 4.75335587
v 1.40833333 1.40833333 4.75335587
v 1.40833333 1.41166663 4.75335587
v 1.40833333 1.41500002 4.75335587
v 1.41166663 1.41500002 4.75335587
v 1.40833333 1.40500003 4.75335587
v 1.41166663 1.40500003 4.75335587
v -1.72025058 0.39263596 6.68283216
v -1.69331171 0.49610492 6.68283216
v -1.69463009 0.49649114 6.67605418
v -0.46941936 1.70090273 6.68283216
v -0.48490665 1.69798117 6.67605418
v -0.48452946 1.69666037 6.68283216
v -0.69436524 1.62361674 6.67605418
v -0.69382512 1.62235368 6.68283216
v -0.76558352 1.58975050 6.68283216
v -0.89282291 1.52352927 6.67605418
v -0.89212842 1.52234416 6.68283216
v -1.03714122 1.42750237 6.68283216
v -1.07713565 1.39930453 6.67605418
v -1.07629774 1.39821600 6.68283216
v -1.24438321 1.25291049 6.67605418
v -1.24341520 1.25193587 6.68283216
v -1.27536431 1.21937310 6.68283216
v -1.39191598 1.08666662 6.67605418
v -1.39083322 1.08582126 6.68283216
v -1.47259617 0.97205220 6.68283216
v -1.51739651 0.90320660 6.67605418
v -1.51621616 0.90250401 6.68283216
v -1.61883701 0.70543699 6.67605418
v -1.61757767 0.70488825 6.68283216
v -1.62249748 0.69348873 6.68283216
v -1.70596149 0.49981102 6.66455142
v -1.73624773 0.38152237 6.66455142
v -1.72927007 0.37998911 6.66902978
v -1.71249844 0.50172624 6.66335579
v -1.74290072 0.38298429 6.66335579
v -1.62966158 0.71015405 6.66455142
v -1.63590610 0.71287523 6.66335579
v -1.52754290 0.90924604 6.66455142
v -1.53339617 0.91273012 6.66335579
v -1.40122334 1.09393280 6.66455142
v -1.40659250 1.09812459 6.66335579
v -1.25270402 1.26128839 6.66455142
v -1.25750415 1.26612140 6.66335579
v -1.08433813 1.40866125 6.66455142
v -1.08849313 1.41405901 6.66335579
v -0.89879297 1.53371673 6.66455142
v -0.90223700 1.53959356 6.66335579
v -0.69900826 1.63447335 6.66455142
v -0.70168674 1.64073631 6.66335579
v -0.48814910 1.70933511 6.66455142
v -0.49001961 1.71588492 6.66335579
v -0.37998911 1.72927007 6.66902978
v -0.37898819 1.72471516 6.67605418
v -0.37869331 1.72337350 6.68283216
v -0.38298429 1.74290072 6.66335579
v -0.38152237 1.73624773 6.66455142
v -0.48618731 1.70246549 6.66902978
v -0.69619906 1.62790474 6.66902978
v -0.89518093 1.52755296 6.66902978
v -1.07998038 1.40300011 6.66902978
v -1.24766966 1.25621948 6.66902978
v -1.39559209 1.08953649 6.66902978
v -1.52140399 0.90559199 6.66902978
v -1.62311234 0.70730005 6.66902978
v -1.69910565 0.49780239 6.66902978
v -1.72471516 0.37898819 6.67605418
v -1.72337350 0.37869338 6.68283216
v -1.69351492 -0.49541104 6.68283216
v -1.69483330 -0.49579674 6.67605418
v -1.67812966 -0.54525738 6.68283216
v -1.61965489 -0.70355712 6.67605418
v -1.61839500 -0.70300982 6.68283216
v -1.55380201 -0.83613647 6.68283216
v -1.51912086 -0.90030339 6.67605418
v -1.51793920 -0.89960303 6.68283216
v -1.39480522 -1.08295549 6.67605418
v -1.39372023 -1.08211311 6.68283216
v -1.37953386 -1.10014156 6.68283216
v -1.24865416 -1.24865416 6.67605418
v -1.24768279 -1.24768279 6.68283216
v -1.16092628 -1.32878702 6.68283216
v -1.08295549 -1.39480522 6.67605418
v -1.08211311 -1.39372023 6.68283216
v -0.90030339 -1.51912086 6.67605418
v -0.89960303 -1.51793920 6.68283216
v -0.70355712 -1.61965489 6.67605418
v -0.70300982 -1.61839500 6.68283216
v -0.61999736 -1.65197700 6.68283216
v -0.49579674 -1.69483330 6.67605418
v -0.49541104 -1.69351492 6.68283216
v -0.49911197 -1.70616619 6.66455142
v -0.38152237 -1.73624773 6.66455142
v -0.37998911 -1.72927007 6.66902978
v -0.50102449 -1.71270389 6.66335579
v -0.38298429 -1.74290072 6.66335579
v -0.70826160 -1.63048506 6.66455142
v -0.71097552 -1.63673274 6.66335579
v -0.90632346 -1.52927879 6.66455142
v -0.90979626 -1.53513867 6.66335579
v -1.09019689 -1.40413195 6.66455142
v -1.09437434 -1.40951229 6.66335579
v -1.25700356 -1.25700356 6.66455142
v -1.26182009 -1.26182009 6.66335579
v -1.40413195 -1.09019689 6.66455142
v -1.40951229 -1.09437434 6.66335579
v -1.52927879 -0.90632346 6.66455142
v -1.53513867 -0.90979626 6.66335579
v -1.63048506 -0.70826160 6.66455142
v -1.63673274 -0.71097552 6.66335579
v -1.70616619 -0.49911197 6.66455142
v -1.71270389 -0.50102449 6.66335579
v -1.72337350 -0.37869338 6.68283216
v -1.72471516 -0.37898819 6.67605418
v -1.72927007 -0.37998911 6.66902978
v -1.74290072 -0.38298429 6.66335579
v -1.73624773 -0.38152237 6.66455142
v -1.69930942 -0.49710614 6.66902978
v -1.62393246 -0.70541520 6.66902978
v -1.52313290 -0.90268115 6.66902978
v -1.39848897 -1.08581567 6.66902978
v -1.25195188 -1.25195188 6.66902978
v -1.08581567 -1.39848897 6.66902978
v -0.90268115 -1.52313290 6.66902978
v -0.70541520 -1.62393246 6.66902978
v -0.49710614 -1.69930942 6.66902978
v -0.37898819 -1.72471516 6.67605418
v -0.37869338 -1.72337350 6.68283216
v -1.51000004 -1.23679489 6.66335579
v -1.58320516 -1.31000001 6.66335579
v -1.61000006 -1.41000003 6.66335579
v -1.58320516 -1.51000004 6.66335579
v -1.51000004 -1.58320516 6.66335579
v -1.41000003 -1.61000006 6.66335579
v -1.31000001 -1.58320516 6.66335579
v -1.23679489 -1.51000004 6.66335579
v -1.20999999 -1.41000003 6.66335579
v -1.23679489 -1.31000001 6.66335579
v -1.31000001 -1.23679489 6.66335579
v -1.41000003 -1.20999999 6.66335579
v 1.72337350 0.37869338 6.68283216
v 1.72025058 0.39263596 6.68283216
v 0.30361202 -1.73820294 6.68170117
v 0.18843750 -1.75453331 6.67773764
v -0.00068707 -1.76472981 6.67366720
v -0.16551988 -1.75686497 6.67692199
v -0.31504114 -1.73616000 6.68199267
v -1.74860861 -0.23685200 6.67952113
v -1.75432581 -0.19034256 6.67780731
v -1.75432619 0.19033932 6.67780693
v -1.76293086 0.07919319 6.67448248
v -1.76472999 0.00000000 6.67366665
v -0.30366229 1.73819400 6.68170266
v -0.18842061 1.75453518 6.67773708
v -0.15819059 1.75754651 6.67667128
v 0.00068141 1.76472981 6.67366720
v 0.16552175 1.75686479 6.67692199
v 0.37869338 1.72337350 6.68283216
v 0.49541104 1.69351492 6.68283216
v 0.46941936 1.70090273 6.68283216
v 1.69351492 0.49541104 6.68283216
v 1.62249748 0.69348873 6.68283216
v 1.61839500 0.70300982 6.68283216
v 1.51793920 0.89960303 6.68283216
v 1.47259617 0.97205220 6.68283216
v 1.39372023 1.08211311 6.68283216
v 1.27536431 1.21937310 6.68283216
v 1.24768279 1.24768279 6.68283216
v 1.08211311 1.39372023 6.68283216
v 1.03714122 1.42750237 6.68283216
v 0.89960303 1.51793920 6.68283216
v 0.76558352 1.58975050 6.68283216
v 0.70300982 1.61839500 6.68283216
v 1.75432581 0.19034256 6.67780731
v 1.76293086 0.07919319 6.67448267
v 1.76472999 -0.00000000 6.67366665
v 1.75432619 -0.19033932 6.67780693
v 1.74860861 -0.23685200 6.67952131
v 1.72337350 -0.37869338 6.68283216
v 1.69351492 -0.49541104 6.68283216
v 1.67812966 -0.54525738 6.68283216
v 1.61839500 -0.70300982 6.68283216
v 1.55380201 -0.83613647 6.68283216
v 1.51793920 -0.89960303 6.68283216
v 1.39372023 -1.08211311 6.68283216
v 1.37953386 -1.10014156 6.68283216
v 1.24768279 -1.24768279 6.68283216
v 1.16092628 -1.32878702 6.68283216
v 1.08211311 -1.39372023 6.68283216
v 0.89960303 -1.51793920 6.68283216
v 0.31506394 -1.73615590 6.68199323
v 0.37869338 -1.72337350 6.68283216
v 0.49541104 -1.69351492 6.68283216
v 0.61999736 -1.65197700 6.68283216
v 0.70300982 -1.61839500 6.68283216
v 0.49579674 -1.69483330 6.67605418
v 0.70355712 -1.61965489 6.67605418
v 0.90030339 -1.51912086 6.67605418
v 1.08295549 -1.39480522 6.67605418
v 1.24865416 -1.24865416 6.67605418
v 1.39480522 -1.08295549 6.67605418
v 1.51912086 -0.90030339 6.67605418
v 1.61965489 -0.70355712 6.67605418
v 1.69483330 -0.49579674 6.67605418
v 1.70616619 -0.49911197 6.66455142
v 1.73624773 -0.38152237 6.66455142
v 1.72927007 -0.37998911 6.66902978
v 1.71270389 -0.50102449 6.66335579
v 1.74290072 -0.38298429 6.66335579
v 1.63048506 -0.70826160 6.66455142
v 1.63673274 -0.71097552 6.66335579
v 1.52927879 -0.90632346 6.66455142
v 1.53513867 -0.90979626 6.66335579
v 1.40413195 -1.09019689 6.66455142
v 1.40951229 -1.09437434 6.66335579
v 1.25700356 -1.25700356 6.66455142
v 1.26182009 -1.26182009 6.66335579
v 1.09019689 -1.40413195 6.66455142
v 1.09437434 -1.40951229 6.66335579
v 0.90632346 -1.52927879 6.66455142
v 0.90979626 -1.53513867 6.66335579
v 0.70826160 -1.63048506 6.66455142
v 0.71097552 -1.63673274 6.66335579
v 0.49911197 -1.70616619 6.66455142
v 0.50102449 -1.71270389 6.66335579
v 0.37898819 -1.72471516 6.67605418
v 0.37998911 -1.72927007 6.66902978
v 0.38298429 -1.74290072 6.66335579
v 0.38152237 -1.73624773 6.66455142
v 0.49710614 -1.69930942 6.66902978
v 0.70541520 -1.62393246 6.66902978
v 0.90268115 -1.52313290 6.66902978
v 1.08581567 -1.39848897 6.66902978
v 1.25195188 -1.25195188 6.66902978
v 1.39848897 -1.08581567 6.66902978
v 1.52313290 -0.90268115 6.66902978
v 1.62393246 -0.70541520 6.66902978
v 1.69930942 -0.49710614 6.66902978
v 1.72471516 -0.37898819 6.67605418
v 1.72471516 0.37898819 6.67605418
v 1.69483330 0.49579674 6.67605418
v 1.61965489 0.70355712 6.67605418
v 1.51912086 0.90030339 6.67605418
v 1.39480522 1.08295549 6.67605418
v 1.08295549 1.39480522 6.67605418
v 1.24865416 1.24865416 6.67605418
v 0.90030339 1.51912086 6.67605418
v 0.49579674 1.69483330 6.67605418
v 0.70355712 1.61965489 6.67605418
v 0.49911197 1.70616619 6.66455142
v 0.38152237 1.73624773 6.66455142
v 0.37998911 1.72927007 6.66902978
v 0.50102449 1.71270389 6.66335579
v 0.38298429 1.74290072 6.66335579
v 0.70826160 1.63048506 6.66455142
v 0.71097552 1.63673274 6.66335579
v 0.90632346 1.52927879 6.66455142
v 0.90979626 1.53513867 6.66335579
v 1.09019689 1.40413195 6.66455142
v 1.09437434 1.40951229 6.66335579
v 1.25700356 1.25700356 6.66455142
v 1.26182009 1.26182009 6.66335579
v 1.40413195 1.09019689 6.66455142
v 1.40951229 1.09437434 6.66335579
v 1.52927879 0.90632346 6.66455142
v 1.53513867 0.90979626 6.66335579
v 1.63048506 0.70826160 6.66455142
v 1.63673274 0.71097552 6.66335579
v 1.70616619 0.49911197 6.66455142
v 1.71270389 0.50102449 6.66335579
v 1.72927007 0.37998911 6.66902978
v 1.74290072 0.38298429 6.66335579
v 1.73624773 0.38152237 6.66455142
v 1.69930942 0.49710614 6.66902978
v 1.62393246 0.70541520 6.66902978
v 1.52313290 0.90268115 6.66902978
v 1.39848897 1.08581567 6.66902978
v 1.25195188 1.25195188 6.66902978
v 1.08581567 1.39848897 6.66902978
v 0.90268115 1.52313290 6.66902978
v 0.70541520 1.62393246 6.66902978
v 0.49710614 1.69930942 6.66902978
v 0.37898819 1.72471516 6.67605418
v 1.31000001 1.58320516 6.66335579
v 1.23679489 1.51000004 6.66335579
v 1.20999999 1.41000003 6.66335579
v 1.23679489 1.31000001 6.66335579
v 1.31000001 1.23679489 6.66335579
v 1.41000003 1.20999999 6.66335579
v 1.51000004 1.23679489 6.66335579
v 1.58320516 1.31000001 6.66335579
v 1.61000006 1.41000003 6.66335579
v 1.58320516 1.51000004 6.66335579
v 1.51000004 1.58320516 6.66335579
v 1.41000003 1.61000006 6.66335579
v -1.11250002 -1.44750001 4.71335593
v -1.11250002 -1.37250004 4.71335593
v -1.03749996 -1.37250004 4.71335593
v -1.03749996 -1.29749998 4.71335593
v -0.96249999 -1.29749998 4.71335593
v -0.96249999 -1.37250004 4.71335593
v -0.88750003 -1.37250004 4.71335593
v -0.88750003 -1.44750001 4.71335593
v -0.96249999 -1.44750001 4.71335593
v -0.96249999 -1.52249997 4.71335593
v -1.03749996 -1.52249997 4.71335593
v -1.03749996 -1.44750001 4.71335593
v 1.29749998 1.37250004 4.71335593
v 1.29749998 1.44750001 4.71335593
v 1.37250004 1.44750001 4.71335593
v 1.37250004 1.52249997 4.71335593
v 1.44750001 1.52249997 4.71335593
v 1.44750001 1.44750001 4.71335593
v 1.52249997 1.44750001 4.71335593
v 1.52249997 1.37250004 4.71335593
v 1.44750001 1.37250004 4.71335593
v 1.44750001 1.29749998 4.71335593
v 1.37250004 1.29749998 4.71335593
v 1.37250004 1.37250004 4.71335593
v 0.16586242 1.75810661 6.67042210
v 0.00068309 1.76599827 6.66716341
v -0.18878834 1.75577123 6.67123738
v -0.30404916 1.73941404 6.67520109
v -0.19061301 1.76850334 6.65914826
v -0.23900128 1.76399741 6.66052401
v -0.30661291 1.75218992 6.66306168
v 0.26125580 1.76152196 6.66115842
v 0.16743196 1.77025534 6.65853377
v 0.16680689 1.76480077 6.66143317
v 0.09083853 1.77426320 6.65695201
v 0.00068736 1.77275166 6.65816925
v 0.00068798 1.77585520 6.65625296
v -0.08294386 1.77452937 6.65683802
v -0.18983535 1.76245086 6.66224919
v -0.30544789 1.74602531 6.66621010
v 0.16641797 1.76173933 6.66428767
v 0.00068564 1.76966731 6.66102543
v -0.18940163 1.75939538 6.66510351
v -0.30484134 1.74300019 6.66906535
v -1.77581720 -0.04858531 6.65627010
v -1.76794175 -0.19250953 6.65933564
v -1.76027361 -0.19149110 6.66401386
v -1.75580475 -0.19076145 6.67068176
v -1.76624563 0.00000000 6.66653644
v -1.77076738 0.00000000 6.65986407
v -1.76492296 -0.22438422 6.66026491
v -1.77635867 0.00000000 6.65602330
v -1.77007429 0.16636077 6.65859934
v -1.75580513 0.19075822 6.67068138
v -1.76027399 0.19148786 6.66401349
v -1.76131632 0.19739445 6.66275024
v -1.75229236 0.32519824 6.66280258
v -1.24978526 1.50250001 6.66335579
v -1.50250001 1.24978526 6.66335579
v -1.57021470 1.31750004 6.66335579
v -1.22499997 1.41000003 6.66335579
v -1.24978526 1.31750004 6.66335579
v -1.41000003 1.22499997 6.66335579
v -1.31750004 1.24978526 6.66335579
v -1.31750004 1.57021470 6.66335579
v -1.41000003 1.59499999 6.66335579
v -1.52297243 1.74290054 6.66335579
v -1.50250001 1.57021470 6.66335579
v -1.56721175 1.73841100 6.66335579
v -1.62724927 1.71662103 6.66335597
v -1.67849250 1.67849679 6.66335597
v -1.71661805 1.62725467 6.66335579
v -1.57021470 1.50250001 6.66335579
v -1.73840988 1.56721771 6.66335579
v -1.59499999 1.41000003 6.66335579
v -1.74290054 1.52297849 6.66335579
v -0.16586053 -1.75810661 6.67042210
v -0.16641608 -1.76173933 6.66428785
v -0.00069133 -1.76966712 6.66102562
v 0.19683577 -1.76776107 6.65939506
v 0.23262510 -1.76435169 6.66042622
v 0.30656245 -1.75219886 6.66306019
v -0.09868531 -1.77403316 6.65704943
v -0.00069139 -1.77606754 6.65615666
v -0.00069307 -1.77275166 6.65816925
v 0.07225157 -1.77498162 6.65664170
v 0.18985233 -1.76244900 6.66224975
v -0.19242035 -1.76814049 6.65926989
v -0.16741324 -1.77011061 6.65858630
v -0.16680501 -1.76480096 6.66143317
v -0.26798833 -1.76037103 6.66142497
v 0.19060611 -1.76829305 6.65921904
v 0.30539758 -1.74603425 6.66620861
v 0.18941857 -1.75939333 6.66510425
v 0.30479103 -1.74300894 6.66906405
v -0.00068877 -1.76599808 6.66716359
v 0.18880524 -1.75576936 6.67123813
v 0.30399889 -1.73942279 6.67519979
v -1.74290054 -1.52297225 6.66335579
v -1.73841119 -1.56721137 6.66335579
v -1.71662122 -1.62724871 6.66335597
v -1.67849734 -1.67849176 6.66335597
v -1.62725579 -1.71661749 6.66335579
v -1.56721920 -1.73840951 6.66335579
v -1.52298035 -1.74290054 6.66335579
v 1.77581720 0.04858531 6.65627010
v 1.76794175 0.19250953 6.65933564
v 1.76027361 0.19149110 6.66401386
v 1.76492296 0.22438422 6.66026491
v 1.77083742 -0.00000000 6.65979627
v 1.77635867 -0.00000000 6.65602330
v 1.75580475 0.19076145 6.67068176
v 1.76629983 -0.00000000 6.66640680
v 1.77007429 -0.16636077 6.65859934
v 1.76136568 -0.19737582 6.66271299
v 1.75229236 -0.32519824 6.66280258
v 1.76034346 -0.19149791 6.66394550
v 1.75585840 -0.19076874 6.67055174
v 1.71661992 -1.62725132 6.66335597
v 1.73841063 -1.56721398 6.66335579
v 1.57021470 -1.50250001 6.66335579
v 1.50250001 -1.24978526 6.66335579
v 1.57021470 -1.31750004 6.66335579
v 1.59499999 -1.41000003 6.66335579
v 1.74290054 -1.52297467 6.66335579
v 1.24978526 -1.31750004 6.66335579
v 1.31750004 -1.24978526 6.66335579
v 1.41000003 -1.22499997 6.66335579
v 1.50250001 -1.57021470 6.66335579
v 1.62725244 -1.71661917 6.66335597
v 1.67849492 -1.67849418 6.66335597
v 1.24978526 -1.50250001 6.66335579
v 1.31750004 -1.57021470 6.66335579
v 1.41000003 -1.59499999 6.66335579
v 1.52297597 -1.74290054 6.66335579
v 1.56721529 -1.73841026 6.66335579
v 1.22499997 -1.41000003 6.66335579
v 1.67849269 1.67849641 6.66335597
v 1.71661861 1.62725355 6.66335597
v 1.73841026 1.56721584 6.66335579
v 1.62724890 1.71662122 6.66335597
v 1.56721063 1.73841137 6.66335579
v 1.52297085 1.74290054 6.66335579
v 1.74290054 1.52297607 6.66335579
v 1.23829674 -1.31086707 5.90335577
v 1.31086707 -1.23829674 5.90335577
v 1.41000003 -1.21173412 5.90335577
v 1.50913289 -1.23829674 5.90335577
v 1.58170331 -1.31086707 5.90335577
v 1.60826594 -1.41000003 5.90335577
v 1.58170331 -1.50913289 5.90335577
v 1.50913289 -1.58170331 5.90335577
v 1.41000003 -1.60826594 5.90335577
v 1.31086707 -1.58170331 5.90335577
v 1.23829674 -1.50913289 5.90335577
v 1.21173412 -1.41000003 5.90335577
v -1.58170331 1.50913289 5.90335577
v -1.50913289 1.58170331 5.90335577
v -1.41000003 1.60826594 5.90335577
v -1.31086707 1.58170331 5.90335577
v -1.23829674 1.50913289 5.90335577
v -1.21173412 1.41000003 5.90335577
v -1.23829674 1.31086707 5.90335577
v -1.31086707 1.23829674 5.90335577
v -1.41000003 1.21173412 5.90335577
v -1.50913289 1.23829674 5.90335577
v -1.58170331 1.31086707 5.90335577
v -1.60826594 1.41000003 5.90335577
v -1.11250002 -1.37250004 4.65335566
v -1.11250002 -1.44750001 4.65335566
v -1.03749996 -1.37250004 4.65335566
v -1.03749996 -1.29749998 4.65335566
v -0.96249999 -1.29749998 4.65335566
v -0.96249999 -1.37250004 4.65335566
v -0.88750003 -1.37250004 4.65335566
v -0.88750003 -1.44750001 4.65335566
v -0.96249999 -1.44750001 4.65335566
v -0.96249999 -1.52249997 4.65335566
v -1.03749996 -1.52249997 4.65335566
v -1.03749996 -1.44750001 4.65335566
v 1.29749998 1.44750001 4.65335566
v 1.29749998 1.37250004 4.65335566
v 1.37250004 1.44750001 4.65335566
v 1.37250004 1.52249997 4.65335566
v 1.44750001 1.52249997 4.65335566
v 1.44750001 1.44750001 4.65335566
v 1.52249997 1.44750001 4.65335566
v 1.52249997 1.37250004 4.65335566
v 1.44750001 1.37250004 4.65335566
v 1.44750001 1.29749998 4.65335566
v 1.37250004 1.29749998 4.65335566
v 1.37250004 1.37250004 4.65335566
v 1.52296973 1.77303050 6.65746461
v -1.52297113 1.77484807 6.65669944
v -1.52297122 1.79872327 6.64065964
v 1.52297011 1.79872327 6.64065964
v -1.52297290 1.81619488 6.61541559
v 1.52297197 1.81538258 6.61721229
v 1.52297243 1.81737803 6.61256201
v 1.52297569 1.82287283 6.58544991
v -1.52297607 1.82287283 6.58544991
v -1.76525358 1.57272741 6.65851570
v -1.77484807 1.52297737 6.65670000
v -1.82287283 1.52297439 6.58544991
v -1.81619581 1.52297541 6.61541577
v -1.81624182 1.58565249 6.58584665
v -1.81157012 1.58223417 6.61202650
v -1.78237688 1.66266207 6.61202669
v -1.73502378 1.73502546 6.58631623
v -1.76881514 1.69471130 6.58627543
v -1.79878101 1.64071452 6.58611264
v -1.73130222 1.73130799 6.61202669
v -1.66265499 1.78238079 6.61202669
v -1.68527365 1.77514553 6.58625532
v -1.58222616 1.81157179 6.61202650
v -1.62660424 1.80438757 6.58605322
v -1.56479906 1.81993637 6.58572446
v -1.74074620 1.64024625 6.65851589
v -1.69786923 1.69787407 6.65851589
v -1.64024029 1.74074937 6.65851589
v -1.57272071 1.76525507 6.65851570
v -1.57848746 1.79335382 6.64040055
v -1.65383853 1.76600572 6.64040073
v -1.71815194 1.71815734 6.64040073
v -1.76600218 1.65384524 6.64040073
v -1.79335233 1.57849491 6.64040055
v -1.79872382 1.52297644 6.64066002
v -1.79872327 -1.52297113 6.64065964
v -1.77484807 -1.52297104 6.65669944
v -1.81619488 -1.52297290 6.61541559
v -1.82287283 -1.52297607 6.58544991
v -1.57272927 -1.76525321 6.65851570
v -1.52297877 -1.77484807 6.65670000
v -1.58385038 -1.81662142 6.58583659
v -1.52297439 -1.82287283 6.58544991
v -1.52297588 -1.81619581 6.61541577
v -1.69469360 -1.76882744 6.58627562
v -1.64071135 -1.79878231 6.58611282
v -1.66266374 -1.78237613 6.61202669
v -1.58223640 -1.81156956 6.61202650
v -1.73502564 -1.73502490 6.58631641
v -1.73130892 -1.73130129 6.61202669
v -1.74133684 -1.72851998 6.58631529
v -1.78238116 -1.66265406 6.61202669
v -1.78001970 -1.67743824 6.58623557
v -1.80485994 -1.62531268 6.58604745
v -1.81157179 -1.58222578 6.61202650
v -1.80743840 -1.61791164 6.58601336
v -1.82109382 -1.55555028 6.58566691
v -1.64024755 -1.74074546 6.65851589
v -1.69787481 -1.69786848 6.65851589
v -1.74074974 -1.64023954 6.65851589
v -1.76525507 -1.57272033 6.65851570
v -1.79335382 -1.57848690 6.64040055
v -1.76600609 -1.65383760 6.64040073
v -1.71815827 -1.71815101 6.64040073
v -1.65384673 -1.76600143 6.64040073
v -1.57849696 -1.79335177 6.64040055
v -1.52297737 -1.79872382 6.64066002
v 1.52297225 -1.79872327 6.64065964
v 1.52297346 -1.77484807 6.65669944
v 1.52297216 -1.81619488 6.61541559
v 1.52297346 -1.82287283 6.58544991
v 1.76525451 -1.57272331 6.65851570
v 1.77484807 -1.52297495 6.65670000
v 1.81624144 -1.58565417 6.58584665
v 1.82287283 -1.52297569 6.58544991
v 1.81619581 -1.52297541 6.61541577
v 1.76881477 -1.69471167 6.58627562
v 1.79878119 -1.64071415 6.58611282
v 1.78237930 -1.66265778 6.61202669
v 1.81157105 -1.58222914 6.61202650
v 1.73502490 -1.73502564 6.58631641
v 1.73130576 -1.73130464 6.61202669
v 1.72850322 -1.74135268 6.58631529
v 1.66265927 -1.78237855 6.61202669
v 1.67741552 -1.78003348 6.58623557
v 1.62531268 -1.80485994 6.58604745
v 1.58223100 -1.81157067 6.61202650
v 1.61788743 -1.80744641 6.58601317
v 1.55552477 -1.82109661 6.58566672
v 1.74074825 -1.64024252 6.65851589
v 1.69787221 -1.69787109 6.65851589
v 1.64024383 -1.74074750 6.65851589
v 1.57272462 -1.76525414 6.65851570
v 1.57849174 -1.79335289 6.64040055
v 1.65384244 -1.76600367 6.64040073
v 1.71815529 -1.71815399 6.64040073
v 1.76600441 -1.65384095 6.64040073
v 1.79335326 -1.57849025 6.64040055
v 1.79872382 -1.52297523 6.64066002
v 1.79872327 1.52297234 6.64065964
v 1.77484807 1.52297365 6.65669944
v 1.81619488 1.52297216 6.61541559
v 1.82287283 1.52297346 6.58544991
v 1.57848615 1.79335400 6.64040055
v 1.57271959 1.76525526 6.65851570
v 1.58565380 1.81624163 6.58584665
v 1.58222485 1.81157198 6.61202650
v 1.66265462 1.78238098 6.61202669
v 1.73502546 1.73502378 6.58631623
v 1.69471186 1.76881477 6.58627543
v 1.64071545 1.79878063 6.58611264
v 1.73130259 1.73130762 6.61202669
v 1.78237762 1.66266076 6.61202669
v 1.77514534 1.68527365 6.58625532
v 1.81157049 1.58223175 6.61202650
v 1.80438720 1.62660535 6.58605322
v 1.81993619 1.56480037 6.58572446
v 1.64023992 1.74074955 6.65851589
v 1.69786960 1.69787388 6.65851589
v 1.74074676 1.64024513 6.65851589
v 1.76525414 1.57272536 6.65851570
v 1.79335270 1.57849248 6.64040055
v 1.76600292 1.65384393 6.64040073
v 1.71815231 1.71815697 6.64040073
v 1.65383816 1.76600590 6.64040073
v 1.41000003 -1.60826594 5.89335579
v 1.31086707 -1.58170331 5.89335579
v 1.23829674 -1.50913289 5.89335579
v 1.21173412 -1.41000003 5.89335579
v 1.23829674 -1.31086707 5.89335579
v 1.31086707 -1.23829674 5.89335579
v 1.41000003 -1.21173412 5.89335579
v 1.50913289 -1.23829674 5.89335579
v 1.58170331 -1.31086707 5.89335579
v 1.60826594 -1.41000003 5.89335579
v 1.58170331 -1.50913289 5.89335579
v 1.50913289 -1.58170331 5.89335579
v -1.41000003 1.21173412 5.89335579
v -1.50913289 1.23829674 5.89335579
v -1.58170331 1.31086707 5.89335579
v -1.60826594 1.41000003 5.89335579
v -1.58170331 1.50913289 5.89335579
v -1.50913289 1.58170331 5.89335579
v -1.41000003 1.60826594 5.89335579
v -1.31086707 1.58170331 5.89335579
v -1.23829674 1.50913289 5.89335579
v -1.21173412 1.41000003 5.89335579
v -1.23829674 1.31086707 5.89335579
v -1.31086707 1.23829674 5.89335579
v -0.89157578 -1.49043119 4.65335566
v -0.93366383 -1.52757764 4.65335566
v -0.98722205 -1.54439388 4.65335566
v -1.04298964 -1.53797222 4.65335566
v -1.09132398 -1.50942300 4.65335566
v -0.86823516 -1.43937748 4.65335566
v -1.03123421 -1.27863577 4.65335566
v -0.86500663 -1.41134001 4.65335566
v -0.86500002 -1.41000003 4.65335566
v -0.98852674 -1.27547504 4.65335566
v -0.94999373 -1.28459251 4.65335566
v -0.91437483 -1.30560491 4.65335566
v -0.90517364 -1.31390970 4.65335566
v -0.90434663 -1.31473485 4.65335566
v -0.89151477 -1.32958591 4.65335566
v -0.87168459 -1.36804590 4.65335566
v -1.12386756 -1.46368258 4.65335566
v -1.13500003 -1.41000003 4.65335566
v -1.13499332 -1.40865995 4.65335566
v -1.13248033 -1.38391107 4.65335566
v -1.12014841 -1.34840133 4.65335566
v -1.09595004 -1.31503223 4.65335566
v -1.07093723 -1.29511040 4.65335566
v 1.51842423 1.32956877 4.65335566
v 1.47633618 1.29242232 4.65335566
v 1.42277796 1.27560608 4.65335566
v 1.36701036 1.28202783 4.65335566
v 1.31867602 1.31057706 4.65335566
v 1.54176485 1.38062257 4.65335566
v 1.54499337 1.40865995 4.65335566
v 1.54499998 1.41000003 4.65335566
v 1.37876580 1.54136419 4.65335566
v 1.50482627 1.50609035 4.65335566
v 1.50565337 1.50526511 4.65335566
v 1.51848523 1.49041414 4.65335566
v 1.53831542 1.45195415 4.65335566
v 1.42147327 1.54452492 4.65335566
v 1.46000627 1.53540745 4.65335566
v 1.49562517 1.51439514 4.65335566
v 1.28613245 1.35631748 4.65335566
v 1.27499998 1.41000003 4.65335566
v 1.27500668 1.41134001 4.65335566
v 1.27751967 1.43608898 4.65335566
v 1.28985159 1.47159863 4.65335566
v 1.31404996 1.50496783 4.65335566
v 1.33906277 1.52488966 4.65335566
v 1.53454980 1.83444992 6.14335574
v -1.53454756 1.83444992 6.14335574
v -1.74662434 1.74662489 6.14335574
v -1.81645192 1.63690541 6.14335574
v -1.83444992 1.53454859 6.14335574
v -1.63690448 1.81645229 6.14335574
v -1.83444992 -1.53454868 6.14335574
v -1.63690597 -1.81645174 6.14335574
v -1.53454971 -1.83444992 6.14335574
v -1.74662489 -1.74662434 6.14335574
v -1.81645211 -1.63690504 6.14335574
v 1.53454868 -1.83444992 6.14335574
v 1.81645174 -1.63690597 6.14335574
v 1.83444992 -1.53454971 6.14335574
v 1.74662434 -1.74662489 6.14335574
v 1.63690504 -1.81645211 6.14335574
v 1.83444992 1.53454877 6.14335574
v 1.74662489 1.74662434 6.14335574
v 1.63690615 1.81645174 6.14335574
v 1.81645211 1.63690522 6.14335574
v 1.47299534 -1.51911117 5.89335579
v 1.51911117 -1.47299534 5.89335579
v 1.53599074 -1.41000003 5.89335579
v 1.51911117 -1.34700462 5.89335579
v 1.47299534 -1.30088879 5.89335579
v 1.41000003 -1.28400922 5.89335579
v 1.34700462 -1.30088879 5.89335579
v 1.30088879 -1.34700462 5.89335579
v 1.28400922 -1.41000003 5.89335579
v 1.30088879 -1.47299534 5.89335579
v 1.34700462 -1.51911117 5.89335579
v 1.41000003 -1.53599074 5.89335579
v -1.47299534 1.30088879 5.89335579
v -1.41000003 1.28400922 5.89335579
v -1.34700462 1.30088879 5.89335579
v -1.30088879 1.34700462 5.89335579
v -1.28400922 1.41000003 5.89335579
v -1.30088879 1.47299534 5.89335579
v -1.34700462 1.51911117 5.89335579
v -1.41000003 1.53599074 5.89335579
v -1.47299534 1.51911117 5.89335579
v -1.51911117 1.47299534 5.89335579
v -1.53599074 1.41000003 5.89335579
v -1.51911117 1.34700462 5.89335579
v -1.13475407 -1.46840066 4.65542804
v -1.09935030 -1.51816104 4.65542804
v -1.04676792 -1.54921943 4.65542804
v -0.98609896 -1.55620556 4.65542804
v -0.92783365 -1.53791131 4.65542804
v -0.88204658 -1.49750011 4.65542804
v -0.85665463 -1.44195938 4.65542804
v -0.85604843 -1.38089247 4.65542804
v -1.14685763 -1.40854223 4.65542804
v -1.09718358 -1.29988808 4.65542804
v -1.13356821 -1.34893581 4.65542804
v -0.98319938 -1.26409922 4.65542804
v -1.04399510 -1.26987956 4.65542804
v -0.92530865 -1.28354644 4.65542804
v -0.88033276 -1.32485861 4.65542804
v -0.99999998 -1.24000004 4.68835588
v -0.98080337 -1.24329161 4.67616934
v -1.05092544 -1.24780694 4.68835588
v -1.05026942 -1.24989636 4.67616934
v -1.08500002 -1.26277572 4.68835588
v -1.11104343 -1.28418449 4.67616934
v -1.16780167 -1.40833426 4.67616934
v -1.15460875 -1.33931665 4.68835588
v -1.15261702 -1.34022720 4.67616934
v -1.14722429 -1.32499998 4.68835588
v -1.11249257 -1.28254248 4.68835588
v -1.14722429 -1.49499997 4.68835588
v -1.15598142 -1.47760026 4.68835588
v -1.15397200 -1.47672938 4.67616934
v -1.16999997 -1.41000003 4.68835588
v -1.16999159 -1.40831256 4.68835588
v -1.11500062 -1.53519930 4.68835588
v -1.11351907 -1.53358644 4.67616934
v -1.08500002 -1.55722434 4.68835588
v -1.05343778 -1.56907421 4.67616934
v -1.05413515 -1.57115012 4.68835588
v -0.99999998 -1.57999992 4.68835588
v -0.98411655 -1.57705657 4.67616934
v -0.98390924 -1.57923680 4.68835588
v -0.91754170 -1.55615341 4.67616934
v -0.91646556 -1.55806076 4.68835588
v -0.91500003 -1.55722434 4.68835588
v -0.86522466 -1.50997890 4.67616934
v -0.86346576 -1.51128378 4.68835588
v -0.83551882 -1.37674138 4.67616934
v -0.82999999 -1.41000003 4.68835588
v -0.83621154 -1.44651728 4.67616934
v -0.83407396 -1.44699384 4.68835588
v -0.85277567 -1.49499997 4.68835588
v -0.91465665 -1.26551231 4.67616934
v -0.86148204 -1.31144663 4.68835588
v -0.86326655 -1.31271621 4.67616934
v -0.85277567 -1.32499998 4.68835588
v -0.83337231 -1.37630729 4.68835588
v -0.98055284 -1.24111595 4.68835588
v -0.91500003 -1.26277572 4.68835588
v -0.91354279 -1.26362666 4.68835588
v -1.15961954 -1.40841557 4.66348622
v -1.14517529 -1.34362942 4.66348622
v -1.10562881 -1.29031930 4.66348622
v -1.04781827 -1.25770317 4.66348622
v -0.98173944 -1.25142047 4.66348622
v -0.91881799 -1.27255768 4.66348622
v -0.86993370 -1.31745981 4.66348622
v -0.84353909 -1.37836309 4.66348622
v -0.84419791 -1.44473659 4.66348622
v -0.87179635 -1.50510389 4.66348622
v -0.92156241 -1.54902684 4.66348622
v -0.98489104 -1.56891085 4.66348622
v -1.05083212 -1.56131759 4.66348622
v -1.10798385 -1.52756022 4.66348622
v -1.14646424 -1.47347562 4.66348622
v 1.27524594 1.35159940 4.65542804
v 1.31064970 1.30183892 4.65542804
v 1.36323208 1.27078053 4.65542804
v 1.42390104 1.26379449 4.65542804
v 1.48216635 1.28208864 4.65542804
v 1.52795343 1.32249985 4.65542804
v 1.55334538 1.37804067 4.65542804
v 1.55395158 1.43910749 4.65542804
v 1.26314238 1.41145783 4.65542804
v 1.31281642 1.52011197 4.65542804
v 1.27643179 1.47106415 4.65542804
v 1.42680062 1.55590074 4.65542804
v 1.36600491 1.55012039 4.65542804
v 1.48469135 1.53645361 4.65542804
v 1.52966725 1.49514135 4.65542804
v 1.41000003 1.57999992 4.68835588
v 1.42919663 1.57670826 4.67616934
v 1.35907456 1.57219302 4.68835588
v 1.35973059 1.57010369 4.67616934
v 1.32499998 1.55722434 4.68835588
v 1.29895657 1.53581556 4.67616934
v 1.24219833 1.41166570 4.67616934
v 1.25539126 1.48068340 4.68835588
v 1.25738299 1.47977276 4.67616934
v 1.26277572 1.49499997 4.68835588
v 1.29750744 1.53745748 4.68835588
v 1.26277572 1.32499998 4.68835588
v 1.25401858 1.34239970 4.68835588
v 1.25602800 1.34327058 4.67616934
v 1.24000004 1.41000003 4.68835588
v 1.24000842 1.41168740 4.68835588
v 1.29499938 1.28480075 4.68835588
v 1.29648093 1.28641361 4.67616934
v 1.32499998 1.26277572 4.68835588
v 1.35656223 1.25092585 4.67616934
v 1.35586485 1.24884984 4.68835588
v 1.41000003 1.24000004 4.68835588
v 1.42588345 1.24294339 4.67616934
v 1.42609077 1.24076325 4.68835588
v 1.49245830 1.26384664 4.67616934
v 1.49353445 1.26193920 4.68835588
v 1.49499997 1.26277572 4.68835588
v 1.54477535 1.31002106 4.67616934
v 1.54653424 1.30871627 4.68835588
v 1.57448109 1.44325867 4.67616934
v 1.57999992 1.41000003 4.68835588
v 1.57378856 1.37348277 4.67616934
v 1.57592613 1.37300622 4.68835588
v 1.55722434 1.32499998 4.68835588
v 1.49534335 1.55448765 4.67616934
v 1.54851796 1.50855342 4.68835588
v 1.54673345 1.50728375 4.67616934
v 1.55722434 1.49499997 4.68835588
v 1.57662779 1.44369267 4.68835588
v 1.42944716 1.57888401 4.68835588
v 1.49499997 1.55722434 4.68835588
v 1.49645722 1.55637339 4.68835588
v 1.25038046 1.41158449 4.66348622
v 1.26482472 1.47637064 4.66348622
v 1.30437119 1.52968066 4.66348622
v 1.36218173 1.56229688 4.66348622
v 1.42826056 1.56857949 4.66348622
v 1.49118202 1.54744238 4.66348622
v 1.54006630 1.50254015 4.66348622
v 1.56646091 1.44163696 4.66348622
v 1.56580210 1.37526337 4.66348622
v 1.53820366 1.31489607 4.66348622
v 1.48843760 1.27097312 4.66348622
v 1.42510897 1.25108920 4.66348622
v 1.35916788 1.25868237 4.66348622
v 1.30201615 1.29243974 4.66348622
v 1.26353577 1.34652434 4.66348622
v -1.53451236 1.80441178 6.14335574
v 1.53451357 1.80441178 6.14335574
v 1.63780544 1.78387724 6.14335574
v 1.72537230 1.72537137 6.14335574
v 1.78387761 1.63780432 6.14335574
v 1.80441178 1.53451236 6.14335574
v 1.80441178 -1.53451357 6.14335574
v 1.78387724 -1.63780544 6.14335574
v 1.72537137 -1.72537230 6.14335574
v 1.63780432 -1.78387761 6.14335574
v 1.53451236 -1.80441178 6.14335574
v -1.53451357 -1.80441178 6.14335574
v -1.63780525 -1.78387724 6.14335574
v -1.72537193 -1.72537155 6.14335574
v -1.78387742 -1.63780488 6.14335574
v -1.80441178 -1.53451310 6.14335574
v -1.80441178 1.53451357 6.14335574
v -1.78387724 1.63780544 6.14335574
v -1.72537137 1.72537230 6.14335574
v -1.63780432 1.78387761 6.14335574
v 1.34648103 -1.52001809 5.77335581
v 1.29998187 -1.47351902 5.77335581
v 1.28296204 -1.41000003 5.77335581
v 1.29998187 -1.34648103 5.77335581
v 1.34648103 -1.29998187 5.77335581
v 1.41000003 -1.28296204 5.77335581
v 1.47351902 -1.29998187 5.77335581
v 1.52001809 -1.34648103 5.77335581
v 1.53703801 -1.41000003 5.77335581
v 1.52001809 -1.47351902 5.77335581
v 1.47351902 -1.52001809 5.77335581
v 1.41000003 -1.53703801 5.77335581
v -1.47351902 1.29998187 5.77335581
v -1.52001809 1.34648103 5.77335581
v -1.53703801 1.41000003 5.77335581
v -1.52001809 1.47351902 5.77335581
v -1.47351902 1.52001809 5.77335581
v -1.41000003 1.53703801 5.77335581
v -1.34648103 1.52001809 5.77335581
v -1.29998187 1.47351902 5.77335581
v -1.28296204 1.41000003 5.77335581
v -1.29998187 1.34648103 5.77335581
v -1.34648103 1.29998187 5.77335581
v -1.41000003 1.28296204 5.77335581
v -1.59674790 -1.48181859 5.77335469
v -1.59483142 -1.47701511 5.39335645
v -1.55135095 -1.55149177 5.77335581
v -1.54900718 -1.54914567 5.39335571
v -1.48182046 -1.59674715 5.77335469
v -1.47683164 -1.59489848 5.39335664
v -0.86152703 -1.31138330 4.72835581
v -0.91360966 -1.26358718 4.72835581
v -0.98062996 -1.24110710 4.72835581
v -0.99999998 -1.24000004 4.72835581
v -1.05099948 -1.24783022 4.72835581
v -1.08500002 -1.26277572 4.72835581
v -1.11255078 -1.28259389 4.72835581
v -1.14722429 -1.32499998 4.72835581
v -1.15464097 -1.33938724 4.72835581
v -1.16999233 -1.40839024 4.72835581
v -1.16999997 -1.41000003 4.72835581
v -1.15595050 -1.47767151 4.72835581
v -1.14722429 -1.49499997 4.72835581
v -1.11494344 -1.53525183 4.72835581
v -1.08500002 -1.55722434 4.72835581
v -1.05406158 -1.57117490 4.72835581
v -0.99999998 -1.57999992 4.72835581
v -0.98383194 -1.57922935 4.72835581
v -0.91639794 -1.55802257 4.72835581
v -0.91500003 -1.55722434 4.72835581
v -0.86341947 -1.51122138 4.72835581
v -0.85277567 -1.49499997 4.72835581
v -0.83405701 -1.44691803 4.72835581
v -0.82999999 -1.41000003 4.72835581
v -0.83338767 -1.37623120 4.72835581
v -0.85277567 -1.32499998 4.72835581
v 1.54847298 1.50861666 4.72835581
v 1.49639035 1.55641278 4.72835581
v 1.42937005 1.57889295 4.72835581
v 1.41000003 1.57999992 4.72835581
v 1.35900052 1.57216974 4.72835581
v 1.32499998 1.55722434 4.72835581
v 1.29744923 1.53740617 4.72835581
v 1.26277572 1.49499997 4.72835581
v 1.25535903 1.48061272 4.72835581
v 1.24000758 1.41160982 4.72835581
v 1.24000004 1.41000003 4.72835581
v 1.25404950 1.34232845 4.72835581
v 1.26277572 1.32499998 4.72835581
v 1.29505657 1.28474822 4.72835581
v 1.32499998 1.26277572 4.72835581
v 1.35593843 1.24882506 4.72835581
v 1.41000003 1.24000004 4.72835581
v 1.42616807 1.24077061 4.72835581
v 1.49360206 1.26197739 4.72835581
v 1.49499997 1.26277572 4.72835581
v 1.54658053 1.30877867 4.72835581
v 1.55722434 1.32499998 4.72835581
v 1.57594290 1.37308193 4.72835581
v 1.57999992 1.41000003 4.72835581
v 1.57661233 1.44376876 4.72835581
v 1.55722434 1.49499997 4.72835581
v 0.48085847 -1.35089941 4.90525569
v -0.48085847 -1.35089941 4.90525569
v 0.49133287 -1.75089948 4.90525569
v -0.49133287 -1.75089948 4.90525569
v 0.48085847 -1.35089941 5.27171418
v -0.48085847 -1.35089941 5.27171418
v -0.49133287 -1.75089948 4.83452286
v 0.49133287 -1.75089948 4.83452286
v 1.86708178 0.68443697 5.27775623
v 1.86720807 0.67441277 5.27293049
v 1.86708178 0.69556301 5.27775623
v 1.86743587 0.66747577 5.26423473
v 1.86720807 0.70558726 5.27293049
v 1.86743587 0.71252421 5.26423473
v 1.86771974 0.71500000 5.25339134
v 1.86771974 0.66499999 5.25339134
v 1.88500341 0.72652493 4.59335576
v 1.88500341 0.65347510 4.59335576
v 1.88500341 0.89038732 4.59335576
v 1.88500341 0.94961273 4.59335576
v 1.87808592 0.89499997 4.85752709
v 1.87808592 0.94499998 4.85752709
v 1.87780187 0.89747580 4.86837048
v 1.87757425 0.93558729 4.87706624
v 1.87744778 0.92556300 4.88189198
v 1.87744778 0.91443695 4.88189198
v 1.87780187 0.94252424 4.86837048
v 1.87757425 0.90441275 4.87706624
v 1.87808592 -0.94499998 4.85752709
v 1.88500341 -0.94961273 4.59335576
v 1.88500341 -0.89038732 4.59335576
v 1.87757425 -0.93558729 4.87706624
v 1.87780187 -0.94252424 4.86837048
v 1.87744778 -0.91443695 4.88189198
v 1.87744778 -0.92556300 4.88189198
v 1.87757425 -0.90441275 4.87706624
v 1.87780187 -0.89747580 4.86837048
v 1.87808592 -0.89499997 4.85752709
v 1.88500341 -0.72652493 4.59335576
v 1.88500341 -0.65347510 4.59335576
v 1.86771974 -0.71500000 5.25339134
v 1.86771974 -0.66499999 5.25339134
v 1.86743587 -0.66747577 5.26423473
v 1.86720807 -0.67441277 5.27293049
v 1.86708178 -0.68443697 5.27775623
v 1.86708178 -0.69556301 5.27775623
v 1.86720807 -0.70558726 5.27293049
v 1.86743587 -0.71252421 5.26423473
v 1.88500341 -0.50176145 4.59335576
v 1.88500341 -0.41823857 4.59335576
v 1.85986664 -0.48500001 5.55328857
v 1.85986664 -0.43500001 5.55328857
v 1.85958277 -0.48252423 5.56413196
v 1.85958277 -0.43747579 5.56413196
v 1.85922869 -0.46556303 5.57765346
v 1.85935497 -0.47558723 5.57282753
v 1.85922869 -0.45443699 5.57765346
v 1.85935497 -0.44441274 5.57282753
v 1.88500341 -0.26652492 4.59335576
v 1.88500341 -0.19347508 4.59335576
v 1.86771974 -0.25500001 5.25339134
v 1.86771974 -0.20500000 5.25339134
v 1.86743587 -0.20747578 5.26423473
v 1.86720807 -0.21441276 5.27293049
v 1.86708178 -0.22443698 5.27775623
v 1.86708178 -0.23556303 5.27775623
v 1.86720807 -0.24558725 5.27293049
v 1.86743587 -0.25252423 5.26423473
v 1.88500341 -0.03345282 4.59335576
v 1.88500341 0.03345282 4.59335576
v 1.87232699 -0.02500000 5.07745165
v 1.87232699 0.02500000 5.07745165
v 1.87204294 -0.02252422 5.08829504
v 1.87204294 0.02252422 5.08829504
v 1.87168885 -0.00556302 5.10181654
v 1.87181532 -0.01558724 5.09699080
v 1.87168885 0.00556302 5.10181654
v 1.87181532 0.01558724 5.09699080
v 1.86743587 0.20747578 5.26423473
v 1.86771974 0.20500000 5.25339134
v 1.86743587 0.25252423 5.26423473
v 1.88500341 0.19347508 4.59335576
v 1.88500341 0.26652492 4.59335576
v 1.86771974 0.25500001 5.25339134
v 1.86708178 0.22443698 5.27775623
v 1.86720807 0.21441276 5.27293049
v 1.86708178 0.23556303 5.27775623
v 1.86720807 0.24558725 5.27293049
v 1.88500341 0.41823857 4.59335576
v 1.88500341 0.50176145 4.59335576
v 1.85986664 0.43500001 5.55328857
v 1.85986664 0.48500001 5.55328857
v 1.85958277 0.43747579 5.56413196
v 1.85958277 0.48252423 5.56413196
v 1.85922869 0.45443699 5.57765346
v 1.85935497 0.44441274 5.57282753
v 1.85922869 0.46556303 5.57765346
v 1.85935497 0.47558723 5.57282753
v -1.86771974 0.20500000 5.25339134
v -1.86708178 0.23556303 5.27775623
v -1.86720807 0.24558725 5.27293049
v -1.86743587 0.20747578 5.26423473
v -1.86720807 0.21441276 5.27293049
v -1.86708178 0.22443698 5.27775623
v -1.88500341 0.26652492 4.59335576
v -1.88500341 0.19347508 4.59335576
v -1.86771974 0.25500001 5.25339134
v -1.86743587 0.25252423 5.26423473
v -1.87232699 0.02500000 5.07745165
v -1.88500341 0.03345282 4.59335576
v -1.88500341 -0.03345282 4.59335576
v -1.87232699 -0.02500000 5.07745165
v -1.87199973 -0.02165063 5.08994739
v -1.87176019 -0.01250000 5.09909484
v -1.87167246 0.00000000 5.10244313
v -1.87176019 0.01250000 5.09909484
v -1.87199973 0.02165063 5.08994739
v -1.88500341 -0.19347508 4.59335576
v -1.88500341 -0.26652492 4.59335576
v -1.86771974 -0.20500000 5.25339134
v -1.86771974 -0.25500001 5.25339134
v -1.86743587 -0.20747578 5.26423473
v -1.86720807 -0.24558725 5.27293049
v -1.86708178 -0.23556303 5.27775623
v -1.86708178 -0.22443698 5.27775623
v -1.86743587 -0.25252423 5.26423473
v -1.86720807 -0.21441276 5.27293049
v -1.85958277 -0.43747579 5.56413196
v -1.85986664 -0.43500001 5.55328857
v -1.85958277 -0.48252423 5.56413196
v -1.88500341 -0.41823857 4.59335576
v -1.88500341 -0.50176145 4.59335576
v -1.85986664 -0.48500001 5.55328857
v -1.85922869 -0.45443699 5.57765346
v -1.85935497 -0.44441274 5.57282753
v -1.85922869 -0.46556303 5.57765346
v -1.85935497 -0.47558723 5.57282753
v -1.88500341 -0.65347510 4.59335576
v -1.88500341 -0.72652493 4.59335576
v -1.86771974 -0.66499999 5.25339134
v -1.86771974 -0.71500000 5.25339134
v -1.86743587 -0.66747577 5.26423473
v -1.86708178 -0.68443697 5.27775623
v -1.86720807 -0.67441277 5.27293049
v -1.86743587 -0.71252421 5.26423473
v -1.86720807 -0.70558726 5.27293049
v -1.86708178 -0.69556301 5.27775623
v -1.88500341 -0.89038732 4.59335576
v -1.88500341 -0.94961273 4.59335576
v -1.87808592 -0.89499997 4.85752709
v -1.87808592 -0.94499998 4.85752709
v -1.87780187 -0.89747580 4.86837048
v -1.87744778 -0.91443695 4.88189198
v -1.87757425 -0.90441275 4.87706624
v -1.87780187 -0.94252424 4.86837048
v -1.87757425 -0.93558729 4.87706624
v -1.87744778 -0.92556300 4.88189198
v -1.53451236 1.80441160 6.11335579
v 1.53451357 1.80441178 6.11335579
v 1.63780544 1.78387724 6.11335579
v 1.72537230 1.72537137 6.11335579
v 1.78387761 1.63780432 6.11335579
v 1.80441178 1.53451236 6.11335579
v 1.80441178 -1.53451357 6.11335579
v 1.78387724 -1.63780544 6.11335579
v 1.72537137 -1.72537230 6.11335579
v 1.63780432 -1.78387761 6.11335579
v 1.53451236 -1.80441178 6.11335579
v -1.53451357 -1.80441178 6.11335579
v -1.63780525 -1.78387724 6.11335579
v -1.72537193 -1.72537155 6.11335579
v -1.78387742 -1.63780488 6.11335579
v -1.80441178 -1.53451310 6.11335579
v -1.80441178 1.53451357 6.11335579
v -1.78387724 1.63780544 6.11335579
v -1.72537137 1.72537230 6.11335579
v -1.63780432 1.78387761 6.11335579
v -1.88500341 0.94961273 4.59335576
v -1.88500341 0.89038732 4.59335576
v -1.87808592 0.94499998 4.85752709
v -1.87808592 0.89499997 4.85752709
v -1.87775865 0.89834938 4.87002283
v -1.87775865 0.94165066 4.87002283
v -1.87751912 0.93250005 4.87917028
v -1.87743139 0.92000002 4.88251857
v -1.87751912 0.90750000 4.87917028
v -1.88500341 0.72652493 4.59335576
v -1.88500341 0.65347510 4.59335576
v -1.86771974 0.71500000 5.25339134
v -1.86771974 0.66499999 5.25339134
v -1.86743587 0.66747577 5.26423473
v -1.86720807 0.67441277 5.27293049
v -1.86708178 0.68443697 5.27775623
v -1.86743587 0.71252421 5.26423473
v -1.86720807 0.70558726 5.27293049
v -1.86708178 0.69556301 5.27775623
v -1.85986664 0.48500001 5.55328857
v -1.88500341 0.50176145 4.59335576
v -1.88500341 0.41823857 4.59335576
v -1.85935497 0.44441274 5.57282753
v -1.85922869 0.45443699 5.57765346
v -1.85958277 0.43747579 5.56413196
v -1.85922869 0.46556303 5.57765346
v -1.85986664 0.43500001 5.55328857
v -1.85958277 0.48252423 5.56413196
v -1.85935497 0.47558723 5.57282753
v 1.70039292 -1.14962412 4.61334865
v 1.71142388 -1.15085095 4.61319517
v 1.67001709 -1.18000004 5.77335581
v 1.68882050 -1.18367001 5.77335581
v 1.71920136 -1.15328776 4.61312029
v 1.72694195 -1.15724467 4.61310353
v 1.70519557 -1.19447149 5.77335581
v 1.73944626 -1.16839372 4.61311619
v 1.74757019 -1.18307099 4.61313668
v 1.71615090 -1.21074412 5.77335581
v 1.75037589 -1.19960736 4.61334903
v 1.72000006 -1.22998320 5.77335581
v 1.21960714 -1.75037589 4.61334865
v 1.20857647 -1.74914915 4.61319517
v 1.24998298 -1.72000006 5.77335581
v 1.23107051 -1.71628557 5.77335581
v 1.20068965 -1.74666792 4.61311955
v 1.19305830 -1.74275544 4.61310353
v 1.21463761 -1.70536246 5.77335581
v 1.18055400 -1.73160657 4.61311619
v 1.17242998 -1.71692930 4.61313668
v 1.20371440 -1.68892946 5.77335581
v 1.16962418 -1.70039292 4.61334865
v 1.20000001 -1.67001709 5.77335581
v 1.42999999 -1.18000004 5.77335581
v 1.72000006 -1.54999997 5.77335581
v 1.20000001 -1.41000003 5.77335581
v 1.21750766 -1.32198278 5.77335581
v 1.26736546 -1.24736540 5.77335581
v 1.34198284 -1.19750770 5.77335581
v 1.70705952 -1.61505621 5.77335581
v 1.67020820 -1.67020820 5.77335581
v 1.61505621 -1.70705952 5.77335581
v 1.54999997 -1.72000006 5.77335581
v -1.70039292 1.14962412 4.61334865
v -1.71142351 1.15085086 4.61319517
v -1.67001709 1.18000004 5.77335581
v -1.68892946 1.18371444 5.77335581
v -1.71931032 1.15333218 4.61311955
v -1.72694176 1.15724448 4.61310353
v -1.70536246 1.19463755 5.77335581
v -1.73944607 1.16839344 4.61311619
v -1.74757000 1.18307071 4.61313668
v -1.71628557 1.21107055 5.77335581
v -1.75037589 1.19960699 4.61334865
v -1.72000006 1.22998292 5.77335581
v -1.19960709 1.75037589 4.61334865
v -1.18857650 1.74914915 4.61319517
v -1.22998301 1.72000006 5.77335581
v -1.21107046 1.71628557 5.77335581
v -1.18068960 1.74666774 4.61311955
v -1.17305834 1.74275544 4.61310353
v -1.19463746 1.70536228 5.77335581
v -1.16055403 1.73160657 4.61311619
v -1.15242992 1.71692930 4.61313668
v -1.18371435 1.68892927 5.77335581
v -1.14962412 1.70039292 4.61334865
v -1.18000004 1.67001672 5.77335581
v -1.24736540 1.24736540 5.77335581
v -1.32198278 1.19750770 5.77335581
v -1.41000003 1.18000004 5.77335581
v -1.67020820 1.67020820 5.77335581
v -1.61505621 1.70705952 5.77335581
v -1.54999997 1.72000006 5.77335581
v -1.72000006 1.54999997 5.77335581
v -1.70705952 1.61505621 5.77335581
v -1.18000004 1.41000003 5.77335581
v -1.19750770 1.32198278 5.77335581
v -1.60110593 -1.46673806 5.39335571
v -1.60310827 -1.47172147 5.77335581
v -1.61587279 -1.46370539 5.77335581
v -1.61387045 -1.45872198 5.39335571
v -1.63092483 -1.46290846 5.77335581
v -1.62892248 -1.45792505 5.39335571
v -1.64196920 -1.46770291 5.77335637
v -1.63927302 -1.46207996 5.39335515
v -1.63415819 -1.45887490 5.39335571
v -1.56999994 -1.44168381 5.39335571
v -1.44168381 -1.56999994 5.39335571
v -1.45887490 -1.63415819 5.39335571
v -1.45794377 -1.62901375 5.39335571
v -1.46215288 -1.63938347 5.39335515
v -1.45869227 -1.61396470 5.39335571
v -1.46666225 -1.60117764 5.39335571
v -1.45887490 -1.50584187 5.39335571
v -1.50584187 -1.45887490 5.39335590
v -1.46775004 -1.64204426 5.77335618
v -1.46292727 -1.63101610 5.77335581
v -1.46367569 -1.61596704 5.77335581
v -1.47164576 -1.60317998 5.77335581
v -1.50750000 -1.67825315 5.77335581
v -1.56999994 -1.69500001 5.77335581
v -1.69500001 -1.56999994 5.77335581
v -1.67825315 -1.63250007 5.77335581
v -1.67825315 -1.50750000 5.77335581
v -1.63250007 -1.67825315 5.77335581
v -0.83553428 -1.37666631 4.74054273
v -0.86500607 -1.41127836 4.76335566
v -0.85664187 -1.44189354 4.76128403
v -0.85606351 -1.38082709 4.76128403
v -0.92536733 -1.28351394 4.76128403
v -0.89147873 -1.32966079 4.76335566
v -0.88037318 -1.32480506 4.76128403
v -0.87166969 -1.36807906 4.76335566
v -0.86500002 -1.41000003 4.76335566
v -1.09723266 -1.29993381 4.76128403
v -1.03741027 -1.28027713 4.76335566
v -1.04405852 -1.26990145 4.76128403
v -0.99522797 -1.27508380 4.76335566
v -0.98326625 -1.26409335 4.76128403
v -0.95609510 -1.28233247 4.76335566
v -0.91910642 -1.30188745 4.76335566
v -1.14685651 -1.40860928 4.76128403
v -1.12729529 -1.36502832 4.76335566
v -1.13359438 -1.34899765 4.76128403
v -1.10740429 -1.32816918 4.76335566
v -1.07654529 -1.29876500 4.76335566
v -1.12384306 -1.46373911 4.76335566
v -1.13500003 -1.41000003 4.76335566
v -1.13499397 -1.40872160 4.76335566
v -0.86822174 -1.43931722 4.76335566
v -0.89153899 -1.49038164 4.76335566
v -0.88200802 -1.49744516 4.76128403
v -0.93361009 -1.52754737 4.76335566
v -0.92777610 -1.53787676 4.76128403
v -0.98716067 -1.54438810 4.76335566
v -0.98603237 -1.55619737 4.76128403
v -1.04293125 -1.53799187 4.76335566
v -1.04670376 -1.54923908 4.76128403
v -1.09127862 -1.50946463 4.76335566
v -1.09929964 -1.51820509 4.76128403
v -1.13472575 -1.46846147 4.76128403
v -1.15264868 -1.34029696 4.74054273
v -1.11110071 -1.28423534 4.74054273
v -1.05034243 -1.24991955 4.74054273
v -0.98087955 -1.24328313 4.74054273
v -0.91472268 -1.26547357 4.74054273
v -0.86331107 -1.31265391 4.74054273
v -0.83619505 -1.44644240 4.74054273
v -0.86517911 -1.50991725 4.74054273
v -0.91747502 -1.55611550 4.74054273
v -0.98404028 -1.57704912 4.74054273
v -1.05336504 -1.56909842 4.74054273
v -1.15394127 -1.47679960 4.74054273
v -1.11346254 -1.53363803 4.74054273
v -1.16780223 -1.40841091 4.74054273
v -1.15961935 -1.40848840 4.75322623
v -1.14520472 -1.34369610 4.75322623
v -1.10568292 -1.29036820 4.75322623
v -1.04788756 -1.25772581 4.75322623
v -0.98181190 -1.25141302 4.75322623
v -0.91888122 -1.27252135 4.75322623
v -0.86997673 -1.31740095 4.75322623
v -0.84355436 -1.37829185 4.75322623
v -0.84418291 -1.44466525 4.75322623
v -0.87175369 -1.50504485 4.75322623
v -0.92149936 -1.54899023 4.75322623
v -0.98481849 -1.56890303 4.75322623
v -1.05076274 -1.56133994 4.75322623
v -1.10792955 -1.52760893 4.75322623
v -1.14643434 -1.47354221 4.75322623
v 1.57446582 1.44333374 4.74054273
v 1.54499393 1.40872160 4.76335566
v 1.55335814 1.37810651 4.76128403
v 1.55393649 1.43917287 4.76128403
v 1.48463268 1.53648611 4.76128403
v 1.51852127 1.49033926 4.76335566
v 1.52962683 1.49519499 4.76128403
v 1.53833032 1.45192100 4.76335566
v 1.54499998 1.41000003 4.76335566
v 1.31276734 1.52006624 4.76128403
v 1.37258973 1.53972283 4.76335566
v 1.36594148 1.55009860 4.76128403
v 1.41477203 1.54491626 4.76335566
v 1.42673375 1.55590661 4.76128403
v 1.45390490 1.53766749 4.76335566
v 1.49089359 1.51811261 4.76335566
v 1.26314349 1.41139068 4.76128403
v 1.28270471 1.45497164 4.76335566
v 1.27640553 1.47100240 4.76128403
v 1.30259572 1.49183078 4.76335566
v 1.33345472 1.52123496 4.76335566
v 1.28615694 1.35626085 4.76335566
v 1.27499998 1.41000003 4.76335566
v 1.27500603 1.41127836 4.76335566
v 1.54177826 1.38068274 4.76335566
v 1.51846102 1.32961832 4.76335566
v 1.52799198 1.32255480 4.76128403
v 1.47638991 1.29245259 4.76335566
v 1.48222381 1.28212320 4.76128403
v 1.42283933 1.27561195 4.76335566
v 1.42396763 1.26380259 4.76128403
v 1.36706876 1.28200818 4.76335566
v 1.36329625 1.27076097 4.76128403
v 1.31872138 1.31053533 4.76335566
v 1.31070036 1.30179496 4.76128403
v 1.27527425 1.35153858 4.76128403
v 1.25735132 1.47970300 4.74054273
v 1.29889930 1.53576462 4.74054273
v 1.35965757 1.57008041 4.74054273
v 1.42912045 1.57671683 4.74054273
v 1.49527732 1.55452648 4.74054273
v 1.54668894 1.50734615 4.74054273
v 1.57380495 1.37355765 4.74054273
v 1.54482080 1.31008271 4.74054273
v 1.49252499 1.26388445 4.74054273
v 1.42595973 1.24295093 4.74054273
v 1.35663496 1.25090163 4.74054273
v 1.25605874 1.34320036 4.74054273
v 1.29653746 1.28636193 4.74054273
v 1.24219777 1.41158905 4.74054273
v 1.25038065 1.41151156 4.75322623
v 1.26479520 1.47630395 4.75322623
v 1.30431708 1.52963176 4.75322623
v 1.36211244 1.56227415 4.75322623
v 1.42818810 1.56858694 4.75322623
v 1.49111878 1.54747870 4.75322623
v 1.54002327 1.50259901 4.75322623
v 1.56644564 1.44170821 4.75322623
v 1.56581700 1.37533471 4.75322623
v 1.53824631 1.31495520 4.75322623
v 1.48850065 1.27100972 4.75322623
v 1.42518152 1.25109702 4.75322623
v 1.35923726 1.25866001 4.75322623
v 1.30207045 1.29239112 4.75322623
v 1.26356566 1.34645784 4.75322623
v -0.49441927 -1.86876561 4.83143646
v -0.49410830 -1.85688958 5.28496410
v 0.49410830 -1.85688958 5.28496410
v 0.49441927 -1.86876561 4.83143646
v 1.87500007 0.65347967 4.59335576
v 1.85772330 0.66499999 5.25312964
v 1.85772330 0.71500000 5.25312964
v 1.85743924 0.71252421 5.26397302
v 1.85721163 0.70558726 5.27266860
v 1.85708515 0.69556301 5.27749434
v 1.85708515 0.68443697 5.27749434
v 1.85721163 0.67441277 5.27266860
v 1.85743924 0.66747577 5.26397302
v 1.87500007 0.72652036 4.59335576
v 1.87500007 0.89039188 4.59335576
v 1.86808929 0.89499997 4.85726520
v 1.86808929 0.94499998 4.85726520
v 1.86780542 0.94252424 4.86810859
v 1.86757762 0.93558729 4.87680435
v 1.86745133 0.92556300 4.88163009
v 1.86745133 0.91443695 4.88163009
v 1.86757762 0.90441275 4.87680435
v 1.86780542 0.89747580 4.86810859
v 1.87500007 0.94960816 4.59335576
v 1.88269299 1.17499996 4.68158740
v 1.87269635 1.17499996 4.68132551
v 1.87241249 1.17252422 4.69216909
v 1.88240912 1.17252422 4.69243061
v 1.87218469 1.16558727 4.70086466
v 1.88218132 1.16558727 4.70112655
v 1.87205840 1.15556298 4.70569040
v 1.88205503 1.15556298 4.70595229
v 1.87205840 1.14443693 4.70569040
v 1.88205503 1.14443693 4.70595229
v 1.87218469 1.13441274 4.70086466
v 1.88218132 1.13441274 4.70112655
v 1.87241249 1.12747578 4.69216909
v 1.88240912 1.12747578 4.69243061
v 1.87269635 1.12500004 4.68132551
v 1.88269299 1.12500004 4.68158740
v 1.88384484 -1.35500003 4.63760253
v 1.87384821 -1.35500003 4.63734064
v 1.87356435 -1.35747576 4.64818421
v 1.88356079 -1.35747576 4.64844573
v 1.87333655 -1.36441272 4.65687979
v 1.88333318 -1.36441272 4.65714168
v 1.87321026 -1.37443701 4.66170553
v 1.88320670 -1.37443701 4.66196742
v 1.87321026 -1.38556305 4.66170553
v 1.88320670 -1.38556305 4.66196742
v 1.87333655 -1.39558725 4.65687979
v 1.88333318 -1.39558725 4.65714168
v 1.87356435 -1.40252421 4.64818421
v 1.88356079 -1.40252421 4.64844573
v 1.87384821 -1.40500003 4.63734064
v 1.88384484 -1.40500003 4.63760253
v 1.88269299 -1.12500004 4.68158740
v 1.87269635 -1.12500004 4.68132551
v 1.87241249 -1.12747578 4.69216909
v 1.88240912 -1.12747578 4.69243061
v 1.87218469 -1.13441274 4.70086466
v 1.88218132 -1.13441274 4.70112655
v 1.87205840 -1.14443693 4.70569040
v 1.88205503 -1.14443693 4.70595229
v 1.87205840 -1.15556298 4.70569040
v 1.88205503 -1.15556298 4.70595229
v 1.87218469 -1.16558727 4.70086466
v 1.88218132 -1.16558727 4.70112655
v 1.87241249 -1.17252422 4.69216909
v 1.88240912 -1.17252422 4.69243061
v 1.87269635 -1.17499996 4.68132551
v 1.88269299 -1.17499996 4.68158740
v 1.87500007 -0.94960816 4.59335576
v 1.86808929 -0.94499998 4.85726520
v 1.86808929 -0.89499997 4.85726520
v 1.86780542 -0.89747580 4.86810859
v 1.86757762 -0.90441275 4.87680435
v 1.86745133 -0.91443695 4.88163009
v 1.86745133 -0.92556300 4.88163009
v 1.86757762 -0.93558729 4.87680435
v 1.86780542 -0.94252424 4.86810859
v 1.87500007 -0.89039188 4.59335576
v 1.87500007 -0.72652036 4.59335576
v 1.85772330 -0.71500000 5.25312964
v 1.85772330 -0.66499999 5.25312964
v 1.85743924 -0.66747577 5.26397302
v 1.85721163 -0.67441277 5.27266860
v 1.85708515 -0.68443697 5.27749434
v 1.85708515 -0.69556301 5.27749434
v 1.85721163 -0.70558726 5.27266860
v 1.85743924 -0.71252421 5.26397302
v 1.87500007 -0.65347967 4.59335576
v 1.87500007 -0.50175688 4.59335576
v 1.84987020 -0.48500001 5.55302668
v 1.84987020 -0.43500001 5.55302668
v 1.84958614 -0.43747579 5.56387007
v 1.84935853 -0.44441274 5.57256583
v 1.84923206 -0.45443699 5.57739157
v 1.84923206 -0.46556303 5.57739157
v 1.84935853 -0.47558723 5.57256583
v 1.84958614 -0.48252423 5.56387007
v 1.87500007 -0.41824314 4.59335576
v 1.87500007 -0.26652035 4.59335576
v 1.85772330 -0.25500001 5.25312964
v 1.85772330 -0.20500000 5.25312964
v 1.85743924 -0.20747578 5.26397302
v 1.85721163 -0.21441276 5.27266860
v 1.85708515 -0.22443698 5.27749434
v 1.85708515 -0.23556303 5.27749434
v 1.85721163 -0.24558725 5.27266860
v 1.85743924 -0.25252423 5.26397302
v 1.87500007 -0.19347966 4.59335576
v 1.87500007 -0.03344825 4.59335576
v 1.86233036 -0.02500000 5.07718995
v 1.86233036 0.02500000 5.07718995
v 1.86204650 0.02252422 5.08803334
v 1.86181869 0.01558724 5.09672891
v 1.86169241 0.00556302 5.10155465
v 1.86169241 -0.00556302 5.10155465
v 1.86181869 -0.01558724 5.09672891
v 1.86204650 -0.02252422 5.08803334
v 1.87500007 0.03344825 4.59335576
v 1.87500007 0.19347966 4.59335576
v 1.85772330 0.20500000 5.25312964
v 1.85772330 0.25500001 5.25312964
v 1.85743924 0.25252423 5.26397302
v 1.85721163 0.24558725 5.27266860
v 1.85708515 0.23556303 5.27749434
v 1.85708515 0.22443698 5.27749434
v 1.85721163 0.21441276 5.27266860
v 1.85743924 0.20747578 5.26397302
v 1.87500007 0.26652035 4.59335576
v 1.87500007 0.41824314 4.59335576
v 1.84987020 0.43500001 5.55302668
v 1.84987020 0.48500001 5.55302668
v 1.84958614 0.48252423 5.56387007
v 1.84935853 0.47558723 5.57256583
v 1.84923206 0.46556303 5.57739157
v 1.84923206 0.45443699 5.57739157
v 1.84935853 0.44441274 5.57256583
v 1.84958614 0.43747579 5.56387007
v 1.87500007 0.50175688 4.59335576
v 1.88384484 1.40500003 4.63760253
v 1.87384821 1.40500003 4.63734064
v 1.87356435 1.40252421 4.64818421
v 1.88356079 1.40252421 4.64844573
v 1.87333655 1.39558725 4.65687979
v 1.88333318 1.39558725 4.65714168
v 1.87321026 1.38556305 4.66170553
v 1.88320670 1.38556305 4.66196742
v 1.87321026 1.37443701 4.66170553
v 1.88320670 1.37443701 4.66196742
v 1.87333655 1.36441272 4.65687979
v 1.88333318 1.36441272 4.65714168
v 1.87356435 1.35747576 4.64818421
v 1.88356079 1.35747576 4.64844573
v 1.87384821 1.35500003 4.63734064
v 1.88384484 1.35500003 4.63760253
v -1.84987020 0.43500001 5.55302668
v -1.87500007 0.41824314 4.59335576
v -1.85772330 0.25500001 5.25312964
v -1.87500007 0.26652035 4.59335576
v -1.85743924 0.25252423 5.26397302
v -1.85721163 0.24558725 5.27266860
v -1.85708515 0.23556303 5.27749434
v -1.85708515 0.22443698 5.27749434
v -1.85721163 0.21441276 5.27266860
v -1.85743924 0.20747578 5.26397302
v -1.85772330 0.20500000 5.25312964
v -1.87500007 0.19347966 4.59335576
v -1.86233036 0.02500000 5.07718995
v -1.87500007 0.03344825 4.59335576
v -1.86200310 0.02165063 5.08968569
v -1.86176356 0.01250000 5.09883314
v -1.86167601 0.00000000 5.10218125
v -1.86176356 -0.01250000 5.09883314
v -1.86200310 -0.02165063 5.08968569
v -1.86233036 -0.02500000 5.07718995
v -1.87500007 -0.03344825 4.59335576
v -1.85772330 -0.20500000 5.25312964
v -1.87500007 -0.19347966 4.59335576
v -1.85743924 -0.20747578 5.26397302
v -1.85721163 -0.21441276 5.27266860
v -1.85708515 -0.22443698 5.27749434
v -1.85708515 -0.23556303 5.27749434
v -1.85721163 -0.24558725 5.27266860
v -1.85743924 -0.25252423 5.26397302
v -1.85772330 -0.25500001 5.25312964
v -1.87500007 -0.26652035 4.59335576
v -1.84987020 -0.43500001 5.55302668
v -1.87500007 -0.41824314 4.59335576
v -1.84958614 -0.43747579 5.56387007
v -1.84935853 -0.44441274 5.57256583
v -1.84923206 -0.45443699 5.57739157
v -1.84923206 -0.46556303 5.57739157
v -1.84935853 -0.47558723 5.57256583
v -1.84958614 -0.48252423 5.56387007
v -1.84987020 -0.48500001 5.55302668
v -1.87500007 -0.50175688 4.59335576
v -1.85772330 -0.66499999 5.25312964
v -1.87500007 -0.65347967 4.59335576
v -1.85743924 -0.66747577 5.26397302
v -1.85721163 -0.67441277 5.27266860
v -1.85708515 -0.68443697 5.27749434
v -1.85708515 -0.69556301 5.27749434
v -1.85721163 -0.70558726 5.27266860
v -1.85743924 -0.71252421 5.26397302
v -1.85772330 -0.71500000 5.25312964
v -1.87500007 -0.72652036 4.59335576
v -1.86808929 -0.89499997 4.85726520
v -1.87500007 -0.89039188 4.59335576
v -1.86780542 -0.89747580 4.86810859
v -1.86757762 -0.90441275 4.87680435
v -1.86745133 -0.91443695 4.88163009
v -1.86745133 -0.92556300 4.88163009
v -1.86757762 -0.93558729 4.87680435
v -1.86780542 -0.94252424 4.86810859
v -1.86808929 -0.94499998 4.85726520
v -1.87500007 -0.94960816 4.59335576
v -1.87269635 -1.12500004 4.68132551
v -1.88269299 -1.12500004 4.68158740
v -1.88236572 -1.12834936 4.69408314
v -1.87236927 -1.12834936 4.69382126
v -1.88212618 -1.13749998 4.70323059
v -1.87212974 -1.13749998 4.70296871
v -1.88203864 -1.15000000 4.70657889
v -1.87204201 -1.15000000 4.70631700
v -1.88212618 -1.16250003 4.70323059
v -1.87212974 -1.16250003 4.70296871
v -1.88236572 -1.17165064 4.69408314
v -1.87236927 -1.17165064 4.69382126
v -1.88269299 -1.17499996 4.68158740
v -1.87269635 -1.17499996 4.68132551
v -1.87384821 -1.35500003 4.63734064
v -1.88384484 -1.35500003 4.63760253
v -1.88351758 -1.35834934 4.65009827
v -1.87352095 -1.35834934 4.64983638
v -1.88327804 -1.36749996 4.65924572
v -1.87328141 -1.36749996 4.65898383
v -1.88319031 -1.37999998 4.66259401
v -1.87319387 -1.37999998 4.66233212
v -1.88327804 -1.39250001 4.65924572
v -1.87328141 -1.39250001 4.65898383
v -1.88351758 -1.40165063 4.65009827
v -1.87352095 -1.40165063 4.64983638
v -1.88384484 -1.40500003 4.63760253
v -1.87384821 -1.40500003 4.63734064
v -1.83519740 -1.53529085 6.11335579
v -1.81291271 -1.64876971 6.11335579
v -1.74737256 -1.74737144 6.11335579
v -1.64877120 -1.81291215 6.11335579
v -1.53529244 -1.83519740 6.11335579
v 1.53529085 -1.83519740 6.11335579
v 1.64876971 -1.81291271 6.11335579
v 1.74737144 -1.74737256 6.11335579
v 1.81291215 -1.64877120 6.11335579
v 1.83519740 -1.53529244 6.11335579
v 1.83519740 1.53529122 6.11335579
v 1.81291252 1.64876990 6.11335579
v 1.74737256 1.74737144 6.11335579
v 1.64877120 1.81291196 6.11335579
v 1.53529271 1.83519740 6.11335579
v -1.53529588 1.83519740 6.11335579
v -1.64877214 1.81291159 6.11335579
v -1.74737182 1.74737219 6.11335579
v -1.81291159 1.64877251 6.11335579
v -1.83519740 1.53529663 6.11335579
v -1.87384821 1.40500003 4.63734064
v -1.88384484 1.40500003 4.63760253
v -1.88351758 1.40165063 4.65009827
v -1.87352095 1.40165063 4.64983638
v -1.88327804 1.39250001 4.65924572
v -1.87328141 1.39250001 4.65898383
v -1.88319031 1.37999998 4.66259401
v -1.87319387 1.37999998 4.66233212
v -1.88327804 1.36749996 4.65924572
v -1.87328141 1.36749996 4.65898383
v -1.88351758 1.35834934 4.65009827
v -1.87352095 1.35834934 4.64983638
v -1.88384484 1.35500003 4.63760253
v -1.87384821 1.35500003 4.63734064
v -1.87269635 1.17499996 4.68132551
v -1.88269299 1.17499996 4.68158740
v -1.88236572 1.17165064 4.69408314
v -1.87236927 1.17165064 4.69382126
v -1.88212618 1.16250003 4.70323059
v -1.87212974 1.16250003 4.70296871
v -1.88203864 1.15000000 4.70657889
v -1.87204201 1.15000000 4.70631700
v -1.88212618 1.13749998 4.70323059
v -1.87212974 1.13749998 4.70296871
v -1.88236572 1.12834936 4.69408314
v -1.87236927 1.12834936 4.69382126
v -1.88269299 1.12500004 4.68158740
v -1.87269635 1.12500004 4.68132551
v -1.86808929 0.94499998 4.85726520
v -1.87500007 0.94960816 4.59335576
v -1.86776202 0.94165066 4.86976094
v -1.86752249 0.93250005 4.87890858
v -1.86743494 0.92000002 4.88225668
v -1.86752249 0.90750000 4.87890858
v -1.86776202 0.89834938 4.86976094
v -1.86808929 0.89499997 4.85726520
v -1.87500007 0.89039188 4.59335576
v -1.85772330 0.71500000 5.25312964
v -1.87500007 0.72652036 4.59335576
v -1.85743924 0.71252421 5.26397302
v -1.85721163 0.70558726 5.27266860
v -1.85708515 0.69556301 5.27749434
v -1.85708515 0.68443697 5.27749434
v -1.85721163 0.67441277 5.27266860
v -1.85743924 0.66747577 5.26397302
v -1.85772330 0.66499999 5.25312964
v -1.87500007 0.65347967 4.59335576
v -1.84987020 0.48500001 5.55302668
v -1.87500007 0.50175688 4.59335576
v -1.84958614 0.48252423 5.56387007
v -1.84935853 0.47558723 5.57256583
v -1.84923206 0.46556303 5.57739157
v -1.84923206 0.45443699 5.57739157
v -1.84935853 0.44441274 5.57256583
v -1.84958614 0.43747579 5.56387007
v 1.42999999 -1.14962412 4.61334903
v 1.75037589 -1.54999997 4.61334903
v 1.73512306 -1.62668061 4.61334903
v 1.69168711 -1.69168711 4.61334903
v 1.62668061 -1.73512306 4.61334903
v 1.54999997 -1.75037589 4.61334903
v 1.16962418 -1.41000003 4.61334903
v 1.18944412 -1.31035848 4.61334903
v 1.24588646 -1.22588649 4.61334903
v 1.33035844 -1.16944406 4.61334903
v -1.41000003 1.14962412 4.61334903
v -1.75037589 1.54999997 4.61334903
v -1.73512306 1.62668061 4.61334903
v -1.69168711 1.69168711 4.61334903
v -1.62668042 1.73512306 4.61334903
v -1.54999997 1.75037589 4.61334903
v -1.14962412 1.41000003 4.61334903
v -1.16944406 1.31035848 4.61334903
v -1.22588649 1.22588649 4.61334903
v -1.31035848 1.16944406 4.61334903
v -1.50243994 -1.68701746 4.61370703
v -1.45298252 -1.63756013 4.61370703
v -1.43487994 -1.56999994 4.61370703
v -1.45298252 -1.50243994 4.61370703
v -1.50243994 -1.45298252 4.61370703
v -1.56999994 -1.43487994 4.61370703
v -1.63756013 -1.45298252 4.61370703
v -1.68701746 -1.50243994 4.61370703
v -1.56999994 -1.70512013 4.61370703
v -1.63756013 -1.68701746 4.61370703
v -1.68701746 -1.63756013 4.61370703
v -1.70512013 -1.56999994 4.61370703
v -1.08412690 -1.55861657 4.76335566
v -1.13213249 -1.51819065 4.76335566
v -1.16229281 -1.46315303 4.76335566
v -1.17077529 -1.41000003 4.76335566
v -1.17053464 -1.40093677 4.76335566
v -1.16136139 -1.35404915 4.76335566
v -1.13908360 -1.31084379 4.76335566
v -0.82992334 -1.39440456 4.76335566
v -0.82922466 -1.41000003 4.76335566
v -0.82946541 -1.41906319 4.76335566
v -0.83403438 -1.45024452 4.76335566
v -0.85977968 -1.50748063 4.76335566
v -0.90446249 -1.55155137 4.76335566
v -0.96204821 -1.57650486 4.76335566
v -1.02475947 -1.57897100 4.76335566
v -1.10600973 -1.27609232 4.76335566
v -1.06974952 -1.25410594 4.76335566
v -1.02707129 -1.24135800 4.76335566
v -0.98008225 -1.24037452 4.76335566
v -0.93386294 -1.25255128 4.76335566
v -0.89285839 -1.27698602 4.76335566
v -0.86421268 -1.30639030 4.76335566
v -0.84089516 -1.34795289 4.76335566
v -0.79500005 -0.44499999 4.62135579
v -0.79500005 0.34500000 4.62135579
v -0.64500002 0.49500000 4.62135579
v 0.74499999 0.49500000 4.62135579
v 0.77000000 0.48830127 4.62135579
v 0.78830123 0.46999999 4.62135579
v -0.74499999 -0.49500000 4.62135579
v -0.77000000 -0.48830127 4.62135579
v -0.78830123 -0.46999999 4.62135579
v 0.78830123 -0.46999999 4.62135579
v 0.77000000 -0.48830127 4.62135579
v 0.79500005 -0.44499999 4.62135579
v 0.74499999 -0.49500000 4.62135579
v 0.79500005 0.44499999 4.62135579
v 1.32587310 1.26138348 4.76335566
v 1.27786752 1.30180931 4.76335566
v 1.24770720 1.35684693 4.76335566
v 1.23922471 1.41000003 4.76335566
v 1.23946536 1.41906319 4.76335566
v 1.24863861 1.46595091 4.76335566
v 1.27091641 1.50915626 4.76335566
v 1.58007666 1.42559549 4.76335566
v 1.58077534 1.41000003 4.76335566
v 1.58053469 1.40093677 4.76335566
v 1.57596562 1.36975544 4.76335566
v 1.55022033 1.31251942 4.76335566
v 1.50553752 1.26844859 4.76335566
v 1.44795179 1.24349520 4.76335566
v 1.38524054 1.24102905 4.76335566
v 1.30399028 1.54390763 4.76335566
v 1.34025048 1.56589411 4.76335566
v 1.38292871 1.57864206 4.76335566
v 1.42991776 1.57962553 4.76335566
v 1.47613706 1.56744868 4.76335566
v 1.51714152 1.54301403 4.76335566
v 1.54578732 1.51360966 4.76335566
v 1.56910475 1.47204706 4.76335566
v -1.88500341 -1.12345936 4.59335576
v -1.87500007 -1.12346392 4.59335576
v -1.88500341 -1.17654065 4.59335576
v -1.87500007 -1.17653608 4.59335576
v -1.88500341 -1.35422740 4.59335576
v -1.87500007 -1.35423196 4.59335576
v -1.88500341 -1.40577257 4.59335576
v -1.87500007 -1.40576800 4.59335576
v -1.68857370 -1.85271464 4.59335576
v -1.57509837 -1.87500007 4.59335576
v -1.78717524 -1.78717412 4.59335576
v -1.85271520 -1.68857239 4.59335576
v -1.87500007 -1.57509688 4.59335576
v 1.57509707 -1.87500007 4.59335576
v 1.85271464 -1.68857370 4.59335576
v 1.87500007 -1.57509856 4.59335576
v 1.78717412 -1.78717524 4.59335576
v 1.68857239 -1.85271520 4.59335576
v 1.88500341 -1.40577257 4.59335576
v 1.87500007 -1.40576800 4.59335576
v 1.88500341 -1.35422740 4.59335576
v 1.87500007 -1.35423196 4.59335576
v 1.88500341 -1.17654065 4.59335576
v 1.87500007 -1.17653608 4.59335576
v 1.88500341 -1.12345936 4.59335576
v 1.87500007 -1.12346392 4.59335576
v 1.88500341 1.12345936 4.59335576
v 1.87500007 1.12346392 4.59335576
v 1.88500341 1.17654065 4.59335576
v 1.87500007 1.17653608 4.59335576
v 1.87500007 1.40576800 4.59335576
v 1.87500007 1.57509707 4.59335576
v 1.87500007 1.35423196 4.59335576
v 1.88500341 1.35422740 4.59335576
v 1.88500341 1.40577257 4.59335576
v 1.68857388 1.85271464 4.59335576
v 1.57509875 1.87500007 4.59335576
v 1.78717505 1.78717412 4.59335576
v 1.85271520 1.68857258 4.59335576
v -1.57509819 1.87500007 4.59335576
v -1.85271408 1.68857519 4.59335576
v -1.87500007 1.57509856 4.59335576
v -1.78717449 1.78717468 4.59335576
v -1.68857481 1.85271427 4.59335576
v -1.88500341 1.40577257 4.59335576
v -1.87500007 1.40576800 4.59335576
v -1.88500341 1.35422740 4.59335576
v -1.87500007 1.35423196 4.59335576
v -1.88500341 1.17654065 4.59335576
v -1.87500007 1.17653608 4.59335576
v -1.88500341 1.12345936 4.59335576
v -1.87500007 1.12346392 4.59335576
v 1.42999999 -1.12910066 4.59335576
v 1.70039255 -1.12910075 4.59335576
v 1.72787979 -1.13477902 4.59335576
v 1.74797270 -1.14757540 4.59335576
v 1.76250804 -1.16641140 4.59335576
v 1.76995508 -1.18840486 4.59335576
v 1.77089944 -1.19960699 4.59335576
v 1.77089944 -1.54999997 4.59335576
v 1.75408442 -1.63453445 4.59335576
v 1.70619953 -1.70619953 4.59335576
v 1.63453445 -1.75408442 4.59335576
v 1.54999997 -1.77089944 4.59335576
v 1.21960733 -1.77089926 4.59335576
v 1.19212009 -1.76522098 4.59335576
v 1.17202736 -1.75242461 4.59335576
v 1.15749184 -1.73358861 4.59335576
v 1.15004499 -1.71159506 4.59335576
v 1.14910062 -1.70039292 4.59335576
v 1.14910062 -1.41000003 4.59335576
v 1.17048277 -1.30250445 4.59335576
v 1.23137413 -1.21137416 4.59335576
v 1.32250451 -1.15048280 4.59335576
v -1.41000003 1.12910066 4.59335576
v -1.70039274 1.12910075 4.59335576
v -1.72787998 1.13477902 4.59335576
v -1.74797270 1.14757540 4.59335576
v -1.76250823 1.16641140 4.59335576
v -1.76995508 1.18840486 4.59335576
v -1.77089944 1.19960699 4.59335576
v -1.77089944 1.54999997 4.59335576
v -1.75408442 1.63453445 4.59335576
v -1.70619953 1.70619953 4.59335576
v -1.63453445 1.75408442 4.59335576
v -1.54999997 1.77089944 4.59335576
v -1.19960736 1.77089926 4.59335576
v -1.17212012 1.76522098 4.59335576
v -1.15202731 1.75242461 4.59335576
v -1.13749187 1.73358861 4.59335576
v -1.13004502 1.71159506 4.59335576
v -1.12910066 1.70039292 4.59335576
v -1.12910066 1.41000003 4.59335576
v -1.15048280 1.30250445 4.59335576
v -1.21137416 1.21137416 4.59335576
v -1.30250445 1.15048280 4.59335576
v -1.64782498 -1.70479678 4.59335576
v -1.70479678 -1.64782498 4.59335576
v -1.72564983 -1.56999994 4.59335576
v -1.70479678 -1.49217509 4.59335576
v -1.64782498 -1.43520320 4.59335576
v -1.56999994 -1.41435014 4.59335576
v -1.49217509 -1.43520320 4.59335576
v -1.43520320 -1.49217509 4.59335576
v -1.41435014 -1.56999994 4.59335576
v -1.43520320 -1.64782498 4.59335576
v -1.49217509 -1.70479678 4.59335576
v -1.56999994 -1.72564983 4.59335576
v -1.16482424 -1.33586060 4.76165581
v -1.12691177 -1.28132561 4.76165581
v -1.07185924 -1.24416891 4.76165581
v -1.00710159 -1.22940857 4.76165581
v -0.94138496 -1.23903807 4.76165581
v -0.88358447 -1.27175702 4.76165581
v -0.84150666 -1.32314637 4.76165581
v -0.82083419 -1.38626583 4.76165581
v -1.17175402 -1.46625172 4.76165581
v -1.13983536 -1.52449785 4.76165581
v -1.08903125 -1.56728048 4.76165581
v -1.02620292 -1.58882141 4.76165581
v -0.95983576 -1.58621166 4.76165581
v -0.89889299 -1.55980345 4.76165581
v -0.85160527 -1.51316347 4.76165581
v -0.82435906 -1.45259071 4.76165581
v -1.18047632 -1.40040843 4.76165581
v -0.99999998 -1.61076505 4.73414119
v -1.02910744 -1.60864368 4.73414119
v -1.02880448 -1.60657577 4.74438313
v -1.09890029 -1.58471502 4.73414119
v -1.09787071 -1.58289615 4.74438313
v -1.15533611 -1.53718991 4.73414119
v -1.15371905 -1.53586585 4.74438313
v -1.17386756 -1.51038254 4.73414119
v -1.18880672 -1.47183668 4.74438313
v -1.19079296 -1.47248721 4.73414119
v -1.19839506 -1.39945615 4.74438313
v -1.20076500 -1.41000003 4.73414119
v -0.95538348 -1.60574466 4.73414119
v -0.95584802 -1.60370693 4.74438313
v -0.89961747 -1.58386752 4.73414119
v -0.88885445 -1.57467667 4.74438313
v -0.88768527 -1.57640912 4.73414119
v -0.83687175 -1.52340606 4.74438313
v -0.83515570 -1.52459908 4.73414119
v -0.82577048 -1.31452307 4.74438313
v -0.80097374 -1.38363484 4.73414119
v -0.80304556 -1.38390930 4.74438313
v -0.79923496 -1.41000003 4.73414119
v -0.80692042 -1.45681929 4.74438313
v -0.80488930 -1.45731186 4.73414119
v -0.82613239 -1.51038254 4.73414119
v -0.89961747 -1.23613244 4.73414119
v -0.87067988 -1.25643276 4.73414119
v -0.87202610 -1.25803147 4.74438313
v -0.82613239 -1.30961752 4.73414119
v -0.82393764 -1.31351864 4.73414119
v -0.93488740 -1.22008696 4.73414119
v -0.93556531 -1.22206407 4.74438313
v -0.99999998 -1.20923501 4.73414119
v -1.00780670 -1.21147847 4.74438313
v -1.00788884 -1.20939007 4.73414119
v -1.07899383 -1.22770425 4.74438313
v -1.07982475 -1.22578656 4.73414119
v -1.20048206 -1.39934523 4.73414119
v -1.18309502 -1.32764224 4.73414119
v -1.18118897 -1.32849962 4.74438313
v -1.17386756 -1.30961752 4.73414119
v -1.13951238 -1.26855010 4.74438313
v -1.14097996 -1.26706213 4.73414119
v -1.10038249 -1.23613244 4.73414119
v -1.19131021 -1.39983268 4.75496966
v -1.18206432 -1.46962842 4.75496966
v -1.14822965 -1.53137110 4.75496966
v -1.09437574 -1.57672185 4.75496966
v -1.02777584 -1.59955602 4.75496966
v -0.95742466 -1.59678943 4.75496966
v -0.89282356 -1.56879593 4.75496966
v -0.84269727 -1.51935630 4.75496966
v -0.81381546 -1.45514738 4.75496966
v -0.81007900 -1.38484109 4.75496966
v -0.83199237 -1.31793264 4.75496966
v -0.87659620 -1.26345837 4.75496966
v -0.93786633 -1.22877536 4.75496966
v -1.00752795 -1.21856779 4.75496966
v -1.07617285 -1.23421419 4.75496966
v -1.13453027 -1.27360141 4.75496966
v -1.17471851 -1.33141000 4.75496966
v 0.79500005 -0.44499999 4.62335590
v 0.79500005 0.44499999 4.62335590
v 0.74499999 0.49500000 4.62335590
v 0.77000000 0.48830127 4.62335590
v 0.78830123 0.46999999 4.62335590
v -0.64500002 0.49500000 4.62335590
v -0.79500005 0.34500000 4.62335590
v -0.79500005 -0.44499999 4.62335590
v -0.74499999 -0.49500000 4.62335590
v -0.77000000 -0.48830127 4.62335590
v -0.78830123 -0.46999999 4.62335590
v 0.74499999 -0.49500000 4.62335590
v 0.78830123 -0.46999999 4.62335590
v 0.77000000 -0.48830127 4.62335590
v 1.24517577 1.48413945 4.76165581
v 1.28308823 1.53867435 4.76165581
v 1.33814076 1.57583114 4.76165581
v 1.40289841 1.59059148 4.76165581
v 1.46861505 1.58096179 4.76165581
v 1.52641553 1.54824303 4.76165581
v 1.56849343 1.49685359 4.76165581
v 1.58916581 1.43373422 4.76165581
v 1.23824598 1.35374833 4.76165581
v 1.27016464 1.29550211 4.76165581
v 1.32096875 1.25271957 4.76165581
v 1.38379708 1.23117855 4.76165581
v 1.45016424 1.23378839 4.76165581
v 1.51110701 1.26019660 4.76165581
v 1.55839473 1.30683659 4.76165581
v 1.58564094 1.36740934 4.76165581
v 1.22952368 1.41959153 4.76165581
v 1.41000003 1.20923501 4.73414119
v 1.38089256 1.21135628 4.73414119
v 1.38119552 1.21342419 4.74438313
v 1.31109972 1.23528503 4.73414119
v 1.31212929 1.23710390 4.74438313
v 1.25466390 1.28281005 4.73414119
v 1.25628095 1.28413411 4.74438313
v 1.23613244 1.30961752 4.73414119
v 1.22119328 1.34816328 4.74438313
v 1.21920705 1.34751284 4.73414119
v 1.21160494 1.42054390 4.74438313
v 1.20923501 1.41000003 4.73414119
v 1.45461652 1.21425539 4.73414119
v 1.45415198 1.21629313 4.74438313
v 1.51038254 1.23613244 4.73414119
v 1.52114555 1.24532329 4.74438313
v 1.52231473 1.24359094 4.73414119
v 1.57312825 1.29659390 4.74438313
v 1.57484431 1.29540088 4.73414119
v 1.58422943 1.50547698 4.74438313
v 1.60902627 1.43636512 4.73414119
v 1.60695445 1.43609066 4.74438313
v 1.61076505 1.41000003 4.73414119
v 1.60307959 1.36318067 4.74438313
v 1.60511062 1.36268819 4.73414119
v 1.58386752 1.30961752 4.73414119
v 1.51038254 1.58386752 4.73414119
v 1.53932013 1.56356730 4.73414119
v 1.53797390 1.56196859 4.74438313
v 1.58386752 1.51038254 4.73414119
v 1.58606227 1.50648132 4.73414119
v 1.47511261 1.59991290 4.73414119
v 1.47443470 1.59793589 4.74438313
v 1.41000003 1.61076505 4.73414119
v 1.40219331 1.60852149 4.74438313
v 1.40211117 1.61060989 4.73414119
v 1.33100618 1.59229580 4.74438313
v 1.33017525 1.59421340 4.73414119
v 1.20951794 1.42065482 4.73414119
v 1.22690499 1.49235772 4.73414119
v 1.22881103 1.49150044 4.74438313
v 1.23613244 1.51038254 4.73414119
v 1.27048763 1.55144986 4.74438313
v 1.26902005 1.55293792 4.73414119
v 1.30961752 1.58386752 4.73414119
v 1.21868979 1.42016737 4.75496966
v 1.22793568 1.35037154 4.75496966
v 1.26177035 1.28862895 4.75496966
v 1.31562427 1.24327810 4.75496966
v 1.38222417 1.22044403 4.75496966
v 1.45257534 1.22321052 4.75496966
v 1.51717644 1.25120403 4.75496966
v 1.56730283 1.30064376 4.75496966
v 1.59618445 1.36485267 4.75496966
v 1.59992091 1.43515896 4.75496966
v 1.57800764 1.50206741 4.75496966
v 1.53340381 1.55654158 4.75496966
v 1.47213368 1.59122460 4.75496966
v 1.40247205 1.60143226 4.75496966
v 1.33382715 1.58578586 4.75496966
v 1.27546974 1.54639855 4.75496966
v 1.23528149 1.48858996 4.75496966
v 1.75089929 -1.03039257 4.59335576
v -1.75090320 -1.35086142 4.59335427
v 1.75089948 1.54999997 4.59335576
v 1.72398388 1.65044963 4.59335576
v 1.74914524 -1.04571311 4.59335576
v -1.74800772 -1.36766434 4.59335576
v -1.73970144 -1.38255721 4.59335576
v -1.40086515 -1.70747917 4.59335576
v -1.39575275 -1.72353107 4.59335576
v -1.70388129 1.09677473 4.59335576
v -1.72471050 1.08521078 4.59335576
v -1.74914524 1.04571311 4.59335576
v -1.74053982 1.06706619 4.59335576
v -1.35502182 -1.75072309 4.59335576
v -1.37136048 -1.74654163 4.59335576
v -1.38547169 -1.73715595 4.59335576
v -1.37434434 -1.51061490 4.59335576
v -1.36944158 -1.60980020 4.59335576
v -1.39426235 -1.67451985 4.59335502
v -1.40037686 -1.69043485 4.59335576
v -1.75089929 1.03039257 4.59335576
v 1.65044963 1.72398388 4.59335576
v -1.07471040 1.73521079 4.59335576
v -1.09053990 1.71706621 4.59335576
v -1.72709096 -1.39373066 4.59335576
v 1.54999997 1.75089929 4.59335576
v -1.03039239 1.75089929 4.59335576
v -1.05388118 1.74677465 4.59335576
v -1.71128381 -1.40017150 4.59335576
v -1.69435814 -1.40100932 4.59335576
v 1.70388129 -1.09677473 4.59335576
v 1.07471040 -1.73521079 4.59335576
v 1.09053990 -1.71706621 4.59335576
v -1.67818405 -1.39623675 4.59335576
v -1.67451017 -1.39425676 4.59335502
v -1.60974711 -1.36943096 4.59335576
v -1.51056293 -1.37435999 4.59335576
v -1.42539907 -1.42543744 4.59335576
v 1.68039240 -1.10089928 4.59335576
v 1.72471032 -1.08521078 4.59335576
v 1.74053982 -1.06706619 4.59335576
v -1.35086766 -1.75090060 4.59335539
v 1.03039239 -1.75089929 4.59335576
v 1.05388118 -1.74677465 4.59335576
v -1.09914532 1.69571303 4.59335576
v -1.10089928 1.68039259 4.59335576
v -1.10089937 1.41000003 4.59335576
v -1.12359924 1.29373381 4.59335576
v -1.19040534 1.19246524 4.59335576
v -1.29103977 1.12470780 4.59335576
v -1.41000003 1.10089937 4.59335576
v -1.68039240 1.10089928 4.59335576
v 1.41000003 -1.10089937 4.59335576
v 1.29103977 -1.12470780 4.59335576
v 1.19040534 -1.19246524 4.59335576
v 1.12359924 -1.29373381 4.59335576
v 1.10089937 -1.41000003 4.59335576
v 1.10089928 -1.68039259 4.59335576
v 1.09914532 -1.69571303 4.59335576
v -0.89840870 -1.58596132 4.64181546
v -0.84791556 -1.54473502 4.64181546
v -0.82403868 -1.51159130 4.64181546
v -0.80272146 -1.45862475 4.64181546
v -0.79681734 -1.41000003 4.64181546
v -0.80272146 -1.36137521 4.64181546
v -0.82403868 -1.30840866 4.64181546
v -0.84791556 -1.27526503 4.64181546
v -0.89840870 -1.23403864 4.64181546
v -0.92795044 -1.22002093 4.64181546
v -0.99999998 -1.20681738 4.64181546
v -1.02449097 -1.20829875 4.64181546
v -1.10159134 -1.23403864 4.64181546
v -1.11542093 -1.24278395 4.64181546
v -1.17596136 -1.30840866 4.64181546
v -1.17990933 -1.31557630 4.64181546
v -1.20318262 -1.41000003 4.64181546
v -1.17990933 -1.50442366 4.64181546
v -1.17596136 -1.51159130 4.64181546
v -1.11542093 -1.57721601 4.64181546
v -0.92795044 -1.59997903 4.64181546
v -0.99999998 -1.61318257 4.64181546
v -1.02449097 -1.61170121 4.64181546
v -1.10159134 -1.58596132 4.64181546
v -0.79052858 -0.49019554 4.62335590
v -0.80133006 -0.47382028 4.62335590
v -0.80500003 -0.45501678 4.62335590
v -0.80500003 0.35500000 4.62335590
v -0.65500000 0.50499998 4.62335590
v 0.75501711 0.50499998 4.62335590
v 0.79019554 -0.49052853 4.62335590
v 0.77382028 -0.50133006 4.62335590
v 0.75501679 -0.50499998 4.62335590
v -0.75501669 -0.50499998 4.62335590
v -0.77425586 -0.50115087 4.62335590
v 0.77425614 0.50115073 4.62335590
v 0.79052867 0.49019544 4.62335590
v 0.80133006 0.47382028 4.62335590
v 0.80500003 0.45501711 4.62335590
v 0.80500003 -0.45501669 4.62335590
v 0.80115087 -0.47425586 4.62335590
v 1.51159130 1.23403864 4.64181546
v 1.56208435 1.27526503 4.64181546
v 1.58596132 1.30840866 4.64181546
v 1.60727855 1.36137521 4.64181546
v 1.61318257 1.41000003 4.64181546
v 1.60727855 1.45862475 4.64181546
v 1.58596132 1.51159130 4.64181546
v 1.56208435 1.54473502 4.64181546
v 1.51159130 1.58596132 4.64181546
v 1.48204956 1.59997903 4.64181546
v 1.41000003 1.61318257 4.64181546
v 1.38550904 1.61170121 4.64181546
v 1.30840866 1.58596132 4.64181546
v 1.29457908 1.57721601 4.64181546
v 1.23403864 1.51159130 4.64181546
v 1.23009067 1.50442366 4.64181546
v 1.20681738 1.41000003 4.64181546
v 1.23009067 1.31557630 4.64181546
v 1.23403864 1.30840866 4.64181546
v 1.29457908 1.24278395 4.64181546
v 1.48204956 1.22002093 4.64181546
v 1.41000003 1.20681738 4.64181546
v 1.38550904 1.20829875 4.64181546
v 1.30840866 1.23403864 4.64181546
v 1.54999997 1.73036885 4.61335573
v 1.64018441 1.70620400 4.61335573
v 1.70620400 1.64018441 4.61335573
v 1.73036885 1.54999997 4.61335573
v -1.03036743 1.73036624 4.61335722
v -1.07925963 1.69018712 4.61335573
v -1.08036567 1.68036222 4.61335759
v -1.07326778 1.70559213 4.61335573
v -1.04723051 1.72721967 4.61335573
v -1.06211072 1.71871874 4.61335573
v -1.08036883 1.41000003 4.61335573
v -1.10457642 1.28601138 4.61335573
v -1.17581980 1.17801651 4.61335573
v -1.28313843 1.10575855 4.61335573
v -1.41000003 1.08036883 4.61335573
v -1.68036874 1.08036641 4.61335685
v -1.72925983 1.04018562 4.61335573
v -1.73036568 1.03036268 4.61335759
v -1.72326844 1.05559090 4.61335573
v -1.69723183 1.07721919 4.61335573
v -1.71211176 1.06871789 4.61335573
v -1.73036978 -1.35085508 4.61335648
v -1.68474540 -1.37707358 4.61335461
v -1.69594586 -1.38081303 4.61335573
v -1.71577204 -1.37657309 4.61335573
v -1.70619376 -1.38039058 4.61335573
v -1.72852855 -1.36095006 4.61335573
v -1.72345303 -1.36987073 4.61335573
v -1.34982411 -1.61369331 4.61335573
v -1.37710394 -1.68479681 4.61335424
v -1.35520641 -1.50480615 4.61335573
v -1.41125508 -1.41129717 4.61335573
v -1.50474915 -1.35522364 4.61335573
v -1.61363482 -1.34981237 4.61335573
v -1.38057619 -1.69442110 4.61335573
v -1.38067976 -1.70465279 4.61335573
v -1.37742730 -1.71428304 4.61335573
v -1.37108136 -1.72240399 4.61335573
v -1.36244707 -1.72794033 4.61335573
v -1.35252345 -1.73030645 4.61335573
v -1.35085844 -1.73037034 4.61335648
v 1.03036640 -1.73036624 4.61335722
v 1.07925935 -1.69018805 4.61335573
v 1.08036520 -1.68035775 4.61335759
v 1.07326722 -1.70559306 4.61335573
v 1.04722949 -1.72722004 4.61335573
v 1.06210988 -1.71871949 4.61335573
v 1.08036883 -1.41000003 4.61335573
v 1.10457642 -1.28601138 4.61335573
v 1.17581980 -1.17801651 4.61335573
v 1.28313843 -1.10575855 4.61335573
v 1.41000003 -1.08036883 4.61335573
v 1.68036632 -1.08036622 4.61335722
v 1.72925945 -1.04018813 4.61335573
v 1.73036512 -1.03035774 4.61335759
v 1.72326714 -1.05559295 4.61335573
v 1.69722941 -1.07722012 4.61335573
v 1.71210989 -1.06871957 4.61335573
v -1.13201672 -1.60125922 4.61335573
v -1.20577766 -1.51800038 4.61335573
v -1.02801239 -1.64070297 4.61335573
v -0.91759078 -1.62729528 4.61335573
v -0.82604811 -1.56410802 4.61335573
v -0.77435570 -1.46561628 4.61335573
v -0.77435570 -1.35438368 4.61335573
v -0.82604811 -1.25589203 4.61335573
v -0.91759078 -1.19270468 4.61335573
v -1.02801239 -1.17929708 4.61335573
v -1.13201672 -1.21874074 4.61335573
v -1.20577766 -1.30199958 4.61335573
v -1.23239737 -1.41000003 4.61335573
v -0.65510846 0.50526187 4.61335573
v -0.80526182 0.35510845 4.61335573
v 0.75527900 0.50526187 4.61335573
v 0.80526182 0.45527881 4.61335573
v 0.80159185 0.47408217 4.61335573
v 0.79079047 0.49045729 4.61335573
v 0.77451798 0.50141262 4.61335573
v 0.80526182 -0.45527853 4.61335573
v 0.75527891 -0.50526187 4.61335573
v 0.77408217 -0.50159190 4.61335573
v 0.79045743 -0.49079042 4.61335573
v 0.80141267 -0.47451775 4.61335573
v -0.75527853 -0.50526187 4.61335573
v -0.80526182 -0.45527890 4.61335573
v -0.80159185 -0.47408217 4.61335573
v -0.79079038 -0.49045738 4.61335573
v -0.77451775 -0.50141271 4.61335573
v 1.27798328 1.21874074 4.61335573
v 1.20422235 1.30199958 4.61335573
v 1.38198761 1.17929708 4.61335573
v 1.49240922 1.19270468 4.61335573
v 1.58395190 1.25589203 4.61335573
v 1.63564421 1.35438368 4.61335573
v 1.63564421 1.46561628 4.61335573
v 1.58395190 1.56410802 4.61335573
v 1.49240922 1.62729528 4.61335573
v 1.38198761 1.64070297 4.61335573
v 1.27798328 1.60125922 4.61335573
v 1.20422235 1.51800038 4.61335573
v 1.17760263 1.41000003 4.61335573
v -1.67979803 -1.51019134 5.77335581
v -1.68395229 -1.51860015 5.77335581
v -1.59616247 -1.48310252 5.77335581
v -1.56237045 -1.69480108 5.77335581
v -1.55312791 -1.69389937 5.77335581
v -1.50327673 -1.58694629 5.77335581
v -1.54397590 -1.69229228 5.77335581
v -1.49263470 -1.59214847 5.77335581
v -1.57173127 -1.69499330 5.77335581
v -1.51352212 -1.58114638 5.77335581
v -1.58123840 -1.69446319 5.77335581
v -1.48606431 -1.66263264 5.77335581
v -1.47934267 -1.65601205 5.77335581
v -1.48161901 -1.59673672 5.77335581
v -1.69413984 -1.55491801 5.77335581
v -1.69490129 -1.56415515 5.77335581
v -1.58649720 -1.50411343 5.77335581
v -1.69495605 -1.57346595 5.77335581
v -1.58065092 -1.51433023 5.77335581
v -1.69430207 -1.58287790 5.77335581
v -1.57418456 -1.52419619 5.77335581
v -1.69292912 -1.59241874 5.77335581
v -1.69117060 -1.60070378 5.77335581
v -1.68868378 -1.60946194 5.77335581
v -1.68552380 -1.61799062 5.77335581
v -1.56708173 -1.53372604 5.77335581
v -1.59173645 -1.49352839 5.77335581
v -1.53488740 -1.68997571 5.77335581
v -1.52583923 -1.68693829 5.77335581
v -1.51701290 -1.68323480 5.77335581
v -1.50861805 -1.67894140 5.77335581
v -1.59091949 -1.69319045 5.77335581
v -1.52339200 -1.57474261 5.77335581
v -1.60070378 -1.69117060 5.77335581
v -1.68753304 -1.52744735 5.77335581
v -1.69046372 -1.53655950 5.77335581
v -1.69266555 -1.54572790 5.77335581
v -1.50068011 -1.67408139 5.77335581
v -1.49317030 -1.66864935 5.77335581
v -1.47299087 -1.64876152 5.77335581
v -1.46784391 -1.64203588 5.77335581
v -1.47770280 -1.59857403 5.77335581
v -1.46537507 -1.63775720 5.77335581
v -1.53290490 -1.56772416 5.77335581
v -1.61284246 -1.68753173 5.77335581
v -1.60420500 -1.69026852 5.77335581
v -1.68169159 -1.62628870 5.77335581
v -1.67711657 -1.63447857 5.77335581
v -1.55932037 -1.54293245 5.77335581
v -1.46375485 -1.61574893 5.77335581
v -1.46274194 -1.62937660 5.77335581
v -1.46273803 -1.62010547 5.77335581
v -1.46237742 -1.62477400 5.77335581
v -1.46541968 -1.61155369 5.77335581
v -1.46774640 -1.60761811 5.77335581
v -1.47063592 -1.60405580 5.77335581
v -1.46364905 -1.63333938 5.77335581
v -1.47392415 -1.60105526 5.77335581
v -1.59673803 -1.48161687 5.77335581
v -1.64993554 -1.47395907 5.77335581
v -1.65720116 -1.48048270 5.77335581
v -1.66378953 -1.48735736 5.77335581
v -1.54207656 -1.56007623 5.77335581
v -1.62947625 -1.68001018 5.77335581
v -1.62127558 -1.68411005 5.77335581
v -1.65965445 -1.65702421 5.77335581
v -1.55092012 -1.55177927 5.77335581
v -1.66603290 -1.64995305 5.77335581
v -1.67184453 -1.64245348 5.77335581
v -1.65276136 -1.66361295 5.77335581
v -1.64542012 -1.66964736 5.77335581
v -1.63764004 -1.67512242 5.77335581
v -1.66973434 -1.49459066 5.77335581
v -1.67506337 -1.50219584 5.77335581
v -1.59891751 -1.47718498 5.77335581
v -1.63832922 -1.46561321 5.77335581
v -1.64203532 -1.46784345 5.77335581
v -1.61629729 -1.46358823 5.77335581
v -1.60441305 -1.47033306 5.77335581
v -1.61211286 -1.46516850 5.77335581
v -1.60803366 -1.46746812 5.77335581
v -1.62070915 -1.46263568 5.77335581
v -1.62527394 -1.46237751 5.77335581
v -1.62984114 -1.46279456 5.77335581
v -1.60162617 -1.47329234 5.77335581
v -1.63416434 -1.46385571 5.77335581
v -0.91002155 -1.41142160 5.77335581
v -1.08958110 -1.40161738 5.77335581
v -0.91041895 -1.41838258 5.77335581
v -1.08997840 -1.40857836 5.77335581
v -0.91000004 -1.41000003 5.77335581
v -0.91033205 -1.40262451 5.77335581
v -1.08866021 -1.39459874 5.77335581
v -1.09000001 -1.41000003 5.77335581
v -1.08966790 -1.41737554 5.77335581
v -0.91133974 -1.42540131 5.77335581
v -1.07970331 -1.36823831 5.77335581
v -1.08277835 -1.37469508 5.77335581
v -0.92029665 -1.45176165 5.77335581
v -0.91722170 -1.44530497 5.77335581
v -1.02724349 -1.32424124 5.77335581
v -1.03391400 -1.32665699 5.77335581
v -1.04036741 -1.32956672 5.77335581
v -0.97275646 -1.49575872 5.77335581
v -0.96608605 -1.49334306 5.77335581
v -0.95963264 -1.49043323 5.77335581
v -0.95903547 -1.32986885 5.77335581
v -0.96545136 -1.32690826 5.77335581
v -0.97210184 -1.32443877 5.77335581
v -1.05781257 -1.34100867 5.77335581
v -1.06299752 -1.34572377 5.77335581
v -1.06785623 -1.35088153 5.77335581
v -1.04096448 -1.49013111 5.77335581
v -1.03454869 -1.49309179 5.77335581
v -1.02789821 -1.49556119 5.77335581
v -0.94218748 -1.47899128 5.77335581
v -0.93700252 -1.47427628 5.77335581
v -0.93214372 -1.46911852 5.77335581
v -0.93644643 -1.34629337 5.77335581
v -0.94167739 -1.34145590 5.77335581
v -0.99260686 -1.32031441 5.77335581
v -0.99967290 -1.32001443 5.77335581
v -1.00672804 -1.32025769 5.77335581
v -1.07225413 -1.35635054 5.77335581
v -1.07619809 -1.36213023 5.77335581
v -1.08528314 -1.38120651 5.77335581
v -1.08722877 -1.38780633 5.77335581
v -1.06355362 -1.47370659 5.77335581
v -1.05832256 -1.47854406 5.77335581
v -1.00739310 -1.49968565 5.77335581
v -1.00032706 -1.49998562 5.77335581
v -0.99327192 -1.49974227 5.77335581
v -0.92774583 -1.46364952 5.77335581
v -0.92380187 -1.45786982 5.77335581
v -0.91471681 -1.43879354 5.77335581
v -0.91277119 -1.43219372 5.77335581
v -0.91450820 -1.38184531 5.77335581
v -0.91693727 -1.37534123 5.77335581
v -0.91259861 -1.38853565 5.77335581
v -0.91120359 -1.39545379 5.77335581
v -0.92337755 -1.36278560 5.77335581
v -0.92727393 -1.35698877 5.77335581
v -0.93162525 -1.35149704 5.77335581
v -0.94716595 -1.33713046 5.77335581
v -0.95294667 -1.33327311 5.77335581
v -0.97884126 -1.32252155 5.77335581
v -0.98566962 -1.32114952 5.77335581
v -1.01367151 -1.32104596 5.77335581
v -1.02050286 -1.32237347 5.77335581
v -1.04651684 -1.33293970 5.77335581
v -1.05232494 -1.33675151 5.77335581
v -1.08549185 -1.43815475 5.77335581
v -1.08306268 -1.44465882 5.77335581
v -1.08740134 -1.43146440 5.77335581
v -1.08879637 -1.42454626 5.77335581
v -1.07662249 -1.45721436 5.77335581
v -1.07272612 -1.46301128 5.77335581
v -1.06837470 -1.46850301 5.77335581
v -1.05283409 -1.48286959 5.77335581
v -1.04705328 -1.48672685 5.77335581
v -1.02115870 -1.49747841 5.77335581
v -1.01433042 -1.49885044 5.77335581
v -0.98632844 -1.49895409 5.77335581
v -0.97949719 -1.49762658 5.77335581
v -0.95348312 -1.48706026 5.77335581
v -0.94767511 -1.48324845 5.77335581
v -0.91992775 -1.36890765 5.77335581
v -1.08007230 -1.45109231 5.77335581
v -1.47227105 -1.64793618 5.77335581
v -1.43525768 -1.58009753 4.61370703
v -1.44204255 -1.57958902 5.39335590
v -1.43770603 -1.59749091 4.61370703
v -1.45055382 -1.61687918 5.39335590
v -1.43519491 -1.56077910 4.61370703
v -1.44490097 -1.54144699 5.39335590
v -1.43826762 -1.53993294 4.61370703
v -1.44268163 -1.52475107 4.61370703
v -1.45961093 -1.49207888 4.61370703
v -1.48272282 -1.47593757 5.39335590
v -1.47809498 -1.47094997 4.61370703
v -1.48472730 -1.46518582 4.61370703
v -1.51432566 -1.45439105 5.39335590
v -1.51137356 -1.44826099 4.61370703
v -1.51616801 -1.44606633 4.61370703
v -1.55087542 -1.44311702 5.39335590
v -1.58839878 -1.43613843 4.61370703
v -1.58912446 -1.44311702 5.39335590
v -1.55160110 -1.43613843 4.61370703
v -1.54986139 -1.43638905 4.61370703
v -1.59013867 -1.43638905 4.61370703
v -1.62383206 -1.44606633 4.61370703
v -1.62567440 -1.45439105 5.39335590
v -1.65502168 -1.47836851 5.77335581
v -1.53354499 -1.70010943 4.61370703
v -1.53315561 -1.68944653 5.77335581
v -1.53017268 -1.69911701 4.61370703
v -1.49979377 -1.68544929 4.61370703
v -1.49958497 -1.67327989 5.77335581
v -1.49388416 -1.68164149 4.61370703
v -1.47124939 -1.66222658 4.61370703
v -1.46435881 -1.65424608 4.61370703
v -1.45002883 -1.63216405 4.61370703
v -1.44422026 -1.61936488 4.61370703
v -1.62862632 -1.44826099 4.61370703
v -1.65527258 -1.46518582 4.61370703
v -1.66190509 -1.47094997 4.61370703
v -1.68038905 -1.49207888 4.61370703
v -1.69731844 -1.52475107 4.61370703
v -1.69186592 -1.54218487 5.77335581
v -1.70173235 -1.53993294 4.61370703
v -1.70480516 -1.56077910 4.61370703
v -1.69465039 -1.57934129 5.77335581
v -1.70474220 -1.58009753 4.61370703
v -1.70229394 -1.59749091 4.61370703
v -1.68635920 -1.61566772 5.77335581
v -1.69577971 -1.61936488 4.61370703
v -1.68997105 -1.63216405 4.61370703
v -1.66772902 -1.64793618 5.77335581
v -1.67564116 -1.65424608 4.61370703
v -1.66875068 -1.66222658 4.61370703
v -1.64041501 -1.67327989 5.77335581
v -1.64611582 -1.68164149 4.61370703
v -1.64020620 -1.68544929 4.61370703
v -1.60684437 -1.68944653 5.77335581
v -1.60982739 -1.69911701 4.61370703
v -1.60645489 -1.70010943 4.61370703
v -1.58132855 -1.51318200 5.77335581
v -1.51301138 -1.58143118 5.77335581
v -1.57848783 -1.51147116 5.39335571
v -1.51130334 -1.57858860 5.39335571
v -1.41760567 -1.60166789 4.59335576
v -1.48912678 -1.70299020 4.59335576
v -1.45624550 -1.67623926 4.59335576
v -1.52800614 -1.71987806 4.59335576
v -1.43180080 -1.64160915 4.59335576
v -1.41471298 -1.55937811 4.59335576
v -1.42333722 -1.51787605 4.59335576
v -1.44283874 -1.48023982 4.59335576
v -1.47177121 -1.44926058 4.59335576
v -1.50798894 -1.42723620 4.59335576
v -1.54880565 -1.41579984 4.59335576
v -1.59119423 -1.41579984 4.59335576
v -1.63201112 -1.42723620 4.59335576
v -1.66822877 -1.44926058 4.59335576
v -1.69716123 -1.48023982 4.59335576
v -1.71666276 -1.51787605 4.59335576
v -1.72239430 -1.60166789 4.59335576
v -1.72528699 -1.55937811 4.59335576
v -1.70819927 -1.64160915 4.59335576
v -1.68375447 -1.67623926 4.59335576
v -1.65087320 -1.70299020 4.59335576
v -1.61199383 -1.71987806 4.59335576
v -1.54833123 -1.36667741 4.59335576
v -1.57234259 -1.36553077 4.59335576
v -1.36309443 -1.74938142 4.59335576
v -1.73786487 -1.62188709 4.59335576
v -1.59620810 -1.36722000 4.59335576
v -1.61977187 -1.37168160 4.59335576
v -1.50167169 -1.37727195 4.59335576
v -1.52463159 -1.37061337 4.59335576
v -1.42178070 -1.42915668 4.59335576
v -1.75089948 -1.55090308 4.59335576
v -1.74928512 -1.57562792 4.59335576
v -1.74490772 -1.59934890 4.59335576
v -1.43933566 -1.41271837 4.59335576
v -1.45860333 -1.39853442 4.59335576
v -1.47948628 -1.38666788 4.59335576
v -1.37408860 -1.51140187 4.59335576
v -1.38228927 -1.48894237 4.59335576
v -1.39311664 -1.46743525 4.59335576
v -1.40632056 -1.44744143 4.59335576
v -1.36859519 -1.53467627 4.59335576
v -1.36584537 -1.55853946 4.59335576
v -1.36590116 -1.58247091 4.59335576
v -1.36879021 -1.60633586 4.59335576
v -1.75089948 -1.35086691 4.59335576
v -1.74966156 -1.36182206 4.59335576
v -1.74582880 -1.37286875 4.59335576
v -1.73915271 -1.38319144 4.59335576
v -1.73060466 -1.39138829 4.59335576
v -1.37442527 -1.62960365 4.59335576
v -1.38291139 -1.65236127 4.59335576
v -1.37403775 -1.74523015 4.59335576
v -1.38417091 -1.73833054 4.59335576
v -1.35086756 -1.75089948 4.59335576
v -1.55090308 -1.75089948 4.59335576
v -1.55572603 -1.75080542 4.59335576
v -1.68580953 -1.39921792 4.59335576
v -1.69733912 -1.40125249 4.59335576
v -1.70957614 -1.40051125 4.59335576
v -1.72085371 -1.39708156 4.59335576
v -1.39210429 -1.72961224 4.59335576
v -1.39756557 -1.71973556 4.59335576
v -1.40071539 -1.70831829 4.59335576
v -1.40116885 -1.69603266 4.59335576
v -1.39880832 -1.68457683 4.59335576
v -1.39426300 -1.67452190 4.59335576
v -1.60211604 -1.74420755 4.59335576
v -1.57892462 -1.74885336 4.59335576
v -1.64249614 -1.37884989 4.59335576
v -1.66457463 -1.38877230 4.59335576
v -1.67452171 -1.39426300 4.59335576
v -1.72810052 -1.64362919 4.59335576
v -1.71589311 -1.66398399 4.59335576
v -1.64612718 -1.72677133 4.59335576
v -1.62450448 -1.73685048 4.59335576
v -1.70141570 -1.68262869 4.59335576
v -1.68470759 -1.69957243 4.59335576
v -1.66619923 -1.71435550 4.59335576
v 1.68390069 -1.15799997 6.29335586
v 1.67421177 -1.15799997 5.92335574
v 1.68390069 -1.49541181 6.29335586
v 1.67421177 -1.21228276 5.92335574
v 1.67342629 -1.26644997 5.89335579
v 1.67342629 -1.49541181 5.89335579
v 1.67352017 -1.25927785 5.89694008
v 1.67382974 -1.23715028 5.90876657
v 1.15799997 -1.67421177 5.92335574
v 1.15799997 -1.68390069 6.29335586
v 1.21228276 -1.67421177 5.92335574
v 1.49541181 -1.68390069 6.29335586
v 1.21975522 -1.67409349 5.91883380
v 1.49541181 -1.67342629 5.89335579
v 1.26644997 -1.67342629 5.89335579
v 1.24349454 -1.67373791 5.90526033
v -1.68390069 1.15799997 6.29335586
v -1.67421177 1.15799997 5.92335574
v -1.68390069 1.49541181 6.29335586
v -1.67421177 1.21228276 5.92335574
v -1.67342629 1.26644997 5.89335579
v -1.67342629 1.49541181 5.89335579
v -1.67352017 1.25927757 5.89694008
v -1.67382974 1.23715019 5.90876657
v -1.15799997 1.67421177 5.92335574
v -1.15799997 1.68390069 6.29335586
v -1.21228276 1.67421177 5.92335574
v -1.49541181 1.68390069 6.29335586
v -1.21975495 1.67409349 5.91883398
v -1.49541181 1.67342629 5.89335579
v -1.26644997 1.67342629 5.89335579
v -1.24349436 1.67373791 5.90526033
v -1.42924460 -0.08757404 4.88335583
v -1.42761795 -0.08717249 5.24335578
v -1.44999996 -0.09000000 5.24335578
v -1.42761795 -0.08717249 4.88335583
v -1.40960803 -0.08042694 4.88335583
v -1.40664214 -0.07886760 5.24335578
v -1.40664214 -0.07886760 4.88335583
v -1.39214909 -0.06894400 4.88335583
v -1.38839073 -0.06560718 5.24335578
v -1.38839073 -0.06560718 4.88335583
v -1.37780895 -0.05374427 4.88335583
v -1.37401046 -0.04822441 5.24335578
v -1.37401046 -0.04822441 4.88335583
v -1.36736054 -0.03564718 4.88335583
v -1.36440489 -0.02781153 5.24335578
v -1.36440489 -0.02781153 4.88335583
v -1.36136729 -0.01562834 4.88335583
v -1.36017762 -0.00565115 5.24335578
v -1.36017762 -0.00565115 4.88335583
v -1.36015229 0.00523303 4.88335583
v -1.36159416 0.01686432 5.24335578
v -1.36159416 0.01686432 4.88335583
v -1.36378091 0.02581229 4.88335583
v -1.36856558 0.03832014 5.24335578
v -1.36856558 0.03832014 4.88335583
v -1.37205776 0.04500000 4.88335583
v -1.38065377 0.05736816 5.24335578
v -1.38065377 0.05736816 4.88335583
v -1.38453636 0.06176175 4.88335583
v -1.39709935 0.07281153 5.24335578
v -1.39709935 0.07281153 4.88335583
v -1.40054421 0.07519390 4.88335583
v -1.41686881 0.08367989 5.24335578
v -1.43871997 0.08929032 4.88335583
v -1.43871997 0.08929032 5.24335578
v -1.41921816 0.08457234 4.88335583
v -1.41686881 0.08367989 4.88335583
v -1.43955164 0.08939145 4.88335583
v -1.46044837 0.08939145 4.88335583
v -1.46127995 0.08929032 5.24335578
v -1.46127995 0.08929032 4.88335583
v -1.48078185 0.08457234 4.88335583
v -1.48313120 0.08367989 5.24335578
v -1.48313120 0.08367989 4.88335583
v -1.49945579 0.07519390 4.88335583
v -1.50290066 0.07281153 5.24335578
v -1.50290066 0.07281153 4.88335583
v -1.51546365 0.06176175 4.88335583
v -1.51934624 0.05736816 5.24335578
v -1.51934624 0.05736816 4.88335583
v -1.52794225 0.04500000 4.88335583
v -1.53143443 0.03832014 5.24335578
v -1.53143443 0.03832014 4.88335583
v -1.53621910 0.02581229 4.88335583
v -1.53840585 0.01686432 5.24335578
v -1.53840585 0.01686432 4.88335583
v -1.53984772 0.00523303 4.88335583
v -1.53982239 -0.00565115 5.24335578
v -1.53982239 -0.00565115 4.88335583
v -1.53863272 -0.01562834 4.88335583
v -1.53559512 -0.02781153 5.24335578
v -1.53559512 -0.02781153 4.88335583
v -1.53263947 -0.03564718 4.88335583
v -1.52598955 -0.04822441 5.24335578
v -1.52598955 -0.04822441 4.88335583
v -1.52219106 -0.05374427 4.88335583
v -1.51160927 -0.06560718 5.24335578
v -1.51160927 -0.06560718 4.88335583
v -1.50785092 -0.06894400 4.88335583
v -1.49335787 -0.07886760 5.24335578
v -1.49335787 -0.07886760 4.88335583
v -1.49039188 -0.08042694 4.88335583
v -1.47238206 -0.08717249 5.24335578
v -1.47238206 -0.08717249 4.88335583
v -1.47075541 -0.08757404 4.88335583
v -1.44999996 -0.09000000 4.88335583
v -1.44999996 0.00000000 5.24335578
v -1.34167112 -0.01910130 4.86335568
v -1.40063213 -0.09829960 4.86335568
v -1.42463222 -0.10703494 4.86335568
v -1.37929339 -0.08426489 4.86335568
v -1.36176646 -0.06568744 4.86335568
v -1.34899626 -0.04356877 4.86335568
v -1.34018613 0.00639593 4.86335568
v -1.34462118 0.03154835 4.86335568
v -1.35473721 0.05500000 4.86335568
v -1.36998892 0.07548658 4.86335568
v -1.38955405 0.09190366 4.86335568
v -1.41237779 0.10336619 4.86335568
v -1.43722976 0.10925622 4.86335568
v -1.46277025 0.10925622 4.86335568
v -1.48762222 0.10336619 4.86335568
v -1.51044596 0.09190366 4.86335568
v -1.53001109 0.07548658 4.86335568
v -1.54526280 0.05500000 4.86335568
v -1.55537883 0.03154835 4.86335568
v -1.55832889 -0.01910130 4.86335568
v -1.55981388 0.00639593 4.86335568
v -1.55100375 -0.04356877 4.86335568
v -1.53823355 -0.06568744 4.86335568
v -1.52070662 -0.08426489 4.86335568
v -1.49936788 -0.09829960 4.86335568
v -1.44999996 -0.11000000 4.86335568
v -1.47536779 -0.10703494 4.86335568
v -1.62535291 0.01690753 4.86335568
v -1.62321199 0.03210687 4.86335568
v -1.60226878 0.08854126 4.86335568
v -1.60960611 0.07441363 4.86335568
v -1.61588192 0.05932462 4.86335568
v -1.61973499 0.04712394 4.86335568
v -1.55069176 0.14455690 4.86335568
v -1.56307574 0.13511820 4.86335568
v -1.46475704 0.17548295 4.86335568
v -1.44999856 0.17617155 4.86335568
v -1.43378284 0.17534315 4.86335568
v -1.41807217 0.17318946 4.86335568
v -1.32437637 0.12351477 4.86335568
v -1.33567369 0.13405349 4.86335568
v -1.27384039 -0.00165388 4.86335568
v -1.27436621 0.01384042 4.86335568
v -1.27621163 0.02903849 4.86335568
v -1.27464896 -0.01714508 4.86335568
v -1.27679342 -0.03234174 4.86335568
v -1.62372906 -0.02916123 4.86335568
v -1.62561089 -0.01390054 4.86335568
v -1.62615292 0.00151181 4.86335568
v -1.48029560 0.17351162 4.86335568
v -1.49527946 0.17028436 4.86335568
v -1.28973816 0.07314121 4.86335568
v -1.28390593 0.05873485 4.86335568
v -1.27938436 0.04399128 4.86335568
v -1.57438461 0.12483912 4.86335568
v -1.58466641 0.11368531 4.86335568
v -1.59395542 0.10160707 4.86335568
v -1.50977084 0.16579914 4.86335568
v -1.52382562 0.16003391 4.86335568
v -1.53749092 0.15294701 4.86335568
v -1.29672289 0.08687258 4.86335568
v -1.30482148 0.09984295 4.86335568
v -1.31407185 0.11209750 4.86335568
v -1.56455319 -0.13388426 4.86335568
v -1.57582816 -0.12340321 4.86335568
v -1.58598945 -0.11211063 4.86335568
v -1.40297795 0.16975284 4.86335568
v -1.38843264 0.16505419 4.86335568
v -1.34773217 0.14347811 4.86335568
v -1.36059718 0.15181669 4.86335568
v -1.37424953 0.15904617 4.86335568
v -1.33845303 -0.13638498 4.86335568
v -1.32686635 -0.12599966 4.86335568
v -1.31625310 -0.11467935 4.86335568
v -1.35072032 -0.14556170 4.86335568
v -1.36373397 -0.15361097 4.86335568
v -1.60317644 -0.08695454 4.86335568
v -1.59509238 -0.09997608 4.86335568
v -1.62048656 -0.04432232 4.86335568
v -1.61588192 -0.05932454 4.86335568
v -1.61026455 -0.07298800 4.86335568
v -1.28025692 -0.04721973 4.86335568
v -1.28504420 -0.06183841 4.86335568
v -1.30678266 -0.10263298 4.86335568
v -1.29841892 -0.08981330 4.86335568
v -1.29114585 -0.07616623 4.86335568
v -1.55220805 -0.14348874 4.86335568
v -1.53915100 -0.15197088 4.86335568
v -1.39186159 -0.16629621 4.86335568
v -1.37754222 -0.16056766 4.86335568
v -1.44999800 -0.17617162 4.86335568
v -1.43708698 -0.17562413 4.86335568
v -1.42152933 -0.17378770 4.86335568
v -1.40648959 -0.17068483 4.86335568
v -1.52566433 -0.15915782 4.86335568
v -1.51169952 -0.16508336 4.86335568
v -1.49719827 -0.16976277 4.86335568
v -1.48209520 -0.17319114 4.86335568
v -1.46632064 -0.17534308 4.86335568
v 1.47075541 -0.08757404 4.88335583
v 1.47238206 -0.08717249 5.24335578
v 1.44999996 -0.09000000 5.24335578
v 1.47238206 -0.08717249 4.88335583
v 1.49039188 -0.08042694 4.88335583
v 1.49335787 -0.07886760 5.24335578
v 1.49335787 -0.07886760 4.88335583
v 1.50785092 -0.06894400 4.88335583
v 1.51160927 -0.06560718 5.24335578
v 1.51160927 -0.06560718 4.88335583
v 1.52219106 -0.05374427 4.88335583
v 1.52598955 -0.04822441 5.24335578
v 1.52598955 -0.04822441 4.88335583
v 1.53263947 -0.03564718 4.88335583
v 1.53559512 -0.02781153 5.24335578
v 1.53559512 -0.02781153 4.88335583
v 1.53863272 -0.01562834 4.88335583
v 1.53982239 -0.00565115 5.24335578
v 1.53982239 -0.00565115 4.88335583
v 1.53984772 0.00523303 4.88335583
v 1.53840585 0.01686432 5.24335578
v 1.53840585 0.01686432 4.88335583
v 1.53621910 0.02581229 4.88335583
v 1.53143443 0.03832014 5.24335578
v 1.53143443 0.03832014 4.88335583
v 1.52794225 0.04500000 4.88335583
v 1.51934624 0.05736816 5.24335578
v 1.51934624 0.05736816 4.88335583
v 1.51546365 0.06176175 4.88335583
v 1.50290066 0.07281153 5.24335578
v 1.50290066 0.07281153 4.88335583
v 1.49945579 0.07519390 4.88335583
v 1.48313120 0.08367989 5.24335578
v 1.46127995 0.08929032 4.88335583
v 1.46127995 0.08929032 5.24335578
v 1.48078185 0.08457234 4.88335583
v 1.48313120 0.08367989 4.88335583
v 1.46044837 0.08939145 4.88335583
v 1.43955164 0.08939145 4.88335583
v 1.43871997 0.08929032 5.24335578
v 1.43871997 0.08929032 4.88335583
v 1.41921816 0.08457234 4.88335583
v 1.41686881 0.08367989 5.24335578
v 1.41686881 0.08367989 4.88335583
v 1.40054421 0.07519390 4.88335583
v 1.39709935 0.07281153 5.24335578
v 1.39709935 0.07281153 4.88335583
v 1.38453636 0.06176175 4.88335583
v 1.38065377 0.05736816 5.24335578
v 1.38065377 0.05736816 4.88335583
v 1.37205776 0.04500000 4.88335583
v 1.36856558 0.03832014 5.24335578
v 1.36856558 0.03832014 4.88335583
v 1.36378091 0.02581229 4.88335583
v 1.36159416 0.01686432 5.24335578
v 1.36159416 0.01686432 4.88335583
v 1.36015229 0.00523303 4.88335583
v 1.36017762 -0.00565115 5.24335578
v 1.36017762 -0.00565115 4.88335583
v 1.36136729 -0.01562834 4.88335583
v 1.36440489 -0.02781153 5.24335578
v 1.36440489 -0.02781153 4.88335583
v 1.36736054 -0.03564718 4.88335583
v 1.37401046 -0.04822441 5.24335578
v 1.37401046 -0.04822441 4.88335583
v 1.37780895 -0.05374427 4.88335583
v 1.38839073 -0.06560718 5.24335578
v 1.38839073 -0.06560718 4.88335583
v 1.39214909 -0.06894400 4.88335583
v 1.40664214 -0.07886760 5.24335578
v 1.40664214 -0.07886760 4.88335583
v 1.40960803 -0.08042694 4.88335583
v 1.42761795 -0.08717249 5.24335578
v 1.42761795 -0.08717249 4.88335583
v 1.42924460 -0.08757404 4.88335583
v 1.44999996 -0.09000000 4.88335583
v 1.44999996 -0.00000000 5.24335578
v 1.55832889 -0.01910130 4.86335568
v 1.49936788 -0.09829960 4.86335568
v 1.47536779 -0.10703494 4.86335568
v 1.52070662 -0.08426489 4.86335568
v 1.53823355 -0.06568744 4.86335568
v 1.55100375 -0.04356877 4.86335568
v 1.55981388 0.00639593 4.86335568
v 1.55537883 0.03154835 4.86335568
v 1.54526280 0.05500000 4.86335568
v 1.53001109 0.07548658 4.86335568
v 1.51044596 0.09190366 4.86335568
v 1.48762222 0.10336619 4.86335568
v 1.46277025 0.10925622 4.86335568
v 1.43722976 0.10925622 4.86335568
v 1.41237779 0.10336619 4.86335568
v 1.38955405 0.09190366 4.86335568
v 1.36998892 0.07548658 4.86335568
v 1.35473721 0.05500000 4.86335568
v 1.34462118 0.03154835 4.86335568
v 1.34167112 -0.01910130 4.86335568
v 1.34018613 0.00639593 4.86335568
v 1.34899626 -0.04356877 4.86335568
v 1.36176646 -0.06568744 4.86335568
v 1.37929339 -0.08426489 4.86335568
v 1.40063213 -0.09829960 4.86335568
v 1.44999996 -0.11000000 4.86335568
v 1.42463222 -0.10703494 4.86335568
v 1.27464896 0.01714508 4.86335568
v 1.27679342 0.03234175 4.86335568
v 1.28025692 0.04721973 4.86335568
v 1.43708708 0.17562413 4.86335568
v 1.44999800 0.17617163 4.86335568
v 1.46632064 0.17534309 4.86335568
v 1.62615292 -0.00151182 4.86335568
v 1.62561089 0.01390053 4.86335568
v 1.62372906 0.02916123 4.86335568
v 1.62535291 -0.01690752 4.86335568
v 1.62321199 -0.03210685 4.86335568
v 1.27384039 0.00165388 4.86335568
v 1.27436621 -0.01384042 4.86335568
v 1.29114585 0.07616624 4.86335568
v 1.28504420 0.06183842 4.86335568
v 1.32686635 0.12599966 4.86335568
v 1.31625310 0.11467936 4.86335568
v 1.30678266 0.10263298 4.86335568
v 1.29841892 0.08981330 4.86335568
v 1.33845303 0.13638500 4.86335568
v 1.35072032 0.14556171 4.86335568
v 1.36373397 0.15361098 4.86335568
v 1.37754222 0.16056766 4.86335568
v 1.42152933 0.17378770 4.86335568
v 1.40648959 0.17068483 4.86335568
v 1.39186159 0.16629621 4.86335568
v 1.55220805 0.14348878 4.86335568
v 1.56455319 0.13388429 4.86335568
v 1.60317644 0.08695459 4.86335568
v 1.59509238 0.09997612 4.86335568
v 1.58598945 0.11211066 4.86335568
v 1.57582816 0.12340323 4.86335568
v 1.62048656 0.04432235 4.86335568
v 1.61588192 0.05932462 4.86335568
v 1.61026455 0.07298806 4.86335568
v 1.53915100 0.15197090 4.86335568
v 1.52566433 0.15915786 4.86335568
v 1.51169952 0.16508339 4.86335568
v 1.49719827 0.16976279 4.86335568
v 1.48209520 0.17319117 4.86335568
v 1.56307574 -0.13511820 4.86335568
v 1.57438442 -0.12483912 4.86335568
v 1.58466641 -0.11368531 4.86335568
v 1.32437637 -0.12351476 4.86335568
v 1.31407185 -0.11209749 4.86335568
v 1.30482148 -0.09984295 4.86335568
v 1.29672289 -0.08687257 4.86335568
v 1.28973816 -0.07314120 4.86335568
v 1.59395523 -0.10160705 4.86335568
v 1.60226878 -0.08854123 4.86335568
v 1.53749082 -0.15294700 4.86335568
v 1.55069167 -0.14455689 4.86335568
v 1.27621163 -0.02903848 4.86335568
v 1.27938436 -0.04399128 4.86335568
v 1.28390593 -0.05873485 4.86335568
v 1.60960611 -0.07441358 4.86335568
v 1.61588192 -0.05932454 4.86335568
v 1.61973499 -0.04712390 4.86335568
v 1.36059718 -0.15181667 4.86335568
v 1.34773217 -0.14347811 4.86335568
v 1.33567369 -0.13405348 4.86335568
v 1.50977084 -0.16579912 4.86335568
v 1.52382553 -0.16003388 4.86335568
v 1.44999856 -0.17617154 4.86335568
v 1.46475704 -0.17548294 4.86335568
v 1.48029560 -0.17351160 4.86335568
v 1.49527946 -0.17028434 4.86335568
v 1.37424953 -0.15904617 4.86335568
v 1.38843264 -0.16505419 4.86335568
v 1.40297795 -0.16975284 4.86335568
v 1.41807217 -0.17318946 4.86335568
v 1.43378275 -0.17534314 4.86335568
v -0.02616366 -1.25949467 5.25336582
v -0.09460115 -1.25949467 5.25336582
v -0.09460115 -1.45824887 5.25336582
v -0.45001730 -1.65039115 5.25336582
v -0.46501732 -1.65039115 5.25336582
v -0.45001730 -1.67539120 5.25336582
v -0.46501728 -1.71919540 5.25336582
v -0.42001740 -1.67539120 5.25336582
v -0.21047497 -1.71919540 5.25336582
v -0.42001749 -1.56300310 5.25336582
v -0.42001749 -1.45824887 5.25336582
v -0.21047497 -1.45824887 5.25336582
v -0.42001749 -1.44539112 5.25336582
v -0.21047497 -1.25949467 5.25336582
v -0.45001749 -1.44539112 5.25336582
v -0.46501765 -1.25949504 5.25336582
v -0.46501765 -1.45824887 5.25336582
v -0.45001749 -1.45824887 5.25336582
v -0.46501756 -1.47039117 5.25336582
v -0.45001749 -1.47039117 5.25336582
v 0.44998252 -1.47039043 5.25336582
v 0.46498254 -1.47039043 5.25336582
v 0.44998252 -1.45824887 5.25336582
v 0.46498273 -1.45824887 5.25336582
v 0.44998252 -1.44539047 5.25336582
v 0.46498245 -1.25949467 5.25336582
v 0.41998262 -1.44539047 5.25336582
v 0.41998271 -1.67539045 5.25336582
v 0.41998271 -1.56300310 5.25336582
v 0.39498266 -1.56300310 5.25336582
v 0.41998271 -1.50960023 5.25336582
v 0.39498266 -1.50960023 5.25336582
v 0.41998271 -1.45824887 5.25336582
v 0.39498266 -1.45824887 5.25336582
v 0.39498266 -1.25949467 5.25336582
v 0.46498268 -1.65039040 5.25336582
v 0.44998266 -1.65039040 5.25336582
v 0.46498273 -1.71919502 5.25336582
v 0.44998270 -1.67539045 5.25336582
v 0.39498266 -1.71919540 5.25336582
v 0.21421255 -1.50960023 5.25336582
v 0.21421255 -1.45824887 5.25336582
v 0.15344252 -1.46672903 5.25336582
v 0.15344252 -1.47055881 5.25336582
v 0.14719254 -1.47949494 5.25336582
v 0.09602386 -1.50960023 5.25336582
v 0.14344254 -1.47055881 5.25336582
v 0.14719252 -1.46672903 5.25336582
v 0.14719252 -1.45824887 5.25336582
v 0.14719252 -1.44949500 5.25336582
v 0.21421255 -1.25949467 5.25336582
v 0.14344252 -1.44949500 5.25336582
v 0.09602386 -1.25949467 5.25336582
v 0.12844254 -1.46672903 5.25336582
v 0.01469251 -1.44949509 5.25336582
v 0.00969254 -1.47949504 5.25336582
v 0.02508635 -1.50960023 5.25336582
v -0.01030747 -1.47949504 5.25336582
v -0.02616366 -1.50960023 5.25336582
v -0.00241365 -1.47949504 5.25336582
v -0.00241365 -1.50960023 5.25336582
v -0.12593248 -1.45715475 5.25336582
v -0.12218247 -1.47183556 5.25336582
v -0.12218248 -1.45715475 5.25336582
v -0.12280749 -1.45396329 5.25336582
v -0.12530748 -1.45141007 5.25336582
v -0.12780749 -1.45013351 5.25336582
v -0.14218249 -1.45141007 5.25336582
v -0.13968248 -1.45013351 5.25336582
v -0.13655749 -1.44949518 5.25336582
v -0.13093246 -1.44949518 5.25336582
v -0.21047497 -1.50960023 5.25336582
v -0.14468248 -1.47502711 5.25336582
v -0.14593248 -1.45651642 5.25336582
v -0.14468249 -1.45396329 5.25336582
v -0.12280747 -1.47502711 5.25336582
v -0.12530747 -1.47758024 5.25336582
v -0.09460115 -1.50960023 5.25336582
v -0.12780747 -1.47885690 5.25336582
v -0.13655747 -1.47949522 5.25336582
v -0.13968246 -1.47885690 5.25336582
v -0.14218247 -1.47758033 5.25336582
v 0.01048019 -1.56076895 5.25336582
v -0.00241365 -1.56300310 5.25336582
v 0.02508635 -1.56300310 5.25336582
v 0.01048019 -1.55693917 5.25336582
v 0.02548017 -1.53970513 5.25336582
v 0.02923017 -1.53970513 5.25336582
v 0.04048020 -1.53970513 5.25336582
v 0.05548024 -1.53970513 5.25336582
v 0.05860518 -1.54034346 5.25336582
v 0.06110518 -1.54225836 5.25336582
v 0.06110519 -1.55374771 5.25336582
v 0.05860519 -1.55566260 5.25336582
v 0.09602386 -1.56300310 5.25336582
v 0.05548020 -1.55630084 5.25336582
v 0.02923017 -1.55693917 5.25336582
v 0.03548019 -1.55693917 5.25336582
v 0.04048019 -1.55630093 5.25336582
v 0.03548019 -1.56076895 5.25336582
v 0.02923020 -1.56970508 5.25336582
v 0.06298018 -1.54481148 5.25336582
v 0.06360518 -1.54672638 5.25336582
v 0.06360518 -1.54927960 5.25336582
v 0.06298019 -1.55119449 5.25336582
v -0.09460115 -1.71919540 5.25336582
v -0.02616366 -1.71919540 5.25336582
v -0.04201980 -1.56970527 5.25336582
v -0.09460115 -1.56300310 5.25336582
v -0.06201980 -1.56970527 5.25336582
v 0.27498256 -1.46700237 5.25336582
v 0.32498252 -1.46700237 5.25336582
v -0.21047497 -1.56300310 5.25336582
v -0.32501740 -1.55198779 5.25336582
v -0.42001749 -1.50960023 5.25336582
v -0.32501740 -1.50960023 5.25336582
v -0.32501745 -1.46700284 5.25336582
v -0.27501746 -1.46700284 5.25336582
v -0.27501746 -1.50960023 5.25336582
v -0.27501744 -1.55198779 5.25336582
v -0.06701982 -1.53970523 5.25336582
v -0.02616366 -1.45824887 5.25336582
v -0.01530749 -1.44949509 5.25336582
v -0.03701982 -1.53970523 5.25336582
v -0.02616366 -1.56300310 5.25336582
v -0.00241365 -1.71919540 5.25336582
v 0.02508635 -1.71919540 5.25336582
v 0.02508635 -1.25949467 5.25336582
v 0.02508635 -1.45824887 5.25336582
v 0.09602386 -1.45824887 5.25336582
v 0.12844254 -1.47055881 5.25336582
v -0.00241365 -1.44949509 5.25336582
v -0.00241365 -1.25949467 5.25336582
v 0.21421255 -1.56300310 5.25336582
v 0.27498261 -1.50960023 5.25336582
v 0.27498261 -1.55198732 5.25336582
v 0.32498257 -1.55198732 5.25336582
v 0.32498252 -1.50960023 5.25336582
v 0.21421255 -1.71919540 5.25336582
v 0.09602386 -1.71919540 5.25336582
v 0.02548019 -1.56076895 5.25336582
v -0.32501747 -1.46700284 5.18336575
v -0.27501746 -1.46700284 5.18336575
v -0.32501740 -1.55198779 5.18336575
v -0.27501739 -1.55198779 5.18336575
v 0.32498259 -1.55198732 5.18336575
v 0.27498261 -1.55198732 5.18336575
v 0.32498252 -1.46700237 5.18336575
v 0.27498254 -1.46700237 5.18336575
v 0.41498272 -1.71919484 5.07336575
v 0.39498266 -1.71919484 5.07336575
v 0.39498275 -1.71919484 4.93336580
v -0.41501736 -1.71919540 5.15336580
v -0.41501736 -1.71919540 5.07336575
v -0.46501728 -1.71919540 4.86336574
v -0.39501726 -1.71919540 5.07336575
v -0.39501726 -1.71919540 4.93336580
v 0.46498273 -1.71919465 4.86336574
v 0.41498272 -1.71919484 5.15336580
v 0.39498275 -1.71919484 5.18336575
v 0.39498275 -1.71919484 5.15336580
v -0.39501726 -1.71919540 5.18336575
v -0.39501726 -1.71919540 5.15336580
v -0.44501731 -1.67039111 5.24836573
v -0.44501731 -1.65039115 5.24836573
v -0.42501735 -1.67039111 5.24836573
v -0.42501749 -1.45039111 5.24836573
v -0.44501750 -1.45039111 5.24836573
v -0.44501745 -1.47039117 5.24836573
v -0.46501746 -1.45824887 5.25336582
v -0.46501765 -1.25949541 5.06862830
v -0.46501746 -1.47039117 4.86336574
v -0.46501774 -1.11918440 4.86336574
v -0.46501774 -1.11918440 5.00347428
v -0.41501764 -1.25949541 5.16536571
v -0.41501764 -1.25949541 5.06862830
v 0.41498234 -1.25949476 5.16536571
v 0.46498235 -1.25949467 5.06862830
v 0.41498230 -1.25949476 5.06862830
v 0.46498226 -1.11918366 4.86336574
v 0.46498226 -1.11918366 5.00347428
v 0.46498254 -1.47039043 4.86336574
v 0.44498253 -1.47039043 5.24836573
v 0.44498253 -1.45039046 5.24836573
v 0.42498251 -1.45039046 5.24836573
v 0.42498270 -1.67039037 5.24836573
v 0.44498271 -1.67039037 5.24836573
v 0.44498267 -1.65039040 5.24836573
v -0.39501749 -1.45671694 5.18336575
v 0.39498252 -1.45671628 5.18336575
v 0.39498252 -1.43813724 4.93336580
v -0.39501749 -1.43813789 4.93336580
v 0.44498253 -1.47039043 4.86336574
v 0.44498253 -1.45039046 4.86336574
v 0.44498267 -1.65039040 4.86336574
v 0.46498268 -1.65039040 4.86336574
v 0.44498271 -1.67039037 4.86336574
v 0.42498270 -1.67039037 4.86336574
v -0.44501745 -1.47039117 4.86336574
v -0.44501750 -1.45039111 4.86336574
v -0.41501774 -1.11918440 4.86336574
v -0.41501755 -1.38442498 4.86336574
v -0.42501749 -1.45039111 4.86336574
v -0.46501732 -1.65039115 4.86336574
v -0.44501731 -1.65039115 4.86336574
v -0.44501731 -1.67039111 4.86336574
v -0.42501735 -1.67039111 4.86336574
v 0.42498261 -1.45039046 4.86336574
v 0.41498234 -1.38442433 4.86336574
v 0.41498225 -1.11918366 4.86336574
v -0.41501769 -1.11918440 5.00347428
v 0.41498244 -1.32949473 5.16536571
v -0.41501760 -1.32949539 5.16536571
v 0.41498225 -1.11918366 5.00347428
v -0.39501744 -1.50949536 5.07336575
v -0.39501744 -1.50949536 5.15336580
v -0.39501749 -1.45671694 5.07758148
v -0.39501749 -1.43813770 5.06308172
v 0.39498257 -1.50949480 5.07336575
v 0.39498252 -1.43813724 5.06308190
v 0.39498252 -1.45671628 5.07758148
v 0.39498257 -1.50949471 5.15336580
v -0.41501755 -1.32949539 5.06836567
v 0.41498244 -1.32949473 5.06836567
v 0.09268558 -1.32949501 5.14039769
v 0.08580711 -1.32949501 5.14532327
v 0.20065031 -1.32949492 5.12834936
v 0.24268557 -1.32949492 5.14039769
v 0.23580713 -1.32949492 5.14532327
v -0.20731443 -1.32949520 5.14039769
v -0.21419288 -1.32949520 5.14532327
v -0.09934969 -1.32949511 5.12834936
v -0.05731442 -1.32949511 5.14039769
v -0.06419288 -1.32949511 5.14532327
v 0.05065032 -1.32949501 5.12834936
v 0.09332115 -1.32949501 5.13973031
v -0.24987927 -1.32949529 5.11984452
v -0.24934968 -1.32949529 5.12834936
v 0.23991249 -1.32949492 5.10185919
v 0.24560383 -1.32949492 5.10803368
v 0.21413299 -1.32949492 5.14531117
v 0.20946201 -1.32949492 5.14236223
v -0.20667885 -1.32949520 5.13973031
v 0.24332115 -1.32949492 5.13973031
v 0.06413299 -1.32949501 5.14531117
v 0.05946200 -1.32949501 5.14236223
v -0.08586702 -1.32949511 5.14531117
v -0.09053800 -1.32949511 5.14236223
v -0.22501757 -1.32949529 5.14780748
v -0.22224642 -1.32949529 5.14765233
v -0.23324150 -1.32949529 5.14640547
v -0.23586701 -1.32949529 5.14531117
v -0.24053799 -1.32949529 5.14236223
v -0.23540587 -1.32949529 5.09901475
v -0.22829806 -1.32949529 5.09682502
v 0.08289659 -1.32949501 5.09797390
v 0.08991249 -1.32949501 5.10185919
v 0.09560383 -1.32949501 5.10803368
v 0.22775359 -1.32949492 5.14765233
v 0.22498241 -1.32949492 5.14780748
v 0.21675851 -1.32949492 5.14640547
v 0.20543362 -1.32949492 5.13830911
v 0.20389068 -1.32949492 5.13612479
v -0.05667885 -1.32949511 5.13973031
v -0.24456636 -1.32949529 5.13830911
v -0.24610932 -1.32949529 5.13612479
v 0.09935749 -1.32949501 5.12816142
v 0.09800093 -1.32949501 5.13241589
v 0.09758478 -1.32949501 5.13335578
v 0.07775358 -1.32949501 5.14765233
v 0.07498242 -1.32949501 5.14780748
v 0.06675851 -1.32949501 5.14640547
v 0.05543364 -1.32949501 5.13830911
v 0.05389068 -1.32949501 5.13612479
v -0.07224642 -1.32949511 5.14765233
v -0.07501758 -1.32949511 5.14780748
v -0.08324149 -1.32949511 5.14640547
v -0.09456637 -1.32949511 5.13830911
v -0.09610932 -1.32949511 5.13612479
v -0.22710671 -1.32949529 5.09668626
v -0.22501757 -1.32949529 5.09659182
v -0.21710342 -1.32949520 5.09797390
v -0.21008751 -1.32949520 5.10185919
v -0.20439618 -1.32949520 5.10803368
v -0.20108237 -1.32949520 5.11515178
v -0.09987927 -1.32949511 5.11984452
v 0.09891762 -1.32949501 5.11515178
v 0.20012073 -1.32949492 5.11984452
v 0.22289329 -1.32949492 5.09668626
v 0.22498241 -1.32949492 5.09659182
v 0.23289658 -1.32949492 5.09797390
v 0.24987003 -1.32949483 5.12492675
v 0.24935747 -1.32949483 5.12816142
v 0.09917434 -1.32949501 5.11608720
v 0.09994893 -1.32949501 5.12383505
v 0.09987004 -1.32949501 5.12492675
v -0.20064253 -1.32949520 5.12816142
v -0.20199907 -1.32949520 5.13241589
v -0.20241523 -1.32949520 5.13335578
v -0.24938802 -1.32949529 5.11683356
v -0.24757553 -1.32949529 5.11149857
v -0.24324579 -1.32949529 5.10494187
v 0.24891763 -1.32949483 5.11515178
v 0.24917435 -1.32949483 5.11608720
v 0.24994893 -1.32949483 5.12383505
v 0.24800093 -1.32949492 5.13241589
v 0.24758477 -1.32949492 5.13335578
v -0.20082565 -1.32949520 5.11608720
v -0.20005107 -1.32949520 5.12383505
v -0.20012995 -1.32949520 5.12492675
v -0.24258615 -1.32949529 5.10423556
v -0.23646178 -1.32949529 5.09956013
v -0.06008751 -1.32949511 5.10185919
v -0.05439617 -1.32949511 5.10803368
v 0.05012074 -1.32949501 5.11984452
v -0.05108237 -1.32949511 5.11515178
v -0.05064252 -1.32949511 5.12816142
v -0.05199907 -1.32949511 5.13241589
v -0.05241522 -1.32949511 5.13335578
v -0.09938802 -1.32949511 5.11683356
v -0.09757553 -1.32949511 5.11149857
v -0.09324579 -1.32949511 5.10494187
v 0.22170194 -1.32949492 5.09682502
v 0.21459414 -1.32949492 5.09901475
v -0.05082565 -1.32949511 5.11608720
v -0.05005107 -1.32949511 5.12383505
v -0.05012996 -1.32949511 5.12492675
v -0.06710341 -1.32949511 5.09797390
v 0.05061198 -1.32949501 5.11683356
v -0.07501758 -1.32949511 5.09659182
v 0.05242447 -1.32949501 5.11149857
v 0.05675421 -1.32949501 5.10494187
v -0.08540587 -1.32949511 5.09901475
v -0.07829805 -1.32949511 5.09682502
v -0.07710671 -1.32949511 5.09668626
v -0.09258615 -1.32949511 5.10423556
v -0.08646179 -1.32949511 5.09956013
v 0.20061198 -1.32949492 5.11683356
v 0.20242447 -1.32949492 5.11149857
v 0.20675422 -1.32949492 5.10494187
v 0.05741385 -1.32949501 5.10423556
v 0.06353821 -1.32949501 5.09956013
v 0.06459414 -1.32949501 5.09901475
v 0.07170194 -1.32949501 5.09682502
v 0.07289328 -1.32949501 5.09668626
v 0.07498242 -1.32949501 5.09659182
v 0.20741385 -1.32949492 5.10423556
v 0.21353823 -1.32949492 5.09956013
v -0.41501746 -1.50949536 5.07336575
v -0.41501746 -1.50949536 5.15336580
v 0.41498262 -1.50949471 5.07336575
v 0.41498267 -1.50949471 5.15336580
v 0.21248239 -1.26873581 5.08570503
v 0.20543658 -1.27471918 5.08472323
v 0.20543658 -1.27952257 5.10070473
v 0.20333175 -1.27776572 5.08422311
v 0.20060919 -1.28461113 5.08309975
v 0.20060919 -1.28867039 5.09660560
v 0.22498237 -1.27093280 5.10455388
v 0.22498239 -1.28093343 5.12084420
v 0.23582948 -1.28285876 5.11928778
v 0.22498239 -1.29476767 5.13403546
v 0.23582948 -1.29623078 5.13203833
v 0.21413532 -1.32886441 5.09900581
v 0.20060921 -1.31861093 5.12515455
v 0.20543663 -1.31495148 5.13448696
v 0.21413532 -1.31241903 5.14094531
v 0.23582950 -1.32886441 5.09900581
v 0.24452819 -1.32633206 5.10546397
v 0.24935561 -1.32267261 5.11479638
v 0.24935561 -1.31861093 5.12515455
v 0.24452819 -1.31495148 5.13448696
v 0.23582950 -1.31241903 5.14094531
v 0.22498241 -1.31151527 5.14325015
v 0.20060921 -1.32267261 5.11479638
v 0.20543663 -1.32633206 5.10546397
v 0.21413532 -1.32285478 5.09569924
v 0.22498241 -1.32431798 5.09370211
v 0.23582946 -1.26787378 5.08584659
v 0.22498237 -1.26543073 5.08624743
v 0.23582948 -1.27319209 5.10354135
v 0.23748239 -1.26873581 5.08570503
v 0.24452817 -1.27952257 5.10070473
v 0.24452817 -1.27471918 5.08472323
v 0.24663303 -1.27776572 5.08422311
v 0.24935559 -1.28867030 5.09660560
v 0.24935559 -1.28461104 5.08309975
v 0.24998239 -1.29010072 5.08219879
v 0.24935559 -1.29882367 5.09205591
v 0.24935559 -1.29559031 5.08129801
v 0.24663303 -1.30243571 5.08017447
v 0.24452819 -1.30797140 5.08795678
v 0.24452819 -1.30548216 5.07967453
v 0.23582950 -1.32285478 5.09569924
v 0.24452819 -1.31875500 5.10129519
v 0.24935561 -1.31283058 5.10938130
v 0.24935559 -1.30625498 5.11835627
v 0.24452819 -1.30033065 5.12644257
v 0.23748239 -1.31146554 5.07869273
v 0.23582950 -1.31430188 5.08512016
v 0.23582950 -1.31232757 5.07855117
v 0.22498241 -1.31656127 5.08410781
v 0.22498241 -1.31477071 5.07815014
v 0.21413532 -1.31430198 5.08512016
v 0.21413532 -1.31232757 5.07855117
v 0.20543663 -1.31875500 5.10129519
v 0.24452817 -1.28825326 5.11492640
v 0.24935559 -1.29604852 5.10862432
v 0.24935559 -1.30470069 5.10162934
v 0.24452819 -1.31249605 5.09532708
v 0.23582950 -1.31789055 5.09096570
v 0.22498241 -1.31981587 5.08940927
v 0.21413532 -1.31789055 5.09096570
v 0.20543663 -1.31249605 5.09532708
v 0.20543661 -1.30797150 5.08795678
v 0.19998238 -1.29010072 5.08219879
v 0.20060919 -1.29559031 5.08129801
v 0.20060919 -1.29882367 5.09205591
v 0.20060921 -1.30470069 5.10162934
v 0.20060921 -1.31283058 5.10938130
v 0.20333175 -1.30243571 5.08017447
v 0.20543661 -1.30548216 5.07967453
v 0.21248239 -1.31146554 5.07869273
v 0.20060919 -1.29604861 5.10862432
v 0.20060921 -1.30625507 5.11835627
v 0.20543661 -1.28825326 5.11492640
v 0.20543661 -1.30033065 5.12644257
v 0.21413527 -1.26787378 5.08584659
v 0.21413527 -1.27319209 5.10354135
v 0.21413530 -1.28285876 5.11928778
v 0.21413530 -1.29623087 5.13203833
v 0.06248239 -1.26873599 5.08570503
v 0.05543659 -1.27471937 5.08472323
v 0.05543659 -1.27952266 5.10070473
v 0.05333176 -1.27776582 5.08422311
v 0.05060919 -1.28461123 5.08309975
v 0.05060919 -1.28867049 5.09660560
v 0.07498238 -1.27093289 5.10455388
v 0.07498238 -1.28093353 5.12084420
v 0.08582948 -1.28285885 5.11928778
v 0.07498239 -1.29476776 5.13403546
v 0.08582949 -1.29623096 5.13203833
v 0.06413533 -1.32886460 5.09900581
v 0.05060922 -1.31861102 5.12515455
v 0.05543662 -1.31495157 5.13448696
v 0.06413531 -1.31241921 5.14094531
v 0.08582951 -1.32886460 5.09900581
v 0.09452821 -1.32633215 5.10546397
v 0.09935561 -1.32267270 5.11479638
v 0.09935561 -1.31861102 5.12515455
v 0.09452819 -1.31495157 5.13448696
v 0.08582950 -1.31241921 5.14094531
v 0.07498240 -1.31151536 5.14325015
v 0.05060922 -1.32267270 5.11479638
v 0.05543663 -1.32633215 5.10546397
v 0.06413532 -1.32285487 5.09569924
v 0.07498242 -1.32431807 5.09370211
v 0.08582947 -1.26787387 5.08584659
v 0.07498237 -1.26543082 5.08624743
v 0.08582947 -1.27319219 5.10354135
v 0.08748239 -1.26873599 5.08570503
v 0.09452816 -1.27952266 5.10070473
v 0.09452816 -1.27471928 5.08472323
v 0.09663302 -1.27776582 5.08422311
v 0.09935559 -1.28867049 5.09660560
v 0.09935559 -1.28461123 5.08309975
v 0.09998239 -1.29010081 5.08219879
v 0.09935559 -1.29882377 5.09205591
v 0.09935559 -1.29559040 5.08129801
v 0.09663302 -1.30243581 5.08017447
v 0.09452819 -1.30797159 5.08795678
v 0.09452819 -1.30548226 5.07967453
v 0.08582951 -1.32285487 5.09569924
v 0.09452820 -1.31875509 5.10129519
v 0.09935560 -1.31283067 5.10938130
v 0.09935560 -1.30625507 5.11835627
v 0.09452818 -1.30033074 5.12644257
v 0.08748239 -1.31146563 5.07869273
v 0.08582950 -1.31430207 5.08512016
v 0.08582950 -1.31232766 5.07855117
v 0.07498241 -1.31656136 5.08410781
v 0.07498241 -1.31477080 5.07815014
v 0.06413531 -1.31430207 5.08512016
v 0.06413531 -1.31232776 5.07855117
v 0.05543663 -1.31875509 5.10129519
v 0.09452818 -1.28825335 5.11492640
v 0.09935559 -1.29604870 5.10862432
v 0.09935560 -1.30470078 5.10162934
v 0.09452819 -1.31249614 5.09532708
v 0.08582951 -1.31789064 5.09096570
v 0.07498241 -1.31981596 5.08940927
v 0.06413532 -1.31789064 5.09096570
v 0.05543662 -1.31249614 5.09532708
v 0.05543662 -1.30797159 5.08795678
v 0.04998239 -1.29010081 5.08219879
v 0.05060920 -1.29559040 5.08129801
v 0.05060920 -1.29882377 5.09205591
v 0.05060920 -1.30470088 5.10162934
v 0.05060921 -1.31283076 5.10938130
v 0.05333176 -1.30243581 5.08017447
v 0.05543662 -1.30548235 5.07967453
v 0.06248239 -1.31146563 5.07869273
v 0.05060920 -1.29604870 5.10862432
v 0.05060920 -1.30625516 5.11835627
v 0.05543660 -1.28825335 5.11492640
v 0.05543661 -1.30033074 5.12644257
v 0.06413528 -1.26787396 5.08584659
v 0.06413528 -1.27319219 5.10354135
v 0.06413529 -1.28285885 5.11928778
v 0.06413530 -1.29623096 5.13203833
v -0.08751761 -1.26873609 5.08570503
v -0.09456341 -1.27471946 5.08472323
v -0.09456341 -1.27952285 5.10070473
v -0.09666824 -1.27776591 5.08422311
v -0.09939082 -1.28461132 5.08309975
v -0.09939082 -1.28867058 5.09660560
v -0.07501763 -1.27093298 5.10455388
v -0.07501762 -1.28093371 5.12084420
v -0.06417052 -1.28285894 5.11928778
v -0.07501761 -1.29476786 5.13403546
v -0.06417051 -1.29623106 5.13203833
v -0.08586468 -1.32886469 5.09900581
v -0.09939079 -1.31861120 5.12515455
v -0.09456338 -1.31495176 5.13448696
v -0.08586469 -1.31241931 5.14094531
v -0.06417049 -1.32886469 5.09900581
v -0.05547180 -1.32633224 5.10546397
v -0.05064439 -1.32267280 5.11479638
v -0.05064439 -1.31861111 5.12515455
v -0.05547180 -1.31495167 5.13448696
v -0.06417050 -1.31241931 5.14094531
v -0.07501760 -1.31151546 5.14325015
v -0.09939078 -1.32267289 5.11479638
v -0.09456337 -1.32633233 5.10546397
v -0.08586468 -1.32285506 5.09569924
v -0.07501759 -1.32431826 5.09370211
v -0.06417054 -1.26787405 5.08584659
v -0.07501763 -1.26543092 5.08624743
v -0.06417053 -1.27319228 5.10354135
v -0.06251761 -1.26873609 5.08570503
v -0.05547183 -1.27952276 5.10070473
v -0.05547184 -1.27471946 5.08472323
v -0.05336698 -1.27776591 5.08422311
v -0.05064441 -1.28867058 5.09660560
v -0.05064442 -1.28461132 5.08309975
v -0.05001761 -1.29010091 5.08219879
v -0.05064441 -1.29882386 5.09205591
v -0.05064441 -1.29559049 5.08129801
v -0.05336698 -1.30243590 5.08017447
v -0.05547181 -1.30797168 5.08795678
v -0.05547181 -1.30548244 5.07967453
v -0.06417049 -1.32285496 5.09569924
v -0.05547180 -1.31875519 5.10129519
v -0.05064440 -1.31283076 5.10938130
v -0.05064440 -1.30625525 5.11835627
v -0.05547181 -1.30033083 5.12644257
v -0.06251761 -1.31146573 5.07869273
v -0.06417050 -1.31430216 5.08512016
v -0.06417050 -1.31232785 5.07855117
v -0.07501759 -1.31656146 5.08410781
v -0.07501759 -1.31477090 5.07815014
v -0.08586469 -1.31430216 5.08512016
v -0.08586469 -1.31232785 5.07855117
v -0.09456337 -1.31875519 5.10129519
v -0.05547183 -1.28825344 5.11492640
v -0.05064441 -1.29604880 5.10862432
v -0.05064440 -1.30470097 5.10162934
v -0.05547181 -1.31249623 5.09532708
v -0.06417049 -1.31789073 5.09096570
v -0.07501759 -1.31981606 5.08940927
v -0.08586468 -1.31789083 5.09096570
v -0.09456338 -1.31249623 5.09532708
v -0.09456339 -1.30797168 5.08795678
v -0.10001761 -1.29010091 5.08219879
v -0.09939080 -1.29559049 5.08129801
v -0.09939080 -1.29882395 5.09205591
v -0.09939079 -1.30470097 5.10162934
v -0.09939079 -1.31283086 5.10938130
v -0.09666824 -1.30243590 5.08017447
v -0.09456339 -1.30548244 5.07967453
v -0.08751761 -1.31146573 5.07869273
v -0.09939080 -1.29604880 5.10862432
v -0.09939079 -1.30625525 5.11835627
v -0.09456340 -1.28825353 5.11492640
v -0.09456339 -1.30033093 5.12644257
v -0.08586472 -1.26787405 5.08584659
v -0.08586472 -1.27319237 5.10354135
v -0.08586471 -1.28285894 5.11928778
v -0.08586470 -1.29623106 5.13203833
v -0.23751762 -1.26873618 5.08570503
v -0.24456342 -1.27471955 5.08472323
v -0.24456340 -1.27952294 5.10070473
v -0.24666826 -1.27776610 5.08422311
v -0.24939082 -1.28461150 5.08309975
v -0.24939082 -1.28867077 5.09660560
v -0.22501762 -1.27093308 5.10455388
v -0.22501762 -1.28093380 5.12084420
v -0.21417052 -1.28285903 5.11928778
v -0.22501762 -1.29476795 5.13403546
v -0.21417050 -1.29623115 5.13203833
v -0.23586468 -1.32886479 5.09900581
v -0.24939079 -1.31861130 5.12515455
v -0.24456338 -1.31495185 5.13448696
v -0.23586468 -1.31241940 5.14094531
v -0.21417048 -1.32886479 5.09900581
v -0.20547179 -1.32633233 5.10546397
v -0.20064439 -1.32267289 5.11479638
v -0.20064439 -1.31861130 5.12515455
v -0.20547181 -1.31495185 5.13448696
v -0.21417050 -1.31241940 5.14094531
v -0.22501759 -1.31151564 5.14325015
v -0.24939079 -1.32267298 5.11479638
v -0.24456338 -1.32633243 5.10546397
v -0.23586468 -1.32285515 5.09569924
v -0.22501759 -1.32431835 5.09370211
v -0.21417052 -1.26787415 5.08584659
v -0.22501764 -1.26543110 5.08624743
v -0.21417052 -1.27319247 5.10354135
v -0.21251761 -1.26873618 5.08570503
v -0.20547183 -1.27952294 5.10070473
v -0.20547183 -1.27471955 5.08472323
v -0.20336697 -1.27776610 5.08422311
v -0.20064441 -1.28867067 5.09660560
v -0.20064441 -1.28461141 5.08309975
v -0.20001761 -1.29010109 5.08219879
v -0.20064441 -1.29882395 5.09205591
v -0.20064441 -1.29559059 5.08129801
v -0.20336697 -1.30243609 5.08017447
v -0.20547181 -1.30797178 5.08795678
v -0.20547181 -1.30548254 5.07967453
v -0.21417050 -1.32285515 5.09569924
v -0.20547181 -1.31875528 5.10129519
v -0.20064439 -1.31283095 5.10938130
v -0.20064439 -1.30625535 5.11835627
v -0.20547181 -1.30033102 5.12644257
v -0.21251761 -1.31146591 5.07869273
v -0.21417050 -1.31430225 5.08512016
v -0.21417050 -1.31232794 5.07855117
v -0.22501759 -1.31656164 5.08410781
v -0.22501759 -1.31477108 5.07815014
v -0.23586468 -1.31430225 5.08512016
v -0.23586468 -1.31232794 5.07855117
v -0.24456338 -1.31875537 5.10129519
v -0.20547183 -1.28825363 5.11492640
v -0.20064441 -1.29604889 5.10862432
v -0.20064439 -1.30470106 5.10162934
v -0.20547181 -1.31249633 5.09532708
v -0.21417050 -1.31789092 5.09096570
v -0.22501759 -1.31981615 5.08940927
v -0.23586468 -1.31789092 5.09096570
v -0.24456338 -1.31249642 5.09532708
v -0.24456338 -1.30797187 5.08795678
v -0.25001762 -1.29010109 5.08219879
v -0.24939079 -1.29559068 5.08129801
v -0.24939079 -1.29882405 5.09205591
v -0.24939079 -1.30470106 5.10162934
v -0.24939079 -1.31283095 5.10938130
v -0.24666826 -1.30243609 5.08017447
v -0.24456338 -1.30548254 5.07967453
v -0.23751762 -1.31146591 5.07869273
v -0.24939079 -1.29604898 5.10862432
v -0.24939079 -1.30625535 5.11835627
v -0.24456340 -1.28825363 5.11492640
v -0.24456340 -1.30033102 5.12644257
v -0.23586473 -1.26787415 5.08584659
v -0.23586473 -1.27319247 5.10354135
v -0.23586471 -1.28285913 5.11928778
v -0.23586471 -1.29623115 5.13203833
v 0.21413525 -1.24189379 4.92753982
v 0.21248236 -1.24275582 4.92739826
v 0.20543656 -1.24873919 4.92641628
v 0.20333172 -1.25178564 4.92591634
v 0.20060916 -1.25863105 4.92479298
v 0.19998236 -1.26412064 4.92389202
v 0.20060916 -1.26961023 4.92299124
v 0.20333172 -1.27645563 4.92186770
v 0.20543658 -1.27950218 4.92136776
v 0.21248236 -1.28548546 4.92038578
v 0.21413530 -1.28634758 4.92024440
v 0.22498237 -1.28879063 4.91984337
v 0.23582948 -1.28634758 4.92024440
v 0.23748237 -1.28548546 4.92038578
v 0.24452817 -1.27950208 4.92136776
v 0.24663301 -1.27645563 4.92186770
v 0.24935557 -1.26961023 4.92299124
v 0.24998237 -1.26412064 4.92389202
v 0.24935557 -1.25863105 4.92479298
v 0.24663301 -1.25178564 4.92591634
v 0.24452815 -1.24873919 4.92641628
v 0.23748237 -1.24275582 4.92739826
v 0.23582943 -1.24189379 4.92753982
v 0.22498237 -1.23945065 4.92794066
v 0.06413526 -1.24189388 4.92753982
v 0.06248237 -1.24275591 4.92739826
v 0.05543657 -1.24873929 4.92641628
v 0.05333173 -1.25178574 4.92591634
v 0.05060916 -1.25863124 4.92479298
v 0.04998237 -1.26412073 4.92389202
v 0.05060917 -1.26961041 4.92299124
v 0.05333173 -1.27645573 4.92186770
v 0.05543659 -1.27950227 4.92136776
v 0.06248237 -1.28548564 4.92038578
v 0.06413529 -1.28634768 4.92024440
v 0.07498237 -1.28879072 4.91984337
v 0.08582948 -1.28634768 4.92024440
v 0.08748237 -1.28548564 4.92038578
v 0.09452816 -1.27950227 4.92136776
v 0.09663301 -1.27645573 4.92186770
v 0.09935556 -1.26961032 4.92299124
v 0.09998237 -1.26412073 4.92389202
v 0.09935556 -1.25863114 4.92479298
v 0.09663301 -1.25178574 4.92591634
v 0.09452814 -1.24873929 4.92641628
v 0.08748237 -1.24275591 4.92739826
v 0.08582944 -1.24189388 4.92753982
v 0.07498237 -1.23945074 4.92794066
v -0.08586475 -1.24189397 4.92753982
v -0.08751763 -1.24275610 4.92739826
v -0.09456343 -1.24873938 4.92641628
v -0.09666827 -1.25178592 4.92591634
v -0.09939084 -1.25863133 4.92479298
v -0.10001763 -1.26412092 4.92389202
v -0.09939083 -1.26961051 4.92299124
v -0.09666827 -1.27645591 4.92186770
v -0.09456341 -1.27950236 4.92136776
v -0.08751763 -1.28548574 4.92038578
v -0.08586471 -1.28634777 4.92024440
v -0.07501763 -1.28879091 4.91984337
v -0.06417052 -1.28634777 4.92024440
v -0.06251763 -1.28548574 4.92038578
v -0.05547183 -1.27950236 4.92136776
v -0.05336700 -1.27645591 4.92186770
v -0.05064443 -1.26961051 4.92299124
v -0.05001763 -1.26412092 4.92389202
v -0.05064444 -1.25863133 4.92479298
v -0.05336700 -1.25178592 4.92591634
v -0.05547186 -1.24873938 4.92641628
v -0.06251763 -1.24275610 4.92739826
v -0.06417056 -1.24189397 4.92753982
v -0.07501763 -1.23945093 4.92794066
v -0.23586475 -1.24189416 4.92753982
v -0.22501764 -1.23945102 4.92794066
v -0.21417055 -1.24189407 4.92753982
v -0.21251764 -1.24275619 4.92739826
v -0.20547186 -1.24873947 4.92641628
v -0.20336700 -1.25178602 4.92591634
v -0.20064444 -1.25863142 4.92479298
v -0.20001763 -1.26412101 4.92389202
v -0.20064444 -1.26961060 4.92299124
v -0.20336700 -1.27645601 4.92186770
v -0.20547183 -1.27950246 4.92136776
v -0.21251764 -1.28548583 4.92038578
v -0.21417052 -1.28634786 4.92024440
v -0.22501764 -1.28879100 4.91984337
v -0.23586471 -1.28634796 4.92024440
v -0.23751764 -1.28548583 4.92038578
v -0.24456340 -1.27950255 4.92136776
v -0.24666826 -1.27645601 4.92186770
v -0.24939082 -1.26961060 4.92299124
v -0.25001764 -1.26412101 4.92389202
v -0.24939084 -1.25863142 4.92479298
v -0.24666826 -1.25178602 4.92591634
v -0.24456342 -1.24873957 4.92641628
v -0.23751764 -1.24275619 4.92739826
v 0.20543658 -1.27455983 4.90558520
v 0.21248234 -1.22136101 4.86592706
v 0.21413525 -1.22136101 4.86505348
v 0.21413525 -1.23966355 4.86764796
v 0.20060916 -1.26550887 4.90989368
v 0.20333170 -1.22136101 4.87507768
v 0.20543654 -1.22136101 4.87199053
v 0.20543656 -1.23773562 4.87431157
v 0.20060916 -1.25546297 4.91467584
v 0.19998234 -1.22136101 4.88757770
v 0.20060914 -1.22136101 4.88201473
v 0.20060914 -1.23494975 4.88394089
v 0.20543656 -1.24641191 4.91898451
v 0.20333170 -1.22136101 4.90007773
v 0.20060914 -1.22136101 4.89314086
v 0.20060914 -1.23185758 4.89462875
v 0.24935557 -1.25546288 4.91467584
v 0.22498239 -1.28305880 4.90153935
v 0.22498237 -1.27246566 4.88554947
v 0.23582946 -1.27061410 4.88719288
v 0.22498237 -1.25784604 4.87313345
v 0.23582946 -1.25652403 4.87522687
v 0.22498234 -1.24035161 4.86526973
v 0.23582943 -1.23966355 4.86764796
v 0.22498234 -1.22136101 4.86257784
v 0.23582943 -1.22136101 4.86505348
v 0.23582948 -1.28082335 4.90260347
v 0.23748234 -1.22136092 4.86592706
v 0.24452813 -1.23773562 4.87431157
v 0.24452817 -1.27455983 4.90558520
v 0.24452813 -1.22136092 4.87199053
v 0.24663296 -1.22136092 4.87507768
v 0.24935554 -1.23494975 4.88394089
v 0.24935557 -1.26550877 4.90989368
v 0.24935554 -1.22136092 4.88201473
v 0.24998232 -1.22136092 4.88757770
v 0.24935554 -1.23185758 4.89462875
v 0.24935554 -1.22136092 4.89314086
v 0.24663296 -1.22136092 4.90007773
v 0.24452813 -1.22907162 4.90425806
v 0.24452813 -1.22136092 4.90316506
v 0.23582943 -1.22714378 4.91092168
v 0.23748234 -1.22136092 4.90922834
v 0.24452815 -1.24641182 4.91898451
v 0.23582943 -1.24014840 4.92196604
v 0.22498234 -1.23791294 4.92303017
v 0.21413525 -1.24014840 4.92196604
v 0.23582943 -1.22136101 4.91010193
v 0.22498234 -1.22136101 4.91257775
v 0.22498234 -1.22645572 4.91329990
v 0.21413525 -1.22136101 4.91010193
v 0.21413525 -1.22714378 4.91092168
v 0.21248234 -1.22136101 4.90922834
v 0.20543656 -1.22907171 4.90425806
v 0.24452815 -1.25282016 4.88109216
v 0.24935554 -1.24746775 4.88956794
v 0.24935554 -1.24152713 4.89897523
v 0.24452813 -1.23617481 4.90745082
v 0.23582943 -1.23247094 4.91331629
v 0.22498234 -1.23114903 4.91540953
v 0.21413525 -1.23247094 4.91331629
v 0.20543656 -1.23617481 4.90745082
v 0.24452815 -1.26542598 4.89179790
v 0.24935557 -1.25792893 4.89845220
v 0.24935557 -1.24960784 4.90583777
v 0.24452815 -1.24211079 4.91249207
v 0.23582943 -1.23692267 4.91709709
v 0.22498234 -1.23507110 4.91874050
v 0.21413525 -1.23692267 4.91709709
v 0.20543656 -1.24211079 4.91249207
v 0.20543654 -1.22136101 4.90316506
v 0.20060916 -1.24960784 4.90583777
v 0.20060914 -1.24152722 4.89897523
v 0.20060916 -1.25792893 4.89845220
v 0.20060916 -1.24746785 4.88956794
v 0.20543658 -1.26542598 4.89179790
v 0.20543658 -1.25282016 4.88109216
v 0.21413530 -1.28082335 4.90260347
v 0.21413527 -1.27061410 4.88719288
v 0.21413527 -1.25652412 4.87522687
v 0.05543659 -1.27456002 4.90558520
v 0.06248233 -1.22136110 4.86592706
v 0.06413524 -1.22136110 4.86505348
v 0.06413526 -1.23966374 4.86764796
v 0.05060917 -1.26550896 4.90989368
v 0.05333170 -1.22136110 4.87507768
v 0.05543655 -1.22136110 4.87199053
v 0.05543656 -1.23773580 4.87431157
v 0.05060916 -1.25546306 4.91467584
v 0.04998234 -1.22136110 4.88757770
v 0.05060913 -1.22136110 4.88201473
v 0.05060915 -1.23494985 4.88394089
v 0.05543657 -1.24641201 4.91898451
v 0.05333170 -1.22136110 4.90007773
v 0.05060913 -1.22136110 4.89314086
v 0.05060915 -1.23185776 4.89462875
v 0.09935556 -1.25546297 4.91467584
v 0.07498238 -1.28305890 4.90153935
v 0.07498238 -1.27246575 4.88554947
v 0.08582947 -1.27061419 4.88719288
v 0.07498236 -1.25784613 4.87313345
v 0.08582945 -1.25652421 4.87522687
v 0.07498235 -1.24035180 4.86526973
v 0.08582944 -1.23966364 4.86764796
v 0.07498233 -1.22136110 4.86257784
v 0.08582943 -1.22136110 4.86505348
v 0.08582947 -1.28082344 4.90260347
v 0.08748234 -1.22136110 4.86592706
v 0.09452814 -1.23773571 4.87431157
v 0.09452816 -1.27455993 4.90558520
v 0.09452812 -1.22136110 4.87199053
v 0.09663297 -1.22136110 4.87507768
v 0.09935554 -1.23494985 4.88394089
v 0.09935556 -1.26550887 4.90989368
v 0.09935553 -1.22136110 4.88201473
v 0.09998233 -1.22136110 4.88757770
v 0.09935554 -1.23185767 4.89462875
v 0.09935553 -1.22136110 4.89314086
v 0.09663297 -1.22136110 4.90007773
v 0.09452813 -1.22907180 4.90425806
v 0.09452812 -1.22136110 4.90316506
v 0.08582943 -1.22714387 4.91092168
v 0.08748234 -1.22136110 4.90922834
v 0.09452814 -1.24641201 4.91898451
v 0.08582944 -1.24014849 4.92196604
v 0.07498235 -1.23791303 4.92303017
v 0.06413526 -1.24014849 4.92196604
v 0.08582943 -1.22136110 4.91010193
v 0.07498233 -1.22136110 4.91257775
v 0.07498234 -1.22645581 4.91329990
v 0.06413524 -1.22136110 4.91010193
v 0.06413524 -1.22714387 4.91092168
v 0.06248233 -1.22136110 4.90922834
v 0.05543655 -1.22907180 4.90425806
v 0.09452815 -1.25282025 4.88109216
v 0.09935555 -1.24746794 4.88956794
v 0.09935555 -1.24152731 4.89897523
v 0.09452814 -1.23617491 4.90745082
v 0.08582944 -1.23247104 4.91331629
v 0.07498234 -1.23114912 4.91540953
v 0.06413525 -1.23247104 4.91331629
v 0.05543656 -1.23617500 4.90745082
v 0.09452816 -1.26542607 4.89179790
v 0.09935556 -1.25792902 4.89845220
v 0.09935555 -1.24960793 4.90583777
v 0.09452814 -1.24211088 4.91249207
v 0.08582944 -1.23692285 4.91709709
v 0.07498235 -1.23507120 4.91874050
v 0.06413526 -1.23692285 4.91709709
v 0.05543656 -1.24211097 4.91249207
v 0.05543655 -1.22136110 4.90316506
v 0.05060916 -1.24960802 4.90583777
v 0.05060915 -1.24152731 4.89897523
v 0.05060916 -1.25792902 4.89845220
v 0.05060916 -1.24746794 4.88956794
v 0.05543658 -1.26542607 4.89179790
v 0.05543657 -1.25282025 4.88109216
v 0.06413529 -1.28082344 4.90260347
v 0.06413528 -1.27061419 4.88719288
v 0.06413527 -1.25652421 4.87522687
v -0.09456341 -1.27456011 4.90558520
v -0.08751767 -1.22136120 4.86592706
v -0.08586476 -1.22136120 4.86505348
v -0.08586475 -1.23966383 4.86764796
v -0.09939083 -1.26550905 4.90989368
v -0.09666830 -1.22136120 4.87507768
v -0.09456346 -1.22136120 4.87199053
v -0.09456344 -1.23773590 4.87431157
v -0.09939084 -1.25546316 4.91467584
v -0.10001766 -1.22136120 4.88757770
v -0.09939086 -1.22136120 4.88201473
v -0.09939085 -1.23495003 4.88394089
v -0.09456343 -1.24641210 4.91898451
v -0.09666830 -1.22136120 4.90007773
v -0.09939086 -1.22136120 4.89314086
v -0.09939085 -1.23185785 4.89462875
v -0.05064444 -1.25546316 4.91467584
v -0.07501761 -1.28305899 4.90153935
v -0.07501763 -1.27246594 4.88554947
v -0.06417054 -1.27061429 4.88719288
v -0.07501764 -1.25784623 4.87313345
v -0.06417055 -1.25652431 4.87522687
v -0.07501765 -1.24035189 4.86526973
v -0.06417056 -1.23966383 4.86764796
v -0.07501767 -1.22136120 4.86257784
v -0.06417057 -1.22136120 4.86505348
v -0.06417052 -1.28082354 4.90260347
v -0.06251766 -1.22136120 4.86592706
v -0.05547187 -1.23773590 4.87431157
v -0.05547184 -1.27456002 4.90558520
v -0.05547188 -1.22136120 4.87199053
v -0.05336703 -1.22136120 4.87507768
v -0.05064446 -1.23494994 4.88394089
v -0.05064443 -1.26550905 4.90989368
v -0.05064447 -1.22136120 4.88201473
v -0.05001767 -1.22136120 4.88757770
v -0.05064446 -1.23185785 4.89462875
v -0.05064447 -1.22136120 4.89314086
v -0.05336703 -1.22136120 4.90007773
v -0.05547187 -1.22907190 4.90425806
v -0.05547188 -1.22136120 4.90316506
v -0.06417057 -1.22714397 4.91092168
v -0.06251766 -1.22136120 4.90922834
v -0.05547186 -1.24641210 4.91898451
v -0.06417056 -1.24014858 4.92196604
v -0.07501766 -1.23791322 4.92303017
v -0.08586475 -1.24014858 4.92196604
v -0.06417057 -1.22136120 4.91010193
v -0.07501767 -1.22136120 4.91257775
v -0.07501766 -1.22645590 4.91329990
v -0.08586476 -1.22136120 4.91010193
v -0.08586476 -1.22714397 4.91092168
v -0.08751767 -1.22136120 4.90922834
v -0.09456345 -1.22907190 4.90425806
v -0.05547185 -1.25282034 4.88109216
v -0.05064445 -1.24746803 4.88956794
v -0.05064445 -1.24152740 4.89897523
v -0.05547187 -1.23617509 4.90745082
v -0.06417056 -1.23247113 4.91331629
v -0.07501766 -1.23114921 4.91540953
v -0.08586475 -1.23247113 4.91331629
v -0.09456344 -1.23617509 4.90745082
v -0.05547184 -1.26542617 4.89179790
v -0.05064444 -1.25792911 4.89845220
v -0.05064445 -1.24960802 4.90583777
v -0.05547186 -1.24211106 4.91249207
v -0.06417056 -1.23692295 4.91709709
v -0.07501766 -1.23507129 4.91874050
v -0.08586475 -1.23692295 4.91709709
v -0.09456344 -1.24211106 4.91249207
v -0.09456346 -1.22136120 4.90316506
v -0.09939084 -1.24960812 4.90583777
v -0.09939085 -1.24152740 4.89897523
v -0.09939084 -1.25792921 4.89845220
v -0.09939084 -1.24746803 4.88956794
v -0.09456342 -1.26542617 4.89179790
v -0.09456343 -1.25282044 4.88109216
v -0.08586471 -1.28082363 4.90260347
v -0.08586472 -1.27061429 4.88719288
v -0.08586473 -1.25652431 4.87522687
v -0.24456342 -1.27456021 4.90558520
v -0.23751766 -1.22136138 4.86592706
v -0.23586475 -1.22136138 4.86505348
v -0.23586475 -1.23966392 4.86764796
v -0.24939084 -1.26550915 4.90989368
v -0.24666830 -1.22136138 4.87507768
v -0.24456345 -1.22136138 4.87199053
v -0.24456345 -1.23773599 4.87431157
v -0.24939084 -1.25546325 4.91467584
v -0.25001767 -1.22136138 4.88757770
v -0.24939086 -1.22136138 4.88201473
v -0.24939086 -1.23495013 4.88394089
v -0.24456342 -1.24641228 4.91898451
v -0.24666830 -1.22136138 4.90007773
v -0.24939086 -1.22136138 4.89314086
v -0.24939086 -1.23185795 4.89462875
v -0.22501762 -1.28305918 4.90153935
v -0.22501762 -1.27246603 4.88554947
v -0.21417052 -1.27061438 4.88719288
v -0.22501764 -1.25784632 4.87313345
v -0.21417055 -1.25652440 4.87522687
v -0.22501766 -1.24035198 4.86526973
v -0.21417055 -1.23966392 4.86764796
v -0.22501766 -1.22136129 4.86257784
v -0.21417057 -1.22136129 4.86505348
v -0.21417052 -1.28082372 4.90260347
v -0.21251766 -1.22136129 4.86592706
v -0.20547186 -1.23773599 4.87431157
v -0.20547183 -1.27456021 4.90558520
v -0.20547188 -1.22136129 4.87199053
v -0.20336702 -1.22136129 4.87507768
v -0.20064446 -1.23495003 4.88394089
v -0.20064444 -1.26550915 4.90989368
v -0.20064446 -1.22136129 4.88201473
v -0.20001766 -1.22136129 4.88757770
v -0.20064446 -1.23185795 4.89462875
v -0.20064444 -1.25546325 4.91467584
v -0.20064446 -1.22136129 4.89314086
v -0.20336702 -1.22136129 4.90007773
v -0.20547188 -1.22907199 4.90425806
v -0.20547188 -1.22136129 4.90316506
v -0.21417057 -1.22714415 4.91092168
v -0.21251766 -1.22136129 4.90922834
v -0.20547186 -1.24641219 4.91898451
v -0.21417055 -1.24014867 4.92196604
v -0.22501766 -1.23791331 4.92303017
v -0.23586475 -1.24014877 4.92196604
v -0.21417057 -1.22136129 4.91010193
v -0.22501766 -1.22136129 4.91257775
v -0.22501766 -1.22645609 4.91329990
v -0.23586475 -1.22136138 4.91010193
v -0.23586475 -1.22714415 4.91092168
v -0.23751766 -1.22136138 4.90922834
v -0.24456345 -1.22907208 4.90425806
v -0.20547186 -1.25282053 4.88109216
v -0.20064444 -1.24746813 4.88956794
v -0.20064446 -1.24152750 4.89897523
v -0.20547188 -1.23617519 4.90745082
v -0.21417057 -1.23247122 4.91331629
v -0.22501766 -1.23114930 4.91540953
v -0.23586475 -1.23247132 4.91331629
v -0.24456345 -1.23617519 4.90745082
v -0.20547183 -1.26542626 4.89179790
v -0.20064444 -1.25792930 4.89845220
v -0.20064444 -1.24960821 4.90583777
v -0.20547186 -1.24211116 4.91249207
v -0.21417057 -1.23692304 4.91709709
v -0.22501766 -1.23507148 4.91874050
v -0.23586475 -1.23692304 4.91709709
v -0.24456345 -1.24211116 4.91249207
v -0.24456345 -1.22136138 4.90316506
v -0.24939084 -1.24960821 4.90583777
v -0.24939084 -1.24152759 4.89897523
v -0.24939084 -1.25792930 4.89845220
v -0.24939084 -1.24746822 4.88956794
v -0.24456342 -1.26542635 4.89179790
v -0.24456342 -1.25282053 4.88109216
v -0.23586471 -1.28082372 4.90260347
v -0.23586473 -1.27061447 4.88719288
v -0.23586473 -1.25652449 4.87522687
v 0.22005809 -1.11449491 4.91208806
v 0.21248225 -1.11449491 4.90922834
v 0.20996188 -1.11449491 4.90756239
v 0.20333161 -1.11449491 4.90007773
v 0.20280760 -1.11449491 4.89912275
v 0.19999649 -1.11449491 4.88842167
v 0.19998224 -1.11449491 4.88757770
v 0.20226110 -1.11449491 4.87714950
v 0.20333161 -1.11449491 4.87507768
v 0.20898699 -1.11449491 4.86836452
v 0.21248225 -1.11449491 4.86592706
v 0.21884574 -1.11449491 4.86334264
v 0.22498225 -1.11449491 4.86257784
v 0.22990641 -1.11449491 4.86306753
v 0.23748225 -1.11449491 4.86592706
v 0.24000262 -1.11449491 4.86759301
v 0.24663289 -1.11449491 4.87507768
v 0.24715690 -1.11449491 4.87603284
v 0.24996800 -1.11449491 4.88673392
v 0.24998225 -1.11449491 4.88757770
v 0.24770340 -1.11449491 4.89800609
v 0.24663289 -1.11449491 4.90007773
v 0.24097750 -1.11449491 4.90679107
v 0.23748225 -1.11449491 4.90922834
v 0.23111876 -1.11449491 4.91181295
v 0.22498225 -1.11449491 4.91257775
v 0.07005809 -1.11449501 4.91208806
v 0.06248225 -1.11449501 4.90922834
v 0.05996188 -1.11449501 4.90756239
v 0.05333161 -1.11449501 4.90007773
v 0.05280760 -1.11449501 4.89912275
v 0.04999650 -1.11449501 4.88842167
v 0.04998225 -1.11449501 4.88757770
v 0.05226110 -1.11449501 4.87714950
v 0.05333161 -1.11449501 4.87507768
v 0.05898699 -1.11449501 4.86836452
v 0.06248225 -1.11449501 4.86592706
v 0.06884575 -1.11449501 4.86334264
v 0.07498225 -1.11449501 4.86257784
v 0.07990641 -1.11449501 4.86306753
v 0.08748225 -1.11449501 4.86592706
v 0.09000262 -1.11449501 4.86759301
v 0.09663288 -1.11449501 4.87507768
v 0.09715690 -1.11449501 4.87603284
v 0.09996800 -1.11449501 4.88673392
v 0.09998225 -1.11449501 4.88757770
v 0.09770340 -1.11449501 4.89800609
v 0.09663288 -1.11449501 4.90007773
v 0.09097751 -1.11449501 4.90679107
v 0.08748225 -1.11449501 4.90922834
v 0.08111875 -1.11449501 4.91181295
v 0.07498225 -1.11449501 4.91257775
v -0.07994191 -1.11449510 4.91208806
v -0.08751775 -1.11449510 4.90922834
v -0.09003812 -1.11449510 4.90756239
v -0.09666838 -1.11449519 4.90007773
v -0.09719240 -1.11449519 4.89912275
v -0.10000351 -1.11449519 4.88842167
v -0.10001775 -1.11449519 4.88757770
v -0.09773889 -1.11449519 4.87714950
v -0.09666838 -1.11449519 4.87507768
v -0.09101301 -1.11449510 4.86836452
v -0.08751775 -1.11449510 4.86592706
v -0.08115426 -1.11449510 4.86334264
v -0.07501775 -1.11449510 4.86257784
v -0.07009359 -1.11449510 4.86306753
v -0.06251775 -1.11449510 4.86592706
v -0.05999738 -1.11449510 4.86759301
v -0.05336712 -1.11449510 4.87507768
v -0.05284310 -1.11449510 4.87603284
v -0.05003200 -1.11449510 4.88673392
v -0.05001775 -1.11449510 4.88757770
v -0.05229661 -1.11449510 4.89800609
v -0.05336712 -1.11449510 4.90007773
v -0.05902249 -1.11449510 4.90679107
v -0.06251775 -1.11449510 4.90922834
v -0.06888125 -1.11449510 4.91181295
v -0.07501775 -1.11449510 4.91257775
v -0.22994191 -1.11449528 4.91208806
v -0.23751776 -1.11449528 4.90922834
v -0.24003813 -1.11449528 4.90756239
v -0.24666840 -1.11449528 4.90007773
v -0.24719241 -1.11449528 4.89912275
v -0.25000351 -1.11449528 4.88842167
v -0.25001776 -1.11449528 4.88757770
v -0.24773891 -1.11449528 4.87714950
v -0.24666840 -1.11449528 4.87507768
v -0.24101301 -1.11449528 4.86836452
v -0.23751776 -1.11449528 4.86592706
v -0.23115426 -1.11449528 4.86334264
v -0.22501776 -1.11449528 4.86257784
v -0.22009360 -1.11449528 4.86306753
v -0.21251775 -1.11449528 4.86592706
v -0.20999738 -1.11449528 4.86759301
v -0.20336711 -1.11449519 4.87507768
v -0.20284310 -1.11449519 4.87603284
v -0.20003200 -1.11449519 4.88673392
v -0.20001775 -1.11449519 4.88757770
v -0.20229660 -1.11449519 4.89800609
v -0.20336711 -1.11449519 4.90007773
v -0.20902250 -1.11449519 4.90679107
v -0.21251775 -1.11449528 4.90922834
v -0.21888125 -1.11449528 4.91181295
v -0.22501776 -1.11449528 4.91257775
v 0.20289312 -1.10469619 4.89398539
v 0.20119031 -1.10748746 4.89071458
v 0.20018357 -1.11156609 4.88878097
v 0.20141448 -1.10615464 4.88755647
v 0.20021033 -1.11112576 4.88759074
v 0.19998630 -1.11404490 4.88757845
v 0.20508820 -1.09935468 4.88756168
v 0.20705615 -1.09718200 4.88955714
v 0.21048184 -1.09412977 4.88757211
v 0.21106862 -1.09502859 4.89482172
v 0.21813067 -1.09045208 4.88757118
v 0.21988319 -1.09016486 4.89023253
v 0.21897992 -1.09022614 4.88756951
v 0.23099075 -1.09022772 4.88758608
v 0.22498223 -1.08949486 4.88757770
v 0.23441939 -1.09231034 4.89419475
v 0.22458707 -1.09239975 4.89926729
v 0.24225195 -1.09651834 4.88947574
v 0.23893013 -1.09374747 4.88758348
v 0.23260980 -1.09068686 4.88758199
v 0.24736109 -1.10913599 4.89734858
v 0.24975250 -1.11111337 4.88756485
v 0.24864052 -1.10641494 4.88759689
v 0.24055396 -1.10786399 4.90597766
v 0.23069691 -1.10789072 4.91100270
v 0.20977480 -1.11156609 4.90720309
v 0.21972058 -1.10921096 4.91143968
v 0.20497919 -1.10370507 4.89799212
v 0.20706523 -1.10469619 4.90199886
v 0.21483214 -1.09681673 4.90205046
v 0.20876804 -1.10748746 4.90526948
v 0.21790424 -1.10185258 4.90795113
v 0.22842677 -1.09869381 4.90664243
v 0.23827464 -1.09862983 4.90159970
v 0.24551903 -1.10167330 4.89381049
v 0.24466750 -1.09908413 4.88759167
v 0.24707136 -1.10469619 4.88117020
v 0.24877416 -1.10748746 4.88444082
v 0.24978092 -1.11156609 4.88637462
v 0.24290988 -1.09718367 4.88559752
v 0.23889586 -1.09502859 4.88033388
v 0.23008126 -1.09016486 4.88492306
v 0.21554506 -1.09231034 4.88096084
v 0.22537739 -1.09239975 4.87588811
v 0.20756111 -1.09656611 4.88732941
v 0.20444544 -1.10167330 4.88134511
v 0.20260338 -1.10913608 4.87780682
v 0.20941054 -1.10786399 4.86917793
v 0.21926758 -1.10789072 4.86415289
v 0.24018970 -1.11156609 4.86795231
v 0.23024392 -1.10921096 4.86371573
v 0.24498531 -1.10370507 4.87716347
v 0.24289924 -1.10469619 4.87315673
v 0.23513234 -1.09681673 4.87310514
v 0.21168983 -1.09862983 4.87355590
v 0.22153771 -1.09869381 4.86851316
v 0.23206023 -1.10185258 4.86720446
v 0.24119643 -1.10748746 4.86988611
v 0.05289313 -1.10469637 4.89398539
v 0.05119031 -1.10748764 4.89071458
v 0.05018357 -1.11156628 4.88878097
v 0.05141449 -1.10615473 4.88755647
v 0.05021032 -1.11112585 4.88759074
v 0.04998630 -1.11404499 4.88757845
v 0.05508820 -1.09935477 4.88756168
v 0.05705616 -1.09718209 4.88955714
v 0.06048183 -1.09412987 4.88757211
v 0.06106861 -1.09502869 4.89482172
v 0.06813067 -1.09045226 4.88757118
v 0.06988320 -1.09016495 4.89023253
v 0.06897991 -1.09022623 4.88756951
v 0.08099076 -1.09022781 4.88758608
v 0.07498223 -1.08949505 4.88757770
v 0.08441940 -1.09231044 4.89419475
v 0.07458706 -1.09239984 4.89926729
v 0.09225195 -1.09651852 4.88947574
v 0.08893012 -1.09374756 4.88758348
v 0.08260981 -1.09068705 4.88758199
v 0.09736110 -1.10913618 4.89734858
v 0.09975249 -1.11111347 4.88756485
v 0.09864053 -1.10641504 4.88759689
v 0.09055396 -1.10786408 4.90597766
v 0.08069691 -1.10789081 4.91100270
v 0.05977480 -1.11156628 4.90720309
v 0.06972058 -1.10921105 4.91143968
v 0.05497918 -1.10370526 4.89799212
v 0.05706523 -1.10469637 4.90199886
v 0.06483214 -1.09681683 4.90205046
v 0.05876805 -1.10748764 4.90526948
v 0.06790425 -1.10185267 4.90795113
v 0.07842677 -1.09869391 4.90664243
v 0.08827464 -1.09862993 4.90159970
v 0.09551902 -1.10167339 4.89381049
v 0.09466750 -1.09908432 4.88759167
v 0.09707136 -1.10469628 4.88117020
v 0.09877417 -1.10748755 4.88444082
v 0.09978092 -1.11156618 4.88637462
v 0.09290989 -1.09718377 4.88559752
v 0.08889586 -1.09502869 4.88033388
v 0.08008126 -1.09016495 4.88492306
v 0.06554506 -1.09231044 4.88096084
v 0.07537740 -1.09239984 4.87588811
v 0.05756112 -1.09656621 4.88732941
v 0.05444545 -1.10167339 4.88134511
v 0.05260339 -1.10913618 4.87780682
v 0.05941052 -1.10786417 4.86917793
v 0.06926758 -1.10789081 4.86415289
v 0.09018969 -1.11156618 4.86795231
v 0.08024391 -1.10921105 4.86371573
v 0.09498530 -1.10370517 4.87716347
v 0.09289925 -1.10469628 4.87315673
v 0.08513233 -1.09681683 4.87310514
v 0.06168984 -1.09863002 4.87355590
v 0.07153770 -1.09869391 4.86851316
v 0.08206022 -1.10185267 4.86720446
v 0.09119643 -1.10748755 4.86988611
v -0.09710687 -1.10469647 4.89398539
v -0.09880968 -1.10748773 4.89071458
v -0.09981643 -1.11156637 4.88878097
v -0.09858551 -1.10615483 4.88755647
v -0.09978969 -1.11112595 4.88759074
v -0.10001371 -1.11404518 4.88757845
v -0.09491180 -1.09935487 4.88756168
v -0.09294384 -1.09718218 4.88955714
v -0.08951817 -1.09413005 4.88757211
v -0.08893139 -1.09502887 4.89482172
v -0.08186933 -1.09045235 4.88757118
v -0.08011680 -1.09016504 4.89023253
v -0.08102009 -1.09022642 4.88756951
v -0.06900924 -1.09022791 4.88758608
v -0.07501777 -1.08949514 4.88757770
v -0.06558060 -1.09231053 4.89419475
v -0.07541293 -1.09239994 4.89926729
v -0.05774805 -1.09651862 4.88947574
v -0.06106988 -1.09374765 4.88758348
v -0.06739019 -1.09068714 4.88758199
v -0.05263890 -1.10913627 4.89734858
v -0.05024751 -1.11111356 4.88756485
v -0.05135948 -1.10641522 4.88759689
v -0.05944604 -1.10786427 4.90597766
v -0.06930309 -1.10789100 4.91100270
v -0.09022520 -1.11156637 4.90720309
v -0.08027942 -1.10921124 4.91143968
v -0.09502082 -1.10370535 4.89799212
v -0.09293477 -1.10469647 4.90199886
v -0.08516787 -1.09681692 4.90205046
v -0.09123195 -1.10748773 4.90526948
v -0.08209575 -1.10185277 4.90795113
v -0.07157323 -1.09869400 4.90664243
v -0.06172537 -1.09863011 4.90159970
v -0.05448098 -1.10167349 4.89381049
v -0.05533249 -1.09908441 4.88759167
v -0.05292865 -1.10469647 4.88117020
v -0.05122583 -1.10748773 4.88444082
v -0.05021907 -1.11156628 4.88637462
v -0.05709011 -1.09718395 4.88559752
v -0.06110414 -1.09502878 4.88033388
v -0.06991874 -1.09016504 4.88492306
v -0.08445494 -1.09231053 4.88096084
v -0.07462261 -1.09239994 4.87588811
v -0.09243888 -1.09656630 4.88732941
v -0.09555455 -1.10167358 4.88134511
v -0.09739661 -1.10913627 4.87780682
v -0.09058947 -1.10786427 4.86917793
v -0.08073242 -1.10789100 4.86415289
v -0.05981031 -1.11156637 4.86795231
v -0.06975609 -1.10921115 4.86371573
v -0.05501470 -1.10370535 4.87716347
v -0.05710075 -1.10469647 4.87315673
v -0.06486767 -1.09681692 4.87310514
v -0.08831017 -1.09863011 4.87355590
v -0.07846230 -1.09869400 4.86851316
v -0.06793978 -1.10185277 4.86720446
v -0.05880356 -1.10748773 4.86988611
v -0.24710686 -1.10469656 4.89398539
v -0.24880969 -1.10748783 4.89071458
v -0.24981643 -1.11156646 4.88878097
v -0.24858550 -1.10615501 4.88755647
v -0.24978968 -1.11112613 4.88759074
v -0.25001371 -1.11404527 4.88757845
v -0.24491181 -1.09935505 4.88756168
v -0.24294383 -1.09718228 4.88955714
v -0.23951817 -1.09413015 4.88757211
v -0.23893139 -1.09502897 4.89482172
v -0.23186933 -1.09045245 4.88757118
v -0.23011679 -1.09016523 4.89023253
v -0.23102008 -1.09022651 4.88756951
v -0.21900926 -1.09022800 4.88758608
v -0.22501778 -1.08949523 4.88757770
v -0.21558059 -1.09231072 4.89419475
v -0.22541294 -1.09240003 4.89926729
v -0.20774805 -1.09651871 4.88947574
v -0.21106987 -1.09374784 4.88758348
v -0.21739020 -1.09068723 4.88758199
v -0.20263891 -1.10913636 4.89734858
v -0.20024751 -1.11111365 4.88756485
v -0.20135948 -1.10641532 4.88759689
v -0.20944604 -1.10786436 4.90597766
v -0.21930309 -1.10789109 4.91100270
v -0.24022521 -1.11156646 4.90720309
v -0.23027943 -1.10921133 4.91143968
v -0.24502082 -1.10370545 4.89799212
v -0.24293477 -1.10469656 4.90199886
v -0.23516787 -1.09681711 4.90205046
v -0.24123194 -1.10748783 4.90526948
v -0.23209574 -1.10185295 4.90795113
v -0.22157324 -1.09869409 4.90664243
v -0.21172536 -1.09863020 4.90159970
v -0.20448097 -1.10167367 4.89381049
v -0.20533251 -1.09908450 4.88759167
v -0.20292865 -1.10469656 4.88117020
v -0.20122582 -1.10748783 4.88444082
v -0.20021908 -1.11156646 4.88637462
v -0.20709012 -1.09718405 4.88559752
v -0.21110415 -1.09502897 4.88033388
v -0.21991874 -1.09016513 4.88492306
v -0.23445494 -1.09231072 4.88096084
v -0.22462260 -1.09240003 4.87588811
v -0.24243889 -1.09656639 4.88732941
v -0.24555456 -1.10167367 4.88134511
v -0.24739660 -1.10913645 4.87780682
v -0.24058947 -1.10786436 4.86917793
v -0.23073242 -1.10789109 4.86415289
v -0.20981031 -1.11156646 4.86795231
v -0.21975609 -1.10921133 4.86371573
v -0.20501469 -1.10370545 4.87716347
v -0.20710076 -1.10469656 4.87315673
v -0.21486767 -1.09681701 4.87310514
v -0.23831017 -1.09863020 4.87355590
v -0.22846230 -1.09869409 4.86851316
v -0.21793977 -1.10185286 4.86720446
v -0.20880357 -1.10748783 4.86988611
v -0.05001748 -1.45671666 5.12336567
v -0.05001731 -1.66449510 5.12336567
v -0.05027971 -1.66449510 5.11975307
v -0.05124107 -1.45671666 5.11564035
v -0.05124090 -1.66449510 5.11564035
v -0.05479205 -1.45671666 5.10867107
v -0.05154138 -1.66449510 5.11477031
v -0.05379542 -1.66449510 5.11015095
v -0.05479189 -1.66449510 5.10867107
v -0.05694655 -1.66449510 5.10609019
v -0.06032285 -1.45671666 5.10314032
v -0.06032268 -1.66449510 5.10314032
v -0.06729205 -1.45671666 5.09958937
v -0.06086155 -1.66449510 5.10275960
v -0.06537495 -1.66449510 5.10030016
v -0.06729189 -1.66449510 5.09958937
v -0.07029595 -1.66449510 5.09881563
v -0.07501748 -1.45671666 5.09836580
v -0.07501731 -1.66449510 5.09836580
v -0.07671823 -1.66449510 5.09842373
v -0.08274290 -1.45671666 5.09958937
v -0.08178323 -1.66449510 5.09929862
v -0.08274274 -1.66449510 5.09958937
v -0.08971211 -1.45671666 5.10314032
v -0.08656222 -1.66449510 5.10119106
v -0.08971195 -1.66449510 5.10314032
v -0.09085318 -1.66449510 5.10402079
v -0.09447474 -1.66449510 5.10766841
v -0.09524290 -1.45671666 5.10867107
v -0.09879372 -1.66449510 5.11564035
v -0.09879390 -1.45671666 5.11564035
v -0.09727379 -1.66449510 5.11197932
v -0.09524274 -1.66449510 5.10867107
v -0.09913202 -1.66449510 5.11677172
v -0.09997089 -1.66449510 5.12184296
v -0.10001748 -1.45671666 5.12336567
v -0.10001732 -1.66449510 5.12336567
v -0.09975492 -1.66449510 5.12697827
v -0.09879390 -1.45671666 5.13109117
v -0.09623920 -1.66449510 5.13658058
v -0.09524290 -1.45671666 5.13806045
v -0.09849324 -1.66449510 5.13196103
v -0.09879372 -1.66449510 5.13109117
v -0.09524274 -1.66449510 5.13806045
v -0.09308808 -1.66449510 5.14064133
v -0.08971211 -1.45671666 5.14359120
v -0.08465967 -1.66449510 5.14643136
v -0.08274290 -1.45671666 5.14714215
v -0.08917307 -1.66449510 5.14397192
v -0.08971195 -1.66449510 5.14359120
v -0.08274274 -1.66449510 5.14714215
v -0.07973867 -1.66449510 5.14791589
v -0.07501748 -1.45671666 5.14836572
v -0.07501731 -1.66449510 5.14836572
v -0.07331639 -1.66449510 5.14830779
v -0.06729205 -1.45671666 5.14714215
v -0.06825139 -1.66449510 5.14743272
v -0.06729189 -1.66449510 5.14714215
v -0.06347257 -1.45671666 5.14554046
v -0.06347240 -1.66449510 5.14554046
v -0.06032285 -1.45671666 5.14359120
v -0.05555989 -1.66449510 5.13906311
v -0.05479205 -1.45671666 5.13806045
v -0.05918145 -1.66449510 5.14271073
v -0.06032268 -1.66449510 5.14359120
v -0.05479189 -1.66449510 5.13806045
v -0.05276083 -1.66449510 5.13475202
v -0.05124107 -1.45671666 5.13109117
v -0.05124090 -1.66449510 5.13109117
v -0.05090260 -1.66449510 5.12995980
v -0.05006374 -1.66449510 5.12488857
v -0.08931344 -1.67358518 5.10498117
v -0.08905531 -1.66857168 5.10308481
v -0.08821681 -1.66913830 5.10264821
v -0.08195349 -1.66588295 5.09938728
v -0.08231871 -1.66690536 5.09957745
v -0.07503025 -1.66818295 5.09863924
v -0.07705156 -1.66721214 5.09859714
v -0.07673363 -1.66508444 5.09843174
v -0.07501525 -1.68330148 5.10689392
v -0.07604876 -1.68115441 5.10475374
v -0.07501275 -1.68102104 5.10460678
v -0.07501387 -1.68940071 5.12119587
v -0.07501729 -1.68949515 5.12336567
v -0.07650295 -1.68928728 5.12051228
v -0.09445933 -1.66508444 5.10766040
v -0.09084531 -1.66479610 5.10401670
v -0.09725151 -1.66534781 5.11196777
v -0.09910380 -1.66557506 5.11675700
v -0.09993792 -1.66575685 5.12182563
v -0.09620085 -1.66596249 5.13656065
v -0.09845510 -1.66595466 5.13194129
v -0.09971859 -1.66588519 5.12695946
v -0.09305115 -1.66590847 5.14062214
v -0.08913911 -1.66579448 5.14395423
v -0.08463012 -1.66562572 5.14641609
v -0.07971479 -1.66540910 5.14790341
v -0.07922166 -1.66870914 5.14764674
v -0.07500563 -1.66891422 5.14797214
v -0.07501482 -1.66541077 5.14834895
v -0.08057843 -1.67696737 5.14430664
v -0.07505444 -1.67558845 5.14576975
v -0.07643935 -1.67457778 5.14619816
v -0.07503211 -1.67217534 5.14715686
v -0.07779193 -1.68453958 5.13804648
v -0.07502052 -1.68367140 5.13940546
v -0.07501786 -1.68178156 5.14142606
v -0.07886828 -1.68884210 5.12753669
v -0.07502410 -1.68923866 5.12693766
v -0.07635812 -1.68794375 5.13193123
v -0.07502311 -1.68845542 5.13050053
v -0.07501793 -1.68732386 5.13355657
v -0.07881298 -1.68810524 5.11607527
v -0.07501083 -1.68852378 5.11646438
v -0.07501056 -1.68924313 5.11982534
v -0.08096257 -1.68592539 5.11194654
v -0.07501640 -1.68724824 5.11300750
v -0.07501728 -1.68771017 5.11408895
v -0.07501879 -1.66517943 5.09837512
v -0.08179109 -1.66479610 5.09930271
v -0.08286978 -1.66781563 5.09986449
v -0.07776656 -1.66921355 5.09896949
v -0.07884540 -1.67099573 5.09953107
v -0.07500459 -1.67193301 5.09949773
v -0.07498052 -1.67517308 5.10076079
v -0.08358109 -1.66857168 5.10023478
v -0.08023796 -1.67247597 5.10025620
v -0.07667414 -1.67604275 5.10125439
v -0.07497953 -1.67609658 5.10122068
v -0.07498875 -1.67822782 5.10247536
v -0.08718062 -1.67864170 5.10672461
v -0.08749917 -1.67427212 5.10403663
v -0.08729009 -1.66948922 5.10216579
v -0.07904936 -1.67764779 5.10249119
v -0.08187951 -1.67358518 5.10111078
v -0.08441959 -1.66913830 5.10067120
v -0.08286084 -1.68283954 5.10830041
v -0.08442755 -1.67897809 5.10529112
v -0.08559648 -1.67450458 5.10304607
v -0.08631820 -1.66960787 5.10165971
v -0.07501174 -1.68557819 5.10993041
v -0.07688891 -1.68542750 5.10982554
v -0.07937378 -1.68241318 5.10648489
v -0.08167449 -1.67864170 5.10385781
v -0.08369379 -1.67427212 5.10205533
v -0.08534631 -1.66948922 5.10115381
v -0.08634790 -1.68241318 5.11011593
v -0.08503622 -1.68542750 5.11406734
v -0.08330102 -1.68755669 5.11841196
v -0.08121566 -1.68871135 5.12296576
v -0.07502072 -1.68940071 5.12553565
v -0.08980575 -1.67764779 5.10809123
v -0.08967292 -1.68115441 5.11184707
v -0.08892058 -1.68395676 5.11608962
v -0.08758052 -1.68593656 5.12063987
v -0.08570939 -1.68701001 5.12530543
v -0.08338629 -1.68713164 5.12988884
v -0.08070942 -1.68629624 5.13419658
v -0.07502279 -1.68562531 5.13672679
v -0.09095500 -1.67247597 5.10583576
v -0.09218097 -1.67604275 5.10932784
v -0.09268140 -1.67912152 5.11341337
v -0.09243515 -1.68158188 5.11791948
v -0.09145261 -1.68332011 5.12265581
v -0.08977531 -1.68426242 5.12742232
v -0.08747418 -1.68436915 5.13201710
v -0.08464647 -1.68363582 5.13624642
v -0.08141171 -1.68209337 5.13993110
v -0.07790666 -1.67980716 5.14291562
v -0.07501972 -1.68133676 5.14184162
v -0.07504313 -1.67852063 5.14406077
v -0.08976663 -1.66781563 5.10345511
v -0.09234755 -1.67099573 5.10656088
v -0.09419590 -1.67390108 5.11037688
v -0.09523354 -1.67640876 5.11474199
v -0.09541660 -1.67841297 5.11947181
v -0.09473735 -1.67982876 5.12436609
v -0.09322449 -1.68059636 5.12921810
v -0.09094199 -1.68068334 5.13382256
v -0.08798632 -1.68008599 5.13798520
v -0.08448243 -1.67882964 5.14152981
v -0.07811267 -1.67181361 5.14706932
v -0.08264832 -1.67354792 5.14538418
v -0.08686138 -1.67489965 5.14276847
v -0.09057378 -1.67581160 5.13933226
v -0.09362858 -1.67624522 5.13522140
v -0.09589665 -1.67618208 5.13060931
v -0.09728211 -1.67562496 5.12569099
v -0.09772640 -1.67459734 5.12067433
v -0.09721074 -1.67314261 5.11577148
v -0.09575692 -1.67132244 5.11118956
v -0.09342640 -1.66921355 5.10712247
v -0.09031770 -1.66690536 5.10374196
v -0.08402013 -1.66970789 5.14609851
v -0.08843803 -1.67048629 5.14358915
v -0.09228862 -1.67101137 5.14022521
v -0.09540912 -1.67126115 5.13614844
v -0.09766762 -1.67122465 5.13153132
v -0.09896865 -1.67090390 5.12656904
v -0.09925722 -1.67031214 5.12147136
v -0.09852112 -1.66947450 5.11645376
v -0.09679148 -1.66842639 5.11172823
v -0.09414140 -1.66721214 5.10749481
v -0.09068291 -1.66588295 5.10393213
v -0.06072117 -1.67358518 5.14175035
v -0.06097931 -1.66857168 5.14364671
v -0.06181780 -1.66913830 5.14408331
v -0.06716484 -1.66781563 5.14686703
v -0.06645353 -1.66857168 5.14649674
v -0.06771591 -1.66690536 5.14715407
v -0.06808113 -1.66588295 5.14734406
v -0.07336047 -1.67604275 5.14547694
v -0.06979665 -1.67247579 5.14647532
v -0.07118921 -1.67099573 5.14720026
v -0.07353164 -1.68928728 5.12621924
v -0.07367647 -1.68794375 5.11480029
v -0.07224266 -1.68453958 5.10868504
v -0.05557529 -1.66508444 5.13907112
v -0.05918931 -1.66479610 5.14271483
v -0.05278311 -1.66534781 5.13476375
v -0.05093082 -1.66557506 5.12997433
v -0.05009670 -1.66575667 5.12490570
v -0.05383376 -1.66596249 5.11017088
v -0.05157951 -1.66595466 5.11479024
v -0.05031603 -1.66588500 5.11977207
v -0.05698347 -1.66590847 5.10610938
v -0.06089550 -1.66579448 5.10277729
v -0.06540449 -1.66562572 5.10031543
v -0.07031983 -1.66540910 5.09882811
v -0.07081295 -1.66870914 5.09908478
v -0.06945617 -1.67696737 5.10242488
v -0.07359525 -1.67457778 5.10053336
v -0.07116630 -1.68884210 5.11919483
v -0.06907202 -1.68592539 5.13478499
v -0.07122160 -1.68810524 5.13065625
v -0.07398584 -1.68115441 5.14197778
v -0.07226805 -1.66921355 5.14776204
v -0.07298305 -1.66721214 5.14813419
v -0.07330099 -1.66508444 5.14829978
v -0.06824353 -1.66479610 5.14742862
v -0.06285398 -1.67864170 5.14000691
v -0.06253544 -1.67427193 5.14269490
v -0.06274453 -1.66948903 5.14456574
v -0.07098524 -1.67764779 5.14424033
v -0.06815510 -1.67358518 5.14562074
v -0.06561503 -1.66913830 5.14606014
v -0.06717375 -1.68283954 5.13843111
v -0.06560705 -1.67897809 5.14144022
v -0.06443813 -1.67450458 5.14368545
v -0.06371642 -1.66960787 5.14507163
v -0.07314567 -1.68542750 5.13690598
v -0.07066081 -1.68241318 5.14024663
v -0.06836011 -1.67864170 5.14287371
v -0.06634082 -1.67427193 5.14467600
v -0.06468830 -1.66948903 5.14557771
v -0.06368670 -1.68241318 5.13661559
v -0.06499837 -1.68542750 5.13266418
v -0.06673356 -1.68755669 5.12831956
v -0.06881892 -1.68871116 5.12376576
v -0.06022885 -1.67764779 5.13864029
v -0.06036167 -1.68115441 5.13488445
v -0.06111401 -1.68395676 5.13064172
v -0.06245407 -1.68593656 5.12609146
v -0.06432519 -1.68701001 5.12142610
v -0.06664830 -1.68713164 5.11684268
v -0.06932517 -1.68629624 5.11253494
v -0.07212794 -1.67980716 5.10381590
v -0.06862288 -1.68209337 5.10680042
v -0.06538812 -1.68363582 5.11048510
v -0.06256041 -1.68436915 5.11471424
v -0.06025928 -1.68426242 5.11930920
v -0.05858199 -1.68332011 5.12407552
v -0.05759945 -1.68158188 5.12881204
v -0.05735320 -1.67912152 5.13331815
v -0.05785364 -1.67604275 5.13740368
v -0.05907961 -1.67247579 5.14089558
v -0.06026799 -1.66781563 5.14327641
v -0.05768706 -1.67099573 5.14017064
v -0.05583871 -1.67390108 5.13635464
v -0.05480106 -1.67640876 5.13198934
v -0.05461800 -1.67841297 5.12725971
v -0.05529725 -1.67982876 5.12236543
v -0.05681011 -1.68059636 5.11751342
v -0.05909261 -1.68068334 5.11290878
v -0.06204828 -1.68008599 5.10874632
v -0.06555217 -1.67882964 5.10520171
v -0.05971693 -1.66690536 5.14298938
v -0.05660822 -1.66921355 5.13960886
v -0.05427770 -1.67132244 5.13554178
v -0.05282387 -1.67314261 5.13096004
v -0.05230820 -1.67459715 5.12605719
v -0.05275249 -1.67562496 5.12104053
v -0.05413795 -1.67618208 5.11612221
v -0.05640602 -1.67624522 5.11151012
v -0.05946082 -1.67581160 5.10739907
v -0.06317322 -1.67489965 5.10396305
v -0.06738629 -1.67354792 5.10134734
v -0.07192193 -1.67181361 5.09966220
v -0.06601448 -1.66970789 5.10063302
v -0.06159657 -1.67048629 5.10314218
v -0.05774599 -1.67101137 5.10650631
v -0.05462549 -1.67126097 5.11058308
v -0.05236699 -1.67122465 5.11520020
v -0.05106596 -1.67090390 5.12016248
v -0.05077739 -1.67031214 5.12526016
v -0.05151349 -1.66947450 5.13027776
v -0.05324314 -1.66842639 5.13500329
v -0.05589322 -1.66721214 5.13923671
v -0.05935171 -1.66588295 5.14279920
v -0.20001747 -1.45671675 5.12336567
v -0.20001731 -1.66449528 5.12336567
v -0.20027971 -1.66449528 5.11975307
v -0.20124107 -1.45671675 5.11564035
v -0.20124090 -1.66449528 5.11564035
v -0.20479206 -1.45671675 5.10867107
v -0.20154137 -1.66449528 5.11477031
v -0.20379543 -1.66449528 5.11015095
v -0.20479190 -1.66449528 5.10867107
v -0.20694654 -1.66449528 5.10609019
v -0.21032284 -1.45671675 5.10314032
v -0.21032267 -1.66449528 5.10314032
v -0.21729206 -1.45671675 5.09958937
v -0.21086156 -1.66449528 5.10275960
v -0.21537496 -1.66449528 5.10030016
v -0.21729188 -1.66449528 5.09958937
v -0.22029595 -1.66449528 5.09881563
v -0.22501748 -1.45671675 5.09836580
v -0.22501731 -1.66449528 5.09836580
v -0.22671823 -1.66449528 5.09842373
v -0.23274291 -1.45671684 5.09958937
v -0.23178323 -1.66449528 5.09929862
v -0.23274273 -1.66449528 5.09958937
v -0.23971212 -1.45671684 5.10314032
v -0.23656222 -1.66449528 5.10119106
v -0.23971195 -1.66449528 5.10314032
v -0.24085317 -1.66449528 5.10402079
v -0.24447474 -1.66449528 5.10766841
v -0.24524289 -1.45671684 5.10867107
v -0.24879372 -1.66449528 5.11564035
v -0.24879389 -1.45671684 5.11564035
v -0.24727378 -1.66449528 5.11197932
v -0.24524273 -1.66449528 5.10867107
v -0.24913203 -1.66449528 5.11677172
v -0.24997089 -1.66449528 5.12184296
v -0.25001748 -1.45671684 5.12336567
v -0.25001732 -1.66449528 5.12336567
v -0.24975492 -1.66449528 5.12697827
v -0.24879389 -1.45671684 5.13109117
v -0.24623920 -1.66449528 5.13658058
v -0.24524289 -1.45671684 5.13806045
v -0.24849325 -1.66449528 5.13196103
v -0.24879372 -1.66449528 5.13109117
v -0.24524273 -1.66449528 5.13806045
v -0.24308807 -1.66449528 5.14064133
v -0.23971212 -1.45671684 5.14359120
v -0.23465967 -1.66449528 5.14643136
v -0.23274291 -1.45671684 5.14714215
v -0.23917307 -1.66449528 5.14397192
v -0.23971195 -1.66449528 5.14359120
v -0.23274273 -1.66449528 5.14714215
v -0.22973868 -1.66449528 5.14791589
v -0.22501748 -1.45671675 5.14836572
v -0.22501731 -1.66449528 5.14836572
v -0.22331639 -1.66449528 5.14830779
v -0.21729206 -1.45671675 5.14714215
v -0.21825139 -1.66449528 5.14743272
v -0.21729188 -1.66449528 5.14714215
v -0.21347257 -1.45671675 5.14554046
v -0.21347241 -1.66449528 5.14554046
v -0.21032284 -1.45671675 5.14359120
v -0.20555989 -1.66449528 5.13906311
v -0.20479206 -1.45671675 5.13806045
v -0.20918145 -1.66449528 5.14271073
v -0.21032267 -1.66449528 5.14359120
v -0.20479190 -1.66449528 5.13806045
v -0.20276085 -1.66449528 5.13475202
v -0.20124107 -1.45671675 5.13109117
v -0.20124090 -1.66449528 5.13109117
v -0.20090260 -1.66449528 5.12995980
v -0.20006374 -1.66449528 5.12488857
v -0.23931344 -1.67358536 5.10498117
v -0.23905532 -1.66857187 5.10308481
v -0.23821681 -1.66913848 5.10264821
v -0.23195350 -1.66588314 5.09938728
v -0.23231872 -1.66690536 5.09957745
v -0.22503026 -1.66818295 5.09863924
v -0.22705155 -1.66721214 5.09859714
v -0.22673362 -1.66508444 5.09843174
v -0.22501524 -1.68330148 5.10689392
v -0.22604875 -1.68115459 5.10475374
v -0.22501275 -1.68102104 5.10460678
v -0.22501387 -1.68940090 5.12119587
v -0.22501729 -1.68949533 5.12336567
v -0.22650294 -1.68928746 5.12051228
v -0.24445935 -1.66508462 5.10766040
v -0.24084533 -1.66479629 5.10401670
v -0.24725150 -1.66534781 5.11196777
v -0.24910381 -1.66557524 5.11675700
v -0.24993792 -1.66575685 5.12182563
v -0.24620085 -1.66596267 5.13656065
v -0.24845509 -1.66595485 5.13194129
v -0.24971860 -1.66588519 5.12695946
v -0.24305114 -1.66590847 5.14062214
v -0.23913912 -1.66579466 5.14395423
v -0.23463012 -1.66562591 5.14641609
v -0.22971479 -1.66540928 5.14790341
v -0.22922165 -1.66870933 5.14764674
v -0.22500562 -1.66891422 5.14797214
v -0.22501482 -1.66541096 5.14834895
v -0.23057843 -1.67696737 5.14430664
v -0.22505443 -1.67558864 5.14576975
v -0.22643935 -1.67457797 5.14619816
v -0.22503210 -1.67217553 5.14715686
v -0.22779193 -1.68453958 5.13804648
v -0.22502053 -1.68367140 5.13940546
v -0.22501785 -1.68178175 5.14142606
v -0.22886829 -1.68884210 5.12753669
v -0.22502411 -1.68923866 5.12693766
v -0.22635811 -1.68794375 5.13193123
v -0.22502311 -1.68845560 5.13050053
v -0.22501792 -1.68732386 5.13355657
v -0.22881299 -1.68810543 5.11607527
v -0.22501084 -1.68852378 5.11646438
v -0.22501056 -1.68924332 5.11982534
v -0.23096257 -1.68592539 5.11194654
v -0.22501640 -1.68724842 5.11300750
v -0.22501729 -1.68771036 5.11408895
v -0.22501878 -1.66517962 5.09837512
v -0.23179110 -1.66479629 5.09930271
v -0.23286978 -1.66781582 5.09986449
v -0.22776655 -1.66921373 5.09896949
v -0.22884540 -1.67099591 5.09953107
v -0.22500460 -1.67193301 5.09949773
v -0.22498053 -1.67517308 5.10076079
v -0.23358108 -1.66857187 5.10023478
v -0.23023796 -1.67247597 5.10025620
v -0.22667414 -1.67604294 5.10125439
v -0.22497952 -1.67609677 5.10122068
v -0.22498874 -1.67822801 5.10247536
v -0.23718062 -1.67864170 5.10672461
v -0.23749918 -1.67427212 5.10403663
v -0.23729010 -1.66948922 5.10216579
v -0.22904936 -1.67764798 5.10249119
v -0.23187951 -1.67358536 5.10111078
v -0.23441960 -1.66913848 5.10067120
v -0.23286084 -1.68283954 5.10830041
v -0.23442756 -1.67897828 5.10529112
v -0.23559649 -1.67450476 5.10304607
v -0.23631819 -1.66960806 5.10165971
v -0.22501175 -1.68557819 5.10993041
v -0.22688892 -1.68542750 5.10982554
v -0.22937378 -1.68241337 5.10648489
v -0.23167450 -1.67864170 5.10385781
v -0.23369379 -1.67427212 5.10205533
v -0.23534631 -1.66948922 5.10115381
v -0.23634790 -1.68241337 5.11011593
v -0.23503623 -1.68542750 5.11406734
v -0.23330103 -1.68755688 5.11841196
v -0.23121566 -1.68871135 5.12296576
v -0.22502071 -1.68940090 5.12553565
v -0.23980576 -1.67764798 5.10809123
v -0.23967293 -1.68115459 5.11184707
v -0.23892059 -1.68395694 5.11608962
v -0.23758053 -1.68593675 5.12063987
v -0.23570939 -1.68701001 5.12530543
v -0.23338629 -1.68713164 5.12988884
v -0.23070942 -1.68629643 5.13419658
v -0.22502281 -1.68562531 5.13672679
v -0.24095499 -1.67247597 5.10583576
v -0.24218096 -1.67604294 5.10932784
v -0.24268141 -1.67912152 5.11341337
v -0.24243514 -1.68158207 5.11791948
v -0.24145260 -1.68332011 5.12265581
v -0.23977531 -1.68426260 5.12742232
v -0.23747417 -1.68436933 5.13201710
v -0.23464647 -1.68363601 5.13624642
v -0.23141170 -1.68209355 5.13993110
v -0.22790665 -1.67980716 5.14291562
v -0.22501973 -1.68133695 5.14184162
v -0.22504313 -1.67852081 5.14406077
v -0.23976662 -1.66781582 5.10345511
v -0.24234755 -1.67099591 5.10656088
v -0.24419590 -1.67390127 5.11037688
v -0.24523353 -1.67640895 5.11474199
v -0.24541661 -1.67841315 5.11947181
v -0.24473735 -1.67982895 5.12436609
v -0.24322448 -1.68059655 5.12921810
v -0.24094200 -1.68068353 5.13382256
v -0.23798633 -1.68008618 5.13798520
v -0.23448244 -1.67882983 5.14152981
v -0.22811268 -1.67181361 5.14706932
v -0.23264831 -1.67354811 5.14538418
v -0.23686138 -1.67489983 5.14276847
v -0.24057378 -1.67581178 5.13933226
v -0.24362858 -1.67624541 5.13522140
v -0.24589666 -1.67618226 5.13060931
v -0.24728212 -1.67562496 5.12569099
v -0.24772640 -1.67459734 5.12067433
v -0.24721073 -1.67314280 5.11577148
v -0.24575691 -1.67132244 5.11118956
v -0.24342639 -1.66921373 5.10712247
v -0.24031769 -1.66690536 5.10374196
v -0.23402013 -1.66970808 5.14609851
v -0.23843804 -1.67048648 5.14358915
v -0.24228862 -1.67101156 5.14022521
v -0.24540911 -1.67126115 5.13614844
v -0.24766761 -1.67122483 5.13153132
v -0.24896865 -1.67090409 5.12656904
v -0.24925722 -1.67031232 5.12147136
v -0.24852112 -1.66947469 5.11645376
v -0.24679147 -1.66842658 5.11172823
v -0.24414139 -1.66721232 5.10749481
v -0.24068293 -1.66588314 5.10393213
v -0.21072116 -1.67358518 5.14175035
v -0.21097930 -1.66857187 5.14364671
v -0.21181779 -1.66913830 5.14408331
v -0.21716484 -1.66781582 5.14686703
v -0.21645352 -1.66857187 5.14649674
v -0.21771591 -1.66690536 5.14715407
v -0.21808113 -1.66588314 5.14734406
v -0.22336047 -1.67604294 5.14547694
v -0.21979664 -1.67247597 5.14647532
v -0.22118920 -1.67099591 5.14720026
v -0.22353164 -1.68928746 5.12621924
v -0.22367646 -1.68794375 5.11480029
v -0.22224267 -1.68453958 5.10868504
v -0.20557528 -1.66508444 5.13907112
v -0.20918930 -1.66479629 5.14271483
v -0.20278310 -1.66534781 5.13476375
v -0.20093082 -1.66557524 5.12997433
v -0.20009670 -1.66575685 5.12490570
v -0.20383375 -1.66596267 5.11017088
v -0.20157951 -1.66595485 5.11479024
v -0.20031603 -1.66588519 5.11977207
v -0.20698346 -1.66590847 5.10610938
v -0.21089551 -1.66579466 5.10277729
v -0.21540450 -1.66562591 5.10031543
v -0.22031984 -1.66540928 5.09882811
v -0.22081295 -1.66870933 5.09908478
v -0.21945618 -1.67696737 5.10242488
v -0.22359525 -1.67457797 5.10053336
v -0.22116629 -1.68884210 5.11919483
v -0.21907203 -1.68592539 5.13478499
v -0.22122161 -1.68810543 5.13065625
v -0.22398583 -1.68115459 5.14197778
v -0.22226805 -1.66921373 5.14776204
v -0.22298305 -1.66721214 5.14813419
v -0.22330098 -1.66508444 5.14829978
v -0.21824352 -1.66479629 5.14742862
v -0.21285398 -1.67864170 5.14000691
v -0.21253545 -1.67427212 5.14269490
v -0.21274453 -1.66948922 5.14456574
v -0.22098524 -1.67764798 5.14424033
v -0.21815510 -1.67358518 5.14562074
v -0.21561503 -1.66913848 5.14606014
v -0.21717376 -1.68283954 5.13843111
v -0.21560704 -1.67897828 5.14144022
v -0.21443814 -1.67450476 5.14368545
v -0.21371641 -1.66960806 5.14507163
v -0.22314568 -1.68542750 5.13690598
v -0.22066082 -1.68241337 5.14024663
v -0.21836010 -1.67864170 5.14287371
v -0.21634083 -1.67427212 5.14467600
v -0.21468829 -1.66948922 5.14557771
v -0.21368670 -1.68241337 5.13661559
v -0.21499838 -1.68542750 5.13266418
v -0.21673357 -1.68755688 5.12831956
v -0.21881892 -1.68871135 5.12376576
v -0.21022884 -1.67764779 5.13864029
v -0.21036167 -1.68115459 5.13488445
v -0.21111402 -1.68395694 5.13064172
v -0.21245407 -1.68593675 5.12609146
v -0.21432519 -1.68701001 5.12142610
v -0.21664831 -1.68713164 5.11684268
v -0.21932516 -1.68629643 5.11253494
v -0.22212793 -1.67980716 5.10381590
v -0.21862288 -1.68209355 5.10680042
v -0.21538814 -1.68363601 5.11048510
v -0.21256041 -1.68436933 5.11471424
v -0.21025927 -1.68426260 5.11930920
v -0.20858198 -1.68332011 5.12407552
v -0.20759946 -1.68158207 5.12881204
v -0.20735320 -1.67912152 5.13331815
v -0.20785364 -1.67604275 5.13740368
v -0.20907961 -1.67247597 5.14089558
v -0.21026800 -1.66781582 5.14327641
v -0.20768705 -1.67099591 5.14017064
v -0.20583870 -1.67390127 5.13635464
v -0.20480107 -1.67640895 5.13198934
v -0.20461800 -1.67841297 5.12725971
v -0.20529726 -1.67982876 5.12236543
v -0.20681010 -1.68059636 5.11751342
v -0.20909260 -1.68068334 5.11290878
v -0.21204827 -1.68008618 5.10874632
v -0.21555217 -1.67882983 5.10520171
v -0.20971692 -1.66690536 5.14298938
v -0.20660821 -1.66921373 5.13960886
v -0.20427769 -1.67132244 5.13554178
v -0.20282387 -1.67314261 5.13096004
v -0.20230820 -1.67459734 5.12605719
v -0.20275249 -1.67562496 5.12104053
v -0.20413795 -1.67618208 5.11612221
v -0.20640602 -1.67624522 5.11151012
v -0.20946083 -1.67581178 5.10739907
v -0.21317322 -1.67489983 5.10396305
v -0.21738629 -1.67354811 5.10134734
v -0.22192195 -1.67181361 5.09966220
v -0.21601447 -1.66970808 5.10063302
v -0.21159658 -1.67048648 5.10314218
v -0.20774598 -1.67101156 5.10650631
v -0.20462549 -1.67126115 5.11058308
v -0.20236699 -1.67122483 5.11520020
v -0.20106595 -1.67090409 5.12016248
v -0.20077738 -1.67031232 5.12526016
v -0.20151350 -1.66947469 5.13027776
v -0.20324313 -1.66842658 5.13500329
v -0.20589321 -1.66721214 5.13923671
v -0.20935170 -1.66588314 5.14279920
v 0.24998253 -1.45671638 5.12336567
v 0.24998270 -1.66449491 5.12336567
v 0.24972029 -1.66449491 5.11975307
v 0.24875894 -1.45671638 5.11564035
v 0.24875910 -1.66449491 5.11564035
v 0.24520794 -1.45671638 5.10867107
v 0.24845863 -1.66449491 5.11477031
v 0.24620458 -1.66449491 5.11015095
v 0.24520811 -1.66449491 5.10867107
v 0.24305345 -1.66449491 5.10609019
v 0.23967715 -1.45671638 5.10314032
v 0.23967731 -1.66449491 5.10314032
v 0.23270794 -1.45671647 5.09958937
v 0.23913844 -1.66449491 5.10275960
v 0.23462505 -1.66449491 5.10030016
v 0.23270810 -1.66449491 5.09958937
v 0.22970405 -1.66449491 5.09881563
v 0.22498253 -1.45671647 5.09836580
v 0.22498269 -1.66449491 5.09836580
v 0.22328177 -1.66449491 5.09842373
v 0.21725709 -1.45671647 5.09958937
v 0.21821677 -1.66449491 5.09929862
v 0.21725725 -1.66449491 5.09958937
v 0.21028789 -1.45671647 5.10314032
v 0.21343778 -1.66449491 5.10119106
v 0.21028805 -1.66449491 5.10314032
v 0.20914681 -1.66449491 5.10402079
v 0.20552527 -1.66449491 5.10766841
v 0.20475709 -1.45671647 5.10867107
v 0.20120628 -1.66449491 5.11564035
v 0.20120612 -1.45671647 5.11564035
v 0.20272620 -1.66449491 5.11197932
v 0.20475725 -1.66449491 5.10867107
v 0.20086798 -1.66449491 5.11677172
v 0.20002911 -1.66449491 5.12184296
v 0.19998252 -1.45671647 5.12336567
v 0.19998269 -1.66449491 5.12336567
v 0.20024509 -1.66449491 5.12697827
v 0.20120612 -1.45671647 5.13109117
v 0.20376081 -1.66449491 5.13658058
v 0.20475709 -1.45671647 5.13806045
v 0.20150675 -1.66449491 5.13196103
v 0.20120628 -1.66449491 5.13109117
v 0.20475725 -1.66449491 5.13806045
v 0.20691191 -1.66449491 5.14064133
v 0.21028789 -1.45671647 5.14359120
v 0.21534034 -1.66449491 5.14643136
v 0.21725709 -1.45671647 5.14714215
v 0.21082694 -1.66449491 5.14397192
v 0.21028805 -1.66449491 5.14359120
v 0.21725725 -1.66449491 5.14714215
v 0.22026133 -1.66449491 5.14791589
v 0.22498253 -1.45671647 5.14836572
v 0.22498269 -1.66449491 5.14836572
v 0.22668361 -1.66449491 5.14830779
v 0.23270794 -1.45671647 5.14714215
v 0.23174861 -1.66449491 5.14743272
v 0.23270810 -1.66449491 5.14714215
v 0.23652744 -1.45671647 5.14554046
v 0.23652760 -1.66449491 5.14554046
v 0.23967715 -1.45671638 5.14359120
v 0.24444012 -1.66449491 5.13906311
v 0.24520794 -1.45671638 5.13806045
v 0.24081855 -1.66449491 5.14271073
v 0.23967731 -1.66449491 5.14359120
v 0.24520811 -1.66449491 5.13806045
v 0.24723916 -1.66449491 5.13475202
v 0.24875894 -1.45671638 5.13109117
v 0.24875910 -1.66449491 5.13109117
v 0.24909740 -1.66449491 5.12995980
v 0.24993627 -1.66449491 5.12488857
v 0.21068656 -1.67358499 5.10498117
v 0.21094468 -1.66857149 5.10308481
v 0.21178320 -1.66913811 5.10264821
v 0.21804650 -1.66588277 5.09938728
v 0.21768128 -1.66690499 5.09957745
v 0.22496975 -1.66818257 5.09863924
v 0.22294843 -1.66721195 5.09859714
v 0.22326636 -1.66508425 5.09843174
v 0.22498474 -1.68330129 5.10689392
v 0.22395125 -1.68115422 5.10475374
v 0.22498725 -1.68102067 5.10460678
v 0.22498614 -1.68940052 5.12119587
v 0.22498271 -1.68949496 5.12336567
v 0.22349705 -1.68928709 5.12051228
v 0.20554066 -1.66508425 5.10766040
v 0.20915468 -1.66479591 5.10401670
v 0.20274848 -1.66534763 5.11196777
v 0.20089620 -1.66557487 5.11675700
v 0.20006208 -1.66575648 5.12182563
v 0.20379915 -1.66596230 5.13656065
v 0.20154489 -1.66595448 5.13194129
v 0.20028141 -1.66588482 5.12695946
v 0.20694886 -1.66590810 5.14062214
v 0.21086088 -1.66579429 5.14395423
v 0.21536988 -1.66562553 5.14641609
v 0.22028522 -1.66540891 5.14790341
v 0.22077835 -1.66870896 5.14764674
v 0.22499438 -1.66891385 5.14797214
v 0.22498518 -1.66541059 5.14834895
v 0.21942158 -1.67696700 5.14430664
v 0.22494555 -1.67558827 5.14576975
v 0.22356065 -1.67457759 5.14619816
v 0.22496788 -1.67217515 5.14715686
v 0.22220807 -1.68453921 5.13804648
v 0.22497948 -1.68367103 5.13940546
v 0.22498213 -1.68178137 5.14142606
v 0.22113172 -1.68884192 5.12753669
v 0.22497589 -1.68923847 5.12693766
v 0.22364189 -1.68794338 5.13193123
v 0.22497689 -1.68845523 5.13050053
v 0.22498206 -1.68732349 5.13355657
v 0.22118702 -1.68810505 5.11607527
v 0.22498916 -1.68852340 5.11646438
v 0.22498944 -1.68924294 5.11982534
v 0.21903743 -1.68592520 5.11194654
v 0.22498360 -1.68724805 5.11300750
v 0.22498271 -1.68770999 5.11408895
v 0.22498120 -1.66517925 5.09837512
v 0.21820890 -1.66479591 5.09930271
v 0.21713022 -1.66781545 5.09986449
v 0.22223343 -1.66921336 5.09896949
v 0.22115461 -1.67099554 5.09953107
v 0.22499540 -1.67193264 5.09949773
v 0.22501948 -1.67517271 5.10076079
v 0.21641890 -1.66857149 5.10023478
v 0.21976205 -1.67247560 5.10025620
v 0.22332587 -1.67604256 5.10125439
v 0.22502048 -1.67609639 5.10122068
v 0.22501126 -1.67822763 5.10247536
v 0.21281939 -1.67864133 5.10672461
v 0.21250083 -1.67427175 5.10403663
v 0.21270991 -1.66948885 5.10216579
v 0.22095065 -1.67764761 5.10249119
v 0.21812050 -1.67358499 5.10111078
v 0.21558041 -1.66913811 5.10067120
v 0.21713916 -1.68283917 5.10830041
v 0.21557244 -1.67897791 5.10529112
v 0.21440352 -1.67450439 5.10304607
v 0.21368179 -1.66960768 5.10165971
v 0.22498826 -1.68557782 5.10993041
v 0.22311108 -1.68542713 5.10982554
v 0.22062622 -1.68241300 5.10648489
v 0.21832550 -1.67864133 5.10385781
v 0.21630621 -1.67427175 5.10205533
v 0.21465370 -1.66948885 5.10115381
v 0.21365210 -1.68241300 5.11011593
v 0.21496378 -1.68542713 5.11406734
v 0.21669897 -1.68755651 5.11841196
v 0.21878434 -1.68871097 5.12296576
v 0.22497927 -1.68940052 5.12553565
v 0.21019424 -1.67764761 5.10809123
v 0.21032707 -1.68115422 5.11184707
v 0.21107942 -1.68395657 5.11608962
v 0.21241948 -1.68593638 5.12063987
v 0.21429062 -1.68700963 5.12530543
v 0.21661371 -1.68713126 5.12988884
v 0.21929059 -1.68629605 5.13419658
v 0.22497720 -1.68562513 5.13672679
v 0.20904499 -1.67247560 5.10583576
v 0.20781902 -1.67604256 5.10932784
v 0.20731860 -1.67912114 5.11341337
v 0.20756486 -1.68158170 5.11791948
v 0.20854739 -1.68331973 5.12265581
v 0.21022470 -1.68426223 5.12742232
v 0.21252583 -1.68436896 5.13201710
v 0.21535354 -1.68363564 5.13624642
v 0.21858828 -1.68209318 5.13993110
v 0.22209333 -1.67980678 5.14291562
v 0.22498027 -1.68133657 5.14184162
v 0.22495687 -1.67852044 5.14406077
v 0.21023338 -1.66781545 5.10345511
v 0.20765245 -1.67099554 5.10656088
v 0.20580410 -1.67390089 5.11037688
v 0.20476647 -1.67640857 5.11474199
v 0.20458340 -1.67841278 5.11947181
v 0.20526266 -1.67982858 5.12436609
v 0.20677550 -1.68059617 5.12921810
v 0.20905801 -1.68068316 5.13382256
v 0.21201367 -1.68008581 5.13798520
v 0.21551757 -1.67882945 5.14152981
v 0.22188732 -1.67181324 5.14706932
v 0.21735169 -1.67354774 5.14538418
v 0.21313862 -1.67489946 5.14276847
v 0.20942623 -1.67581141 5.13933226
v 0.20637142 -1.67624503 5.13522140
v 0.20410335 -1.67618189 5.13060931
v 0.20271789 -1.67562459 5.12569099
v 0.20227360 -1.67459697 5.12067433
v 0.20278925 -1.67314243 5.11577148
v 0.20424309 -1.67132206 5.11118956
v 0.20657361 -1.66921336 5.10712247
v 0.20968230 -1.66690499 5.10374196
v 0.21597988 -1.66970771 5.14609851
v 0.21156196 -1.67048611 5.14358915
v 0.20771138 -1.67101119 5.14022521
v 0.20459087 -1.67126078 5.13614844
v 0.20233239 -1.67122446 5.13153132
v 0.20103136 -1.67090371 5.12656904
v 0.20074279 -1.67031195 5.12147136
v 0.20147888 -1.66947432 5.11645376
v 0.20320853 -1.66842621 5.11172823
v 0.20585859 -1.66721195 5.10749481
v 0.20931708 -1.66588277 5.10393213
v 0.23927884 -1.67358499 5.14175035
v 0.23902070 -1.66857149 5.14364671
v 0.23818219 -1.66913811 5.14408331
v 0.23283516 -1.66781545 5.14686703
v 0.23354648 -1.66857149 5.14649674
v 0.23228410 -1.66690499 5.14715407
v 0.23191888 -1.66588277 5.14734406
v 0.22663954 -1.67604256 5.14547694
v 0.23020334 -1.67247560 5.14647532
v 0.22881080 -1.67099554 5.14720026
v 0.22646836 -1.68928709 5.12621924
v 0.22632354 -1.68794338 5.11480029
v 0.22775733 -1.68453921 5.10868504
v 0.24442470 -1.66508406 5.13907112
v 0.24081068 -1.66479591 5.14271483
v 0.24721688 -1.66534744 5.13476375
v 0.24906918 -1.66557487 5.12997433
v 0.24990330 -1.66575648 5.12490570
v 0.24616623 -1.66596230 5.11017088
v 0.24842049 -1.66595448 5.11479024
v 0.24968397 -1.66588482 5.11977207
v 0.24301652 -1.66590810 5.10610938
v 0.23910450 -1.66579429 5.10277729
v 0.23459550 -1.66562553 5.10031543
v 0.22968017 -1.66540891 5.09882811
v 0.22918705 -1.66870896 5.09908478
v 0.23054383 -1.67696700 5.10242488
v 0.22640475 -1.67457759 5.10053336
v 0.22883371 -1.68884192 5.11919483
v 0.23092797 -1.68592501 5.13478499
v 0.22877839 -1.68810505 5.13065625
v 0.22601415 -1.68115422 5.14197778
v 0.22773196 -1.66921336 5.14776204
v 0.22701696 -1.66721195 5.14813419
v 0.22669900 -1.66508406 5.14829978
v 0.23175648 -1.66479591 5.14742862
v 0.23714602 -1.67864133 5.14000691
v 0.23746456 -1.67427175 5.14269490
v 0.23725547 -1.66948885 5.14456574
v 0.22901476 -1.67764761 5.14424033
v 0.23184491 -1.67358499 5.14562074
v 0.23438497 -1.66913811 5.14606014
v 0.23282624 -1.68283917 5.13843111
v 0.23439296 -1.67897791 5.14144022
v 0.23556186 -1.67450439 5.14368545
v 0.23628359 -1.66960768 5.14507163
v 0.22685432 -1.68542713 5.13690598
v 0.22933919 -1.68241300 5.14024663
v 0.23163988 -1.67864133 5.14287371
v 0.23365917 -1.67427175 5.14467600
v 0.23531171 -1.66948885 5.14557771
v 0.23631330 -1.68241300 5.13661559
v 0.23500163 -1.68542713 5.13266418
v 0.23326643 -1.68755651 5.12831956
v 0.23118109 -1.68871097 5.12376576
v 0.23977114 -1.67764761 5.13864029
v 0.23963833 -1.68115422 5.13488445
v 0.23888599 -1.68395657 5.13064172
v 0.23754593 -1.68593638 5.12609146
v 0.23567481 -1.68700963 5.12142610
v 0.23335170 -1.68713126 5.11684268
v 0.23067482 -1.68629605 5.11253494
v 0.22787207 -1.67980678 5.10381590
v 0.23137713 -1.68209318 5.10680042
v 0.23461187 -1.68363564 5.11048510
v 0.23743960 -1.68436896 5.11471424
v 0.23974073 -1.68426223 5.11930920
v 0.24141802 -1.68331973 5.12407552
v 0.24240054 -1.68158170 5.12881204
v 0.24264681 -1.67912114 5.13331815
v 0.24214636 -1.67604256 5.13740368
v 0.24092039 -1.67247560 5.14089558
v 0.23973200 -1.66781545 5.14327641
v 0.24231295 -1.67099554 5.14017064
v 0.24416130 -1.67390089 5.13635464
v 0.24519893 -1.67640857 5.13198934
v 0.24538201 -1.67841259 5.12725971
v 0.24470275 -1.67982839 5.12236543
v 0.24318988 -1.68059617 5.11751342
v 0.24090740 -1.68068316 5.11290878
v 0.23795173 -1.68008581 5.10874632
v 0.23444784 -1.67882945 5.10520171
v 0.24028306 -1.66690499 5.14298938
v 0.24339177 -1.66921336 5.13960886
v 0.24572231 -1.67132206 5.13554178
v 0.24717613 -1.67314224 5.13096004
v 0.24769180 -1.67459697 5.12605719
v 0.24724752 -1.67562459 5.12104053
v 0.24586206 -1.67618189 5.11612221
v 0.24359399 -1.67624503 5.11151012
v 0.24053918 -1.67581141 5.10739907
v 0.23682679 -1.67489946 5.10396305
v 0.23261372 -1.67354774 5.10134734
v 0.22807806 -1.67181324 5.09966220
v 0.23398553 -1.66970771 5.10063302
v 0.23840342 -1.67048611 5.10314218
v 0.24225402 -1.67101119 5.10650631
v 0.24537451 -1.67126078 5.11058308
v 0.24763301 -1.67122446 5.11520020
v 0.24893405 -1.67090371 5.12016248
v 0.24922260 -1.67031195 5.12526016
v 0.24848650 -1.66947432 5.13027776
v 0.24675685 -1.66842621 5.13500329
v 0.24410677 -1.66721176 5.13923671
v 0.24064828 -1.66588277 5.14279920
v 0.09998252 -1.45671656 5.12336567
v 0.09998268 -1.66449491 5.12336567
v 0.09972029 -1.66449491 5.11975307
v 0.09875894 -1.45671656 5.11564035
v 0.09875910 -1.66449491 5.11564035
v 0.09520795 -1.45671656 5.10867107
v 0.09845862 -1.66449491 5.11477031
v 0.09620458 -1.66449491 5.11015095
v 0.09520811 -1.66449491 5.10867107
v 0.09305346 -1.66449491 5.10609019
v 0.08967716 -1.45671656 5.10314032
v 0.08967732 -1.66449491 5.10314032
v 0.08270795 -1.45671656 5.09958937
v 0.08913845 -1.66449491 5.10275960
v 0.08462505 -1.66449510 5.10030016
v 0.08270812 -1.66449510 5.09958937
v 0.07970405 -1.66449510 5.09881563
v 0.07498252 -1.45671656 5.09836580
v 0.07498269 -1.66449510 5.09836580
v 0.07328176 -1.66449510 5.09842373
v 0.06725710 -1.45671656 5.09958937
v 0.06821677 -1.66449510 5.09929862
v 0.06725726 -1.66449510 5.09958937
v 0.06028789 -1.45671656 5.10314032
v 0.06343778 -1.66449510 5.10119106
v 0.06028806 -1.66449510 5.10314032
v 0.05914682 -1.66449510 5.10402079
v 0.05552527 -1.66449510 5.10766841
v 0.05475710 -1.45671656 5.10867107
v 0.05120627 -1.66449510 5.11564035
v 0.05120611 -1.45671656 5.11564035
v 0.05272621 -1.66449510 5.11197932
v 0.05475726 -1.66449510 5.10867107
v 0.05086798 -1.66449510 5.11677172
v 0.05002911 -1.66449510 5.12184296
v 0.04998252 -1.45671656 5.12336567
v 0.04998269 -1.66449510 5.12336567
v 0.05024509 -1.66449510 5.12697827
v 0.05120611 -1.45671656 5.13109117
v 0.05376079 -1.66449510 5.13658058
v 0.05475710 -1.45671656 5.13806045
v 0.05150675 -1.66449510 5.13196103
v 0.05120627 -1.66449510 5.13109117
v 0.05475726 -1.66449510 5.13806045
v 0.05691192 -1.66449510 5.14064133
v 0.06028789 -1.45671656 5.14359120
v 0.06534033 -1.66449510 5.14643136
v 0.06725710 -1.45671656 5.14714215
v 0.06082694 -1.66449510 5.14397192
v 0.06028806 -1.66449510 5.14359120
v 0.06725726 -1.66449510 5.14714215
v 0.07026133 -1.66449510 5.14791589
v 0.07498252 -1.45671656 5.14836572
v 0.07498269 -1.66449510 5.14836572
v 0.07668361 -1.66449510 5.14830779
v 0.08270795 -1.45671656 5.14714215
v 0.08174861 -1.66449510 5.14743272
v 0.08270812 -1.66449510 5.14714215
v 0.08652743 -1.45671656 5.14554046
v 0.08652759 -1.66449491 5.14554046
v 0.08967716 -1.45671656 5.14359120
v 0.09444011 -1.66449491 5.13906311
v 0.09520795 -1.45671656 5.13806045
v 0.09081856 -1.66449491 5.14271073
v 0.08967732 -1.66449491 5.14359120
v 0.09520811 -1.66449491 5.13806045
v 0.09723916 -1.66449491 5.13475202
v 0.09875894 -1.45671656 5.13109117
v 0.09875910 -1.66449491 5.13109117
v 0.09909740 -1.66449491 5.12995980
v 0.09993626 -1.66449491 5.12488857
v 0.06068656 -1.67358499 5.10498117
v 0.06094468 -1.66857149 5.10308481
v 0.06178319 -1.66913811 5.10264821
v 0.06804651 -1.66588277 5.09938728
v 0.06768129 -1.66690517 5.09957745
v 0.07496975 -1.66818276 5.09863924
v 0.07294844 -1.66721195 5.09859714
v 0.07326637 -1.66508425 5.09843174
v 0.07498475 -1.68330129 5.10689392
v 0.07395124 -1.68115422 5.10475374
v 0.07498725 -1.68102086 5.10460678
v 0.07498614 -1.68940071 5.12119587
v 0.07498271 -1.68949496 5.12336567
v 0.07349706 -1.68928709 5.12051228
v 0.05554066 -1.66508425 5.10766040
v 0.05915468 -1.66479610 5.10401670
v 0.05274849 -1.66534763 5.11196777
v 0.05089620 -1.66557506 5.11675700
v 0.05006208 -1.66575667 5.12182563
v 0.05379914 -1.66596249 5.13656065
v 0.05154490 -1.66595448 5.13194129
v 0.05028141 -1.66588500 5.12695946
v 0.05694886 -1.66590828 5.14062214
v 0.06086089 -1.66579448 5.14395423
v 0.06536987 -1.66562553 5.14641609
v 0.07028522 -1.66540891 5.14790341
v 0.07077834 -1.66870914 5.14764674
v 0.07499437 -1.66891403 5.14797214
v 0.07498518 -1.66541059 5.14834895
v 0.06942157 -1.67696718 5.14430664
v 0.07494556 -1.67558827 5.14576975
v 0.07356065 -1.67457759 5.14619816
v 0.07496789 -1.67217515 5.14715686
v 0.07220808 -1.68453939 5.13804648
v 0.07497948 -1.68367121 5.13940546
v 0.07498214 -1.68178156 5.14142606
v 0.07113172 -1.68884192 5.12753669
v 0.07497590 -1.68923847 5.12693766
v 0.07364188 -1.68794356 5.13193123
v 0.07497689 -1.68845523 5.13050053
v 0.07498207 -1.68732367 5.13355657
v 0.07118702 -1.68810524 5.11607527
v 0.07498917 -1.68852359 5.11646438
v 0.07498944 -1.68924313 5.11982534
v 0.06903743 -1.68592520 5.11194654
v 0.07498360 -1.68724824 5.11300750
v 0.07498271 -1.68771017 5.11408895
v 0.07498121 -1.66517943 5.09837512
v 0.06820891 -1.66479610 5.09930271
v 0.06713022 -1.66781545 5.09986449
v 0.07223344 -1.66921336 5.09896949
v 0.07115459 -1.67099573 5.09953107
v 0.07499541 -1.67193282 5.09949773
v 0.07501948 -1.67517290 5.10076079
v 0.06641891 -1.66857149 5.10023478
v 0.06976204 -1.67247579 5.10025620
v 0.07332586 -1.67604256 5.10125439
v 0.07502047 -1.67609639 5.10122068
v 0.07501125 -1.67822782 5.10247536
v 0.06281938 -1.67864151 5.10672461
v 0.06250083 -1.67427193 5.10403663
v 0.06270991 -1.66948903 5.10216579
v 0.07095065 -1.67764761 5.10249119
v 0.06812049 -1.67358499 5.10111078
v 0.06558041 -1.66913811 5.10067120
v 0.06713916 -1.68283936 5.10830041
v 0.06557245 -1.67897809 5.10529112
v 0.06440352 -1.67450439 5.10304607
v 0.06368180 -1.66960787 5.10165971
v 0.07498826 -1.68557800 5.10993041
v 0.07311108 -1.68542732 5.10982554
v 0.07062622 -1.68241318 5.10648489
v 0.06832551 -1.67864151 5.10385781
v 0.06630622 -1.67427193 5.10205533
v 0.06465369 -1.66948903 5.10115381
v 0.06365210 -1.68241318 5.11011593
v 0.06496378 -1.68542732 5.11406734
v 0.06669898 -1.68755669 5.11841196
v 0.06878434 -1.68871116 5.12296576
v 0.07497928 -1.68940071 5.12553565
v 0.06019425 -1.67764761 5.10809123
v 0.06032708 -1.68115422 5.11184707
v 0.06107942 -1.68395676 5.11608962
v 0.06241948 -1.68593638 5.12063987
v 0.06429061 -1.68700982 5.12530543
v 0.06661371 -1.68713145 5.12988884
v 0.06929059 -1.68629624 5.13419658
v 0.07497720 -1.68562513 5.13672679
v 0.05904500 -1.67247579 5.10583576
v 0.05781903 -1.67604256 5.10932784
v 0.05731860 -1.67912133 5.11341337
v 0.05756486 -1.68158170 5.11791948
v 0.05854740 -1.68331992 5.12265581
v 0.06022469 -1.68426223 5.12742232
v 0.06252583 -1.68436915 5.13201710
v 0.06535354 -1.68363582 5.13624642
v 0.06858829 -1.68209337 5.13993110
v 0.07209334 -1.67980697 5.14291562
v 0.07498027 -1.68133676 5.14184162
v 0.07495686 -1.67852044 5.14406077
v 0.06023337 -1.66781545 5.10345511
v 0.05765245 -1.67099573 5.10656088
v 0.05580410 -1.67390089 5.11037688
v 0.05476646 -1.67640876 5.11474199
v 0.05458340 -1.67841278 5.11947181
v 0.05526266 -1.67982858 5.12436609
v 0.05677551 -1.68059617 5.12921810
v 0.05905801 -1.68068316 5.13382256
v 0.06201368 -1.68008581 5.13798520
v 0.06551757 -1.67882945 5.14152981
v 0.07188733 -1.67181343 5.14706932
v 0.06735168 -1.67354792 5.14538418
v 0.06313862 -1.67489965 5.14276847
v 0.05942622 -1.67581160 5.13933226
v 0.05637142 -1.67624503 5.13522140
v 0.05410335 -1.67618189 5.13060931
v 0.05271789 -1.67562477 5.12569099
v 0.05227360 -1.67459715 5.12067433
v 0.05278926 -1.67314243 5.11577148
v 0.05424308 -1.67132225 5.11118956
v 0.05657360 -1.66921336 5.10712247
v 0.05968231 -1.66690517 5.10374196
v 0.06597987 -1.66970789 5.14609851
v 0.06156196 -1.67048629 5.14358915
v 0.05771138 -1.67101137 5.14022521
v 0.05459088 -1.67126097 5.13614844
v 0.05233238 -1.67122465 5.13153132
v 0.05103135 -1.67090371 5.12656904
v 0.05074278 -1.67031214 5.12147136
v 0.05147888 -1.66947450 5.11645376
v 0.05320852 -1.66842639 5.11172823
v 0.05585860 -1.66721195 5.10749481
v 0.05931708 -1.66588277 5.10393213
v 0.08927883 -1.67358499 5.14175035
v 0.08902070 -1.66857149 5.14364671
v 0.08818220 -1.66913811 5.14408331
v 0.08283516 -1.66781545 5.14686703
v 0.08354647 -1.66857149 5.14649674
v 0.08228409 -1.66690517 5.14715407
v 0.08191887 -1.66588277 5.14734406
v 0.07663954 -1.67604256 5.14547694
v 0.08020335 -1.67247579 5.14647532
v 0.07881079 -1.67099554 5.14720026
v 0.07646836 -1.68928709 5.12621924
v 0.07632353 -1.68794356 5.11480029
v 0.07775734 -1.68453939 5.10868504
v 0.09442471 -1.66508425 5.13907112
v 0.09081069 -1.66479591 5.14271483
v 0.09721689 -1.66534763 5.13476375
v 0.09906918 -1.66557487 5.12997433
v 0.09990330 -1.66575667 5.12490570
v 0.09616624 -1.66596249 5.11017088
v 0.09842048 -1.66595448 5.11479024
v 0.09968397 -1.66588500 5.11977207
v 0.09301653 -1.66590828 5.10610938
v 0.08910449 -1.66579448 5.10277729
v 0.08459550 -1.66562553 5.10031543
v 0.07968017 -1.66540891 5.09882811
v 0.07918705 -1.66870914 5.09908478
v 0.08054383 -1.67696718 5.10242488
v 0.07640476 -1.67457759 5.10053336
v 0.07883370 -1.68884192 5.11919483
v 0.08092798 -1.68592520 5.13478499
v 0.07877839 -1.68810524 5.13065625
v 0.07601416 -1.68115422 5.14197778
v 0.07773195 -1.66921336 5.14776204
v 0.07701695 -1.66721195 5.14813419
v 0.07669901 -1.66508425 5.14829978
v 0.08175647 -1.66479591 5.14742862
v 0.08714601 -1.67864151 5.14000691
v 0.08746456 -1.67427193 5.14269490
v 0.08725547 -1.66948903 5.14456574
v 0.07901475 -1.67764761 5.14424033
v 0.08184490 -1.67358499 5.14562074
v 0.08438497 -1.66913811 5.14606014
v 0.08282625 -1.68283936 5.13843111
v 0.08439295 -1.67897809 5.14144022
v 0.08556187 -1.67450439 5.14368545
v 0.08628358 -1.66960787 5.14507163
v 0.07685433 -1.68542732 5.13690598
v 0.07933918 -1.68241318 5.14024663
v 0.08163989 -1.67864151 5.14287371
v 0.08365918 -1.67427193 5.14467600
v 0.08531170 -1.66948903 5.14557771
v 0.08631331 -1.68241318 5.13661559
v 0.08500163 -1.68542732 5.13266418
v 0.08326644 -1.68755669 5.12831956
v 0.08118108 -1.68871116 5.12376576
v 0.08977115 -1.67764761 5.13864029
v 0.08963833 -1.68115422 5.13488445
v 0.08888599 -1.68395676 5.13064172
v 0.08754593 -1.68593638 5.12609146
v 0.08567480 -1.68700982 5.12142610
v 0.08335171 -1.68713145 5.11684268
v 0.08067483 -1.68629624 5.11253494
v 0.07787207 -1.67980697 5.10381590
v 0.08137712 -1.68209337 5.10680042
v 0.08461187 -1.68363582 5.11048510
v 0.08743958 -1.68436915 5.11471424
v 0.08974072 -1.68426223 5.11930920
v 0.09141801 -1.68331992 5.12407552
v 0.09240055 -1.68158170 5.12881204
v 0.09264681 -1.67912133 5.13331815
v 0.09214637 -1.67604256 5.13740368
v 0.09092039 -1.67247579 5.14089558
v 0.08973200 -1.66781545 5.14327641
v 0.09231294 -1.67099554 5.14017064
v 0.09416129 -1.67390089 5.13635464
v 0.09519893 -1.67640876 5.13198934
v 0.09538200 -1.67841278 5.12725971
v 0.09470275 -1.67982858 5.12236543
v 0.09318989 -1.68059617 5.11751342
v 0.09090739 -1.68068316 5.11290878
v 0.08795172 -1.68008581 5.10874632
v 0.08444783 -1.67882945 5.10520171
v 0.09028307 -1.66690517 5.14298938
v 0.09339178 -1.66921336 5.13960886
v 0.09572231 -1.67132225 5.13554178
v 0.09717612 -1.67314243 5.13096004
v 0.09769179 -1.67459715 5.12605719
v 0.09724750 -1.67562477 5.12104053
v 0.09586205 -1.67618189 5.11612221
v 0.09359398 -1.67624503 5.11151012
v 0.09053918 -1.67581160 5.10739907
v 0.08682678 -1.67489965 5.10396305
v 0.08261371 -1.67354792 5.10134734
v 0.07807807 -1.67181343 5.09966220
v 0.08398552 -1.66970789 5.10063302
v 0.08840343 -1.67048611 5.10314218
v 0.09225401 -1.67101137 5.10650631
v 0.09537451 -1.67126097 5.11058308
v 0.09763301 -1.67122465 5.11520020
v 0.09893404 -1.67090371 5.12016248
v 0.09922261 -1.67031195 5.12526016
v 0.09848650 -1.66947432 5.13027776
v 0.09675686 -1.66842621 5.13500329
v 0.09410678 -1.66721195 5.13923671
v 0.09064829 -1.66588277 5.14279920
v -0.05951981 -1.56268403 5.25236577
v -0.06326982 -1.53970523 5.25236577
v -0.06701982 -1.53970523 5.25236577
v -0.03701982 -1.53970523 5.25236577
v -0.04076982 -1.53970523 5.25236577
v -0.04201980 -1.56970527 5.25236577
v -0.04451981 -1.56268403 5.25236577
v -0.06201980 -1.56970527 5.25236577
v -0.05701980 -1.56970527 5.25236577
v -0.05451982 -1.53970523 5.25236577
v -0.05201982 -1.54544991 5.25236577
v -0.04951982 -1.53970523 5.25236577
v -0.04701980 -1.56970527 5.25236577
v -0.00826982 -1.53970523 5.25236577
v -0.03201982 -1.53970523 5.25236577
v -0.02201982 -1.54289668 5.25236577
v -0.03201982 -1.54289668 5.25236577
v -0.00826982 -1.54289668 5.25236577
v -0.01826980 -1.54289668 5.25236577
v -0.01826980 -1.56970527 5.25236577
v -0.02201982 -1.56970527 5.25236577
v 0.00548020 -1.56651363 5.25236577
v -0.00326980 -1.56651363 5.25236577
v 0.00548020 -1.56970527 5.25236577
v -0.00326980 -1.56970527 5.25236577
v 0.02548018 -1.55693917 5.25236577
v 0.01485520 -1.55693917 5.25236577
v 0.01048019 -1.56076904 5.25236577
v 0.02923020 -1.56970508 5.25236577
v 0.02923020 -1.56076895 5.25236577
v 0.02548019 -1.56970508 5.25236577
v 0.02548019 -1.56076904 5.25236577
v 0.03548019 -1.56076895 5.25236577
v 0.03548019 -1.55693917 5.25236577
v 0.02923019 -1.55693917 5.25236577
v 0.02548018 -1.54481158 5.25236577
v 0.02548018 -1.53970513 5.25236577
v 0.01048019 -1.55693926 5.25236577
v 0.02923019 -1.53970513 5.25236577
v 0.01485519 -1.55693917 5.25336582
v 0.02548019 -1.55693917 5.25336582
v 0.02548019 -1.54481158 5.25336582
v 0.04423020 -1.55630093 5.25236577
v 0.05610518 -1.55247105 5.25236577
v 0.04423018 -1.55247105 5.25236577
v 0.04423020 -1.56970508 5.25236577
v 0.04048017 -1.56970508 5.25236577
v 0.04048017 -1.53970513 5.25236577
v 0.04423018 -1.54289659 5.25236577
v 0.05548018 -1.53970513 5.25236577
v 0.05610520 -1.54289659 5.25236577
v 0.05860518 -1.54034346 5.25236577
v 0.05798017 -1.54353492 5.25236577
v 0.06110518 -1.54225836 5.25236577
v 0.05923018 -1.54481148 5.25236577
v 0.06298018 -1.54481148 5.25236577
v 0.05985518 -1.54672638 5.25236577
v 0.05548015 -1.55630093 5.25236577
v 0.05860519 -1.55566260 5.25236577
v 0.05798018 -1.55183282 5.25236577
v 0.06110519 -1.55374771 5.25236577
v 0.05923019 -1.55055616 5.25236577
v 0.06298019 -1.55119449 5.25236577
v 0.05985518 -1.54864127 5.25236577
v 0.06360518 -1.54927960 5.25236577
v 0.06360518 -1.54672638 5.25236577
v 0.05985518 -1.54672638 5.25336582
v 0.05923018 -1.54481148 5.25336582
v 0.05798017 -1.54353492 5.25336582
v 0.04423018 -1.55247115 5.25336582
v 0.05610515 -1.55247115 5.25336582
v 0.04423018 -1.54289659 5.25336582
v 0.05798018 -1.55183282 5.25336582
v 0.05923019 -1.55055616 5.25336582
v 0.05985518 -1.54864127 5.25336582
v 0.05610517 -1.54289659 5.25336582
v -0.12593248 -1.45715475 5.25236577
v -0.12218248 -1.45715475 5.25236577
v -0.12655748 -1.45523986 5.25236577
v -0.12280749 -1.45396329 5.25236577
v -0.12843249 -1.45396329 5.25236577
v -0.12218247 -1.47183556 5.25236577
v -0.12593247 -1.47183556 5.25236577
v -0.12280747 -1.47502711 5.25236577
v -0.12655747 -1.47375045 5.25236577
v -0.12530747 -1.47758024 5.25236577
v -0.12843247 -1.47502711 5.25236577
v -0.12530748 -1.45141007 5.25236577
v -0.12780749 -1.45013351 5.25236577
v -0.13093248 -1.45332497 5.25236577
v -0.13093249 -1.44949518 5.25236577
v -0.13655749 -1.45332497 5.25236577
v -0.13655747 -1.44949518 5.25236577
v -0.13905748 -1.45396329 5.25236577
v -0.13905747 -1.47502711 5.25236577
v -0.13968246 -1.47885690 5.25236577
v -0.13655749 -1.47566535 5.25236577
v -0.13655747 -1.47949522 5.25236577
v -0.13093248 -1.47566535 5.25236577
v -0.13093249 -1.47949522 5.25236577
v -0.12780747 -1.47885690 5.25236577
v -0.13968248 -1.45013351 5.25236577
v -0.14218249 -1.45141007 5.25236577
v -0.14093248 -1.45523986 5.25236577
v -0.14468249 -1.45396329 5.25236577
v -0.14218248 -1.45715475 5.25236577
v -0.14593248 -1.45651642 5.25236577
v -0.14280748 -1.45970788 5.25236577
v -0.14655748 -1.45970797 5.25236577
v -0.14280748 -1.46928243 5.25236577
v -0.14655748 -1.46928234 5.25236577
v -0.14218247 -1.47183565 5.25236577
v -0.14593247 -1.47247389 5.25236577
v -0.14093247 -1.47375055 5.25236577
v -0.14468248 -1.47502711 5.25236577
v -0.14218247 -1.47758033 5.25236577
v -0.09968248 -1.45396320 5.25236577
v -0.09905748 -1.45013342 5.25236577
v -0.10218248 -1.45332497 5.25236577
v -0.10218249 -1.44949518 5.25236577
v -0.10718249 -1.45332497 5.25236577
v -0.10718247 -1.44949518 5.25236577
v -0.10968249 -1.45396320 5.25236577
v -0.11030749 -1.45013342 5.25236577
v -0.11280748 -1.45141007 5.25236577
v -0.11155749 -1.45523986 5.25236577
v -0.11530749 -1.45396320 5.25236577
v -0.11280748 -1.45715475 5.25236577
v -0.11655749 -1.45651642 5.25236577
v -0.11343247 -1.45970788 5.25236577
v -0.11718248 -1.45970797 5.25236577
v -0.11343247 -1.46928243 5.25236577
v -0.11718248 -1.46928234 5.25236577
v -0.11280747 -1.47183556 5.25236577
v -0.11655748 -1.47247389 5.25236577
v -0.11155747 -1.47375045 5.25236577
v -0.11530747 -1.47502711 5.25236577
v -0.10968246 -1.47502711 5.25236577
v -0.09968247 -1.47502711 5.25236577
v -0.09655747 -1.47758024 5.25236577
v -0.09780747 -1.47375045 5.25236577
v -0.09405747 -1.47502702 5.25236577
v -0.09655748 -1.47183556 5.25236577
v -0.09280747 -1.47247389 5.25236577
v -0.09593248 -1.46928243 5.25236577
v -0.09218247 -1.46928234 5.25236577
v -0.09593248 -1.45970788 5.25236577
v -0.09218247 -1.45970797 5.25236577
v -0.09655749 -1.45715475 5.25236577
v -0.09280749 -1.45651642 5.25236577
v -0.09780749 -1.45523986 5.25236577
v -0.09405749 -1.45396320 5.25236577
v -0.09655749 -1.45141007 5.25236577
v -0.11280747 -1.47758024 5.25236577
v -0.11030746 -1.47885690 5.25236577
v -0.10718248 -1.47566535 5.25236577
v -0.10718247 -1.47949513 5.25236577
v -0.10218247 -1.47566535 5.25236577
v -0.10218249 -1.47949513 5.25236577
v -0.09905746 -1.47885690 5.25236577
v -0.11343248 -1.46928234 5.25336582
v -0.09593248 -1.46928234 5.25336582
v -0.11343248 -1.45970797 5.25336582
v -0.09593248 -1.45970797 5.25336582
v -0.11155747 -1.47375045 5.25336582
v -0.10968246 -1.47502711 5.25336582
v -0.11280747 -1.47183556 5.25336582
v -0.10718247 -1.47566535 5.25336582
v -0.10218249 -1.47566535 5.25336582
v -0.09968247 -1.47502711 5.25336582
v -0.09780747 -1.47375045 5.25336582
v -0.09655748 -1.47183556 5.25336582
v -0.09780749 -1.45523986 5.25336582
v -0.09968248 -1.45396320 5.25336582
v -0.09655749 -1.45715475 5.25336582
v -0.10218249 -1.45332497 5.25336582
v -0.10718247 -1.45332497 5.25336582
v -0.10968249 -1.45396320 5.25336582
v -0.11155749 -1.45523986 5.25336582
v -0.11280748 -1.45715475 5.25336582
v -0.06218246 -1.44949509 5.25236577
v -0.06593249 -1.44949509 5.25236577
v -0.06218246 -1.47949513 5.25236577
v -0.06593249 -1.47502702 5.25236577
v -0.08718249 -1.47949513 5.25236577
v -0.08343246 -1.47949513 5.25236577
v -0.08718249 -1.44949518 5.25236577
v -0.08343246 -1.45332497 5.25236577
v -0.08155749 -1.44949518 5.25236577
v -0.06780747 -1.47949513 5.25236577
v -0.04843247 -1.47630358 5.25236577
v -0.05718247 -1.47630358 5.25236577
v -0.04843247 -1.47949513 5.25236577
v -0.05718247 -1.47949513 5.25236577
v -0.03530749 -1.45396320 5.25236577
v -0.03343249 -1.45332487 5.25236577
v -0.03343248 -1.44949509 5.25236577
v -0.03030749 -1.44949509 5.25236577
v -0.02968248 -1.45332487 5.25236577
v -0.02718249 -1.45013342 5.25236577
v -0.02780749 -1.45396320 5.25236577
v -0.02468249 -1.45204831 5.25236577
v -0.02655748 -1.45523977 5.25236577
v -0.02280749 -1.45460144 5.25236577
v -0.02593248 -1.45651633 5.25236577
v -0.02218248 -1.45651633 5.25236577
v -0.03968247 -1.47119723 5.25236577
v -0.04343247 -1.47119723 5.25236577
v -0.03905747 -1.47311212 5.25236577
v -0.04280747 -1.47375045 5.25236577
v -0.03718247 -1.47502702 5.25236577
v -0.02718247 -1.46672912 5.25236577
v -0.02655748 -1.46289933 5.25236577
v -0.02968247 -1.46609088 5.25236577
v -0.02968248 -1.46226101 5.25236577
v -0.03343248 -1.46609088 5.25236577
v -0.03343249 -1.46226101 5.25236577
v -0.03593248 -1.46545256 5.25236577
v -0.03530748 -1.46162277 5.25236577
v -0.03593249 -1.45013342 5.25236577
v -0.03843249 -1.45140998 5.25236577
v -0.03718249 -1.45523977 5.25236577
v -0.04093249 -1.45396320 5.25236577
v -0.03780748 -1.45715466 5.25236577
v -0.04155748 -1.45651642 5.25236577
v -0.03780748 -1.45843131 5.25236577
v -0.04155748 -1.45906955 5.25236577
v -0.03718248 -1.46034621 5.25236577
v -0.04093248 -1.46162277 5.25236577
v -0.03843248 -1.46417599 5.25236577
v -0.02718247 -1.47502702 5.25236577
v -0.02405746 -1.47758024 5.25236577
v -0.02530747 -1.47375045 5.25236577
v -0.02155747 -1.47502702 5.25236577
v -0.02405747 -1.47183556 5.25236577
v -0.02030747 -1.47247380 5.25236577
v -0.02405747 -1.46992067 5.25236577
v -0.02030747 -1.46928234 5.25236577
v -0.02530748 -1.46800568 5.25236577
v -0.02155748 -1.46672912 5.25236577
v -0.02405747 -1.46417590 5.25236577
v -0.04093247 -1.47694191 5.25236577
v -0.03780747 -1.47885680 5.25236577
v -0.03468248 -1.47566535 5.25236577
v -0.03468246 -1.47949513 5.25236577
v -0.02968247 -1.47566535 5.25236577
v -0.02968249 -1.47949513 5.25236577
v -0.02655747 -1.47885680 5.25236577
v -0.00780747 -1.47247380 5.25236577
v -0.01155749 -1.44949509 5.25236577
v -0.01530749 -1.44949509 5.25236577
v 0.01469251 -1.44949509 5.25236577
v 0.01094251 -1.44949509 5.25236577
v 0.00969254 -1.47949504 5.25236577
v 0.00719253 -1.47247380 5.25236577
v -0.01030747 -1.47949504 5.25236577
v -0.00530746 -1.47949504 5.25236577
v -0.00280749 -1.44949509 5.25236577
v -0.00030749 -1.45523977 5.25236577
v 0.00219251 -1.44949509 5.25236577
v 0.00469253 -1.47949504 5.25236577
v 0.01969251 -1.44949500 5.25236577
v 0.01969251 -1.47949504 5.25236577
v 0.02344253 -1.46545246 5.25236577
v 0.02344253 -1.47949504 5.25236577
v 0.04219251 -1.45332487 5.25236577
v 0.04219251 -1.44949500 5.25236577
v 0.02344252 -1.45332487 5.25236577
v 0.02344252 -1.46162268 5.25236577
v 0.03969253 -1.46162268 5.25236577
v 0.03969253 -1.46545246 5.25236577
v 0.05594253 -1.47630358 5.25236577
v 0.04719254 -1.47630358 5.25236577
v 0.05594253 -1.47949504 5.25236577
v 0.04719254 -1.47949504 5.25236577
v 0.06469251 -1.47949504 5.25236577
v 0.06844253 -1.47949504 5.25236577
v 0.06469251 -1.45460144 5.25236577
v 0.06844253 -1.44949500 5.25236577
v 0.06469251 -1.44949500 5.25236577
v 0.06094251 -1.45396311 5.25236577
v 0.06094251 -1.45906946 5.25236577
v 0.07719253 -1.47183547 5.25236577
v 0.07344253 -1.47183547 5.25236577
v 0.07469253 -1.47438860 5.25236577
v 0.07344251 -1.46609079 5.25236577
v 0.07781751 -1.46609079 5.25236577
v 0.08031752 -1.46417590 5.25236577
v 0.09469252 -1.45268654 5.25236577
v 0.09469252 -1.44949500 5.25236577
v 0.07656752 -1.45268654 5.25236577
v 0.07344251 -1.44949500 5.25236577
v 0.07656752 -1.46289924 5.25236577
v 0.07969252 -1.46098435 5.25236577
v 0.08281753 -1.46353757 5.25236577
v 0.07844253 -1.47438860 5.25236577
v 0.07656753 -1.47694182 5.25236577
v 0.08031753 -1.47566525 5.25236577
v 0.07969253 -1.47885671 5.25236577
v 0.08281752 -1.47630349 5.25236577
v 0.08281754 -1.47949504 5.25236577
v 0.08656753 -1.47630349 5.25236577
v 0.08656752 -1.47949504 5.25236577
v 0.08906752 -1.47566525 5.25236577
v 0.08969253 -1.47885671 5.25236577
v 0.09094253 -1.47438860 5.25236577
v 0.09281753 -1.47694182 5.25236577
v 0.09219254 -1.47247370 5.25236577
v 0.09469254 -1.47438860 5.25236577
v 0.09281752 -1.47055881 5.25236577
v 0.09594252 -1.47119714 5.25236577
v 0.09281752 -1.46928225 5.25236577
v 0.09594252 -1.46864392 5.25236577
v 0.09219253 -1.46736735 5.25236577
v 0.09469253 -1.46545246 5.25236577
v 0.09094252 -1.46545246 5.25236577
v 0.09281752 -1.46289924 5.25236577
v 0.08906752 -1.46417581 5.25236577
v 0.08969252 -1.46098435 5.25236577
v 0.08656754 -1.46353757 5.25236577
v 0.08656752 -1.46034602 5.25236577
v 0.08281754 -1.46034602 5.25236577
v 0.12281752 -1.45843113 5.25236577
v 0.11969252 -1.45843113 5.25236577
v 0.12031751 -1.46226091 5.25236577
v 0.10156751 -1.47055881 5.25236577
v 0.10469253 -1.47055881 5.25236577
v 0.10406753 -1.46672903 5.25236577
v 0.12219250 -1.45651624 5.25236577
v 0.12094253 -1.45396302 5.25236577
v 0.11719252 -1.45460134 5.25236577
v 0.11906752 -1.45204812 5.25236577
v 0.11531753 -1.45332478 5.25236577
v 0.11594251 -1.45013323 5.25236577
v 0.11219251 -1.45268645 5.25236577
v 0.11219251 -1.44949500 5.25236577
v 0.10906750 -1.45332478 5.25236577
v 0.10844251 -1.45013332 5.25236577
v 0.10719250 -1.45460134 5.25236577
v 0.11969253 -1.47055881 5.25236577
v 0.12281754 -1.47055881 5.25236577
v 0.12031751 -1.46672903 5.25236577
v 0.12344252 -1.46736735 5.25236577
v 0.12344252 -1.46162268 5.25236577
v 0.10219254 -1.47247370 5.25236577
v 0.10344252 -1.47502692 5.25236577
v 0.10719252 -1.47438860 5.25236577
v 0.10531752 -1.47694182 5.25236577
v 0.10906752 -1.47566516 5.25236577
v 0.10844254 -1.47885671 5.25236577
v 0.11219253 -1.47630349 5.25236577
v 0.11219253 -1.47949494 5.25236577
v 0.11531754 -1.47566516 5.25236577
v 0.11594254 -1.47885671 5.25236577
v 0.11719253 -1.47438860 5.25236577
v 0.11906754 -1.47694182 5.25236577
v 0.12094254 -1.47502692 5.25236577
v 0.12219251 -1.47247370 5.25236577
v 0.10469252 -1.45843113 5.25236577
v 0.10156750 -1.45843113 5.25236577
v 0.10406753 -1.46226091 5.25236577
v 0.10094251 -1.46162268 5.25236577
v 0.10094251 -1.46736726 5.25236577
v 0.10531751 -1.45204822 5.25236577
v 0.10344250 -1.45396311 5.25236577
v 0.10219252 -1.45651624 5.25236577
v 0.10406753 -1.46226091 5.25336582
v 0.10406753 -1.46672903 5.25336582
v 0.12031752 -1.46672903 5.25336582
v 0.10469253 -1.47055881 5.25336582
v 0.10719252 -1.47438860 5.25336582
v 0.10906752 -1.47566516 5.25336582
v 0.11219253 -1.47630349 5.25336582
v 0.12031752 -1.46226091 5.25336582
v 0.11969252 -1.45843113 5.25336582
v 0.11719252 -1.45460134 5.25336582
v 0.11969253 -1.47055881 5.25336582
v 0.11719253 -1.47438860 5.25336582
v 0.11531754 -1.47566516 5.25336582
v 0.11531753 -1.45332478 5.25336582
v 0.11219251 -1.45268645 5.25336582
v 0.10469252 -1.45843113 5.25336582
v 0.10719250 -1.45460134 5.25336582
v 0.10906750 -1.45332478 5.25336582
v 0.14344252 -1.46672903 5.25236577
v 0.13281753 -1.46672903 5.25236577
v 0.12844254 -1.47055881 5.25236577
v 0.14719254 -1.47949494 5.25236577
v 0.14719254 -1.47055881 5.25236577
v 0.14344254 -1.47949494 5.25236577
v 0.14344254 -1.47055881 5.25236577
v 0.15344253 -1.47055881 5.25236577
v 0.15344253 -1.46672903 5.25236577
v 0.14719253 -1.46672903 5.25236577
v 0.14344252 -1.45460134 5.25236577
v 0.14344252 -1.44949500 5.25236577
v 0.12844254 -1.46672903 5.25236577
v 0.14719253 -1.44949500 5.25236577
v 0.13281752 -1.46672903 5.25336582
v 0.14344254 -1.46672903 5.25336582
v 0.14344254 -1.45460134 5.25336582
v -0.91280183 -1.51954247 4.76335566
v -0.89924280 -1.54792052 4.76335566
v -0.92246309 -1.52658978 4.76335566
v -0.91020502 -1.55528551 4.76335566
v -0.93274489 -1.53279547 4.76335566
v -0.92174914 -1.56178912 4.76335566
v -0.94360691 -1.53812869 4.76335566
v -0.93391184 -1.56745017 4.76335566
v -0.95491977 -1.54253934 4.76335566
v -0.94657624 -1.57220215 4.76335566
v -0.96642645 -1.54592786 4.76335566
v -0.95937401 -1.57588907 4.76335566
v -0.97814845 -1.54829891 4.76335566
v -0.97231204 -1.57853216 4.76335566
v -0.99012787 -1.54965082 4.76335566
v -0.98544154 -1.58015303 4.76335566
v -1.00228153 -1.54996980 4.76335566
v -0.99880332 -1.58075672 4.76335566
v -1.01434244 -1.54926628 4.76335566
v -1.01222796 -1.58033594 4.76335566
v -1.02618188 -1.54754529 4.76335566
v -0.86059673 -1.39747104 4.76335566
v -0.82927989 -1.40645076 4.76335566
v -0.86000003 -1.41000003 4.76335566
v -0.86011579 -1.41510470 4.76335566
v -0.82983030 -1.42385997 4.76335566
v -0.86110402 -1.42733203 4.76335566
v -0.83146142 -1.43736815 4.76335566
v -0.86308317 -1.43919755 4.76335566
v -0.83409129 -1.45044466 4.76335566
v -0.86605400 -1.45074800 4.76335566
v -0.83770631 -1.46313496 4.76335566
v -0.87003410 -1.46202985 4.76335566
v -0.84230518 -1.47548206 4.76335566
v -0.87505830 -1.47313289 4.76335566
v -0.84796371 -1.48770902 4.76335566
v -0.88093346 -1.48364194 4.76335566
v -0.85453140 -1.49944164 4.76335566
v -0.88766310 -1.49355847 4.76335566
v -0.86190803 -1.51048647 4.76335566
v -0.89527657 -1.50291137 4.76335566
v -0.87010106 -1.52087994 4.76335566
v -0.90372134 -1.51163256 4.76335566
v -0.87913144 -1.53065734 4.76335566
v -0.88884430 -1.53967468 4.76335566
v -1.11488923 -1.49000939 4.76335566
v -1.14428895 -1.50135374 4.76335566
v -1.12133762 -1.47980759 4.76335566
v -1.15093580 -1.48986308 4.76335566
v -1.12693328 -1.46899344 4.76335566
v -1.15674529 -1.47774722 4.76335566
v -1.13156242 -1.45784086 4.76335566
v -1.16156274 -1.46534797 4.76335566
v -1.13516403 -1.44646233 4.76335566
v -1.16534922 -1.45272296 4.76335566
v -1.13778189 -1.43470829 4.76335566
v -1.16813509 -1.43981390 4.76335566
v -1.13940323 -1.42252892 4.76335566
v -1.02546662 -1.57888252 4.76335566
v -1.03844339 -1.57641042 4.76335566
v -1.03784390 -1.54479686 4.76335566
v -1.05119832 -1.57292169 4.76335566
v -1.04940105 -1.54098365 4.76335566
v -1.06377117 -1.56840663 4.76335566
v -1.06063001 -1.53617989 4.76335566
v -1.07601229 -1.56292282 4.76335566
v -1.07125165 -1.53052611 4.76335566
v -1.08771920 -1.55654466 4.76335566
v -1.08128376 -1.52401589 4.76335566
v -1.09879272 -1.54932579 4.76335566
v -1.09074535 -1.51663097 4.76335566
v -1.10926218 -1.54125923 4.76335566
v -1.09953424 -1.50846327 4.76335566
v -1.11916075 -1.53232152 4.76335566
v -1.10762799 -1.49954772 4.76335566
v -1.12839621 -1.52259683 4.76335566
v -1.13678556 -1.51225552 4.76335566
v -0.88511081 -1.32999057 4.76335566
v -0.85571110 -1.31864622 4.76335566
v -0.87866243 -1.34019237 4.76335566
v -0.84906416 -1.33013697 4.76335566
v -0.87306667 -1.35100652 4.76335566
v -0.84325466 -1.34225283 4.76335566
v -0.86843753 -1.36215910 4.76335566
v -0.83843730 -1.35465199 4.76335566
v -0.86483592 -1.37353763 4.76335566
v -0.83465083 -1.36727700 4.76335566
v -0.86221816 -1.38529176 4.76335566
v -0.83186496 -1.38018606 4.76335566
v -0.83006825 -1.39343161 4.76335566
v -0.97381817 -1.27245476 4.76335566
v -0.96155666 -1.24358963 4.76335566
v -0.96215606 -1.27520310 4.76335566
v -0.94880164 -1.24707827 4.76335566
v -0.95059900 -1.27901630 4.76335566
v -0.93622878 -1.25159333 4.76335566
v -0.93936995 -1.28382007 4.76335566
v -0.92398766 -1.25707705 4.76335566
v -0.92874840 -1.28947385 4.76335566
v -0.91228085 -1.26345539 4.76335566
v -0.91871619 -1.29598416 4.76335566
v -0.90120723 -1.27067426 4.76335566
v -0.90925461 -1.30336899 4.76335566
v -0.89073787 -1.27874073 4.76335566
v -0.90046572 -1.31153669 4.76335566
v -0.88083921 -1.28767844 4.76335566
v -0.89237196 -1.32045234 4.76335566
v -0.87160375 -1.29740322 4.76335566
v -0.86321449 -1.30774453 4.76335566
v -1.08719813 -1.30045749 4.76335566
v -1.10075716 -1.27207944 4.76335566
v -1.07753687 -1.29341027 4.76335566
v -1.08979503 -1.26471454 4.76335566
v -1.06725516 -1.28720459 4.76335566
v -1.07825091 -1.25821084 4.76335566
v -1.05639314 -1.28187137 4.76335566
v -1.06608821 -1.25254989 4.76335566
v -1.04508027 -1.27746072 4.76335566
v -1.05342381 -1.24779781 4.76335566
v -1.03357350 -1.27407219 4.76335566
v -1.04062604 -1.24411089 4.76335566
v -1.02185151 -1.27170105 4.76335566
v -1.02768801 -1.24146789 4.76335566
v -1.00987218 -1.27034914 4.76335566
v -1.01455841 -1.23984693 4.76335566
v -0.99771842 -1.27003025 4.76335566
v -1.00119673 -1.23924324 4.76335566
v -0.98565752 -1.27073377 4.76335566
v -0.98777208 -1.23966401 4.76335566
v -0.97453343 -1.24111744 4.76335566
v -1.16993180 -1.42656844 4.76335566
v -1.17072016 -1.41354930 4.76335566
v -1.14000002 -1.41000003 4.76335566
v -1.13988416 -1.40489526 4.76335566
v -1.17016975 -1.39614008 4.76335566
v -1.13889594 -1.39266793 4.76335566
v -1.16853854 -1.38263181 4.76335566
v -1.13691688 -1.38080241 4.76335566
v -1.16590867 -1.36955539 4.76335566
v -1.13394605 -1.36925206 4.76335566
v -1.16229374 -1.35686509 4.76335566
v -1.12996595 -1.35797020 4.76335566
v -1.15769478 -1.34451790 4.76335566
v -1.12494174 -1.34686707 4.76335566
v -1.15203625 -1.33229094 4.76335566
v -1.11906650 -1.33635812 4.76335566
v -1.14546865 -1.32055832 4.76335566
v -1.11233694 -1.32644149 4.76335566
v -1.13809193 -1.30951349 4.76335566
v -1.10472338 -1.31708859 4.76335566
v -1.12989899 -1.29912002 4.76335566
v -1.09627862 -1.30836749 4.76335566
v -1.12086860 -1.28934272 4.76335566
v -1.11115566 -1.28032528 4.76335566
v -0.93798898 -1.60015486 4.88335583
v -0.95514422 -1.60493795 4.88335583
v -0.91872206 -1.63578000 4.88335583
v -0.80783777 -1.35462591 4.88335583
v -0.73551424 -1.34172458 4.88335583
v -0.74148681 -1.32174818 4.88335583
v -0.95646260 -1.21476408 4.88335583
v -0.95307454 -1.14090610 4.88335583
v -0.97391112 -1.21168178 4.88335583
v -0.97366767 -1.13811987 4.88335583
v -0.99175163 -1.21016800 4.88335583
v -0.99447323 -1.13691194 4.88335583
v -1.00975037 -1.21023711 4.88335583
v -1.01539707 -1.13728372 4.88335583
v -1.02745704 -1.21186813 4.88335583
v -1.03613008 -1.13924500 4.88335583
v -1.04485573 -1.21506210 4.88335583
v -1.05661694 -1.14278402 4.88335583
v -1.06201097 -1.21984519 4.88335583
v -0.81348447 -1.33782215 4.88335583
v -0.74895057 -1.30232964 4.88335583
v -0.82070855 -1.32139260 4.88335583
v -0.75787916 -1.28354048 4.88335583
v -0.82927626 -1.30578671 4.88335583
v -0.76827109 -1.26537411 4.88335583
v -0.83915144 -1.29109100 4.88335583
v -0.77998899 -1.24810115 4.88335583
v -0.85041011 -1.27722612 4.88335583
v -0.79294462 -1.23184556 4.88335583
v -0.86300401 -1.26428269 4.88335583
v -1.19626559 -1.44814746 4.88335583
v -1.26950713 -1.45476293 4.88335583
v -1.26534756 -1.47497570 4.88335583
v -0.77308882 -1.56134125 4.88335583
v -0.82872612 -1.51330875 4.88335583
v -0.83854673 -1.52808335 4.88335583
v -1.17929140 -1.49860736 4.88335583
v -1.23770228 -1.54459076 4.88335583
v -1.17072379 -1.51421325 4.88335583
v -1.22824674 -1.55946091 4.88335583
v -1.16084861 -1.52890906 4.88335583
v -1.21769700 -1.57308113 4.88335583
v -1.14958985 -1.54277394 4.88335583
v -1.19216219 -1.46537405 4.88335583
v -1.25963343 -1.49483969 4.88335583
v -1.18651558 -1.48217790 4.88335583
v -1.25234760 -1.51441377 4.88335583
v -1.24345487 -1.53375240 4.88335583
v -0.80719134 -1.21652344 4.88335583
v -0.82257977 -1.20230708 4.88335583
v -0.87651573 -1.25264674 4.88335583
v -0.83887922 -1.18942251 4.88335583
v -0.89091407 -1.24233468 4.88335583
v -0.85615059 -1.17779989 4.88335583
v -0.90626338 -1.23331463 4.88335583
v -0.87433560 -1.16747068 4.88335583
v -0.92254924 -1.22561539 4.88335583
v -0.89318063 -1.15859574 4.88335583
v -0.93936557 -1.21940337 4.88335583
v -0.91260895 -1.15120793 4.88335583
v -0.93265874 -1.14528462 4.88335583
v -0.73106852 -1.36208944 4.88335583
v -0.80373446 -1.37185249 4.88335583
v -0.72820387 -1.38264438 4.88335583
v -0.80112629 -1.38966339 4.88335583
v -0.72692037 -1.40348775 4.88335583
v -0.92118215 -1.59380324 4.88335583
v -0.90112975 -1.63488053 4.88335583
v -0.90505285 -1.58603564 4.88335583
v -1.12348422 -1.56735331 4.88335583
v -1.14987232 -1.62222125 4.88335583
v -1.10908588 -1.57766528 4.88335583
v -1.13409208 -1.62789393 4.88335583
v -1.09373657 -1.58668533 4.88335583
v -1.11787943 -1.63202658 4.88335583
v -1.07745072 -1.59438457 4.88335583
v -1.15034739 -1.27808871 4.88335583
v -1.21330172 -1.23936320 4.88335583
v -1.16145322 -1.29191661 4.88335583
v -1.22566214 -1.25608016 4.88335583
v -1.17127392 -1.30669121 4.88335583
v -1.23674190 -1.27374213 4.88335583
v -1.17979413 -1.32241156 4.88335583
v -1.24642001 -1.29212607 4.88335583
v -1.18688811 -1.33879967 4.88335583
v -1.25467647 -1.31121892 4.88335583
v -1.19243218 -1.35560166 4.88335583
v -1.26145585 -1.33090941 4.88335583
v -1.19648650 -1.37305027 4.88335583
v -1.07689528 -1.14789968 4.88335583
v -1.09669399 -1.15453145 4.88335583
v -1.07881781 -1.22619672 4.88335583
v -1.11583583 -1.16262445 4.88335583
v -1.09494710 -1.23396441 4.88335583
v -1.13436747 -1.17218830 4.88335583
v -1.11016557 -1.24304201 4.88335583
v -1.15218051 -1.18316459 4.88335583
v -1.12453084 -1.25347087 4.88335583
v -1.16900755 -1.19540459 4.88335583
v -1.13794859 -1.26518263 4.88335583
v -1.18483389 -1.20888725 4.88335583
v -1.19966073 -1.22360010 4.88335583
v -0.80004027 -1.40734855 4.88335583
v -0.79999883 -1.40999937 4.88335583
v -0.72722542 -1.42449634 4.88335583
v -0.80097364 -1.42877325 4.88335583
v -0.86205145 -1.55481743 4.88335583
v -0.80790371 -1.59760788 4.88335583
v -0.84965266 -1.54191134 4.88335583
v -0.79519246 -1.58667192 4.88335583
v -0.78360662 -1.57459956 4.88335583
v -0.88408440 -1.63241290 4.88335583
v -0.86769965 -1.62842404 4.88335583
v -0.88983439 -1.57695804 4.88335583
v -0.85189268 -1.62293240 4.88335583
v -0.87546920 -1.56652909 4.88335583
v -0.83658695 -1.61592830 4.88335583
v -0.82178041 -1.60741210 4.88335583
v -0.97254291 -1.60813183 4.88335583
v -0.99024968 -1.60976294 4.88335583
v -1.08127976 -1.63578000 4.88335583
v -1.00824842 -1.60983205 4.88335583
v -1.02608884 -1.60831828 4.88335583
v -1.20615037 -1.58537515 4.88335583
v -1.19358208 -1.59642436 4.88335583
v -1.13699595 -1.55571727 4.88335583
v -1.17994621 -1.60629079 4.88335583
v -1.16524119 -1.61497742 4.88335583
v -1.27211073 -1.43413879 4.88335583
v -1.19887367 -1.43033657 4.88335583
v -1.27313659 -1.41319614 4.88335583
v -0.76398468 -1.54747115 4.88335583
v -0.76229805 -1.54459151 4.88335583
v -0.82020592 -1.49758840 4.88335583
v -0.75239097 -1.52519261 4.88335583
v -0.81311194 -1.48120038 4.88335583
v -0.74412017 -1.50549477 4.88335583
v -0.80756778 -1.46439839 4.88335583
v -0.73751216 -1.48562808 4.88335583
v -0.80351355 -1.44694969 4.88335583
v -0.73251398 -1.46554345 4.88335583
v -0.72909063 -1.44518595 4.88335583
v -1.26674641 -1.35114137 4.88335583
v -1.27046192 -1.37163345 4.88335583
v -1.19902641 -1.39122671 4.88335583
v -1.27258766 -1.39229167 4.88335583
v -1.20000122 -1.41000059 4.88335583
v -1.19995978 -1.41265141 4.88335583
v -1.04353735 -1.60523597 4.88335583
v -1.06063439 -1.60059668 4.88335583
v -1.08461352 -1.63573157 4.88335583
v -1.10116312 -1.63464509 4.88335583
v -0.92660300 -1.31844087 5.04335575
v -0.89628417 -1.26736769 5.04335575
v -0.93561867 -1.31189125 5.04335575
v -0.90762721 -1.25978785 5.04335575
v -0.94529381 -1.30620180 5.04335575
v -0.91959033 -1.25308391 5.04335575
v -0.95553687 -1.30142802 5.04335575
v -0.93221255 -1.24723818 5.04335575
v -0.96602337 -1.29770711 5.04335575
v -0.89778462 -1.35238720 5.04335575
v -0.84992126 -1.31740626 5.04335575
v -0.90369768 -1.34294229 5.04335575
v -0.85753500 -1.30605791 5.04335575
v -0.91051050 -1.33409081 5.04335575
v -0.86601656 -1.29534323 5.04335575
v -0.91820285 -1.32587012 5.04335575
v -0.87539041 -1.28522823 5.04335575
v -0.88552972 -1.27585148 5.04335575
v -0.94503732 -1.24246515 5.04335575
v -0.95811915 -1.23874536 5.04335575
v -0.97691398 -1.29499454 5.04335575
v -0.97155357 -1.23604005 5.04335575
v -0.98826587 -1.29330363 5.04335575
v -0.98538594 -1.23434663 5.04335575
v -0.99999998 -1.29266754 5.04335575
v -0.99999988 -1.23367235 5.04335575
v -1.00388685 -1.29275909 5.04335575
v -1.01443725 -1.23433294 5.04335575
v -1.01533607 -1.29371807 5.04335575
v -1.02848765 -1.23605058 5.04335575
v -1.02637606 -1.29569108 5.04335575
v -1.04206186 -1.23879528 5.04335575
v -1.03708273 -1.29868574 5.04335575
v -1.05520766 -1.24255111 5.04335575
v -1.04753217 -1.30273905 5.04335575
v -1.06798029 -1.24731874 5.04335575
v -1.05761271 -1.30778467 5.04335575
v -1.09155914 -1.33660296 5.04335575
v -1.14263231 -1.30628422 5.04335575
v -1.09810866 -1.34561863 5.04335575
v -1.15021206 -1.31762736 5.04335575
v -1.10379811 -1.35529377 5.04335575
v -1.15691610 -1.32959047 5.04335575
v -1.10857198 -1.36553692 5.04335575
v -1.16276173 -1.34221260 5.04335575
v -1.11229289 -1.37602333 5.04335575
v -1.08057093 -1.25316177 5.04335575
v -1.09259374 -1.25992130 5.04335575
v -1.06705772 -1.31369764 5.04335575
v -1.10394200 -1.26753505 5.04335575
v -1.07590919 -1.32051045 5.04335575
v -1.11465678 -1.27601661 5.04335575
v -1.08412988 -1.32820280 5.04335575
v -1.12477178 -1.28539046 5.04335575
v -1.13414843 -1.29552986 5.04335575
v -0.90844091 -1.48339700 5.04335575
v -0.85736765 -1.51371583 5.04335575
v -0.90189129 -1.47438133 5.04335575
v -0.84978789 -1.50237270 5.04335575
v -0.89620184 -1.46470619 5.04335575
v -0.84308386 -1.49040958 5.04335575
v -0.89142807 -1.45446314 5.04335575
v -0.83723823 -1.47778746 5.04335575
v -0.88770716 -1.44397663 5.04335575
v -0.94238734 -1.51221538 5.04335575
v -0.90740621 -1.56007875 5.04335575
v -0.93294233 -1.50630232 5.04335575
v -0.89605795 -1.55246500 5.04335575
v -0.92409085 -1.49948951 5.04335575
v -0.88534318 -1.54398344 5.04335575
v -0.91587016 -1.49179716 5.04335575
v -0.87522818 -1.53460959 5.04335575
v -0.86585153 -1.52447028 5.04335575
v -1.07339695 -1.50155909 5.04335575
v -1.10371569 -1.55263226 5.04335575
v -1.06438128 -1.50810871 5.04335575
v -1.09237265 -1.56021211 5.04335575
v -1.05470615 -1.51379816 5.04335575
v -1.08040953 -1.56691615 5.04335575
v -1.04446309 -1.51857194 5.04335575
v -1.06778741 -1.57276168 5.04335575
v -1.03397667 -1.52229285 5.04335575
v -1.10221533 -1.46761267 5.04335575
v -1.15007870 -1.50259379 5.04335575
v -1.09630236 -1.47705767 5.04335575
v -1.14246495 -1.51394205 5.04335575
v -1.08948955 -1.48590915 5.04335575
v -1.13398340 -1.52465682 5.04335575
v -1.08179720 -1.49412984 5.04335575
v -1.12460945 -1.53477173 5.04335575
v -1.11447014 -1.54414847 5.04335575
v -1.16753476 -1.35503747 5.04335575
v -1.17125465 -1.36811920 5.04335575
v -1.11500546 -1.38691394 5.04335575
v -1.17395995 -1.38155362 5.04335575
v -1.11669637 -1.39826583 5.04335575
v -1.17565338 -1.39538608 5.04335575
v -1.11733237 -1.40999993 5.04335575
v -1.17632765 -1.41000003 5.04335575
v -1.11724092 -1.41388671 5.04335575
v -1.17566707 -1.42443730 5.04335575
v -1.11628184 -1.42533602 5.04335575
v -1.17394943 -1.43848769 5.04335575
v -1.11430893 -1.43637601 5.04335575
v -1.17120473 -1.45206181 5.04335575
v -1.11131417 -1.44708268 5.04335575
v -1.16744889 -1.46520762 5.04335575
v -1.10726096 -1.45753212 5.04335575
v -1.16268126 -1.47798024 5.04335575
v -1.15683815 -1.49057098 5.04335575
v -0.83246520 -1.46496259 5.04335575
v -0.82874531 -1.45188086 5.04335575
v -0.88499459 -1.43308602 5.04335575
v -0.82604000 -1.43844644 5.04335575
v -0.88330358 -1.42173404 5.04335575
v -0.82434658 -1.42461397 5.04335575
v -0.88266758 -1.40999993 5.04335575
v -0.82367230 -1.41000003 5.04335575
v -0.88275904 -1.40611306 5.04335575
v -0.82433289 -1.39556266 5.04335575
v -0.88371811 -1.39466384 5.04335575
v -0.82605053 -1.38151236 5.04335575
v -0.88569112 -1.38362385 5.04335575
v -0.82879523 -1.36793815 5.04335575
v -0.88868579 -1.37291728 5.04335575
v -0.83255097 -1.35479243 5.04335575
v -0.89273900 -1.36246784 5.04335575
v -0.83731869 -1.34201972 5.04335575
v -0.84316172 -1.32942908 5.04335575
v -1.05496254 -1.57753471 5.04335575
v -1.04188072 -1.58125460 5.04335575
v -1.02308597 -1.52500542 5.04335575
v -1.02844629 -1.58395991 5.04335575
v -1.01173408 -1.52669642 5.04335575
v -1.01461383 -1.58565342 5.04335575
v -0.99999998 -1.52733242 5.04335575
v -0.99999988 -1.58632770 5.04335575
v -0.99611320 -1.52724097 5.04335575
v -0.98556262 -1.58566702 5.04335575
v -0.98466398 -1.52628189 5.04335575
v -0.97151231 -1.58394948 5.04335575
v -0.97362390 -1.52430888 5.04335575
v -0.95793819 -1.58120468 5.04335575
v -0.96291732 -1.52131421 5.04335575
v -0.94479239 -1.57744903 5.04335575
v -0.95246788 -1.51726091 5.04335575
v -0.93201976 -1.57268140 5.04335575
v -0.91942903 -1.56683829 5.04335575
v 1.63004119 0.20999999 4.70335576
v 1.44999996 0.20999999 4.70335576
v 1.65999997 0.18004106 4.70335576
v 1.30852396 -0.15519187 4.70335576
v 1.33944927 -0.17854560 4.70335576
v 1.41141256 0.20642434 4.70335576
v 1.65777486 0.19138146 4.70335576
v 1.65123027 0.20123022 4.70335576
v 1.64138153 0.20777483 4.70335576
v 1.24089578 0.01937636 4.70335576
v 1.24089578 -0.01937636 4.70335576
v 1.24801658 -0.05746923 4.70335576
v 1.65123027 -0.20123022 4.70335576
v 1.65777486 -0.19138148 4.70335576
v 1.64138153 -0.20777481 4.70335576
v 1.65999997 -0.18004111 4.70335576
v 1.63004119 -0.20999999 4.70335576
v 1.44999996 -0.20999999 4.70335576
v 1.41141256 -0.20642434 4.70335576
v 1.37413926 -0.19581916 4.70335576
v 1.26201566 -0.09360506 4.70335576
v 1.28241638 -0.12655328 4.70335576
v 1.24801658 0.05746923 4.70335576
v 1.37413926 0.19581916 4.70335576
v 1.33944927 0.17854560 4.70335576
v 1.30852396 0.15519187 4.70335576
v 1.28241638 0.12655327 4.70335576
v 1.26201566 0.09360506 4.70335576
v 1.44999996 0.21314591 4.76338323
v 1.63318682 0.21314591 4.76338323
v 1.66185405 0.19195992 4.76365629
v 1.66239757 0.18991046 4.76360190
v 1.66314598 0.18318691 4.76338323
v 1.66148543 0.19309251 4.76368386
v 1.65858101 0.19915062 4.76380009
v 1.65666007 0.20186638 4.76382766
v 1.65443644 0.20436333 4.76383660
v 1.65191833 0.20661855 4.76382728
v 1.64915957 0.20857551 4.76380121
v 1.64709166 0.20976032 4.76377066
v 1.63987949 0.21240432 4.76359818
v 1.64310653 0.21148063 4.76368423
v 1.66314598 -0.18318696 4.76338323
v 1.64195988 -0.21185395 4.76365629
v 1.63991041 -0.21239747 4.76360190
v 1.63318701 -0.21314591 4.76338323
v 1.64309256 -0.21148550 4.76368386
v 1.64915062 -0.20858105 4.76380009
v 1.65186636 -0.20666004 4.76382766
v 1.65436342 -0.20443634 4.76383660
v 1.65661853 -0.20191839 4.76382728
v 1.65857542 -0.19915961 4.76380121
v 1.65976025 -0.19709158 4.76377066
v 1.66240428 -0.18987955 4.76359818
v 1.66148059 -0.19310653 4.76368423
v 1.44999996 -0.21314591 4.76338323
v 1.41298762 -0.20990775 4.76338323
v 1.41083458 -0.20951668 4.76338323
v 1.37709985 -0.20029163 4.76338323
v 1.37300286 -0.19875264 4.76338323
v 1.34342704 -0.18458976 4.76338323
v 1.33779310 -0.18122030 4.76338323
v 1.31299244 -0.16327924 4.76338323
v 1.30640455 -0.15751673 4.76338323
v 1.28672076 -0.13700755 4.76338323
v 1.27990590 -0.12844910 4.76338323
v 1.26541024 -0.10657295 4.76338323
v 1.25919962 -0.09500731 4.76338323
v 1.24970833 -0.07290019 4.76338323
v 1.24499081 -0.05833015 4.76338323
v 1.24009224 -0.03701240 4.76338323
v 1.23776337 -0.01966662 4.76338323
v 1.23685412 -0.00000000 4.76338323
v 1.23776337 0.01966662 4.76338323
v 1.24009224 0.03701240 4.76338323
v 1.24499081 0.05833015 4.76338323
v 1.24970833 0.07290019 4.76338323
v 1.25919962 0.09500731 4.76338323
v 1.26541024 0.10657295 4.76338323
v 1.27990590 0.12844910 4.76338323
v 1.28672076 0.13700755 4.76338323
v 1.30640455 0.15751673 4.76338323
v 1.31299244 0.16327923 4.76338323
v 1.33779310 0.18122030 4.76338323
v 1.34342704 0.18458976 4.76338323
v 1.37300286 0.19875264 4.76338323
v 1.37709985 0.20029163 4.76338323
v 1.41083458 0.20951668 4.76338323
v 1.41298762 0.20990775 4.76338323
v 1.63318589 0.23419238 4.78335581
v 1.44999996 0.23419263 4.78335581
v 1.68419220 0.18318527 4.78335563
v 1.68412719 0.18577061 4.78335581
v 1.68293435 0.19446275 4.78335581
v 1.68197975 0.19806849 4.78335581
v 1.68041848 0.20246080 4.78335581
v 1.67847928 0.20665939 4.78335581
v 1.67640895 0.21028621 4.78335581
v 1.67138800 0.21699870 4.78335581
v 1.66935492 0.21916479 4.78335581
v 1.66501459 0.22305693 4.78335581
v 1.65807381 0.22771826 4.78335581
v 1.65690910 0.22834903 4.78335581
v 1.65005606 0.23132944 4.78335581
v 1.64194573 0.23343801 4.78335581
v 1.68419238 -0.18318651 4.78335581
v 1.63318533 -0.23419235 4.78335581
v 1.63576901 -0.23412718 4.78335581
v 1.64446216 -0.23293439 4.78335581
v 1.64806843 -0.23197965 4.78335581
v 1.65246017 -0.23041866 4.78335581
v 1.65665951 -0.22847925 4.78335581
v 1.66028570 -0.22640920 4.78335581
v 1.66699812 -0.22138848 4.78335581
v 1.66916475 -0.21935492 4.78335581
v 1.67305656 -0.21501505 4.78335581
v 1.67771801 -0.20807434 4.78335581
v 1.67834908 -0.20690893 4.78335581
v 1.68132931 -0.20005673 4.78335581
v 1.68343782 -0.19194676 4.78335581
v 1.44999996 -0.23419263 4.78335581
v 1.40933292 -0.23063470 4.78335581
v 1.36990137 -0.22006908 4.78335581
v 1.33290365 -0.20281677 4.78335581
v 1.29946386 -0.17940196 4.78335581
v 1.27059808 -0.15053612 4.78335581
v 1.24718323 -0.11709632 4.78335581
v 1.22993095 -0.08009860 4.78335581
v 1.21936528 -0.04066712 4.78335581
v 1.21580735 -0.00000000 4.78335581
v 1.21936528 0.04066712 4.78335581
v 1.22993095 0.08009860 4.78335581
v 1.24718323 0.11709632 4.78335581
v 1.27059808 0.15053612 4.78335581
v 1.29946386 0.17940196 4.78335581
v 1.33290365 0.20281677 4.78335581
v 1.36990137 0.22006908 4.78335581
v 1.40933292 0.23063470 4.78335581
v 1.68419238 0.28737960 4.78335581
v 1.27253700 -0.22605548 4.78335581
v 1.29031604 -0.23893116 4.78335581
v 1.18211936 -0.10410574 4.78335581
v 1.19080516 -0.12426089 4.78335581
v 1.17488503 -0.08297708 4.78335581
v 1.16916513 -0.06098264 4.78335581
v 1.22624468 0.18033922 4.78335581
v 1.21305920 0.16264897 4.78335581
v 1.30893653 -0.25036361 4.78335581
v 1.32849067 -0.26039297 4.78335581
v 1.25584509 -0.21189505 4.78335581
v 1.24017037 -0.19636750 4.78335581
v 1.20093906 -0.14351587 4.78335581
v 1.21253645 -0.16193626 4.78335581
v 1.22563019 -0.17957813 4.78335581
v 1.18238479 0.10470413 4.78335581
v 1.19110383 0.12473911 4.78335581
v 1.20136952 0.14414254 4.78335581
v 1.29074780 0.23929374 4.78335581
v 1.36338370 0.27401876 4.78335581
v 1.35038244 0.26956152 4.78335581
v 1.32940272 0.26082506 4.78335581
v 1.30949197 0.25070999 4.78335581
v 1.35038244 -0.26956152 4.78335581
v 1.37146814 -0.27645091 4.78335581
v 1.16381599 -0.02653237 4.78335581
v 1.16670979 -0.04832156 4.78335581
v 1.16308397 0.01706880 4.78335581
v 1.16260713 -0.00475722 4.78335581
v 1.17518548 0.08394055 4.78335581
v 1.16916504 0.06098200 4.78335581
v 1.16526699 0.03900982 4.78335581
v 1.27309738 0.22656925 4.78335581
v 1.25647783 0.21251228 4.78335581
v 1.24083813 0.19708227 4.78335581
v 1.38452984 0.27984299 4.78335581
v 1.40599171 0.28401420 4.78335581
v 1.42783429 0.28653282 4.78335581
v 1.44999996 0.28737960 4.78335581
v 1.68419257 -0.28737960 4.78335581
v 1.44999996 -0.28737960 4.78335581
v 1.39283007 -0.28166005 4.78335581
v 1.41440714 -0.28518694 4.78335581
v 1.43626072 -0.28705380 4.78335581
v -1.44999996 0.20999999 4.70335576
v -1.63004100 0.20999999 4.70335576
v -1.63004119 -0.20999999 4.70335576
v -1.64138153 0.20777483 4.70335576
v -1.65123027 0.20123024 4.70335576
v -1.65123027 -0.20123022 4.70335576
v -1.64138153 -0.20777483 4.70335576
v -1.65777486 -0.19138146 4.70335576
v -1.65777486 0.19138149 4.70335576
v -1.65999997 0.18004111 4.70335576
v -1.65999997 -0.18004111 4.70335576
v -1.44999996 -0.20999999 4.70335576
v -1.41141256 -0.20642434 4.70335576
v -1.41141256 0.20642434 4.70335576
v -1.37413926 -0.19581916 4.70335576
v -1.33944927 -0.17854560 4.70335576
v -1.30852396 -0.15519187 4.70335576
v -1.28241638 -0.12655328 4.70335576
v -1.26201566 -0.09360506 4.70335576
v -1.24801658 -0.05746923 4.70335576
v -1.24089578 -0.01937636 4.70335576
v -1.24089578 0.01937636 4.70335576
v -1.24801658 0.05746923 4.70335576
v -1.26201566 0.09360506 4.70335576
v -1.28241638 0.12655327 4.70335576
v -1.30852396 0.15519187 4.70335576
v -1.33944927 0.17854560 4.70335576
v -1.37413926 0.19581916 4.70335576
v -1.66314598 -0.18318691 4.76338323
v -1.66314598 0.18318696 4.76338323
v -1.64195914 0.21185419 4.76365629
v -1.63991041 0.21239747 4.76360190
v -1.63318682 0.21314591 4.76338323
v -1.64309256 0.21148550 4.76368386
v -1.64915062 0.20858105 4.76380009
v -1.65186636 0.20666001 4.76382766
v -1.65436491 0.20443483 4.76383660
v -1.65661853 0.20191839 4.76382728
v -1.65857542 0.19915961 4.76380121
v -1.65976137 0.19708970 4.76377066
v -1.66240428 0.18987954 4.76359818
v -1.66148059 0.19310653 4.76368423
v -1.44999996 0.21314591 4.76338323
v -1.41298762 0.20990775 4.76338323
v -1.41083458 0.20951668 4.76338323
v -1.37709985 0.20029163 4.76338323
v -1.37300286 0.19875264 4.76338323
v -1.34342704 0.18458976 4.76338323
v -1.33779310 0.18122030 4.76338323
v -1.31299244 0.16327923 4.76338323
v -1.30640455 0.15751673 4.76338323
v -1.28672076 0.13700755 4.76338323
v -1.27990590 0.12844910 4.76338323
v -1.26541024 0.10657295 4.76338323
v -1.25919962 0.09500731 4.76338323
v -1.24970833 0.07290019 4.76338323
v -1.24499081 0.05833015 4.76338323
v -1.24009224 0.03701240 4.76338323
v -1.23776337 0.01966662 4.76338323
v -1.23685412 -0.00000000 4.76338323
v -1.23776337 -0.01966662 4.76338323
v -1.24009224 -0.03701240 4.76338323
v -1.24499081 -0.05833015 4.76338323
v -1.24970833 -0.07290019 4.76338323
v -1.25919962 -0.09500731 4.76338323
v -1.26541024 -0.10657295 4.76338323
v -1.27990590 -0.12844910 4.76338323
v -1.28672076 -0.13700755 4.76338323
v -1.30640455 -0.15751673 4.76338323
v -1.31299244 -0.16327924 4.76338323
v -1.33779310 -0.18122030 4.76338323
v -1.34342704 -0.18458976 4.76338323
v -1.37300286 -0.19875264 4.76338323
v -1.37709985 -0.20029163 4.76338323
v -1.41083458 -0.20951668 4.76338323
v -1.41298762 -0.20990775 4.76338323
v -1.44999996 -0.21314591 4.76338323
v -1.63318701 -0.21314591 4.76338323
v -1.66185405 -0.19195974 4.76365629
v -1.66239757 -0.18991042 4.76360190
v -1.66148543 -0.19309249 4.76368386
v -1.65858101 -0.19915060 4.76380009
v -1.65666007 -0.20186636 4.76382766
v -1.65443607 -0.20436363 4.76383660
v -1.65191833 -0.20661852 4.76382728
v -1.64915957 -0.20857549 4.76380121
v -1.64709147 -0.20976043 4.76377066
v -1.63987949 -0.21240432 4.76359818
v -1.64310653 -0.21148061 4.76368423
v -1.68419220 -0.18318525 4.78335563
v -1.68419238 0.18318670 4.78335581
v -1.63318403 0.23419231 4.78335581
v -1.63577013 0.23412718 4.78335581
v -1.64446216 0.23293442 4.78335581
v -1.64806731 0.23198004 4.78335581
v -1.65246017 0.23041868 4.78335581
v -1.65666267 0.22847760 4.78335581
v -1.66028570 0.22640922 4.78335581
v -1.66699830 0.22138848 4.78335581
v -1.66916735 0.21935236 4.78335581
v -1.67305656 0.21501505 4.78335581
v -1.67771801 0.20807432 4.78335581
v -1.67835075 0.20690577 4.78335581
v -1.68132931 0.20005673 4.78335581
v -1.68343782 0.19194655 4.78335581
v -1.44999996 0.23419263 4.78335581
v -1.40933292 0.23063470 4.78335581
v -1.36990137 0.22006908 4.78335581
v -1.33290365 0.20281677 4.78335581
v -1.29946386 0.17940196 4.78335581
v -1.27059808 0.15053612 4.78335581
v -1.24718323 0.11709632 4.78335581
v -1.22993095 0.08009860 4.78335581
v -1.21936528 0.04066712 4.78335581
v -1.21580735 -0.00000000 4.78335581
v -1.21936528 -0.04066712 4.78335581
v -1.22993095 -0.08009860 4.78335581
v -1.24718323 -0.11709632 4.78335581
v -1.27059808 -0.15053612 4.78335581
v -1.29946386 -0.17940196 4.78335581
v -1.33290365 -0.20281677 4.78335581
v -1.36990137 -0.22006908 4.78335581
v -1.40933292 -0.23063470 4.78335581
v -1.44999996 -0.23419263 4.78335581
v -1.63318645 -0.23419529 4.78335712
v -1.68412719 -0.18577003 4.78335581
v -1.68293435 -0.19446220 4.78335581
v -1.68197975 -0.19806817 4.78335581
v -1.68041866 -0.20246028 4.78335581
v -1.67847890 -0.20666027 4.78335581
v -1.67640913 -0.21028572 4.78335581
v -1.67138837 -0.21699828 4.78335581
v -1.66935455 -0.21916528 4.78335581
v -1.66501496 -0.22305655 4.78335581
v -1.65807419 -0.22771799 4.78335581
v -1.65690873 -0.22834919 4.78335581
v -1.65005662 -0.23132924 4.78335581
v -1.64194666 -0.23343782 4.78335581
v -1.68419238 -0.28737960 4.78335581
v -1.30893588 0.25036328 4.78335581
v -1.32849002 0.26039267 4.78335581
v -1.35038234 0.26956152 4.78335581
v -1.37146804 0.27645091 4.78335581
v -1.22624487 -0.18033943 4.78335581
v -1.21305939 -0.16264922 4.78335581
v -1.16670970 0.04832073 4.78335581
v -1.16381599 0.02653158 4.78335581
v -1.16260713 0.00475646 4.78335581
v -1.16308397 -0.01706953 4.78335581
v -1.16526708 -0.03901052 4.78335581
v -1.29074799 -0.23929381 4.78335581
v -1.36338389 -0.27401878 4.78335581
v -1.35038234 -0.26956152 4.78335581
v -1.32940281 -0.26082508 4.78335581
v -1.30949197 -0.25071003 4.78335581
v -1.29031548 0.23893083 4.78335581
v -1.27253653 0.22605511 4.78335581
v -1.19080497 0.12426057 4.78335581
v -1.16916513 -0.06098265 4.78335581
v -1.17518567 -0.08394099 4.78335581
v -1.20136971 -0.14414284 4.78335581
v -1.19110402 -0.12473946 4.78335581
v -1.18238498 -0.10470451 4.78335581
v -1.27309756 -0.22656934 4.78335581
v -1.25647793 -0.21251240 4.78335581
v -1.24083832 -0.19708246 4.78335581
v -1.68419257 0.28737960 4.78335581
v -1.16916513 0.06098241 4.78335581
v -1.17488503 0.08297682 4.78335581
v -1.18211927 0.10410545 4.78335581
v -1.38453003 -0.27984302 4.78335581
v -1.40599171 -0.28401420 4.78335581
v -1.25584472 0.21189468 4.78335581
v -1.24017000 0.19636713 4.78335581
v -1.20093888 0.14351553 4.78335581
v -1.21253617 0.16193591 4.78335581
v -1.22562991 0.17957777 4.78335581
v -1.42783439 -0.28653282 4.78335581
v -1.44999996 -0.28737960 4.78335581
v -1.44999996 0.28737960 4.78335581
v -1.39282998 0.28166005 4.78335581
v -1.41440704 0.28518692 4.78335581
v -1.43626062 0.28705380 4.78335581
f 1 2 3
f 3 2 4
f 5 6 7
f 7 6 8
f 9 10 8
f 8 10 3
f 8 3 7
f 7 3 4
f 7 4 11
f 11 4 12
f 13 14 15
f 15 14 16
f 17 18 19
f 19 18 20
f 21 22 20
f 20 22 15
f 20 15 19
f 19 15 16
f 19 16 23
f 23 16 24
f 5 25 6
f 6 25 26
f 6 26 8
f 8 26 27
f 8 27 9
f 9 27 28
f 9 28 10
f 10 28 29
f 10 29 3
f 3 29 30
f 3 30 1
f 1 30 31
f 1 31 2
f 2 31 32
f 2 32 4
f 4 32 33
f 4 33 12
f 12 33 34
f 12 34 11
f 11 34 35
f 11 35 7
f 7 35 36
f 7 36 5
f 5 36 25
f 17 37 18
f 18 37 38
f 18 38 20
f 20 38 39
f 20 39 21
f 21 39 40
f 21 40 22
f 22 40 41
f 22 41 15
f 15 41 42
f 15 42 13
f 13 42 43
f 13 43 14
f 14 43 44
f 14 44 16
f 16 44 45
f 16 45 24
f 24 45 46
f 24 46 23
f 23 46 47
f 23 47 19
f 19 47 48
f 19 48 17
f 17 48 37
f 49 26 50
f 50 26 25
f 51 27 49
f 49 27 26
f 52 28 51
f 51 28 27
f 53 29 52
f 52 29 28
f 54 30 53
f 53 30 29
f 55 31 54
f 54 31 30
f 56 32 55
f 55 32 31
f 57 33 56
f 56 33 32
f 58 34 57
f 57 34 33
f 59 35 58
f 58 35 34
f 60 36 59
f 59 36 35
f 50 25 60
f 60 25 36
f 61 38 62
f 62 38 37
f 63 39 61
f 61 39 38
f 64 40 63
f 63 40 39
f 65 41 64
f 64 41 40
f 66 42 65
f 65 42 41
f 67 43 66
f 66 43 42
f 68 44 67
f 67 44 43
f 69 45 68
f 68 45 44
f 70 46 69
f 69 46 45
f 71 47 70
f 70 47 46
f 72 48 71
f 71 48 47
f 62 37 72
f 72 37 48
f 59 58 73
f 74 75 55
f 55 75 76
f 55 76 56
f 76 77 56
f 56 77 78
f 56 78 57
f 57 78 79
f 57 79 58
f 58 79 80
f 58 80 73
f 74 55 81
f 81 55 54
f 81 54 53
f 82 83 52
f 52 83 84
f 52 84 53
f 53 84 85
f 53 85 81
f 52 51 82
f 82 51 49
f 82 49 86
f 86 49 87
f 87 49 50
f 87 50 88
f 73 89 59
f 59 89 90
f 59 90 60
f 60 90 91
f 60 91 92
f 92 93 60
f 60 93 94
f 60 94 50
f 50 94 95
f 50 95 88
f 96 97 98
f 99 100 101
f 101 100 102
f 103 104 99
f 105 98 106
f 106 98 107
f 106 107 108
f 108 107 109
f 108 109 110
f 102 100 111
f 111 100 108
f 111 108 112
f 112 108 110
f 112 110 113
f 114 105 115
f 115 105 116
f 115 116 117
f 101 118 119
f 99 101 103
f 103 101 119
f 103 119 120
f 121 122 123
f 124 125 126
f 114 127 105
f 105 127 128
f 105 128 98
f 98 128 121
f 98 121 96
f 96 121 123
f 96 123 129
f 130 131 132
f 133 126 134
f 134 126 125
f 134 125 135
f 117 116 126
f 126 116 130
f 126 130 124
f 124 130 132
f 124 132 136
f 71 70 137
f 138 139 67
f 67 139 140
f 67 140 68
f 140 141 68
f 68 141 142
f 68 142 69
f 69 142 143
f 69 143 70
f 70 143 144
f 70 144 137
f 138 67 145
f 145 67 66
f 145 66 65
f 146 147 64
f 64 147 148
f 64 148 65
f 65 148 149
f 65 149 145
f 64 63 146
f 146 63 61
f 146 61 150
f 150 61 151
f 151 61 62
f 151 62 152
f 137 153 71
f 71 153 154
f 71 154 72
f 72 154 155
f 72 155 156
f 156 157 72
f 72 157 158
f 72 158 62
f 62 158 159
f 62 159 152
f 160 81 161
f 161 81 85
f 161 85 162
f 162 85 84
f 162 84 163
f 163 84 83
f 163 83 164
f 164 83 82
f 164 82 165
f 165 82 86
f 165 86 166
f 166 86 87
f 166 87 167
f 167 87 88
f 168 75 160
f 160 75 74
f 160 74 81
f 169 78 170
f 170 78 77
f 170 77 168
f 168 77 76
f 168 76 75
f 171 73 172
f 172 73 80
f 172 80 169
f 169 80 79
f 169 79 78
f 173 90 171
f 171 90 89
f 171 89 73
f 174 92 173
f 173 92 91
f 173 91 90
f 88 95 167
f 167 95 94
f 167 94 174
f 174 94 93
f 174 93 92
f 175 176 177
f 177 176 178
f 178 176 179
f 178 179 180
f 180 179 181
f 181 179 182
f 181 182 183
f 184 185 186
f 186 185 187
f 186 187 182
f 182 187 188
f 182 188 183
f 189 190 191
f 191 190 192
f 191 192 184
f 184 192 193
f 184 193 185
f 194 195 196
f 196 195 197
f 196 197 189
f 189 197 198
f 189 198 190
f 194 196 199
f 199 196 200
f 199 200 201
f 201 200 202
f 201 202 203
f 203 202 204
f 204 202 205
f 204 205 206
f 206 205 207
f 206 207 208
f 208 207 209
f 209 207 210
f 209 210 211
f 177 212 175
f 175 212 213
f 175 213 214
f 214 213 215
f 214 215 210
f 210 215 216
f 210 216 211
f 168 217 170
f 170 217 218
f 170 218 169
f 169 218 219
f 169 219 172
f 172 219 220
f 172 220 171
f 171 220 221
f 171 221 173
f 173 221 222
f 173 222 174
f 174 222 223
f 174 223 167
f 167 223 224
f 167 224 166
f 166 224 225
f 166 225 165
f 165 225 226
f 165 226 164
f 164 226 227
f 164 227 163
f 163 227 228
f 163 228 162
f 162 228 229
f 162 229 161
f 161 229 230
f 161 230 160
f 160 230 231
f 160 231 168
f 168 231 217
f 217 207 218
f 218 207 205
f 218 205 219
f 219 205 202
f 219 202 220
f 220 202 200
f 220 200 221
f 221 200 196
f 221 196 222
f 222 196 189
f 222 189 223
f 223 189 191
f 223 191 224
f 224 191 184
f 224 184 225
f 225 184 186
f 225 186 226
f 226 186 182
f 226 182 227
f 227 182 179
f 227 179 228
f 228 179 176
f 228 176 229
f 229 176 175
f 229 175 230
f 230 175 214
f 230 214 231
f 231 214 210
f 231 210 217
f 217 210 207
f 232 125 233
f 233 125 124
f 131 130 234
f 235 236 136
f 235 136 237
f 234 238 131
f 131 238 239
f 131 239 132
f 132 239 240
f 132 240 136
f 136 240 241
f 136 241 237
f 136 236 242
f 233 124 136
f 233 136 242
f 234 130 243
f 243 130 116
f 100 244 245
f 100 245 108
f 108 245 246
f 108 246 106
f 106 246 247
f 106 247 105
f 105 247 248
f 105 248 116
f 116 248 249
f 116 249 243
f 244 100 250
f 250 100 99
f 119 118 251
f 251 118 101
f 251 101 252
f 119 251 120
f 120 251 253
f 120 253 254
f 250 99 255
f 255 99 104
f 255 104 256
f 256 104 103
f 256 103 257
f 257 103 120
f 257 120 258
f 258 120 254
f 252 101 259
f 259 101 102
f 110 109 260
f 260 109 107
f 260 107 261
f 262 263 113
f 110 260 113
f 113 260 264
f 113 264 262
f 263 265 113
f 113 265 266
f 113 266 112
f 112 266 267
f 112 267 111
f 111 267 259
f 111 259 102
f 261 107 268
f 268 107 98
f 123 122 269
f 269 122 121
f 269 121 270
f 271 272 129
f 123 269 129
f 129 269 273
f 129 273 271
f 272 274 129
f 129 274 275
f 129 275 96
f 96 275 276
f 96 276 97
f 97 276 268
f 97 268 98
f 270 121 277
f 277 121 128
f 117 278 279
f 117 279 115
f 115 279 280
f 115 280 114
f 114 280 281
f 114 281 127
f 127 281 282
f 127 282 128
f 128 282 283
f 128 283 277
f 278 117 284
f 284 117 126
f 135 125 232
f 285 133 286
f 286 133 134
f 232 287 135
f 135 287 288
f 135 288 134
f 134 288 289
f 134 289 286
f 285 290 133
f 133 290 291
f 133 291 292
f 293 294 295
f 295 294 284
f 292 296 295
f 295 296 293
f 284 126 295
f 295 126 133
f 295 133 292
f 297 145 298
f 298 145 149
f 298 149 299
f 299 149 148
f 299 148 300
f 300 148 147
f 300 147 301
f 301 147 146
f 301 146 302
f 302 146 150
f 302 150 303
f 303 150 151
f 303 151 304
f 304 151 152
f 305 139 297
f 297 139 138
f 297 138 145
f 306 142 307
f 307 142 141
f 307 141 305
f 305 141 140
f 305 140 139
f 308 137 309
f 309 137 144
f 309 144 306
f 306 144 143
f 306 143 142
f 310 154 308
f 308 154 153
f 308 153 137
f 311 156 310
f 310 156 155
f 310 155 154
f 152 159 304
f 304 159 158
f 304 158 311
f 311 158 157
f 311 157 156
f 312 313 314
f 314 313 315
f 315 313 316
f 315 316 317
f 317 316 318
f 318 316 319
f 318 319 320
f 321 322 323
f 323 322 324
f 323 324 319
f 319 324 325
f 319 325 320
f 326 327 328
f 328 327 329
f 328 329 321
f 321 329 330
f 321 330 322
f 331 332 333
f 333 332 334
f 333 334 326
f 326 334 335
f 326 335 327
f 331 333 336
f 336 333 337
f 336 337 338
f 338 337 339
f 338 339 340
f 340 339 341
f 341 339 342
f 341 342 343
f 343 342 344
f 343 344 345
f 345 344 346
f 346 344 347
f 346 347 348
f 314 349 312
f 312 349 350
f 312 350 351
f 351 350 352
f 351 352 347
f 347 352 353
f 347 353 348
f 305 354 307
f 307 354 355
f 307 355 306
f 306 355 356
f 306 356 309
f 309 356 357
f 309 357 308
f 308 357 358
f 308 358 310
f 310 358 359
f 310 359 311
f 311 359 360
f 311 360 304
f 304 360 361
f 304 361 303
f 303 361 362
f 303 362 302
f 302 362 363
f 302 363 301
f 301 363 364
f 301 364 300
f 300 364 365
f 300 365 299
f 299 365 366
f 299 366 298
f 298 366 367
f 298 367 297
f 297 367 368
f 297 368 305
f 305 368 354
f 354 344 355
f 355 344 342
f 355 342 356
f 356 342 339
f 356 339 357
f 357 339 337
f 357 337 358
f 358 337 333
f 358 333 359
f 359 333 326
f 359 326 360
f 360 326 328
f 360 328 361
f 361 328 321
f 361 321 362
f 362 321 323
f 362 323 363
f 363 323 319
f 363 319 364
f 364 319 316
f 364 316 365
f 365 316 313
f 365 313 366
f 366 313 312
f 366 312 367
f 367 312 351
f 367 351 368
f 368 351 347
f 368 347 354
f 354 347 344
f 180 369 178
f 178 369 370
f 178 370 177
f 177 370 371
f 177 371 212
f 212 371 372
f 212 372 213
f 213 372 373
f 213 373 215
f 215 373 374
f 215 374 216
f 216 374 375
f 216 375 211
f 211 375 376
f 211 376 209
f 209 376 377
f 209 377 208
f 208 377 378
f 208 378 206
f 206 378 379
f 206 379 204
f 204 379 380
f 204 380 203
f 203 380 381
f 203 381 201
f 201 381 382
f 201 382 199
f 199 382 383
f 199 383 194
f 194 383 384
f 194 384 195
f 195 384 385
f 195 385 197
f 197 385 386
f 197 386 198
f 198 386 387
f 198 387 190
f 190 387 388
f 190 388 192
f 192 388 389
f 192 389 193
f 193 389 390
f 193 390 185
f 185 390 391
f 185 391 187
f 187 391 392
f 187 392 188
f 188 392 393
f 188 393 183
f 183 393 394
f 183 394 181
f 181 394 395
f 181 395 180
f 180 395 369
f 232 233 396
f 396 233 397
f 396 397 398
f 399 400 234
f 234 400 238
f 238 400 239
f 239 400 401
f 239 401 240
f 240 401 402
f 240 402 241
f 241 402 403
f 241 403 237
f 237 403 404
f 237 404 235
f 235 404 405
f 235 405 236
f 236 405 406
f 236 406 242
f 242 406 407
f 242 407 397
f 242 397 233
f 399 234 408
f 408 234 243
f 243 249 408
f 408 249 248
f 408 248 247
f 246 245 244
f 247 246 408
f 408 246 244
f 408 244 409
f 409 244 250
f 252 410 411
f 252 411 251
f 251 411 412
f 251 412 253
f 253 412 413
f 253 413 254
f 413 414 254
f 254 414 415
f 254 415 258
f 258 415 416
f 258 416 257
f 257 416 417
f 257 417 256
f 256 417 255
f 255 417 409
f 255 409 250
f 252 259 410
f 410 259 418
f 418 259 267
f 418 267 419
f 419 267 266
f 419 266 420
f 420 266 265
f 420 265 421
f 421 265 263
f 421 263 422
f 422 263 262
f 422 262 423
f 423 262 264
f 423 264 424
f 424 264 260
f 424 260 425
f 425 260 261
f 425 261 426
f 261 268 426
f 426 268 427
f 427 268 276
f 427 276 428
f 428 276 275
f 428 275 429
f 429 275 274
f 429 274 430
f 430 274 272
f 430 272 431
f 431 272 271
f 431 271 432
f 432 271 273
f 432 273 433
f 433 273 269
f 433 269 434
f 434 269 270
f 434 270 435
f 435 270 436
f 436 270 277
f 277 283 436
f 436 283 282
f 436 282 281
f 437 436 438
f 438 436 281
f 284 438 278
f 278 438 281
f 278 281 279
f 279 281 280
f 439 440 441
f 287 232 396
f 287 396 288
f 288 396 442
f 288 442 289
f 289 442 286
f 286 442 443
f 286 443 285
f 285 443 444
f 285 444 290
f 290 444 291
f 291 444 445
f 291 445 292
f 292 445 446
f 292 446 296
f 296 446 447
f 296 447 293
f 293 441 448
f 284 294 449
f 449 294 448
f 448 294 293
f 450 451 438
f 438 451 437
f 441 440 450
f 450 440 451
f 441 293 447
f 441 447 452
f 452 447 446
f 452 446 453
f 453 446 445
f 453 445 454
f 454 445 444
f 454 444 455
f 455 444 443
f 455 443 456
f 456 443 442
f 456 442 457
f 457 442 458
f 458 442 396
f 458 396 398
f 452 439 441
f 448 441 450
f 448 450 449
f 449 450 438
f 449 438 284
f 317 459 315
f 315 459 460
f 315 460 314
f 314 460 461
f 314 461 349
f 349 461 462
f 349 462 350
f 350 462 463
f 350 463 352
f 352 463 464
f 352 464 353
f 353 464 465
f 353 465 348
f 348 465 466
f 348 466 346
f 346 466 467
f 346 467 345
f 345 467 468
f 345 468 343
f 343 468 469
f 343 469 341
f 341 469 470
f 341 470 340
f 340 470 471
f 340 471 338
f 338 471 472
f 338 472 336
f 336 472 473
f 336 473 331
f 331 473 474
f 331 474 332
f 332 474 475
f 332 475 334
f 334 475 476
f 334 476 335
f 335 476 477
f 335 477 327
f 327 477 478
f 327 478 329
f 329 478 479
f 329 479 330
f 330 479 480
f 330 480 322
f 322 480 481
f 322 481 324
f 324 481 482
f 324 482 325
f 325 482 483
f 325 483 320
f 320 483 484
f 320 484 318
f 318 484 485
f 318 485 317
f 317 485 459
f 391 390 486
f 487 488 489
f 489 488 490
f 489 490 491
f 487 489 492
f 492 489 493
f 492 493 494
f 494 493 495
f 494 495 496
f 496 495 497
f 496 497 498
f 498 497 499
f 499 497 500
f 499 500 501
f 501 500 502
f 502 500 503
f 502 503 504
f 505 506 507
f 507 506 508
f 507 508 503
f 503 508 509
f 503 509 504
f 510 511 505
f 505 511 512
f 505 512 506
f 490 513 491
f 491 513 514
f 491 514 515
f 515 514 516
f 515 516 517
f 517 516 518
f 517 518 519
f 519 518 520
f 519 520 521
f 521 520 522
f 521 522 523
f 523 522 510
f 523 510 524
f 524 510 505
f 380 525 381
f 381 525 526
f 381 526 382
f 382 526 383
f 383 526 527
f 383 527 384
f 384 527 528
f 384 528 385
f 385 528 386
f 386 528 529
f 386 529 387
f 387 529 530
f 387 530 388
f 486 390 530
f 530 390 389
f 530 389 388
f 391 486 392
f 392 486 531
f 392 531 393
f 393 531 532
f 393 532 394
f 394 532 395
f 395 532 533
f 395 533 369
f 369 533 534
f 369 534 370
f 535 372 534
f 534 372 371
f 534 371 370
f 536 375 537
f 537 375 374
f 537 374 535
f 535 374 373
f 535 373 372
f 380 379 525
f 525 379 378
f 525 378 538
f 538 378 377
f 538 377 536
f 536 377 376
f 536 376 375
f 538 539 525
f 525 539 540
f 525 540 526
f 526 540 541
f 526 541 527
f 527 541 542
f 527 542 528
f 528 542 543
f 528 543 529
f 529 543 544
f 529 544 530
f 530 544 545
f 530 545 486
f 486 545 546
f 486 546 531
f 531 546 547
f 531 547 532
f 532 547 548
f 532 548 533
f 533 548 549
f 533 549 534
f 534 549 550
f 534 550 535
f 535 550 551
f 535 551 537
f 537 551 552
f 537 552 536
f 536 552 553
f 536 553 538
f 538 553 539
f 539 505 540
f 540 505 507
f 540 507 541
f 541 507 503
f 541 503 542
f 542 503 500
f 542 500 543
f 543 500 497
f 543 497 544
f 544 497 495
f 544 495 545
f 545 495 493
f 545 493 546
f 546 493 489
f 546 489 547
f 547 489 491
f 547 491 548
f 548 491 515
f 548 515 549
f 549 515 517
f 549 517 550
f 550 517 519
f 550 519 551
f 551 519 521
f 551 521 552
f 552 521 523
f 552 523 553
f 553 523 524
f 553 524 539
f 539 524 505
f 435 436 437
f 435 437 434
f 401 400 554
f 453 437 451
f 399 408 409
f 412 411 555
f 555 411 556
f 556 411 410
f 556 410 557
f 558 559 424
f 453 454 437
f 437 454 560
f 437 560 434
f 434 560 433
f 410 418 557
f 557 418 419
f 557 419 561
f 561 419 420
f 458 562 563
f 564 457 565
f 565 457 458
f 566 567 417
f 417 567 554
f 417 554 409
f 409 554 400
f 409 400 399
f 424 425 558
f 558 425 426
f 558 426 568
f 568 426 427
f 568 427 569
f 569 427 428
f 569 428 570
f 570 428 429
f 570 429 571
f 439 452 440
f 440 452 453
f 440 453 451
f 564 572 457
f 457 572 573
f 457 573 574
f 454 455 560
f 560 455 456
f 560 456 575
f 575 456 457
f 575 457 576
f 576 457 574
f 562 458 577
f 577 458 398
f 577 398 578
f 397 579 398
f 398 579 580
f 398 580 578
f 414 413 581
f 420 421 561
f 561 421 422
f 561 422 559
f 559 422 423
f 559 423 424
f 563 582 458
f 458 582 583
f 458 583 565
f 404 403 554
f 554 403 402
f 554 402 401
f 415 584 416
f 416 584 585
f 585 586 416
f 416 586 587
f 416 587 417
f 417 587 588
f 417 588 566
f 581 589 414
f 414 589 590
f 414 590 415
f 415 590 591
f 415 591 584
f 555 592 412
f 412 592 593
f 412 593 413
f 413 593 594
f 413 594 581
f 571 429 595
f 595 429 430
f 595 430 596
f 596 430 597
f 597 430 431
f 597 431 560
f 560 431 432
f 560 432 433
f 598 599 397
f 599 600 397
f 397 600 601
f 397 601 579
f 554 602 397
f 397 602 603
f 397 603 598
f 397 407 406
f 397 406 554
f 554 406 405
f 554 405 404
f 481 480 604
f 605 606 607
f 607 606 608
f 607 608 609
f 605 607 610
f 610 607 611
f 610 611 612
f 612 611 613
f 612 613 614
f 614 613 615
f 614 615 616
f 616 615 617
f 617 615 618
f 617 618 619
f 619 618 620
f 620 618 621
f 620 621 622
f 623 624 625
f 625 624 626
f 625 626 621
f 621 626 627
f 621 627 622
f 628 629 623
f 623 629 630
f 623 630 624
f 608 631 609
f 609 631 632
f 609 632 633
f 633 632 634
f 633 634 635
f 635 634 636
f 635 636 637
f 637 636 638
f 637 638 639
f 639 638 640
f 639 640 641
f 641 640 628
f 641 628 642
f 642 628 623
f 470 643 471
f 471 643 644
f 471 644 472
f 472 644 473
f 473 644 645
f 473 645 474
f 474 645 646
f 474 646 475
f 475 646 476
f 476 646 647
f 476 647 477
f 477 647 648
f 477 648 478
f 604 480 648
f 648 480 479
f 648 479 478
f 481 604 482
f 482 604 649
f 482 649 483
f 483 649 650
f 483 650 484
f 484 650 485
f 485 650 651
f 485 651 459
f 459 651 652
f 459 652 460
f 653 462 652
f 652 462 461
f 652 461 460
f 654 465 655
f 655 465 464
f 655 464 653
f 653 464 463
f 653 463 462
f 470 469 643
f 643 469 468
f 643 468 656
f 656 468 467
f 656 467 654
f 654 467 466
f 654 466 465
f 656 657 643
f 643 657 658
f 643 658 644
f 644 658 659
f 644 659 645
f 645 659 660
f 645 660 646
f 646 660 661
f 646 661 647
f 647 661 662
f 647 662 648
f 648 662 663
f 648 663 604
f 604 663 664
f 604 664 649
f 649 664 665
f 649 665 650
f 650 665 666
f 650 666 651
f 651 666 667
f 651 667 652
f 652 667 668
f 652 668 653
f 653 668 669
f 653 669 655
f 655 669 670
f 655 670 654
f 654 670 671
f 654 671 656
f 656 671 657
f 657 623 658
f 658 623 625
f 658 625 659
f 659 625 621
f 659 621 660
f 660 621 618
f 660 618 661
f 661 618 615
f 661 615 662
f 662 615 613
f 662 613 663
f 663 613 611
f 663 611 664
f 664 611 607
f 664 607 665
f 665 607 609
f 665 609 666
f 666 609 633
f 666 633 667
f 667 633 635
f 667 635 668
f 668 635 637
f 668 637 669
f 669 637 639
f 669 639 670
f 670 639 641
f 670 641 671
f 671 641 642
f 671 642 657
f 657 642 623
f 508 506 672
f 673 499 674
f 674 499 501
f 672 506 675
f 506 512 675
f 675 512 511
f 675 511 676
f 676 511 510
f 676 510 677
f 510 522 677
f 677 522 520
f 677 520 678
f 678 520 518
f 678 518 679
f 679 518 516
f 679 516 680
f 680 516 514
f 680 514 681
f 681 514 513
f 681 513 490
f 490 488 681
f 681 488 487
f 681 487 682
f 487 492 682
f 682 492 494
f 682 494 683
f 683 494 496
f 683 496 673
f 673 496 498
f 673 498 499
f 501 502 674
f 674 502 504
f 674 504 672
f 672 504 509
f 672 509 508
f 684 685 686
f 686 685 687
f 686 687 688
f 689 690 684
f 684 690 691
f 684 691 685
f 692 693 694
f 694 693 695
f 694 695 696
f 696 695 697
f 696 697 689
f 689 697 698
f 689 698 690
f 692 694 699
f 699 694 700
f 699 700 701
f 701 700 702
f 701 702 703
f 703 702 704
f 704 702 705
f 704 705 706
f 706 705 707
f 706 707 708
f 709 710 711
f 711 710 712
f 711 712 707
f 707 712 713
f 707 713 708
f 714 715 716
f 716 715 717
f 716 717 709
f 709 717 718
f 709 718 710
f 719 720 714
f 714 720 721
f 714 721 715
f 722 723 724
f 724 723 725
f 724 725 726
f 726 725 727
f 726 727 719
f 719 727 728
f 719 728 720
f 722 724 729
f 729 724 730
f 729 730 731
f 731 730 732
f 731 732 733
f 733 732 734
f 734 732 735
f 734 735 736
f 736 735 737
f 736 737 738
f 739 740 741
f 741 740 742
f 741 742 737
f 737 742 743
f 737 743 738
f 744 745 746
f 746 745 747
f 746 747 739
f 739 747 748
f 739 748 740
f 749 750 744
f 744 750 751
f 744 751 745
f 752 753 754
f 754 753 755
f 754 755 756
f 756 755 757
f 756 757 749
f 749 757 758
f 749 758 750
f 752 754 759
f 759 754 760
f 759 760 761
f 761 760 762
f 761 762 763
f 763 762 764
f 764 762 765
f 764 765 766
f 766 765 767
f 766 767 768
f 769 770 771
f 771 770 772
f 771 772 767
f 767 772 773
f 767 773 768
f 774 775 776
f 776 775 777
f 776 777 769
f 769 777 778
f 769 778 770
f 779 780 774
f 774 780 781
f 774 781 775
f 782 783 784
f 784 783 785
f 784 785 786
f 786 785 787
f 786 787 779
f 779 787 788
f 779 788 780
f 789 790 782
f 782 790 791
f 782 791 783
f 792 793 794
f 794 793 795
f 794 795 796
f 796 795 797
f 796 797 789
f 789 797 798
f 789 798 790
f 792 794 799
f 799 794 800
f 799 800 801
f 801 800 802
f 801 802 803
f 803 802 804
f 804 802 805
f 804 805 806
f 806 805 807
f 806 807 808
f 687 809 688
f 688 809 810
f 688 810 811
f 811 810 812
f 811 812 807
f 807 812 813
f 807 813 808
f 580 579 814
f 815 558 816
f 816 558 568
f 816 568 817
f 817 568 569
f 817 569 818
f 818 569 570
f 818 570 819
f 819 570 571
f 819 571 820
f 820 571 595
f 820 595 821
f 821 595 596
f 821 596 822
f 822 596 597
f 822 597 823
f 823 597 560
f 823 560 824
f 824 560 575
f 824 575 825
f 825 575 576
f 825 576 826
f 826 576 574
f 826 574 827
f 827 574 573
f 827 573 828
f 828 573 572
f 828 572 829
f 829 572 564
f 829 564 830
f 830 564 565
f 830 565 831
f 831 565 583
f 831 583 832
f 832 583 582
f 832 582 833
f 833 582 563
f 833 563 834
f 834 563 562
f 834 562 835
f 835 562 577
f 835 577 836
f 836 577 578
f 836 578 837
f 837 578 580
f 837 580 838
f 838 580 814
f 557 561 815
f 815 561 559
f 815 559 558
f 579 601 814
f 814 601 600
f 814 600 839
f 839 600 599
f 839 599 840
f 840 599 598
f 840 598 841
f 841 598 603
f 841 603 842
f 842 603 602
f 842 602 843
f 843 602 554
f 843 554 844
f 844 554 567
f 844 567 845
f 845 567 566
f 845 566 846
f 846 566 588
f 846 588 847
f 847 588 587
f 847 587 848
f 848 587 586
f 848 586 849
f 849 586 585
f 849 585 850
f 850 585 584
f 850 584 851
f 851 584 591
f 851 591 852
f 852 591 590
f 852 590 853
f 853 590 589
f 853 589 854
f 854 589 581
f 854 581 855
f 855 581 594
f 855 594 856
f 856 594 593
f 856 593 857
f 857 593 592
f 857 592 858
f 858 592 555
f 858 555 859
f 859 555 556
f 859 556 860
f 860 556 557
f 860 557 861
f 861 557 815
f 744 862 749
f 749 862 863
f 749 863 756
f 756 863 864
f 756 864 754
f 754 864 865
f 754 865 760
f 760 865 866
f 760 866 762
f 762 866 867
f 762 867 765
f 765 867 868
f 765 868 767
f 767 868 869
f 767 869 771
f 771 869 870
f 771 870 769
f 769 870 871
f 769 871 776
f 776 871 872
f 776 872 774
f 774 872 873
f 774 873 779
f 779 873 874
f 779 874 786
f 786 874 875
f 786 875 784
f 784 875 876
f 784 876 782
f 782 876 877
f 782 877 789
f 789 877 878
f 789 878 796
f 796 878 879
f 796 879 794
f 794 879 880
f 794 880 800
f 800 880 881
f 800 881 802
f 802 881 882
f 802 882 805
f 805 882 883
f 805 883 807
f 807 883 884
f 807 884 811
f 811 884 885
f 811 885 688
f 688 885 886
f 688 886 686
f 686 886 887
f 686 887 684
f 684 887 888
f 684 888 689
f 689 888 889
f 689 889 696
f 696 889 890
f 696 890 694
f 694 890 891
f 694 891 700
f 700 891 892
f 700 892 702
f 702 892 893
f 702 893 705
f 705 893 894
f 705 894 707
f 707 894 895
f 707 895 711
f 711 895 896
f 711 896 709
f 709 896 897
f 709 897 716
f 716 897 898
f 716 898 714
f 714 898 899
f 714 899 719
f 719 899 900
f 719 900 726
f 726 900 901
f 726 901 724
f 724 901 902
f 724 902 730
f 730 902 903
f 730 903 732
f 732 903 904
f 732 904 735
f 735 904 905
f 735 905 737
f 737 905 906
f 737 906 741
f 741 906 907
f 741 907 739
f 739 907 908
f 739 908 746
f 746 908 909
f 746 909 744
f 744 909 862
f 862 814 863
f 863 814 839
f 863 839 864
f 864 839 840
f 864 840 865
f 865 840 841
f 865 841 866
f 866 841 842
f 866 842 867
f 867 842 843
f 867 843 868
f 868 843 844
f 868 844 869
f 869 844 845
f 869 845 870
f 870 845 846
f 870 846 871
f 871 846 847
f 871 847 872
f 872 847 848
f 872 848 873
f 873 848 849
f 873 849 874
f 874 849 850
f 874 850 875
f 875 850 851
f 875 851 876
f 876 851 852
f 876 852 877
f 877 852 853
f 877 853 878
f 878 853 854
f 878 854 879
f 879 854 855
f 879 855 880
f 880 855 856
f 880 856 881
f 881 856 857
f 881 857 882
f 882 857 858
f 882 858 883
f 883 858 859
f 883 859 884
f 884 859 860
f 884 860 885
f 885 860 861
f 885 861 886
f 886 861 815
f 886 815 887
f 887 815 816
f 887 816 888
f 888 816 817
f 888 817 889
f 889 817 818
f 889 818 890
f 890 818 819
f 890 819 891
f 891 819 820
f 891 820 892
f 892 820 821
f 892 821 893
f 893 821 822
f 893 822 894
f 894 822 823
f 894 823 895
f 895 823 824
f 895 824 896
f 896 824 825
f 896 825 897
f 897 825 826
f 897 826 898
f 898 826 827
f 898 827 899
f 899 827 828
f 899 828 900
f 900 828 829
f 900 829 901
f 901 829 830
f 901 830 902
f 902 830 831
f 902 831 903
f 903 831 832
f 903 832 904
f 904 832 833
f 904 833 905
f 905 833 834
f 905 834 906
f 906 834 835
f 906 835 907
f 907 835 836
f 907 836 908
f 908 836 837
f 908 837 909
f 909 837 838
f 909 838 862
f 862 838 814
f 626 624 910
f 911 638 912
f 912 638 636
f 912 636 913
f 913 636 634
f 913 634 914
f 914 634 632
f 914 632 915
f 915 632 631
f 915 631 608
f 916 617 917
f 917 617 619
f 910 624 918
f 608 606 915
f 915 606 605
f 915 605 919
f 605 610 919
f 919 610 612
f 919 612 920
f 920 612 614
f 920 614 916
f 916 614 616
f 916 616 617
f 624 630 918
f 918 630 629
f 918 629 921
f 921 629 628
f 921 628 911
f 911 628 640
f 911 640 638
f 619 620 917
f 917 620 622
f 917 622 910
f 910 622 627
f 910 627 626
f 922 923 924
f 924 923 925
f 926 927 928
f 928 927 929
f 930 931 929
f 929 931 924
f 929 924 928
f 928 924 925
f 928 925 932
f 932 925 933
f 934 935 936
f 936 935 937
f 938 939 940
f 940 939 941
f 942 943 941
f 941 943 936
f 941 936 940
f 940 936 937
f 940 937 944
f 944 937 945
f 946 947 948
f 949 950 951
f 951 950 952
f 951 952 953
f 953 952 954
f 954 952 955
f 954 955 956
f 956 955 957
f 957 955 958
f 957 958 959
f 959 958 960
f 959 960 961
f 961 960 962
f 962 960 963
f 962 963 964
f 964 963 965
f 965 963 966
f 965 966 967
f 967 966 968
f 967 968 969
f 948 947 968
f 968 947 970
f 968 970 969
f 971 972 973
f 974 975 972
f 972 971 974
f 974 971 976
f 974 976 977
f 977 976 978
f 977 978 979
f 979 978 980
f 979 980 981
f 981 980 982
f 981 982 983
f 983 982 984
f 983 984 985
f 985 984 986
f 985 986 987
f 987 986 988
f 987 988 989
f 989 988 990
f 989 990 991
f 992 950 993
f 993 950 949
f 993 949 994
f 995 991 996
f 996 991 990
f 996 990 997
f 997 990 988
f 997 988 998
f 998 988 986
f 998 986 999
f 999 986 984
f 999 984 1000
f 1000 984 982
f 1000 982 1001
f 1001 982 980
f 1001 980 1002
f 1002 980 978
f 1002 978 1003
f 1003 978 976
f 1003 976 1004
f 1004 976 971
f 1004 971 1005
f 1005 971 973
f 1005 973 1006
f 1007 946 1006
f 1006 946 948
f 1006 948 1005
f 1005 948 968
f 1005 968 1004
f 1004 968 966
f 1004 966 1003
f 1003 966 963
f 1003 963 1002
f 1002 963 960
f 1002 960 1001
f 1001 960 958
f 1001 958 1000
f 1000 958 955
f 1000 955 999
f 999 955 952
f 999 952 998
f 998 952 950
f 998 950 997
f 997 950 992
f 997 992 996
f 1008 1009 1010
f 1010 1009 1011
f 1010 1011 1012
f 1012 1011 1013
f 1013 1011 1014
f 1013 1014 1015
f 1015 1014 1016
f 1015 1016 1017
f 1017 1016 1018
f 1018 1016 1019
f 1018 1019 1020
f 1020 1019 1021
f 1021 1019 1022
f 1021 1022 1023
f 1023 1022 1024
f 1023 1024 1025
f 1025 1024 1026
f 1025 1026 1027
f 1027 1026 1028
f 1028 1026 1029
f 1028 1029 1030
f 1031 1032 1033
f 1034 1035 1032
f 1032 1031 1034
f 1034 1031 1036
f 1034 1036 1037
f 1037 1036 1038
f 1037 1038 1039
f 1039 1038 1040
f 1039 1040 1041
f 1041 1040 1042
f 1041 1042 1043
f 1043 1042 1044
f 1043 1044 1045
f 1045 1044 1046
f 1045 1046 1047
f 1047 1046 1048
f 1047 1048 1049
f 1049 1048 1050
f 1049 1050 1051
f 1008 1052 1009
f 1009 1052 1053
f 1009 1053 1054
f 1055 1051 1056
f 1056 1051 1050
f 1056 1050 1057
f 1057 1050 1048
f 1057 1048 1058
f 1058 1048 1046
f 1058 1046 1059
f 1059 1046 1044
f 1059 1044 1060
f 1060 1044 1042
f 1060 1042 1061
f 1061 1042 1040
f 1061 1040 1062
f 1062 1040 1038
f 1062 1038 1063
f 1063 1038 1036
f 1063 1036 1064
f 1064 1036 1031
f 1064 1031 1065
f 1065 1031 1033
f 1065 1033 1066
f 1067 1030 1066
f 1066 1030 1029
f 1066 1029 1065
f 1065 1029 1026
f 1065 1026 1064
f 1064 1026 1024
f 1064 1024 1063
f 1063 1024 1022
f 1063 1022 1062
f 1062 1022 1019
f 1062 1019 1061
f 1061 1019 1016
f 1061 1016 1060
f 1060 1016 1014
f 1060 1014 1059
f 1059 1014 1011
f 1059 1011 1058
f 1058 1011 1009
f 1058 1009 1057
f 1057 1009 1054
f 1057 1054 1056
f 683 1068 682
f 682 1068 1069
f 682 1069 681
f 681 1069 1070
f 681 1070 680
f 680 1070 1071
f 680 1071 679
f 679 1071 1072
f 679 1072 678
f 678 1072 1073
f 678 1073 677
f 677 1073 1074
f 677 1074 676
f 676 1074 1075
f 676 1075 675
f 675 1075 1076
f 675 1076 672
f 672 1076 1077
f 672 1077 674
f 674 1077 1078
f 674 1078 673
f 673 1078 1079
f 673 1079 683
f 683 1079 1068
f 1080 1081 813
f 1082 710 1083
f 1083 710 718
f 1083 718 1084
f 718 717 1084
f 1084 717 715
f 1084 715 1085
f 1085 715 721
f 1085 721 1086
f 1086 721 720
f 1086 720 1067
f 1067 720 1030
f 1030 720 728
f 1030 728 1028
f 1028 728 727
f 1028 727 1027
f 1027 727 725
f 1027 725 1025
f 725 723 1025
f 1025 723 722
f 1025 722 1023
f 1023 722 729
f 1023 729 1021
f 1021 729 731
f 1021 731 1020
f 1020 731 733
f 1020 733 1018
f 1018 733 734
f 1018 734 1017
f 1017 734 736
f 1017 736 1015
f 1015 736 738
f 1015 738 1013
f 1013 738 743
f 1013 743 1012
f 1012 743 742
f 1012 742 1010
f 1010 742 740
f 1010 740 1008
f 1008 740 748
f 1008 748 1052
f 1052 748 1087
f 748 747 1087
f 1087 747 745
f 1087 745 1088
f 1088 745 751
f 757 946 1007
f 757 1007 758
f 758 1007 1089
f 758 1089 750
f 750 1089 1090
f 750 1090 751
f 751 1090 1091
f 751 1091 1088
f 946 757 947
f 947 757 755
f 947 755 970
f 755 753 970
f 970 753 752
f 970 752 969
f 969 752 759
f 969 759 967
f 967 759 965
f 965 759 761
f 965 761 964
f 964 761 763
f 964 763 962
f 962 763 764
f 962 764 961
f 961 764 766
f 961 766 959
f 959 766 768
f 959 768 957
f 957 768 773
f 957 773 956
f 956 773 772
f 956 772 954
f 954 772 770
f 954 770 953
f 953 770 778
f 953 778 951
f 951 778 777
f 951 777 949
f 949 777 994
f 994 777 775
f 994 775 1092
f 1092 775 781
f 1092 781 1093
f 1093 781 780
f 1093 780 1094
f 1094 780 1095
f 1095 780 788
f 1095 788 1096
f 783 1097 785
f 785 1097 1096
f 785 1096 787
f 787 1096 788
f 791 1098 783
f 783 1098 1099
f 783 1099 1097
f 813 1081 808
f 808 1081 1100
f 808 1100 806
f 806 1100 1101
f 806 1101 804
f 804 1101 1102
f 804 1102 803
f 803 1102 1103
f 803 1103 801
f 801 1103 1104
f 801 1104 799
f 799 1104 1105
f 799 1105 792
f 792 1105 1106
f 792 1106 793
f 793 1106 1107
f 793 1107 795
f 795 1107 1108
f 795 1108 797
f 797 1108 1109
f 797 1109 798
f 798 1109 1110
f 798 1110 790
f 790 1110 1111
f 790 1111 791
f 791 1111 1112
f 791 1112 1098
f 1080 813 1113
f 1113 813 812
f 1113 812 1114
f 1114 812 810
f 1114 810 1115
f 810 809 1115
f 1115 809 687
f 1115 687 1116
f 1116 687 685
f 1116 685 1117
f 1117 685 1118
f 1118 685 691
f 1118 691 1119
f 1119 691 690
f 1119 690 1120
f 1120 690 1121
f 1121 690 698
f 1121 698 1122
f 1122 698 697
f 1122 697 1123
f 1123 697 695
f 1123 695 1124
f 1124 695 693
f 1124 693 1125
f 1125 693 692
f 1125 692 1126
f 1126 692 699
f 1126 699 1127
f 1127 699 701
f 1127 701 1128
f 1128 701 703
f 1128 703 1129
f 1082 1130 710
f 710 1130 1131
f 710 1131 712
f 712 1131 1132
f 712 1132 713
f 713 1132 1133
f 713 1133 708
f 708 1133 1134
f 708 1134 706
f 706 1134 1129
f 706 1129 704
f 704 1129 703
f 1132 1135 1133
f 1133 1135 1136
f 1133 1136 1134
f 1134 1136 1137
f 1134 1137 1129
f 1129 1137 1138
f 1129 1138 1128
f 1128 1138 1127
f 1127 1138 1139
f 1127 1139 1126
f 1126 1139 1125
f 1125 1139 1140
f 1125 1140 1124
f 1124 1140 1141
f 1124 1141 1123
f 1123 1141 1122
f 1122 1141 1142
f 1122 1142 1121
f 1121 1142 1120
f 1120 1142 1143
f 1120 1143 1119
f 1144 1145 1146
f 1147 1148 1145
f 1145 1144 1147
f 1147 1144 1149
f 1147 1149 1150
f 1150 1149 1151
f 1150 1151 1152
f 1152 1151 1153
f 1152 1153 1154
f 1154 1153 1155
f 1154 1155 1156
f 1156 1155 1157
f 1156 1157 1158
f 1158 1157 1159
f 1158 1159 1160
f 1160 1159 1161
f 1160 1161 1162
f 1162 1161 1163
f 1162 1163 1164
f 1132 1131 1135
f 1135 1131 1165
f 1135 1165 1166
f 1167 1164 1168
f 1168 1164 1163
f 1168 1163 1169
f 1169 1163 1161
f 1169 1161 1170
f 1170 1161 1159
f 1170 1159 1171
f 1171 1159 1157
f 1171 1157 1172
f 1172 1157 1155
f 1172 1155 1173
f 1173 1155 1153
f 1173 1153 1174
f 1174 1153 1151
f 1174 1151 1175
f 1175 1151 1149
f 1175 1149 1176
f 1176 1149 1144
f 1176 1144 1177
f 1177 1144 1146
f 1177 1146 1178
f 1118 1119 1178
f 1178 1119 1143
f 1178 1143 1177
f 1177 1143 1142
f 1177 1142 1176
f 1176 1142 1141
f 1176 1141 1175
f 1175 1141 1140
f 1175 1140 1174
f 1174 1140 1139
f 1174 1139 1173
f 1173 1139 1138
f 1173 1138 1172
f 1172 1138 1137
f 1172 1137 1171
f 1171 1137 1136
f 1171 1136 1170
f 1170 1136 1135
f 1170 1135 1169
f 1169 1135 1166
f 1169 1166 1168
f 1081 1080 1179
f 1100 1180 1101
f 1101 1180 1181
f 1101 1181 1102
f 1102 1181 1182
f 1183 1104 1182
f 1182 1104 1103
f 1182 1103 1102
f 1184 1107 1185
f 1185 1107 1106
f 1185 1106 1183
f 1183 1106 1105
f 1183 1105 1104
f 1186 1109 1184
f 1184 1109 1108
f 1184 1108 1107
f 1099 1098 1187
f 1187 1098 1112
f 1187 1112 1188
f 1188 1112 1111
f 1188 1111 1186
f 1186 1111 1110
f 1186 1110 1109
f 1189 1190 1191
f 1192 1193 1190
f 1190 1189 1192
f 1192 1189 1194
f 1192 1194 1195
f 1195 1194 1196
f 1195 1196 1197
f 1197 1196 1198
f 1197 1198 1199
f 1199 1198 1200
f 1199 1200 1201
f 1201 1200 1202
f 1201 1202 1203
f 1203 1202 1204
f 1203 1204 1205
f 1205 1204 1206
f 1205 1206 1207
f 1207 1206 1208
f 1207 1208 1209
f 1210 1180 1179
f 1179 1180 1100
f 1179 1100 1081
f 1211 1209 1212
f 1212 1209 1208
f 1212 1208 1213
f 1213 1208 1206
f 1213 1206 1214
f 1214 1206 1204
f 1214 1204 1215
f 1215 1204 1202
f 1215 1202 1216
f 1216 1202 1200
f 1216 1200 1217
f 1217 1200 1198
f 1217 1198 1218
f 1218 1198 1196
f 1218 1196 1219
f 1219 1196 1194
f 1219 1194 1220
f 1220 1194 1189
f 1220 1189 1221
f 1221 1189 1191
f 1221 1191 1222
f 1097 1099 1222
f 1222 1099 1187
f 1222 1187 1221
f 1221 1187 1188
f 1221 1188 1220
f 1220 1188 1186
f 1220 1186 1219
f 1219 1186 1184
f 1219 1184 1218
f 1218 1184 1185
f 1218 1185 1217
f 1217 1185 1183
f 1217 1183 1216
f 1216 1183 1182
f 1216 1182 1215
f 1215 1182 1181
f 1215 1181 1214
f 1214 1181 1180
f 1214 1180 1213
f 1213 1180 1210
f 1213 1210 1212
f 920 1223 919
f 919 1223 1224
f 919 1224 915
f 915 1224 1225
f 915 1225 914
f 914 1225 1226
f 914 1226 913
f 913 1226 1227
f 913 1227 912
f 912 1227 1228
f 912 1228 911
f 911 1228 1229
f 911 1229 921
f 921 1229 1230
f 921 1230 918
f 918 1230 1231
f 918 1231 910
f 910 1231 1232
f 910 1232 917
f 917 1232 1233
f 917 1233 916
f 916 1233 1234
f 916 1234 920
f 920 1234 1223
f 926 1235 927
f 927 1235 1236
f 927 1236 929
f 929 1236 1237
f 929 1237 930
f 930 1237 1238
f 930 1238 931
f 931 1238 1239
f 931 1239 924
f 924 1239 1240
f 924 1240 922
f 922 1240 1241
f 922 1241 923
f 923 1241 1242
f 923 1242 925
f 925 1242 1243
f 925 1243 933
f 933 1243 1244
f 933 1244 932
f 932 1244 1245
f 932 1245 928
f 928 1245 1246
f 928 1246 926
f 926 1246 1235
f 938 1247 939
f 939 1247 1248
f 939 1248 941
f 941 1248 1249
f 941 1249 942
f 942 1249 1250
f 942 1250 943
f 943 1250 1251
f 943 1251 936
f 936 1251 1252
f 936 1252 934
f 934 1252 1253
f 934 1253 935
f 935 1253 1254
f 935 1254 937
f 937 1254 1255
f 937 1255 945
f 945 1255 1256
f 945 1256 944
f 944 1256 1257
f 944 1257 940
f 940 1257 1258
f 940 1258 938
f 938 1258 1247
f 1259 1222 1191
f 1222 1259 1097
f 1097 1259 1096
f 1096 1259 1260
f 1096 1260 1095
f 1095 1260 1094
f 1094 1260 1261
f 1094 1261 1093
f 1093 1261 1262
f 1093 1262 1092
f 1263 1264 1265
f 1265 1264 995
f 1265 995 996
f 1266 1267 1268
f 1268 1267 1269
f 1268 1269 1270
f 1269 1271 1270
f 1270 1271 1272
f 1270 1272 1273
f 1273 1272 1263
f 1273 1263 1274
f 1274 1263 1265
f 1274 1265 992
f 992 1265 996
f 1193 1266 1190
f 1190 1266 1268
f 1190 1268 1275
f 1275 1268 1270
f 1275 1270 1276
f 1276 1270 1273
f 1276 1273 1277
f 1277 1273 1274
f 1277 1274 1278
f 1278 1274 992
f 1278 992 993
f 994 1092 993
f 993 1092 1262
f 993 1262 1278
f 1278 1262 1261
f 1278 1261 1277
f 1277 1261 1260
f 1277 1260 1276
f 1276 1260 1259
f 1276 1259 1275
f 1275 1259 1191
f 1275 1191 1190
f 1279 1280 1281
f 1087 1088 1282
f 1088 1091 1282
f 1282 1091 1283
f 1282 1283 1284
f 1053 1281 1054
f 1054 1281 1280
f 1054 1280 1056
f 1056 1280 1285
f 1056 1285 1055
f 1052 1087 1053
f 1053 1087 1282
f 1053 1282 1281
f 1281 1282 1284
f 1281 1284 1279
f 1279 1284 1286
f 1287 1286 1284
f 1288 1089 1007
f 1283 1091 1090
f 1289 1290 1287
f 972 975 1291
f 1287 1284 1289
f 1289 1284 1283
f 1289 1283 1288
f 1288 1283 1090
f 1288 1090 1089
f 1007 1006 1288
f 1288 1006 973
f 1288 973 1289
f 1289 973 972
f 1289 972 1290
f 1290 972 1291
f 1290 1291 1287
f 989 991 1292
f 974 1293 1294
f 985 1295 1296
f 974 977 1293
f 1293 977 979
f 1293 979 1297
f 1297 979 1298
f 1298 979 981
f 1298 981 1296
f 1296 981 983
f 1296 983 985
f 1292 991 1299
f 1299 991 995
f 1299 995 1300
f 1300 995 1301
f 1300 1301 1302
f 1302 1301 1303
f 1302 1303 1304
f 1304 1305 1302
f 1302 1305 1306
f 1302 1306 1307
f 1307 1306 1308
f 1307 1308 1309
f 1309 1308 1310
f 1309 1310 1294
f 1294 1310 975
f 1294 975 974
f 1295 985 1292
f 1292 985 987
f 1292 987 989
f 1311 1312 1313
f 1314 1315 1316
f 1316 1315 1167
f 1316 1167 1168
f 1317 1318 1319
f 1319 1318 1320
f 1319 1320 1321
f 1322 1323 1324
f 1324 1323 1317
f 1324 1033 1322
f 1322 1033 1032
f 1322 1032 1325
f 1325 1032 1035
f 1320 1326 1321
f 1321 1326 1314
f 1321 1314 1327
f 1327 1314 1316
f 1327 1316 1166
f 1166 1316 1168
f 1312 1319 1313
f 1313 1319 1321
f 1313 1321 1328
f 1328 1321 1327
f 1328 1327 1329
f 1329 1327 1166
f 1329 1166 1165
f 1311 1313 1330
f 1330 1313 1328
f 1330 1328 1331
f 1331 1328 1329
f 1331 1329 1332
f 1332 1329 1165
f 1332 1165 1131
f 1317 1319 1324
f 1324 1319 1312
f 1324 1312 1033
f 1033 1312 1311
f 1033 1311 1066
f 1066 1311 1086
f 1066 1086 1067
f 1131 1130 1332
f 1332 1130 1082
f 1332 1082 1331
f 1331 1082 1083
f 1331 1083 1330
f 1330 1083 1084
f 1330 1084 1311
f 1311 1084 1085
f 1311 1085 1086
f 1034 1075 1074
f 1045 1047 1068
f 1047 1049 1068
f 1068 1049 1051
f 1068 1051 1069
f 1069 1051 1055
f 1069 1055 1070
f 1070 1055 1333
f 1070 1333 1071
f 1071 1333 1334
f 1071 1334 1335
f 1335 1336 1071
f 1071 1336 1337
f 1071 1337 1072
f 1072 1337 1338
f 1072 1338 1073
f 1073 1338 1339
f 1073 1339 1074
f 1074 1339 1035
f 1074 1035 1034
f 1068 1079 1045
f 1045 1079 1078
f 1045 1078 1043
f 1043 1078 1077
f 1043 1077 1041
f 1041 1077 1076
f 1041 1076 1039
f 1039 1076 1075
f 1039 1075 1037
f 1037 1075 1034
f 1340 1341 1342
f 1343 1211 1212
f 1179 1080 1113
f 1344 1345 1340
f 1343 1212 1341
f 1341 1212 1210
f 1341 1210 1342
f 1342 1210 1179
f 1342 1179 1346
f 1346 1179 1113
f 1346 1113 1114
f 1340 1342 1344
f 1344 1342 1346
f 1344 1346 1347
f 1347 1346 1114
f 1347 1114 1115
f 1348 1349 1350
f 1348 1345 1344
f 1349 1348 1351
f 1145 1148 1350
f 1348 1344 1351
f 1351 1344 1347
f 1351 1347 1352
f 1347 1115 1352
f 1352 1115 1116
f 1352 1116 1117
f 1350 1349 1145
f 1145 1349 1351
f 1145 1351 1146
f 1146 1351 1352
f 1146 1352 1178
f 1178 1352 1117
f 1178 1117 1118
f 1353 1354 1355
f 1147 1356 1357
f 1355 1354 1358
f 1358 1354 1359
f 1358 1359 1357
f 1357 1359 1148
f 1357 1148 1147
f 1360 1361 1154
f 1154 1361 1362
f 1154 1362 1152
f 1152 1362 1356
f 1152 1356 1150
f 1150 1356 1147
f 1363 1364 1355
f 1355 1364 1365
f 1355 1365 1353
f 1158 1160 1366
f 1160 1162 1366
f 1366 1162 1164
f 1366 1164 1367
f 1367 1164 1167
f 1367 1167 1368
f 1368 1167 1369
f 1368 1369 1363
f 1363 1369 1370
f 1363 1370 1364
f 1366 1371 1158
f 1158 1371 1360
f 1158 1360 1156
f 1156 1360 1154
f 1192 1224 1223
f 1372 1233 1373
f 1373 1233 1232
f 1373 1232 1374
f 1372 1375 1233
f 1233 1375 1376
f 1233 1376 1234
f 1234 1376 1377
f 1234 1377 1223
f 1223 1377 1193
f 1223 1193 1192
f 1374 1232 1378
f 1378 1232 1231
f 1378 1231 1211
f 1211 1231 1230
f 1211 1230 1209
f 1209 1230 1229
f 1209 1229 1207
f 1192 1195 1224
f 1224 1195 1197
f 1224 1197 1225
f 1225 1197 1199
f 1225 1199 1226
f 1226 1199 1201
f 1226 1201 1227
f 1227 1201 1203
f 1227 1203 1228
f 1228 1203 1229
f 1229 1203 1205
f 1229 1205 1207
f 1360 1379 1361
f 1361 1379 1380
f 1361 1380 1362
f 1362 1380 1381
f 1362 1381 1356
f 1356 1381 1382
f 1356 1382 1357
f 1357 1382 1383
f 1357 1383 1358
f 1358 1383 1384
f 1358 1384 1355
f 1355 1384 1385
f 1355 1385 1363
f 1363 1385 1386
f 1363 1386 1368
f 1368 1386 1387
f 1368 1387 1367
f 1367 1387 1388
f 1367 1388 1366
f 1366 1388 1389
f 1366 1389 1371
f 1371 1389 1390
f 1371 1390 1360
f 1360 1390 1379
f 1307 1391 1302
f 1302 1391 1392
f 1302 1392 1300
f 1300 1392 1393
f 1300 1393 1299
f 1299 1393 1394
f 1299 1394 1292
f 1292 1394 1395
f 1292 1395 1295
f 1295 1395 1396
f 1295 1396 1296
f 1296 1396 1397
f 1296 1397 1298
f 1298 1397 1398
f 1298 1398 1297
f 1297 1398 1399
f 1297 1399 1293
f 1293 1399 1400
f 1293 1400 1294
f 1294 1400 1401
f 1294 1401 1309
f 1309 1401 1402
f 1309 1402 1307
f 1307 1402 1391
f 1403 1236 1404
f 1404 1236 1235
f 1405 1237 1403
f 1403 1237 1236
f 1406 1238 1405
f 1405 1238 1237
f 1407 1239 1406
f 1406 1239 1238
f 1408 1240 1407
f 1407 1240 1239
f 1409 1241 1408
f 1408 1241 1240
f 1410 1242 1409
f 1409 1242 1241
f 1411 1243 1410
f 1410 1243 1242
f 1412 1244 1411
f 1411 1244 1243
f 1413 1245 1412
f 1412 1245 1244
f 1414 1246 1413
f 1413 1246 1245
f 1404 1235 1414
f 1414 1235 1246
f 1415 1248 1416
f 1416 1248 1247
f 1417 1249 1415
f 1415 1249 1248
f 1418 1250 1417
f 1417 1250 1249
f 1419 1251 1418
f 1418 1251 1250
f 1420 1252 1419
f 1419 1252 1251
f 1421 1253 1420
f 1420 1253 1252
f 1422 1254 1421
f 1421 1254 1253
f 1423 1255 1422
f 1422 1255 1254
f 1424 1256 1423
f 1423 1256 1255
f 1425 1257 1424
f 1424 1257 1256
f 1426 1258 1425
f 1425 1258 1257
f 1416 1247 1426
f 1426 1247 1258
f 1193 1377 1427
f 1428 1301 995
f 1272 1429 1263
f 1263 1429 1428
f 1263 1428 1264
f 1264 1428 995
f 1272 1271 1429
f 1429 1271 1430
f 1429 1430 1431
f 1431 1430 1432
f 1432 1433 1431
f 1431 1433 1434
f 1431 1434 1435
f 1271 1269 1430
f 1430 1269 1267
f 1430 1267 1427
f 1427 1267 1266
f 1427 1266 1193
f 1436 1437 1310
f 1438 1439 1440
f 1440 1439 1441
f 1440 1441 1442
f 1443 1444 1442
f 1442 1444 1445
f 1442 1445 1440
f 1442 1446 1443
f 1443 1446 1447
f 1443 1447 1448
f 1448 1447 1449
f 1448 1449 1450
f 1431 1435 1449
f 1449 1435 1451
f 1449 1451 1450
f 1303 1301 1428
f 1310 1308 1436
f 1436 1308 1306
f 1436 1306 1452
f 1452 1306 1305
f 1452 1305 1453
f 1453 1305 1304
f 1453 1304 1454
f 1454 1304 1303
f 1454 1303 1455
f 1455 1303 1428
f 1428 1429 1455
f 1455 1429 1456
f 1455 1456 1454
f 1454 1456 1457
f 1454 1457 1453
f 1453 1457 1458
f 1453 1458 1452
f 1452 1458 1459
f 1452 1459 1436
f 1436 1459 1460
f 1436 1460 1437
f 1437 1460 1461
f 1429 1431 1456
f 1456 1431 1449
f 1456 1449 1457
f 1457 1449 1447
f 1457 1447 1458
f 1458 1447 1446
f 1458 1446 1459
f 1459 1446 1442
f 1459 1442 1460
f 1460 1442 1441
f 1460 1441 1461
f 1461 1441 1439
f 975 1310 1437
f 1462 1461 1439
f 1280 1462 1285
f 1285 1462 1463
f 1285 1463 1055
f 1055 1463 1333
f 1462 1439 1464
f 1464 1439 1438
f 1464 1438 1465
f 1280 1279 1462
f 1462 1279 1286
f 1462 1286 1461
f 1461 1286 1287
f 1461 1287 1437
f 1437 1287 1291
f 1437 1291 975
f 1466 1467 1339
f 1468 1469 1470
f 1471 1472 1473
f 1473 1472 1468
f 1473 1468 1474
f 1474 1468 1470
f 1471 1473 1475
f 1475 1473 1476
f 1475 1476 1477
f 1477 1476 1478
f 1477 1478 1479
f 1479 1478 1480
f 1480 1478 1481
f 1480 1481 1482
f 1482 1481 1483
f 1483 1481 1464
f 1483 1464 1465
f 1334 1333 1463
f 1339 1338 1466
f 1466 1338 1337
f 1466 1337 1484
f 1484 1337 1336
f 1484 1336 1485
f 1485 1336 1335
f 1485 1335 1486
f 1486 1335 1334
f 1486 1334 1487
f 1487 1334 1463
f 1463 1462 1487
f 1487 1462 1488
f 1487 1488 1486
f 1486 1488 1489
f 1486 1489 1485
f 1485 1489 1490
f 1485 1490 1484
f 1484 1490 1491
f 1484 1491 1466
f 1466 1491 1492
f 1466 1492 1467
f 1467 1492 1493
f 1462 1464 1488
f 1488 1464 1481
f 1488 1481 1489
f 1489 1481 1478
f 1489 1478 1490
f 1490 1478 1476
f 1490 1476 1491
f 1491 1476 1473
f 1491 1473 1492
f 1492 1473 1474
f 1492 1474 1493
f 1493 1474 1470
f 1494 1493 1470
f 1369 1167 1495
f 1495 1167 1315
f 1495 1315 1494
f 1494 1315 1314
f 1494 1314 1326
f 1494 1470 1496
f 1496 1470 1469
f 1496 1469 1497
f 1326 1320 1494
f 1494 1320 1318
f 1494 1318 1493
f 1493 1318 1317
f 1493 1317 1467
f 1467 1317 1323
f 1467 1323 1322
f 1322 1325 1467
f 1467 1325 1035
f 1467 1035 1339
f 1498 1499 1359
f 1500 1501 1502
f 1503 1504 1505
f 1505 1504 1500
f 1505 1500 1506
f 1506 1500 1502
f 1503 1505 1507
f 1507 1505 1508
f 1507 1508 1509
f 1509 1508 1510
f 1509 1510 1511
f 1511 1510 1512
f 1512 1510 1513
f 1512 1513 1514
f 1514 1513 1515
f 1515 1513 1496
f 1515 1496 1497
f 1370 1369 1495
f 1359 1354 1498
f 1498 1354 1353
f 1498 1353 1516
f 1516 1353 1365
f 1516 1365 1517
f 1517 1365 1364
f 1517 1364 1518
f 1518 1364 1370
f 1518 1370 1519
f 1519 1370 1495
f 1495 1494 1519
f 1519 1494 1520
f 1519 1520 1518
f 1518 1520 1521
f 1518 1521 1517
f 1517 1521 1522
f 1517 1522 1516
f 1516 1522 1523
f 1516 1523 1498
f 1498 1523 1524
f 1498 1524 1499
f 1499 1524 1525
f 1494 1496 1520
f 1520 1496 1513
f 1520 1513 1521
f 1521 1513 1510
f 1521 1510 1522
f 1522 1510 1508
f 1522 1508 1523
f 1523 1508 1505
f 1523 1505 1524
f 1524 1505 1506
f 1524 1506 1525
f 1525 1506 1502
f 1148 1359 1499
f 1526 1525 1502
f 1526 1527 1341
f 1378 1211 1527
f 1527 1211 1343
f 1527 1343 1341
f 1526 1502 1528
f 1528 1502 1501
f 1528 1501 1529
f 1341 1340 1526
f 1526 1340 1345
f 1526 1345 1525
f 1525 1345 1348
f 1525 1348 1499
f 1499 1348 1350
f 1499 1350 1148
f 1432 1430 1530
f 1531 1427 1377
f 1434 1433 1532
f 1532 1433 1533
f 1532 1533 1534
f 1535 1536 1534
f 1534 1536 1537
f 1534 1537 1532
f 1534 1538 1535
f 1535 1538 1539
f 1535 1539 1540
f 1540 1539 1541
f 1540 1541 1542
f 1528 1529 1541
f 1541 1529 1543
f 1541 1543 1542
f 1374 1378 1527
f 1377 1376 1531
f 1531 1376 1375
f 1531 1375 1544
f 1544 1375 1372
f 1544 1372 1545
f 1545 1372 1373
f 1545 1373 1546
f 1546 1373 1374
f 1546 1374 1547
f 1547 1374 1527
f 1527 1526 1547
f 1547 1526 1548
f 1547 1548 1546
f 1546 1548 1549
f 1546 1549 1545
f 1545 1549 1550
f 1545 1550 1544
f 1544 1550 1551
f 1544 1551 1531
f 1531 1551 1530
f 1531 1530 1427
f 1427 1530 1430
f 1526 1528 1548
f 1548 1528 1541
f 1548 1541 1549
f 1549 1541 1539
f 1549 1539 1550
f 1550 1539 1538
f 1550 1538 1551
f 1551 1538 1534
f 1551 1534 1530
f 1530 1534 1533
f 1530 1533 1432
f 1432 1533 1433
f 1387 1552 1388
f 1388 1552 1553
f 1388 1553 1389
f 1389 1553 1554
f 1389 1554 1390
f 1390 1554 1555
f 1390 1555 1379
f 1379 1555 1556
f 1379 1556 1380
f 1380 1556 1557
f 1380 1557 1381
f 1381 1557 1558
f 1381 1558 1382
f 1382 1558 1559
f 1382 1559 1383
f 1383 1559 1560
f 1383 1560 1384
f 1384 1560 1561
f 1384 1561 1385
f 1385 1561 1562
f 1385 1562 1386
f 1386 1562 1563
f 1386 1563 1387
f 1387 1563 1552
f 1399 1564 1400
f 1400 1564 1565
f 1400 1565 1401
f 1401 1565 1566
f 1401 1566 1402
f 1402 1566 1567
f 1402 1567 1391
f 1391 1567 1568
f 1391 1568 1392
f 1392 1568 1569
f 1392 1569 1393
f 1393 1569 1570
f 1393 1570 1394
f 1394 1570 1571
f 1394 1571 1395
f 1395 1571 1572
f 1395 1572 1396
f 1396 1572 1573
f 1396 1573 1397
f 1397 1573 1574
f 1397 1574 1398
f 1398 1574 1575
f 1398 1575 1399
f 1399 1575 1564
f 1576 1577 1412
f 1412 1577 1578
f 1412 1578 1413
f 1413 1578 1579
f 1413 1579 1580
f 1412 1411 1576
f 1576 1411 1410
f 1576 1410 1581
f 1407 1406 1582
f 1581 1410 1583
f 1583 1410 1409
f 1583 1409 1584
f 1582 1585 1407
f 1407 1585 1586
f 1407 1586 1408
f 1408 1586 1587
f 1408 1587 1588
f 1588 1589 1408
f 1408 1589 1590
f 1408 1590 1409
f 1409 1590 1591
f 1409 1591 1584
f 1592 1593 1404
f 1404 1593 1594
f 1404 1594 1403
f 1594 1595 1403
f 1403 1595 1596
f 1403 1596 1405
f 1405 1596 1597
f 1405 1597 1406
f 1406 1597 1598
f 1406 1598 1582
f 1592 1404 1580
f 1580 1404 1414
f 1580 1414 1413
f 1599 1600 1424
f 1424 1600 1601
f 1424 1601 1425
f 1425 1601 1602
f 1425 1602 1603
f 1424 1423 1599
f 1599 1423 1422
f 1599 1422 1604
f 1604 1422 1605
f 1605 1422 1421
f 1605 1421 1606
f 1419 1418 1607
f 1608 1609 1420
f 1420 1609 1610
f 1420 1610 1421
f 1421 1610 1611
f 1421 1611 1606
f 1607 1612 1419
f 1419 1612 1613
f 1419 1613 1420
f 1420 1613 1614
f 1420 1614 1608
f 1615 1616 1416
f 1416 1616 1617
f 1416 1617 1415
f 1617 1618 1415
f 1415 1618 1619
f 1415 1619 1417
f 1417 1619 1620
f 1417 1620 1418
f 1418 1620 1621
f 1418 1621 1607
f 1615 1416 1603
f 1603 1416 1426
f 1603 1426 1425
f 1622 1623 1434
f 1434 1623 1435
f 1624 1625 1445
f 1626 1438 1625
f 1625 1438 1440
f 1625 1440 1445
f 1445 1444 1624
f 1624 1444 1443
f 1624 1443 1627
f 1443 1448 1627
f 1627 1448 1450
f 1627 1450 1623
f 1623 1450 1451
f 1623 1451 1435
f 1626 1628 1438
f 1438 1628 1465
f 1629 1630 1469
f 1469 1468 1629
f 1629 1468 1472
f 1629 1472 1631
f 1631 1472 1471
f 1479 1632 1477
f 1477 1632 1631
f 1477 1631 1475
f 1475 1631 1471
f 1479 1480 1632
f 1632 1480 1482
f 1632 1482 1628
f 1628 1482 1483
f 1628 1483 1465
f 1630 1633 1469
f 1469 1633 1497
f 1634 1635 1501
f 1501 1500 1634
f 1634 1500 1504
f 1634 1504 1636
f 1636 1504 1503
f 1511 1637 1509
f 1509 1637 1636
f 1509 1636 1507
f 1507 1636 1503
f 1511 1512 1637
f 1637 1512 1514
f 1637 1514 1633
f 1633 1514 1515
f 1633 1515 1497
f 1635 1638 1501
f 1501 1638 1529
f 1639 1640 1537
f 1622 1434 1640
f 1640 1434 1532
f 1640 1532 1537
f 1537 1536 1639
f 1639 1536 1535
f 1639 1535 1641
f 1535 1540 1641
f 1641 1540 1542
f 1641 1542 1638
f 1638 1542 1543
f 1638 1543 1529
f 1642 1563 1643
f 1643 1563 1562
f 1643 1562 1644
f 1644 1562 1561
f 1644 1561 1645
f 1645 1561 1560
f 1645 1560 1646
f 1646 1560 1559
f 1646 1559 1647
f 1647 1559 1558
f 1647 1558 1648
f 1648 1558 1557
f 1648 1557 1649
f 1649 1557 1556
f 1649 1556 1650
f 1650 1556 1555
f 1650 1555 1651
f 1651 1555 1554
f 1651 1554 1652
f 1652 1554 1553
f 1652 1553 1653
f 1653 1553 1552
f 1653 1552 1642
f 1642 1552 1563
f 1654 1565 1655
f 1655 1565 1564
f 1655 1564 1656
f 1656 1564 1575
f 1656 1575 1657
f 1657 1575 1574
f 1657 1574 1658
f 1658 1574 1573
f 1658 1573 1659
f 1659 1573 1572
f 1659 1572 1660
f 1660 1572 1571
f 1660 1571 1661
f 1661 1571 1570
f 1661 1570 1662
f 1662 1570 1569
f 1662 1569 1663
f 1663 1569 1568
f 1663 1568 1664
f 1664 1568 1567
f 1664 1567 1665
f 1665 1567 1566
f 1665 1566 1654
f 1654 1566 1565
f 1666 1580 1667
f 1667 1580 1579
f 1667 1579 1668
f 1668 1579 1578
f 1668 1578 1669
f 1669 1578 1577
f 1669 1577 1670
f 1670 1577 1576
f 1670 1576 1671
f 1671 1576 1581
f 1671 1581 1672
f 1672 1581 1583
f 1672 1583 1673
f 1673 1583 1584
f 1674 1593 1666
f 1666 1593 1592
f 1666 1592 1580
f 1675 1596 1676
f 1676 1596 1595
f 1676 1595 1674
f 1674 1595 1594
f 1674 1594 1593
f 1677 1582 1678
f 1678 1582 1598
f 1678 1598 1675
f 1675 1598 1597
f 1675 1597 1596
f 1679 1586 1677
f 1677 1586 1585
f 1677 1585 1582
f 1680 1588 1679
f 1679 1588 1587
f 1679 1587 1586
f 1584 1591 1673
f 1673 1591 1590
f 1673 1590 1680
f 1680 1590 1589
f 1680 1589 1588
f 1681 1682 1683
f 1683 1682 1684
f 1683 1684 1685
f 1685 1684 1686
f 1687 1688 1689
f 1689 1688 1690
f 1689 1690 1686
f 1686 1690 1691
f 1686 1691 1685
f 1692 1693 1694
f 1694 1693 1695
f 1694 1695 1687
f 1687 1695 1696
f 1687 1696 1688
f 1692 1694 1697
f 1697 1694 1698
f 1697 1698 1699
f 1699 1698 1700
f 1699 1700 1701
f 1701 1700 1702
f 1702 1700 1703
f 1702 1703 1704
f 1704 1703 1705
f 1704 1705 1706
f 1706 1705 1707
f 1707 1705 1708
f 1707 1708 1709
f 1710 1711 1712
f 1712 1711 1713
f 1712 1713 1708
f 1708 1713 1714
f 1708 1714 1709
f 1715 1716 1717
f 1717 1716 1718
f 1717 1718 1710
f 1710 1718 1719
f 1710 1719 1711
f 1681 1720 1682
f 1682 1720 1721
f 1682 1721 1715
f 1715 1721 1722
f 1715 1722 1716
f 1674 1723 1676
f 1676 1723 1724
f 1676 1724 1675
f 1675 1724 1725
f 1675 1725 1678
f 1678 1725 1726
f 1678 1726 1677
f 1677 1726 1727
f 1677 1727 1679
f 1679 1727 1728
f 1679 1728 1680
f 1680 1728 1729
f 1680 1729 1673
f 1673 1729 1730
f 1673 1730 1672
f 1672 1730 1731
f 1672 1731 1671
f 1671 1731 1732
f 1671 1732 1670
f 1670 1732 1733
f 1670 1733 1669
f 1669 1733 1734
f 1669 1734 1668
f 1668 1734 1735
f 1668 1735 1667
f 1667 1735 1736
f 1667 1736 1666
f 1666 1736 1737
f 1666 1737 1674
f 1674 1737 1723
f 1723 1687 1724
f 1724 1687 1689
f 1724 1689 1725
f 1725 1689 1686
f 1725 1686 1726
f 1726 1686 1684
f 1726 1684 1727
f 1727 1684 1682
f 1727 1682 1728
f 1728 1682 1715
f 1728 1715 1729
f 1729 1715 1717
f 1729 1717 1730
f 1730 1717 1710
f 1730 1710 1731
f 1731 1710 1712
f 1731 1712 1732
f 1732 1712 1708
f 1732 1708 1733
f 1733 1708 1705
f 1733 1705 1734
f 1734 1705 1703
f 1734 1703 1735
f 1735 1703 1700
f 1735 1700 1736
f 1736 1700 1698
f 1736 1698 1737
f 1737 1698 1694
f 1737 1694 1723
f 1723 1694 1687
f 1738 1603 1739
f 1739 1603 1602
f 1739 1602 1740
f 1740 1602 1601
f 1740 1601 1741
f 1741 1601 1600
f 1741 1600 1742
f 1742 1600 1599
f 1742 1599 1743
f 1743 1599 1604
f 1743 1604 1744
f 1744 1604 1605
f 1744 1605 1745
f 1745 1605 1606
f 1746 1616 1738
f 1738 1616 1615
f 1738 1615 1603
f 1747 1619 1748
f 1748 1619 1618
f 1748 1618 1746
f 1746 1618 1617
f 1746 1617 1616
f 1749 1607 1750
f 1750 1607 1621
f 1750 1621 1747
f 1747 1621 1620
f 1747 1620 1619
f 1751 1613 1749
f 1749 1613 1612
f 1749 1612 1607
f 1752 1608 1751
f 1751 1608 1614
f 1751 1614 1613
f 1606 1611 1745
f 1745 1611 1610
f 1745 1610 1752
f 1752 1610 1609
f 1752 1609 1608
f 1753 1754 1755
f 1755 1754 1756
f 1755 1756 1757
f 1757 1756 1758
f 1759 1760 1761
f 1761 1760 1762
f 1761 1762 1758
f 1758 1762 1763
f 1758 1763 1757
f 1764 1765 1766
f 1766 1765 1767
f 1766 1767 1759
f 1759 1767 1768
f 1759 1768 1760
f 1764 1766 1769
f 1769 1766 1770
f 1769 1770 1771
f 1771 1770 1772
f 1771 1772 1773
f 1773 1772 1774
f 1774 1772 1775
f 1774 1775 1776
f 1776 1775 1777
f 1776 1777 1778
f 1778 1777 1779
f 1779 1777 1780
f 1779 1780 1781
f 1782 1783 1784
f 1784 1783 1785
f 1784 1785 1780
f 1780 1785 1786
f 1780 1786 1781
f 1787 1788 1789
f 1789 1788 1790
f 1789 1790 1782
f 1782 1790 1791
f 1782 1791 1783
f 1753 1792 1754
f 1754 1792 1793
f 1754 1793 1787
f 1787 1793 1794
f 1787 1794 1788
f 1746 1795 1748
f 1748 1795 1796
f 1748 1796 1747
f 1747 1796 1797
f 1747 1797 1750
f 1750 1797 1798
f 1750 1798 1749
f 1749 1798 1799
f 1749 1799 1751
f 1751 1799 1800
f 1751 1800 1752
f 1752 1800 1801
f 1752 1801 1745
f 1745 1801 1802
f 1745 1802 1744
f 1744 1802 1803
f 1744 1803 1743
f 1743 1803 1804
f 1743 1804 1742
f 1742 1804 1805
f 1742 1805 1741
f 1741 1805 1806
f 1741 1806 1740
f 1740 1806 1807
f 1740 1807 1739
f 1739 1807 1808
f 1739 1808 1738
f 1738 1808 1809
f 1738 1809 1746
f 1746 1809 1795
f 1795 1759 1796
f 1796 1759 1761
f 1796 1761 1797
f 1797 1761 1758
f 1797 1758 1798
f 1798 1758 1756
f 1798 1756 1799
f 1799 1756 1754
f 1799 1754 1800
f 1800 1754 1787
f 1800 1787 1801
f 1801 1787 1789
f 1801 1789 1802
f 1802 1789 1782
f 1802 1782 1803
f 1803 1782 1784
f 1803 1784 1804
f 1804 1784 1780
f 1804 1780 1805
f 1805 1780 1777
f 1805 1777 1806
f 1806 1777 1775
f 1806 1775 1807
f 1807 1775 1772
f 1807 1772 1808
f 1808 1772 1770
f 1808 1770 1809
f 1809 1770 1766
f 1809 1766 1795
f 1795 1766 1759
f 1810 1623 1811
f 1811 1623 1622
f 1811 1622 1812
f 1812 1622 1640
f 1812 1640 1813
f 1813 1640 1639
f 1813 1639 1814
f 1814 1639 1641
f 1814 1641 1815
f 1815 1641 1638
f 1815 1638 1816
f 1816 1638 1635
f 1816 1635 1817
f 1817 1635 1634
f 1817 1634 1818
f 1818 1634 1636
f 1818 1636 1819
f 1819 1636 1637
f 1819 1637 1820
f 1820 1637 1633
f 1820 1633 1821
f 1821 1633 1630
f 1821 1630 1822
f 1822 1630 1629
f 1822 1629 1823
f 1823 1629 1631
f 1823 1631 1824
f 1824 1631 1632
f 1824 1632 1825
f 1825 1632 1628
f 1825 1628 1826
f 1826 1628 1626
f 1826 1626 1827
f 1827 1626 1625
f 1827 1625 1828
f 1828 1625 1624
f 1828 1624 1829
f 1829 1624 1627
f 1829 1627 1810
f 1810 1627 1623
f 1652 1830 1651
f 1651 1830 1831
f 1651 1831 1650
f 1650 1831 1832
f 1650 1832 1649
f 1649 1832 1833
f 1649 1833 1648
f 1648 1833 1834
f 1648 1834 1647
f 1647 1834 1835
f 1647 1835 1646
f 1646 1835 1836
f 1646 1836 1645
f 1645 1836 1837
f 1645 1837 1644
f 1644 1837 1838
f 1644 1838 1643
f 1643 1838 1839
f 1643 1839 1642
f 1642 1839 1840
f 1642 1840 1653
f 1653 1840 1841
f 1653 1841 1652
f 1652 1841 1830
f 1654 1842 1665
f 1665 1842 1843
f 1665 1843 1664
f 1664 1843 1844
f 1664 1844 1663
f 1663 1844 1845
f 1663 1845 1662
f 1662 1845 1846
f 1662 1846 1661
f 1661 1846 1847
f 1661 1847 1660
f 1660 1847 1848
f 1660 1848 1659
f 1659 1848 1849
f 1659 1849 1658
f 1658 1849 1850
f 1658 1850 1657
f 1657 1850 1851
f 1657 1851 1656
f 1656 1851 1852
f 1656 1852 1655
f 1655 1852 1853
f 1655 1853 1654
f 1654 1853 1842
f 1854 1855 1856
f 1856 1855 1857
f 1856 1857 1858
f 1858 1857 1859
f 1718 1716 1860
f 1860 1716 1722
f 1860 1722 1861
f 1861 1722 1721
f 1861 1721 1862
f 1862 1721 1720
f 1862 1720 1863
f 1863 1720 1681
f 1863 1681 1864
f 1864 1681 1683
f 1864 1683 1865
f 1865 1683 1685
f 1865 1685 1866
f 1866 1685 1691
f 1866 1691 1867
f 1867 1691 1690
f 1867 1690 1868
f 1868 1690 1688
f 1868 1688 1869
f 1869 1688 1696
f 1869 1696 1870
f 1870 1696 1695
f 1870 1695 1871
f 1871 1695 1693
f 1871 1693 1872
f 1872 1693 1692
f 1872 1692 1873
f 1873 1692 1697
f 1873 1697 1874
f 1874 1697 1699
f 1874 1699 1875
f 1875 1699 1701
f 1875 1701 1876
f 1876 1701 1702
f 1876 1702 1877
f 1877 1702 1704
f 1877 1704 1878
f 1878 1704 1706
f 1878 1706 1879
f 1879 1706 1707
f 1879 1707 1880
f 1880 1707 1709
f 1880 1709 1881
f 1881 1709 1714
f 1881 1714 1882
f 1882 1714 1713
f 1882 1713 1883
f 1883 1713 1711
f 1883 1711 1884
f 1884 1711 1719
f 1884 1719 1885
f 1885 1719 1718
f 1885 1718 1860
f 1790 1788 1886
f 1886 1788 1794
f 1886 1794 1887
f 1887 1794 1793
f 1887 1793 1888
f 1888 1793 1792
f 1888 1792 1889
f 1889 1792 1753
f 1889 1753 1890
f 1890 1753 1755
f 1890 1755 1891
f 1891 1755 1757
f 1891 1757 1892
f 1892 1757 1763
f 1892 1763 1893
f 1893 1763 1762
f 1893 1762 1894
f 1894 1762 1760
f 1894 1760 1895
f 1895 1760 1768
f 1895 1768 1896
f 1896 1768 1767
f 1896 1767 1897
f 1897 1767 1765
f 1897 1765 1898
f 1898 1765 1764
f 1898 1764 1899
f 1899 1764 1769
f 1899 1769 1900
f 1900 1769 1771
f 1900 1771 1901
f 1901 1771 1773
f 1901 1773 1902
f 1902 1773 1774
f 1902 1774 1903
f 1903 1774 1776
f 1903 1776 1904
f 1904 1776 1778
f 1904 1778 1905
f 1905 1778 1779
f 1905 1779 1906
f 1906 1779 1781
f 1906 1781 1907
f 1907 1781 1786
f 1907 1786 1908
f 1908 1786 1785
f 1908 1785 1909
f 1909 1785 1783
f 1909 1783 1910
f 1910 1783 1791
f 1910 1791 1911
f 1911 1791 1790
f 1911 1790 1886
f 1912 1913 1914
f 1914 1913 1915
f 1916 1917 1912
f 1912 1917 1913
f 1915 1918 1914
f 1914 1918 1919
f 1920 1921 1922
f 1922 1921 1923
f 1924 1922 1925
f 1925 1922 1923
f 1925 1923 1926
f 1926 1923 1927
f 1926 1927 1928
f 1928 1927 1929
f 1930 1931 1932
f 1932 1931 1933
f 1932 1933 1934
f 1935 1936 1937
f 1933 1938 1934
f 1934 1938 1935
f 1934 1935 1939
f 1939 1935 1937
f 1940 1941 1942
f 1943 1944 1940
f 1945 1946 1947
f 1947 1946 1943
f 1947 1943 1948
f 1948 1943 1940
f 1948 1940 1949
f 1949 1940 1942
f 1950 1951 1952
f 1952 1951 1953
f 1953 1954 1952
f 1952 1954 1955
f 1952 1955 1956
f 1956 1957 1952
f 1952 1957 1958
f 1952 1958 1959
f 1960 1961 1962
f 1962 1961 1963
f 1962 1963 1964
f 1964 1963 1965
f 1966 1967 1968
f 1968 1967 1964
f 1968 1964 1969
f 1969 1964 1965
f 1970 1971 1972
f 1972 1971 1973
f 1973 1974 1972
f 1972 1974 1975
f 1972 1975 1976
f 1976 1977 1972
f 1972 1977 1978
f 1972 1978 1979
f 1980 1981 1982
f 1982 1981 1983
f 1982 1983 1984
f 1984 1983 1985
f 1986 1987 1988
f 1988 1987 1984
f 1988 1984 1989
f 1989 1984 1985
f 1990 1991 1992
f 1993 1994 1991
f 1991 1994 1995
f 1991 1995 1992
f 1996 1997 1998
f 1998 1997 1990
f 1998 1990 1999
f 1999 1990 1992
f 2000 2001 2002
f 2002 2001 2003
f 2002 2003 2004
f 2004 2003 2005
f 2006 2007 2008
f 2008 2007 2004
f 2008 2004 2009
f 2009 2004 2005
f 2010 2011 2012
f 2013 2014 2010
f 2010 2014 2015
f 2010 2015 2011
f 2016 2017 2018
f 2018 2017 2010
f 2018 2010 2019
f 2019 2010 2012
f 2020 2021 2022
f 2022 2023 2020
f 2020 2023 2024
f 2020 2024 2025
f 2025 2026 2020
f 2020 2026 2027
f 2020 2027 2028
f 2029 2030 2031
f 2031 2030 2032
f 2031 2032 2033
f 2034 2035 2036
f 2032 2037 2034
f 2034 2036 2032
f 2032 2036 2038
f 2032 2038 2033
f 2039 2040 2041
f 2042 2043 2040
f 2040 2043 2044
f 2040 2044 2041
f 2045 2046 2047
f 2047 2046 2039
f 2047 2039 2048
f 2048 2039 2041
f 2049 2050 2051
f 2051 2050 2052
f 2051 2052 2053
f 2054 2055 2053
f 2052 2056 2057
f 2053 2052 2054
f 2054 2052 2057
f 2054 2057 2058
f 2059 2060 2061
f 2061 2060 2062
f 2061 2062 2063
f 2064 2065 2063
f 2062 2066 2067
f 2063 2062 2064
f 2064 2062 2067
f 2064 2067 2068
f 1810 1811 2069
f 2069 1811 2070
f 2070 1811 1812
f 2070 1812 2071
f 2071 1812 1813
f 2071 1813 2072
f 2072 1813 1814
f 2072 1814 2073
f 2073 1814 1815
f 2073 1815 2074
f 1815 1816 2074
f 2074 1816 2075
f 2075 1816 1817
f 2075 1817 2076
f 2076 1817 1818
f 2076 1818 2077
f 2077 1818 1819
f 2077 1819 2078
f 2078 1819 1820
f 2078 1820 2079
f 1820 1821 2079
f 2079 1821 2080
f 2080 1821 1822
f 2080 1822 2081
f 2081 1822 1823
f 2081 1823 2082
f 2082 1823 1824
f 2082 1824 2083
f 2083 1824 1825
f 2083 1825 2084
f 1825 1826 2084
f 2084 1826 2085
f 2085 1826 1827
f 2085 1827 2086
f 2086 1827 1828
f 2086 1828 2087
f 2087 1828 1829
f 2087 1829 2088
f 2088 1829 1810
f 2088 1810 2069
f 2089 2090 2091
f 2091 2090 2092
f 2091 2092 2093
f 2094 2091 2095
f 2095 2091 2093
f 2095 2093 2096
f 2096 2093 2097
f 2098 2099 2100
f 2100 2099 2101
f 2102 2103 2101
f 2101 2103 2104
f 2105 2100 2106
f 2106 2100 2101
f 2106 2101 2107
f 2107 2101 2104
f 2108 2109 2110
f 2111 2112 2113
f 2113 2112 2114
f 2110 2115 2108
f 2108 2115 2113
f 2108 2113 2116
f 2116 2113 2114
f 2116 2114 2117
f 2118 2119 2120
f 2120 2119 2121
f 2119 2122 2121
f 2121 2122 2123
f 2121 2123 2124
f 2123 2125 2124
f 2124 2125 2126
f 2124 2126 2127
f 2127 2126 2128
f 2127 2128 2129
f 2130 2131 2132
f 2132 2131 2133
f 2131 2134 2133
f 2133 2134 2135
f 2133 2135 2136
f 2135 2137 2136
f 2136 2137 2138
f 2136 2138 2139
f 2139 2138 2140
f 2139 2140 2141
f 1835 2142 1836
f 1836 2142 2120
f 1836 2120 1837
f 1837 2120 2121
f 1837 2121 2124
f 2124 2127 1837
f 1837 2127 2129
f 1837 2129 1838
f 1838 2129 2143
f 1838 2143 1839
f 2133 2136 1830
f 1830 2136 2139
f 1830 2139 1831
f 1831 2139 2141
f 1831 2141 1832
f 1832 2141 2144
f 1832 2144 1833
f 1833 2144 2145
f 1833 2145 1834
f 1834 2145 2146
f 1834 2146 1835
f 1835 2146 2147
f 1835 2147 2142
f 2143 2148 1839
f 1839 2148 2149
f 1839 2149 1840
f 1840 2149 2150
f 1840 2150 1841
f 1841 2150 2151
f 1841 2151 1830
f 1830 2151 2132
f 1830 2132 2133
f 2152 2153 2154
f 2154 2153 2155
f 2153 2156 2155
f 2155 2156 2157
f 2155 2157 2158
f 2157 2159 2158
f 2158 2159 2160
f 2158 2160 2161
f 2161 2160 2162
f 2161 2162 2163
f 2164 2165 2166
f 2166 2165 2167
f 2165 2168 2167
f 2167 2168 2169
f 2167 2169 2170
f 2169 2171 2170
f 2170 2171 2172
f 2170 2172 2173
f 2173 2172 2174
f 2173 2174 2175
f 1851 2176 1852
f 1852 2176 2177
f 1852 2177 1853
f 1853 2177 2178
f 1853 2178 1842
f 1842 2178 2154
f 1842 2154 1843
f 1843 2154 2155
f 1843 2155 2158
f 1845 2179 1846
f 1846 2179 2180
f 1846 2180 1847
f 1847 2180 2181
f 1847 2181 1848
f 1848 2181 2166
f 1848 2166 1849
f 1849 2166 2167
f 1849 2167 2170
f 2158 2161 1843
f 1843 2161 2163
f 1843 2163 1844
f 1844 2163 2182
f 1844 2182 1845
f 1845 2182 2183
f 1845 2183 2179
f 2170 2173 1849
f 1849 2173 2175
f 1849 2175 1850
f 1850 2175 2184
f 1850 2184 1851
f 1851 2184 2185
f 1851 2185 2176
f 2186 1855 1854
f 1854 2187 2186
f 2186 2187 2188
f 2186 2188 2189
f 2189 2188 2190
f 2189 2190 2191
f 2191 2190 2192
f 2191 2192 2193
f 2193 2194 2191
f 2191 2194 2195
f 2191 2195 2189
f 2196 2197 2198
f 2198 2197 2199
f 2198 2200 2196
f 2196 2200 2201
f 2196 2201 2202
f 2201 1859 2202
f 2202 1859 1857
f 2202 1857 2203
f 2203 1857 1855
f 2203 1855 2195
f 2195 1855 2186
f 2195 2186 2189
f 2199 2204 2205
f 2199 2205 2198
f 2198 2205 2206
f 2198 2206 2200
f 2200 2206 2207
f 2200 2207 2201
f 2201 2207 1858
f 2201 1858 1859
f 2204 2208 2209
f 2192 2190 2188
f 2210 1854 2211
f 2211 1854 1856
f 2210 2212 1854
f 1854 2212 2192
f 1854 2192 2187
f 2187 2192 2188
f 2206 2205 2207
f 2207 2205 2204
f 2207 2204 1858
f 1858 2204 2209
f 1858 2209 1856
f 1856 2209 2213
f 1856 2213 2211
f 1883 1884 2214
f 2215 2216 2217
f 2218 2219 2220
f 2220 2219 2221
f 2220 2221 2217
f 2217 2221 2222
f 2217 2222 2215
f 2223 2224 2225
f 2225 2224 2226
f 2225 2226 2227
f 2227 2226 2228
f 2227 2228 2218
f 2218 2228 2229
f 2218 2229 2219
f 2230 2231 2232
f 2232 2231 2233
f 2232 2233 2223
f 2223 2233 2234
f 2223 2234 2224
f 2235 2236 2230
f 2230 2236 2237
f 2230 2237 2231
f 2215 2238 2216
f 2216 2238 2239
f 2216 2239 2240
f 2240 2239 2241
f 2240 2241 2242
f 2242 2241 2243
f 2242 2243 2244
f 2244 2243 2245
f 2244 2245 2246
f 2246 2245 2247
f 2246 2247 2248
f 2248 2247 2235
f 2248 2235 2249
f 2249 2235 2230
f 1867 2250 1866
f 1866 2250 2251
f 1866 2251 1865
f 1865 2251 1864
f 1864 2251 2252
f 1864 2252 1863
f 1863 2252 2253
f 1863 2253 1862
f 1862 2253 2254
f 1862 2254 1861
f 1861 2254 2255
f 1861 2255 1860
f 2214 1884 2255
f 2255 1884 1885
f 2255 1885 1860
f 1883 2214 1882
f 1882 2214 2256
f 1882 2256 1881
f 1881 2256 2257
f 1881 2257 1880
f 1880 2257 1879
f 1879 2257 2258
f 1879 2258 1878
f 1878 2258 2259
f 1878 2259 1877
f 2260 1875 2259
f 2259 1875 1876
f 2259 1876 1877
f 2261 1872 2262
f 2262 1872 1873
f 2262 1873 2260
f 2260 1873 1874
f 2260 1874 1875
f 1867 1868 2250
f 2250 1868 1869
f 2250 1869 2263
f 2263 1869 1870
f 2263 1870 2261
f 2261 1870 1871
f 2261 1871 1872
f 2263 2264 2250
f 2250 2264 2265
f 2250 2265 2251
f 2251 2265 2266
f 2251 2266 2252
f 2252 2266 2267
f 2252 2267 2253
f 2253 2267 2268
f 2253 2268 2254
f 2254 2268 2269
f 2254 2269 2255
f 2255 2269 2270
f 2255 2270 2214
f 2214 2270 2271
f 2214 2271 2256
f 2256 2271 2272
f 2256 2272 2257
f 2257 2272 2273
f 2257 2273 2258
f 2258 2273 2274
f 2258 2274 2259
f 2259 2274 2275
f 2259 2275 2260
f 2260 2275 2276
f 2260 2276 2262
f 2262 2276 2277
f 2262 2277 2261
f 2261 2277 2278
f 2261 2278 2263
f 2263 2278 2264
f 2264 2230 2265
f 2265 2230 2232
f 2265 2232 2266
f 2266 2232 2223
f 2266 2223 2267
f 2267 2223 2225
f 2267 2225 2268
f 2268 2225 2227
f 2268 2227 2269
f 2269 2227 2218
f 2269 2218 2270
f 2270 2218 2220
f 2270 2220 2271
f 2271 2220 2217
f 2271 2217 2272
f 2272 2217 2216
f 2272 2216 2273
f 2273 2216 2240
f 2273 2240 2274
f 2274 2240 2242
f 2274 2242 2275
f 2275 2242 2244
f 2275 2244 2276
f 2276 2244 2246
f 2276 2246 2277
f 2277 2246 2248
f 2277 2248 2278
f 2278 2248 2249
f 2278 2249 2264
f 2264 2249 2230
f 1909 1910 2279
f 2280 2281 2282
f 2283 2284 2285
f 2285 2284 2286
f 2285 2286 2282
f 2282 2286 2287
f 2282 2287 2280
f 2288 2289 2290
f 2290 2289 2291
f 2290 2291 2292
f 2292 2291 2293
f 2292 2293 2283
f 2283 2293 2294
f 2283 2294 2284
f 2295 2296 2297
f 2297 2296 2298
f 2297 2298 2288
f 2288 2298 2299
f 2288 2299 2289
f 2300 2301 2295
f 2295 2301 2302
f 2295 2302 2296
f 2280 2303 2281
f 2281 2303 2304
f 2281 2304 2305
f 2305 2304 2306
f 2305 2306 2307
f 2307 2306 2308
f 2307 2308 2309
f 2309 2308 2310
f 2309 2310 2311
f 2311 2310 2312
f 2311 2312 2313
f 2313 2312 2300
f 2313 2300 2314
f 2314 2300 2295
f 1893 2315 1892
f 1892 2315 2316
f 1892 2316 1891
f 1891 2316 1890
f 1890 2316 2317
f 1890 2317 1889
f 1889 2317 2318
f 1889 2318 1888
f 1888 2318 2319
f 1888 2319 1887
f 1887 2319 2320
f 1887 2320 1886
f 2279 1910 2320
f 2320 1910 1911
f 2320 1911 1886
f 1909 2279 1908
f 1908 2279 2321
f 1908 2321 1907
f 1907 2321 2322
f 1907 2322 1906
f 1906 2322 1905
f 1905 2322 2323
f 1905 2323 1904
f 1904 2323 2324
f 1904 2324 1903
f 2325 1901 2324
f 2324 1901 1902
f 2324 1902 1903
f 2326 1898 2327
f 2327 1898 1899
f 2327 1899 2325
f 2325 1899 1900
f 2325 1900 1901
f 1893 1894 2315
f 2315 1894 1895
f 2315 1895 2328
f 2328 1895 1896
f 2328 1896 2326
f 2326 1896 1897
f 2326 1897 1898
f 2328 2329 2315
f 2315 2329 2330
f 2315 2330 2316
f 2316 2330 2331
f 2316 2331 2317
f 2317 2331 2332
f 2317 2332 2318
f 2318 2332 2333
f 2318 2333 2319
f 2319 2333 2334
f 2319 2334 2320
f 2320 2334 2335
f 2320 2335 2279
f 2279 2335 2336
f 2279 2336 2321
f 2321 2336 2337
f 2321 2337 2322
f 2322 2337 2338
f 2322 2338 2323
f 2323 2338 2339
f 2323 2339 2324
f 2324 2339 2340
f 2324 2340 2325
f 2325 2340 2341
f 2325 2341 2327
f 2327 2341 2342
f 2327 2342 2326
f 2326 2342 2343
f 2326 2343 2328
f 2328 2343 2329
f 2329 2295 2330
f 2330 2295 2297
f 2330 2297 2331
f 2331 2297 2288
f 2331 2288 2332
f 2332 2288 2290
f 2332 2290 2333
f 2333 2290 2292
f 2333 2292 2334
f 2334 2292 2283
f 2334 2283 2335
f 2335 2283 2285
f 2335 2285 2336
f 2336 2285 2282
f 2336 2282 2337
f 2337 2282 2281
f 2337 2281 2338
f 2338 2281 2305
f 2338 2305 2339
f 2339 2305 2307
f 2339 2307 2340
f 2340 2307 2309
f 2340 2309 2341
f 2341 2309 2311
f 2341 2311 2342
f 2342 2311 2313
f 2342 2313 2343
f 2343 2313 2314
f 2343 2314 2329
f 2329 2314 2295
f 2344 1918 1915
f 1913 1917 1915
f 1915 1917 2345
f 1915 2345 2344
f 2346 2345 1916
f 1916 2345 1917
f 1919 2347 1914
f 1914 2347 2346
f 1914 2346 1912
f 1912 2346 1916
f 1919 1918 2347
f 2347 1918 2344
f 1929 1927 2348
f 2348 1927 2349
f 1926 2350 2351
f 1926 2351 1925
f 1925 2351 2352
f 1925 2352 1924
f 1924 2352 2353
f 1924 2353 1922
f 1922 2353 2354
f 1922 2354 1920
f 1920 2354 2355
f 1920 2355 1921
f 1921 2355 2356
f 1921 2356 1923
f 1923 2356 2349
f 1923 2349 1927
f 2357 2350 1928
f 1928 2350 1926
f 1930 1932 2358
f 2358 1932 2359
f 1933 2360 2361
f 1933 2361 1938
f 1938 2361 2362
f 1938 2362 1935
f 1935 2362 2363
f 1935 2363 1936
f 1936 2363 2364
f 1936 2364 1937
f 1937 2364 2365
f 1937 2365 1939
f 1939 2365 2366
f 1939 2366 1934
f 1934 2366 2359
f 1934 2359 1932
f 2367 2360 1931
f 1931 2360 1933
f 2368 2369 2370
f 2368 2370 2371
f 2371 2370 2372
f 2371 2372 2373
f 2373 2372 2374
f 2373 2374 2375
f 2375 2374 2376
f 2375 2376 2377
f 2377 2376 2378
f 2377 2378 2379
f 2379 2378 2380
f 2379 2380 2381
f 2381 2380 2382
f 2381 2382 2383
f 2384 2385 2386
f 2384 2386 2387
f 2387 2386 2388
f 2387 2388 2389
f 2389 2388 2390
f 2389 2390 2391
f 2391 2390 2392
f 2391 2392 2393
f 2393 2392 2394
f 2393 2394 2395
f 2395 2394 2396
f 2395 2396 2397
f 2397 2396 2398
f 2397 2398 2399
f 2400 2401 2402
f 2400 2402 2403
f 2403 2402 2404
f 2403 2404 2405
f 2405 2404 2406
f 2405 2406 2407
f 2407 2406 2408
f 2407 2408 2409
f 2409 2408 2410
f 2409 2410 2411
f 2411 2410 2412
f 2411 2412 2413
f 2413 2412 2414
f 2413 2414 2415
f 1941 1940 2416
f 2416 1940 2417
f 1949 2418 2419
f 1949 2419 1948
f 1948 2419 2420
f 1948 2420 1947
f 1947 2420 2421
f 1947 2421 1945
f 1945 2421 2422
f 1945 2422 1946
f 1946 2422 2423
f 1946 2423 1943
f 1943 2423 2424
f 1943 2424 1944
f 1944 2424 2417
f 1944 2417 1940
f 2425 2418 1942
f 1942 2418 1949
f 1950 1952 2426
f 2426 1952 2427
f 1953 2428 2429
f 1953 2429 1954
f 1954 2429 2430
f 1954 2430 1955
f 1955 2430 2431
f 1955 2431 1956
f 1956 2431 2432
f 1956 2432 1957
f 1957 2432 2433
f 1957 2433 1958
f 1958 2433 2434
f 1958 2434 1959
f 1959 2434 2427
f 1959 2427 1952
f 2435 2428 1951
f 1951 2428 1953
f 1960 1962 2436
f 2436 1962 2437
f 1963 2438 2439
f 1963 2439 1965
f 1965 2439 2440
f 1965 2440 1969
f 1969 2440 2441
f 1969 2441 1968
f 1968 2441 2442
f 1968 2442 1966
f 1966 2442 2443
f 1966 2443 1967
f 1967 2443 2444
f 1967 2444 1964
f 1964 2444 2437
f 1964 2437 1962
f 2445 2438 1961
f 1961 2438 1963
f 1970 1972 2446
f 2446 1972 2447
f 1973 2448 2449
f 1973 2449 1974
f 1974 2449 2450
f 1974 2450 1975
f 1975 2450 2451
f 1975 2451 1976
f 1976 2451 2452
f 1976 2452 1977
f 1977 2452 2453
f 1977 2453 1978
f 1978 2453 2454
f 1978 2454 1979
f 1979 2454 2447
f 1979 2447 1972
f 2455 2448 1971
f 1971 2448 1973
f 1980 1982 2456
f 2456 1982 2457
f 1983 2458 2459
f 1983 2459 1985
f 1985 2459 2460
f 1985 2460 1989
f 1989 2460 2461
f 1989 2461 1988
f 1988 2461 2462
f 1988 2462 1986
f 1986 2462 2463
f 1986 2463 1987
f 1987 2463 2464
f 1987 2464 1984
f 1984 2464 2457
f 1984 2457 1982
f 2465 2458 1981
f 1981 2458 1983
f 1993 1991 2466
f 2466 1991 2467
f 1995 2468 2469
f 1995 2469 1992
f 1992 2469 2470
f 1992 2470 1999
f 1999 2470 2471
f 1999 2471 1998
f 1998 2471 2472
f 1998 2472 1996
f 1996 2472 2473
f 1996 2473 1997
f 1997 2473 2474
f 1997 2474 1990
f 1990 2474 2467
f 1990 2467 1991
f 2475 2468 1994
f 1994 2468 1995
f 2000 2002 2476
f 2476 2002 2477
f 2003 2478 2479
f 2003 2479 2005
f 2005 2479 2480
f 2005 2480 2009
f 2009 2480 2481
f 2009 2481 2008
f 2008 2481 2482
f 2008 2482 2006
f 2006 2482 2483
f 2006 2483 2007
f 2007 2483 2484
f 2007 2484 2004
f 2004 2484 2477
f 2004 2477 2002
f 2485 2478 2001
f 2001 2478 2003
f 2486 2487 2488
f 2486 2488 2489
f 2489 2488 2490
f 2489 2490 2491
f 2491 2490 2492
f 2491 2492 2493
f 2493 2492 2494
f 2493 2494 2495
f 2495 2494 2496
f 2495 2496 2497
f 2497 2496 2498
f 2497 2498 2499
f 2499 2498 2500
f 2499 2500 2501
f 2502 2115 2503
f 2503 2115 2110
f 2018 2504 2016
f 2016 2504 2505
f 2504 2018 2019
f 2504 2019 2506
f 2506 2019 2012
f 2506 2012 2507
f 2507 2012 2011
f 2507 2011 2508
f 2508 2011 2015
f 2508 2015 2509
f 2509 2015 2014
f 2509 2014 2510
f 2510 2014 2013
f 2510 2013 2511
f 2511 2013 2010
f 2511 2010 2512
f 2512 2010 2513
f 2513 2010 2017
f 2020 2514 2021
f 2021 2514 2515
f 2514 2020 2028
f 2514 2028 2516
f 2516 2028 2027
f 2516 2027 2517
f 2517 2027 2026
f 2517 2026 2518
f 2518 2026 2025
f 2518 2025 2519
f 2519 2025 2024
f 2519 2024 2520
f 2520 2024 2023
f 2520 2023 2521
f 2521 2023 2522
f 2522 2023 2022
f 2031 2523 2029
f 2029 2523 2524
f 2523 2031 2033
f 2523 2033 2525
f 2525 2033 2038
f 2525 2038 2526
f 2526 2038 2036
f 2526 2036 2527
f 2527 2036 2035
f 2527 2035 2528
f 2528 2035 2034
f 2528 2034 2529
f 2529 2034 2037
f 2529 2037 2530
f 2530 2037 2032
f 2530 2032 2531
f 2531 2032 2532
f 2532 2032 2030
f 2040 2533 2042
f 2042 2533 2534
f 2533 2040 2039
f 2533 2039 2535
f 2535 2039 2046
f 2535 2046 2536
f 2536 2046 2045
f 2536 2045 2537
f 2537 2045 2047
f 2537 2047 2538
f 2538 2047 2048
f 2538 2048 2539
f 2539 2048 2041
f 2539 2041 2540
f 2540 2041 2044
f 2540 2044 2541
f 2541 2044 2542
f 2542 2044 2043
f 2051 2543 2049
f 2049 2543 2544
f 2543 2051 2053
f 2543 2053 2545
f 2545 2053 2055
f 2545 2055 2546
f 2546 2055 2054
f 2546 2054 2547
f 2547 2054 2058
f 2547 2058 2548
f 2548 2058 2057
f 2548 2057 2549
f 2549 2057 2056
f 2549 2056 2550
f 2550 2056 2052
f 2550 2052 2551
f 2551 2052 2552
f 2552 2052 2050
f 2061 2553 2059
f 2059 2553 2554
f 2553 2061 2063
f 2553 2063 2555
f 2555 2063 2065
f 2555 2065 2556
f 2556 2065 2064
f 2556 2064 2557
f 2557 2064 2068
f 2557 2068 2558
f 2558 2068 2067
f 2558 2067 2559
f 2559 2067 2066
f 2559 2066 2560
f 2560 2066 2062
f 2560 2062 2561
f 2561 2062 2562
f 2562 2062 2060
f 2563 2564 2565
f 2563 2565 2566
f 2566 2565 2567
f 2566 2567 2568
f 2568 2567 2569
f 2568 2569 2570
f 2570 2569 2571
f 2570 2571 2572
f 2572 2571 2573
f 2572 2573 2574
f 2574 2573 2575
f 2574 2575 2576
f 2577 2578 2579
f 2577 2579 2580
f 2580 2579 2581
f 2580 2581 2582
f 2582 2581 2583
f 2582 2583 2584
f 2584 2583 2585
f 2584 2585 2586
f 2586 2585 2587
f 2586 2587 2588
f 2588 2587 2589
f 2588 2589 2590
f 2084 2591 2083
f 2083 2591 2592
f 2083 2592 2082
f 2082 2592 2593
f 2082 2593 2081
f 2081 2593 2594
f 2081 2594 2080
f 2080 2594 2595
f 2080 2595 2079
f 2079 2595 2596
f 2079 2596 2078
f 2078 2596 2597
f 2078 2597 2077
f 2077 2597 2598
f 2077 2598 2076
f 2076 2598 2599
f 2076 2599 2075
f 2075 2599 2600
f 2075 2600 2074
f 2074 2600 2601
f 2074 2601 2073
f 2073 2601 2602
f 2073 2602 2072
f 2072 2602 2603
f 2072 2603 2071
f 2071 2603 2604
f 2071 2604 2070
f 2070 2604 2605
f 2070 2605 2069
f 2069 2605 2606
f 2069 2606 2088
f 2088 2606 2607
f 2088 2607 2087
f 2087 2607 2608
f 2087 2608 2086
f 2086 2608 2609
f 2086 2609 2085
f 2085 2609 2610
f 2085 2610 2084
f 2084 2610 2591
f 2611 2612 2613
f 2611 2613 2614
f 2614 2613 2615
f 2614 2615 2616
f 2616 2615 2617
f 2616 2617 2618
f 2618 2617 2619
f 2618 2619 2620
f 2620 2619 2621
f 2620 2621 2622
f 2622 2621 2623
f 2622 2623 2624
f 2625 2626 2627
f 2625 2627 2628
f 2628 2627 2629
f 2628 2629 2630
f 2630 2629 2631
f 2630 2631 2632
f 2632 2631 2633
f 2632 2633 2634
f 2634 2633 2635
f 2634 2635 2636
f 2636 2635 2637
f 2636 2637 2638
f 2091 2639 2089
f 2089 2639 2640
f 2639 2091 2094
f 2639 2094 2641
f 2641 2094 2095
f 2641 2095 2642
f 2642 2095 2096
f 2642 2096 2643
f 2643 2096 2097
f 2643 2097 2644
f 2644 2097 2093
f 2644 2093 2645
f 2645 2093 2092
f 2645 2092 2646
f 2646 2092 2647
f 2647 2092 2090
f 2100 2648 2098
f 2098 2648 2649
f 2648 2100 2105
f 2648 2105 2650
f 2650 2105 2106
f 2650 2106 2651
f 2651 2106 2107
f 2651 2107 2652
f 2652 2107 2104
f 2652 2104 2653
f 2653 2104 2103
f 2653 2103 2654
f 2654 2103 2102
f 2654 2102 2655
f 2655 2102 2101
f 2655 2101 2656
f 2656 2101 2657
f 2657 2101 2099
f 2108 2658 2109
f 2109 2658 2659
f 2658 2108 2116
f 2658 2116 2660
f 2660 2116 2117
f 2660 2117 2661
f 2661 2117 2114
f 2661 2114 2662
f 2662 2114 2112
f 2662 2112 2663
f 2663 2112 2111
f 2663 2111 2664
f 2664 2111 2113
f 2664 2113 2665
f 2665 2113 2115
f 2665 2115 2502
f 2120 2142 2118
f 2118 2142 2666
f 2667 2143 2128
f 2128 2143 2129
f 2143 2667 2148
f 2148 2667 2668
f 2148 2668 2149
f 2149 2668 2669
f 2149 2669 2150
f 2150 2669 2670
f 2150 2670 2151
f 2151 2670 2671
f 2130 2132 2671
f 2671 2132 2151
f 2144 2141 2672
f 2672 2141 2140
f 2144 2672 2145
f 2145 2672 2673
f 2145 2673 2146
f 2146 2673 2674
f 2146 2674 2147
f 2147 2674 2675
f 2147 2675 2142
f 2142 2675 2666
f 2154 2178 2152
f 2152 2178 2676
f 2677 2182 2162
f 2162 2182 2163
f 2182 2677 2183
f 2183 2677 2678
f 2183 2678 2179
f 2179 2678 2679
f 2179 2679 2180
f 2180 2679 2680
f 2180 2680 2181
f 2181 2680 2681
f 2164 2166 2681
f 2681 2166 2181
f 2184 2175 2682
f 2682 2175 2174
f 2184 2682 2185
f 2185 2682 2683
f 2185 2683 2176
f 2176 2683 2684
f 2176 2684 2177
f 2177 2684 2685
f 2177 2685 2178
f 2178 2685 2676
f 2193 2192 2212
f 2686 2199 2687
f 2687 2199 2197
f 2687 2197 2688
f 2688 2197 2196
f 2688 2196 2689
f 2689 2196 2202
f 2689 2202 2690
f 2690 2202 2203
f 2690 2203 2691
f 2691 2203 2195
f 2691 2195 2692
f 2692 2195 2194
f 2692 2194 2693
f 2204 2199 2208
f 2208 2199 2686
f 2208 2686 2209
f 2209 2686 2694
f 2209 2694 2213
f 2213 2694 2695
f 2213 2695 2211
f 2211 2695 2696
f 2211 2696 2210
f 2210 2696 2697
f 2210 2697 2212
f 2212 2697 2693
f 2212 2693 2193
f 2193 2693 2194
f 2245 2698 2247
f 2247 2698 2699
f 2247 2699 2235
f 2235 2699 2700
f 2235 2700 2236
f 2236 2700 2701
f 2236 2701 2237
f 2237 2701 2702
f 2237 2702 2231
f 2231 2702 2703
f 2231 2703 2233
f 2233 2703 2704
f 2233 2704 2234
f 2221 2705 2222
f 2222 2705 2706
f 2222 2706 2215
f 2215 2706 2707
f 2215 2707 2238
f 2238 2707 2708
f 2238 2708 2239
f 2239 2708 2709
f 2239 2709 2241
f 2241 2709 2710
f 2241 2710 2243
f 2243 2710 2711
f 2243 2711 2245
f 2245 2711 2712
f 2245 2712 2698
f 2704 2713 2234
f 2234 2713 2714
f 2234 2714 2224
f 2224 2714 2715
f 2224 2715 2226
f 2226 2715 2716
f 2226 2716 2228
f 2228 2716 2717
f 2228 2717 2229
f 2229 2717 2718
f 2229 2718 2219
f 2219 2718 2719
f 2219 2719 2221
f 2221 2719 2720
f 2221 2720 2705
f 2721 2722 2723
f 2724 2725 2726
f 2727 2728 2729
f 2730 2731 2732
f 2732 2731 2733
f 2732 2733 2734
f 2729 2721 2727
f 2727 2721 2723
f 2727 2723 2733
f 2733 2723 2724
f 2733 2724 2734
f 2734 2724 2726
f 2310 2735 2312
f 2312 2735 2736
f 2312 2736 2300
f 2300 2736 2737
f 2300 2737 2301
f 2301 2737 2738
f 2301 2738 2302
f 2302 2738 2739
f 2302 2739 2296
f 2296 2739 2740
f 2296 2740 2298
f 2298 2740 2741
f 2298 2741 2299
f 2286 2742 2287
f 2287 2742 2743
f 2287 2743 2280
f 2280 2743 2744
f 2280 2744 2303
f 2303 2744 2745
f 2303 2745 2304
f 2304 2745 2746
f 2304 2746 2306
f 2306 2746 2747
f 2306 2747 2308
f 2308 2747 2748
f 2308 2748 2310
f 2310 2748 2749
f 2310 2749 2735
f 2741 2750 2299
f 2299 2750 2751
f 2299 2751 2289
f 2289 2751 2752
f 2289 2752 2291
f 2291 2752 2753
f 2291 2753 2293
f 2293 2753 2754
f 2293 2754 2294
f 2294 2754 2755
f 2294 2755 2284
f 2284 2755 2756
f 2284 2756 2286
f 2286 2756 2757
f 2286 2757 2742
f 2564 2563 2758
f 2758 2563 2759
f 2564 2758 2760
f 2573 2571 2569
f 2760 2575 2564
f 2564 2575 2573
f 2564 2573 2565
f 2565 2573 2569
f 2565 2569 2567
f 2576 2575 2761
f 2761 2575 2760
f 2578 2577 2762
f 2762 2577 2763
f 2579 2578 2587
f 2762 2764 2578
f 2578 2764 2589
f 2578 2589 2587
f 2585 2583 2587
f 2587 2583 2581
f 2587 2581 2579
f 2590 2589 2765
f 2765 2589 2764
f 2766 2767 2595
f 2595 2594 2766
f 2766 2594 2593
f 2766 2593 2768
f 2768 2593 2592
f 2768 2592 2769
f 2769 2592 2591
f 2769 2591 2770
f 2771 2347 2344
f 2347 2771 2346
f 2346 2771 2596
f 2346 2596 2345
f 2345 2596 2595
f 2345 2595 2344
f 2344 2595 2767
f 2344 2767 2771
f 2772 2773 2600
f 2600 2599 2772
f 2772 2599 2598
f 2772 2598 2774
f 2774 2598 2597
f 2774 2597 2775
f 2775 2597 2596
f 2775 2596 2771
f 2776 2399 2777
f 2777 2399 2398
f 2776 2778 2399
f 2399 2778 2384
f 2399 2384 2397
f 2397 2384 2387
f 2397 2387 2389
f 2389 2391 2397
f 2397 2391 2393
f 2397 2393 2395
f 2779 2385 2778
f 2778 2385 2384
f 2780 2415 2781
f 2781 2415 2414
f 2407 2409 2405
f 2405 2409 2411
f 2405 2411 2403
f 2403 2411 2413
f 2403 2413 2400
f 2400 2413 2415
f 2400 2415 2782
f 2782 2415 2780
f 2783 2401 2782
f 2782 2401 2400
f 2784 2383 2785
f 2785 2383 2382
f 2784 2786 2383
f 2383 2786 2368
f 2383 2368 2381
f 2381 2368 2371
f 2377 2379 2375
f 2375 2379 2381
f 2375 2381 2373
f 2373 2381 2371
f 2787 2369 2786
f 2786 2369 2368
f 2487 2788 2789
f 2378 2361 2380
f 2380 2361 2360
f 2380 2360 2382
f 2382 2360 2367
f 2382 2367 2785
f 2356 2355 2478
f 2366 2365 2350
f 2350 2365 2364
f 2350 2364 2351
f 2351 2364 2363
f 2351 2363 2362
f 2353 2352 2479
f 2479 2352 2351
f 2392 2390 2600
f 2417 2404 2402
f 2601 2372 2370
f 2357 2358 2350
f 2350 2358 2359
f 2350 2359 2366
f 2478 2355 2479
f 2479 2355 2354
f 2479 2354 2353
f 2777 2398 2773
f 2773 2398 2396
f 2773 2396 2600
f 2600 2396 2394
f 2600 2394 2392
f 2496 2494 2370
f 2370 2494 2492
f 2370 2492 2601
f 2601 2492 2490
f 2601 2490 2789
f 2789 2490 2488
f 2789 2488 2487
f 2485 2348 2478
f 2478 2348 2349
f 2478 2349 2356
f 2390 2388 2410
f 2410 2388 2386
f 2417 2402 2416
f 2416 2402 2401
f 2416 2401 2783
f 2787 2790 2369
f 2369 2790 2500
f 2369 2500 2370
f 2370 2500 2498
f 2370 2498 2496
f 2425 2426 2418
f 2418 2426 2427
f 2418 2427 2419
f 2779 2781 2385
f 2385 2781 2414
f 2385 2414 2386
f 2386 2414 2412
f 2386 2412 2410
f 2452 2439 2453
f 2453 2439 2438
f 2453 2438 2454
f 2475 2476 2468
f 2468 2476 2477
f 2468 2477 2469
f 2423 2422 2434
f 2434 2422 2421
f 2434 2421 2427
f 2427 2421 2420
f 2427 2420 2419
f 2445 2446 2438
f 2438 2446 2447
f 2438 2447 2454
f 2483 2482 2601
f 2390 2410 2600
f 2600 2410 2408
f 2600 2408 2406
f 2448 2455 2456
f 2430 2437 2431
f 2431 2437 2444
f 2435 2436 2428
f 2428 2436 2437
f 2428 2437 2429
f 2429 2437 2430
f 2600 2442 2441
f 2600 2441 2601
f 2601 2441 2440
f 2601 2440 2439
f 2484 2483 2449
f 2449 2483 2601
f 2449 2601 2450
f 2450 2601 2439
f 2450 2439 2451
f 2451 2439 2452
f 2482 2481 2601
f 2601 2481 2480
f 2601 2480 2479
f 2404 2417 2406
f 2406 2417 2424
f 2406 2424 2423
f 2462 2473 2449
f 2449 2473 2472
f 2449 2472 2484
f 2484 2472 2471
f 2484 2471 2477
f 2477 2471 2470
f 2477 2470 2469
f 2372 2601 2374
f 2374 2601 2479
f 2374 2479 2376
f 2376 2479 2351
f 2376 2351 2378
f 2378 2351 2362
f 2378 2362 2361
f 2434 2433 2444
f 2444 2433 2432
f 2444 2432 2431
f 2456 2457 2448
f 2448 2457 2464
f 2448 2464 2449
f 2449 2464 2463
f 2449 2463 2462
f 2462 2461 2473
f 2473 2461 2460
f 2473 2460 2474
f 2474 2460 2467
f 2465 2466 2458
f 2458 2466 2467
f 2458 2467 2459
f 2459 2467 2460
f 2423 2434 2406
f 2406 2434 2444
f 2406 2444 2600
f 2600 2444 2443
f 2600 2443 2442
f 2791 2501 2790
f 2790 2501 2500
f 2791 2792 2501
f 2501 2792 2486
f 2501 2486 2499
f 2491 2493 2495
f 2486 2489 2499
f 2499 2489 2491
f 2499 2491 2497
f 2497 2491 2495
f 2788 2487 2792
f 2792 2487 2486
f 2793 2794 2605
f 2605 2604 2793
f 2793 2604 2603
f 2793 2603 2795
f 2795 2603 2602
f 2795 2602 2796
f 2796 2602 2601
f 2796 2601 2789
f 2794 2797 2605
f 2605 2797 2606
f 2798 2799 2610
f 2610 2609 2798
f 2798 2609 2608
f 2798 2608 2800
f 2800 2608 2607
f 2800 2607 2801
f 2801 2607 2606
f 2801 2606 2797
f 2612 2611 2802
f 2802 2611 2803
f 2612 2802 2804
f 2617 2615 2619
f 2619 2615 2613
f 2619 2613 2621
f 2621 2613 2612
f 2621 2612 2623
f 2623 2612 2804
f 2624 2623 2805
f 2805 2623 2804
f 2626 2625 2806
f 2806 2625 2807
f 2627 2626 2635
f 2806 2808 2626
f 2626 2808 2637
f 2626 2637 2635
f 2633 2631 2635
f 2635 2631 2629
f 2635 2629 2627
f 2638 2637 2809
f 2809 2637 2808
f 2590 2765 2770
f 2506 2507 2502
f 2535 2536 2519
f 2502 2507 2665
f 2665 2507 2508
f 2665 2508 2509
f 2513 2515 2512
f 2512 2515 2514
f 2512 2514 2511
f 2511 2514 2516
f 2511 2516 2510
f 2509 2510 2665
f 2665 2510 2516
f 2665 2516 2664
f 2664 2516 2517
f 2664 2517 2518
f 2522 2524 2521
f 2521 2524 2523
f 2521 2523 2520
f 2503 2505 2502
f 2502 2505 2504
f 2502 2504 2506
f 2580 2582 2591
f 2535 2519 2526
f 2520 2523 2519
f 2519 2523 2525
f 2519 2525 2526
f 2529 2533 2528
f 2528 2533 2535
f 2528 2535 2527
f 2527 2535 2526
f 2532 2534 2531
f 2531 2534 2533
f 2531 2533 2530
f 2530 2533 2529
f 2582 2584 2591
f 2591 2584 2586
f 2591 2586 2770
f 2770 2586 2588
f 2770 2588 2590
f 2552 2554 2551
f 2551 2554 2553
f 2551 2553 2555
f 2558 2550 2557
f 2557 2550 2551
f 2557 2551 2556
f 2556 2551 2555
f 2644 2648 2643
f 2643 2648 2650
f 2643 2650 2642
f 2761 2763 2576
f 2576 2763 2577
f 2576 2577 2580
f 2647 2649 2646
f 2646 2649 2648
f 2646 2648 2645
f 2645 2648 2644
f 2558 2559 2550
f 2550 2559 2560
f 2550 2560 2566
f 2566 2560 2561
f 2566 2561 2563
f 2563 2561 2562
f 2563 2562 2759
f 2545 2546 2541
f 2653 2654 2658
f 2566 2568 2550
f 2550 2568 2570
f 2550 2570 2591
f 2591 2570 2572
f 2591 2572 2580
f 2580 2572 2574
f 2580 2574 2576
f 2657 2659 2656
f 2656 2659 2658
f 2656 2658 2655
f 2655 2658 2654
f 2805 2807 2624
f 2624 2807 2625
f 2624 2625 2622
f 2622 2625 2628
f 2622 2628 2620
f 2620 2628 2618
f 2803 2611 2799
f 2799 2611 2614
f 2799 2614 2610
f 2628 2630 2618
f 2618 2630 2610
f 2618 2610 2616
f 2616 2610 2614
f 2541 2546 2540
f 2650 2651 2610
f 2641 2634 2639
f 2639 2634 2636
f 2639 2636 2640
f 2640 2636 2638
f 2640 2638 2809
f 2542 2544 2541
f 2541 2544 2543
f 2541 2543 2545
f 2630 2632 2610
f 2610 2632 2634
f 2610 2634 2650
f 2650 2634 2641
f 2650 2641 2642
f 2537 2538 2591
f 2591 2538 2539
f 2591 2539 2540
f 2546 2547 2540
f 2540 2547 2548
f 2540 2548 2591
f 2591 2548 2549
f 2591 2549 2550
f 2658 2660 2653
f 2653 2660 2610
f 2653 2610 2652
f 2652 2610 2651
f 2660 2661 2610
f 2610 2661 2662
f 2610 2662 2663
f 2518 2519 2664
f 2664 2519 2536
f 2664 2536 2663
f 2663 2536 2537
f 2663 2537 2610
f 2610 2537 2591
f 2810 2811 2666
f 2666 2811 2118
f 2118 2811 2119
f 2119 2811 2812
f 2119 2812 2122
f 2122 2812 2813
f 2122 2813 2123
f 2123 2813 2814
f 2123 2814 2125
f 2125 2814 2815
f 2125 2815 2126
f 2126 2815 2816
f 2126 2816 2128
f 2816 2817 2128
f 2128 2817 2667
f 2667 2817 2668
f 2668 2817 2818
f 2668 2818 2669
f 2669 2818 2819
f 2669 2819 2670
f 2670 2819 2820
f 2670 2820 2671
f 2671 2820 2821
f 2821 2822 2671
f 2671 2822 2130
f 2130 2822 2131
f 2131 2822 2823
f 2131 2823 2134
f 2134 2823 2824
f 2134 2824 2135
f 2135 2824 2825
f 2135 2825 2137
f 2137 2825 2826
f 2137 2826 2138
f 2138 2826 2827
f 2138 2827 2140
f 2827 2828 2140
f 2140 2828 2672
f 2672 2828 2673
f 2673 2828 2829
f 2673 2829 2674
f 2674 2829 2830
f 2674 2830 2675
f 2675 2830 2831
f 2675 2831 2666
f 2666 2831 2810
f 2832 2833 2676
f 2676 2833 2152
f 2152 2833 2153
f 2153 2833 2834
f 2153 2834 2156
f 2156 2834 2835
f 2156 2835 2157
f 2157 2835 2836
f 2157 2836 2159
f 2159 2836 2837
f 2159 2837 2160
f 2160 2837 2838
f 2160 2838 2162
f 2838 2839 2162
f 2162 2839 2677
f 2677 2839 2678
f 2678 2839 2840
f 2678 2840 2679
f 2679 2840 2841
f 2679 2841 2680
f 2680 2841 2842
f 2680 2842 2681
f 2681 2842 2843
f 2843 2844 2681
f 2681 2844 2164
f 2164 2844 2165
f 2165 2844 2845
f 2165 2845 2168
f 2168 2845 2846
f 2168 2846 2169
f 2169 2846 2847
f 2169 2847 2171
f 2171 2847 2848
f 2171 2848 2172
f 2172 2848 2849
f 2172 2849 2174
f 2849 2850 2174
f 2174 2850 2682
f 2682 2850 2683
f 2683 2850 2851
f 2683 2851 2684
f 2684 2851 2852
f 2684 2852 2685
f 2685 2852 2853
f 2685 2853 2676
f 2676 2853 2832
f 2695 2854 2696
f 2696 2854 2855
f 2696 2855 2697
f 2697 2855 2856
f 2697 2856 2693
f 2693 2856 2857
f 2693 2857 2692
f 2692 2857 2858
f 2692 2858 2691
f 2691 2858 2859
f 2691 2859 2690
f 2690 2859 2860
f 2690 2860 2689
f 2689 2860 2861
f 2689 2861 2688
f 2688 2861 2862
f 2688 2862 2687
f 2687 2862 2863
f 2687 2863 2686
f 2686 2863 2864
f 2686 2864 2694
f 2694 2864 2865
f 2694 2865 2695
f 2695 2865 2854
f 2866 2867 2704
f 2704 2867 2713
f 2713 2867 2868
f 2713 2868 2714
f 2714 2868 2715
f 2715 2868 2869
f 2715 2869 2716
f 2716 2869 2870
f 2716 2870 2717
f 2717 2870 2871
f 2717 2871 2718
f 2718 2871 2719
f 2719 2871 2872
f 2719 2872 2720
f 2720 2872 2873
f 2720 2873 2705
f 2874 2699 2875
f 2875 2699 2698
f 2875 2698 2876
f 2876 2698 2712
f 2876 2712 2877
f 2877 2712 2711
f 2877 2711 2878
f 2878 2711 2710
f 2878 2710 2879
f 2879 2710 2709
f 2879 2709 2880
f 2880 2709 2708
f 2880 2708 2881
f 2881 2708 2707
f 2881 2707 2873
f 2873 2707 2706
f 2873 2706 2705
f 2704 2703 2866
f 2866 2703 2702
f 2866 2702 2882
f 2882 2702 2701
f 2882 2701 2874
f 2874 2701 2700
f 2874 2700 2699
f 2883 2884 2885
f 2885 2884 2886
f 2885 2886 2887
f 2887 2886 2888
f 2887 2888 2889
f 2889 2888 2890
f 2889 2890 2891
f 2891 2890 2892
f 2891 2892 2893
f 2893 2892 2894
f 2883 2885 2895
f 2895 2885 2896
f 2895 2896 2897
f 2897 2896 2898
f 2897 2898 2899
f 2899 2898 2900
f 2899 2900 2901
f 2902 2903 2904
f 2904 2903 2905
f 2904 2905 2906
f 2906 2905 2907
f 2906 2907 2900
f 2900 2907 2908
f 2900 2908 2901
f 2909 2910 2911
f 2911 2910 2912
f 2911 2912 2902
f 2902 2912 2913
f 2902 2913 2903
f 2909 2911 2914
f 2914 2911 2915
f 2914 2915 2916
f 2916 2915 2917
f 2916 2917 2918
f 2918 2917 2919
f 2918 2919 2920
f 2894 2921 2893
f 2893 2921 2922
f 2893 2922 2923
f 2923 2922 2924
f 2923 2924 2925
f 2925 2924 2926
f 2925 2926 2919
f 2919 2926 2927
f 2919 2927 2920
f 2923 2928 2893
f 2893 2928 2929
f 2893 2929 2891
f 2891 2929 2930
f 2891 2930 2889
f 2889 2930 2931
f 2889 2931 2887
f 2887 2931 2932
f 2887 2932 2885
f 2885 2932 2933
f 2885 2933 2896
f 2896 2933 2934
f 2896 2934 2898
f 2898 2934 2935
f 2898 2935 2900
f 2900 2935 2936
f 2900 2936 2906
f 2906 2936 2937
f 2906 2937 2904
f 2904 2937 2938
f 2904 2938 2902
f 2902 2938 2939
f 2902 2939 2911
f 2911 2939 2940
f 2911 2940 2915
f 2915 2940 2941
f 2915 2941 2917
f 2917 2941 2942
f 2917 2942 2919
f 2919 2942 2943
f 2919 2943 2925
f 2925 2943 2944
f 2925 2944 2923
f 2923 2944 2928
f 2944 2882 2928
f 2928 2882 2874
f 2928 2874 2929
f 2929 2874 2875
f 2929 2875 2930
f 2930 2875 2876
f 2930 2876 2931
f 2931 2876 2877
f 2931 2877 2932
f 2932 2877 2878
f 2932 2878 2933
f 2933 2878 2879
f 2933 2879 2934
f 2934 2879 2880
f 2934 2880 2935
f 2935 2880 2881
f 2935 2881 2936
f 2936 2881 2873
f 2936 2873 2937
f 2937 2873 2872
f 2937 2872 2938
f 2938 2872 2871
f 2938 2871 2939
f 2939 2871 2870
f 2939 2870 2940
f 2940 2870 2869
f 2940 2869 2941
f 2941 2869 2868
f 2941 2868 2942
f 2942 2868 2867
f 2942 2867 2943
f 2943 2867 2866
f 2943 2866 2944
f 2944 2866 2882
f 2945 2732 2946
f 2946 2732 2734
f 2724 2947 2948
f 2724 2948 2725
f 2725 2948 2949
f 2725 2949 2726
f 2726 2949 2946
f 2726 2946 2734
f 2947 2724 2950
f 2950 2724 2723
f 2950 2723 2951
f 2951 2723 2722
f 2951 2722 2952
f 2952 2722 2721
f 2727 2953 2954
f 2727 2954 2728
f 2728 2954 2955
f 2728 2955 2729
f 2729 2955 2952
f 2729 2952 2721
f 2953 2727 2956
f 2956 2727 2733
f 2732 2945 2957
f 2732 2957 2730
f 2730 2957 2958
f 2730 2958 2731
f 2731 2958 2956
f 2731 2956 2733
f 2959 2960 2741
f 2741 2960 2750
f 2750 2960 2961
f 2750 2961 2751
f 2751 2961 2752
f 2752 2961 2962
f 2752 2962 2753
f 2753 2962 2963
f 2753 2963 2754
f 2754 2963 2964
f 2754 2964 2755
f 2755 2964 2756
f 2756 2964 2965
f 2756 2965 2757
f 2757 2965 2966
f 2757 2966 2742
f 2967 2736 2968
f 2968 2736 2735
f 2968 2735 2969
f 2969 2735 2749
f 2969 2749 2970
f 2970 2749 2748
f 2970 2748 2971
f 2971 2748 2747
f 2971 2747 2972
f 2972 2747 2746
f 2972 2746 2973
f 2973 2746 2745
f 2973 2745 2974
f 2974 2745 2744
f 2974 2744 2966
f 2966 2744 2743
f 2966 2743 2742
f 2741 2740 2959
f 2959 2740 2739
f 2959 2739 2975
f 2975 2739 2738
f 2975 2738 2967
f 2967 2738 2737
f 2967 2737 2736
f 2976 2977 2978
f 2978 2977 2979
f 2978 2979 2980
f 2980 2979 2981
f 2980 2981 2982
f 2982 2981 2983
f 2982 2983 2984
f 2984 2983 2985
f 2984 2985 2986
f 2986 2985 2987
f 2976 2978 2988
f 2988 2978 2989
f 2988 2989 2990
f 2990 2989 2991
f 2990 2991 2992
f 2992 2991 2993
f 2992 2993 2994
f 2995 2996 2997
f 2997 2996 2998
f 2997 2998 2999
f 2999 2998 3000
f 2999 3000 2993
f 2993 3000 3001
f 2993 3001 2994
f 3002 3003 3004
f 3004 3003 3005
f 3004 3005 2995
f 2995 3005 3006
f 2995 3006 2996
f 3002 3004 3007
f 3007 3004 3008
f 3007 3008 3009
f 3009 3008 3010
f 3009 3010 3011
f 3011 3010 3012
f 3011 3012 3013
f 2987 3014 2986
f 2986 3014 3015
f 2986 3015 3016
f 3016 3015 3017
f 3016 3017 3018
f 3018 3017 3019
f 3018 3019 3012
f 3012 3019 3020
f 3012 3020 3013
f 3016 3021 2986
f 2986 3021 3022
f 2986 3022 2984
f 2984 3022 3023
f 2984 3023 2982
f 2982 3023 3024
f 2982 3024 2980
f 2980 3024 3025
f 2980 3025 2978
f 2978 3025 3026
f 2978 3026 2989
f 2989 3026 3027
f 2989 3027 2991
f 2991 3027 3028
f 2991 3028 2993
f 2993 3028 3029
f 2993 3029 2999
f 2999 3029 3030
f 2999 3030 2997
f 2997 3030 3031
f 2997 3031 2995
f 2995 3031 3032
f 2995 3032 3004
f 3004 3032 3033
f 3004 3033 3008
f 3008 3033 3034
f 3008 3034 3010
f 3010 3034 3035
f 3010 3035 3012
f 3012 3035 3036
f 3012 3036 3018
f 3018 3036 3037
f 3018 3037 3016
f 3016 3037 3021
f 3037 2975 3021
f 3021 2975 2967
f 3021 2967 3022
f 3022 2967 2968
f 3022 2968 3023
f 3023 2968 2969
f 3023 2969 3024
f 3024 2969 2970
f 3024 2970 3025
f 3025 2970 2971
f 3025 2971 3026
f 3026 2971 2972
f 3026 2972 3027
f 3027 2972 2973
f 3027 2973 3028
f 3028 2973 2974
f 3028 2974 3029
f 3029 2974 2966
f 3029 2966 3030
f 3030 2966 2965
f 3030 2965 3031
f 3031 2965 2964
f 3031 2964 3032
f 3032 2964 2963
f 3032 2963 3033
f 3033 2963 2962
f 3033 2962 3034
f 3034 2962 2961
f 3034 2961 3035
f 3035 2961 2960
f 3035 2960 3036
f 3036 2960 2959
f 3036 2959 3037
f 3037 2959 2975
f 2476 2475 3038
f 2445 1961 1960
f 2761 2760 2758
f 2503 2110 2109
f 2786 2784 2787
f 2787 2784 2785
f 2765 2764 2762
f 2357 3038 2358
f 2358 3038 2367
f 2358 2367 1930
f 1930 2367 1931
f 2485 2001 2000
f 1951 1950 2435
f 2435 1950 2426
f 3039 2759 2562
f 2060 2059 2562
f 2562 2059 2554
f 2562 2554 3039
f 3039 2554 2552
f 2050 2049 2552
f 2552 2049 2544
f 2552 2544 3039
f 3039 2544 2542
f 2788 3040 2789
f 2789 3040 3041
f 2792 2791 2788
f 2788 2791 2790
f 2788 2790 3040
f 3040 2790 2787
f 3040 2787 3038
f 3038 2787 2785
f 3038 2785 2367
f 1994 1993 2475
f 2475 1993 2466
f 2475 2466 3038
f 3038 2466 2465
f 2425 1942 1941
f 2043 2042 2542
f 2542 2042 2534
f 2542 2534 3039
f 3039 2534 2532
f 3039 2659 2657
f 2099 2098 2657
f 2657 2098 2649
f 2657 2649 3039
f 2779 2778 2776
f 2030 2029 2532
f 2532 2029 2524
f 2532 2524 3039
f 3039 2524 2522
f 2022 2021 2522
f 2522 2021 2515
f 2522 2515 3039
f 3039 2515 2513
f 2017 2016 2513
f 2513 2016 2505
f 2513 2505 3039
f 3039 2505 2503
f 3039 2503 2659
f 2659 2503 2109
f 2090 2089 2647
f 2647 2089 2640
f 2000 2476 2485
f 2485 2476 3038
f 2485 3038 2348
f 2348 3038 2357
f 2348 2357 1929
f 1929 2357 1928
f 1981 1980 2465
f 2465 1980 2456
f 2465 2456 3038
f 3038 2456 2455
f 3038 2455 3042
f 2814 2813 2781
f 2758 2759 2761
f 2761 2759 3039
f 2761 3039 2763
f 2763 3039 3043
f 2763 3043 3044
f 2808 2806 2809
f 2809 2806 2807
f 2805 2804 2802
f 2854 2865 2767
f 2767 2865 2864
f 2803 2840 2839
f 2783 2782 2780
f 3045 3046 2864
f 2833 3047 2834
f 2834 3047 3048
f 2836 2835 3049
f 3049 2835 2834
f 3049 2834 3050
f 3050 2834 3048
f 3051 2767 3052
f 3052 2767 2864
f 3052 2864 3053
f 3053 2864 3046
f 2861 3054 2862
f 2862 3054 3055
f 2862 3055 2863
f 2863 3055 3056
f 2863 3056 2864
f 2864 3056 3057
f 2864 3057 3045
f 2767 2766 2854
f 2854 2766 2768
f 2854 2768 2855
f 2855 2768 2769
f 2855 2769 2856
f 2856 2769 2770
f 2856 2770 2857
f 2857 2770 2765
f 2837 2836 2807
f 2807 2836 3049
f 2807 3049 2809
f 2809 3049 3058
f 2809 3058 2640
f 2640 3058 3039
f 2640 3039 2647
f 2647 3039 2649
f 2794 2793 3059
f 3059 2793 2795
f 3059 2795 3041
f 3041 2795 2796
f 3041 2796 2789
f 2845 3060 2846
f 2846 3060 3061
f 2803 2799 2840
f 2840 2799 2798
f 2840 2798 2841
f 2841 2798 2800
f 2841 2800 2842
f 2842 2800 2801
f 2842 2801 2843
f 2843 2801 2797
f 2843 2797 2844
f 2844 2797 2794
f 2844 2794 2845
f 2762 2763 2765
f 2765 2763 3044
f 2765 3044 2857
f 2857 3044 3062
f 2816 2777 2817
f 2817 2777 2773
f 2817 2773 2818
f 2818 2773 2772
f 2818 2772 2819
f 2819 2772 2774
f 2819 2774 2820
f 2820 2774 2775
f 2820 2775 2821
f 2821 2775 2771
f 2821 2771 2822
f 2822 2771 2767
f 2822 2767 2823
f 2776 2777 2779
f 2779 2777 2816
f 2779 2816 2781
f 2781 2816 2815
f 2781 2815 2814
f 2802 2803 2805
f 2805 2803 2839
f 2805 2839 2807
f 2807 2839 2838
f 2807 2838 2837
f 3059 3063 2794
f 2794 3063 3064
f 2794 3064 2845
f 2845 3064 3065
f 2845 3065 3060
f 3062 3066 2857
f 2857 3066 3067
f 2857 3067 2858
f 2780 2781 2783
f 2783 2781 2813
f 2783 2813 2416
f 2416 2813 2812
f 3068 2812 2811
f 2823 3069 2824
f 2824 3069 3070
f 3067 3071 2858
f 2858 3071 3072
f 2858 3072 2859
f 2859 3072 3073
f 2859 3073 2860
f 2860 3073 3074
f 2860 3074 2861
f 2861 3074 3075
f 2861 3075 3054
f 2849 2848 3061
f 3061 2848 2847
f 3061 2847 2846
f 3068 2811 3076
f 3068 3077 2812
f 2812 3077 3078
f 2812 3078 3042
f 3051 3079 2767
f 2767 3079 3080
f 2767 3080 2823
f 2823 3080 3081
f 2823 3081 3069
f 3061 3082 2849
f 2849 3082 3083
f 2849 3083 2850
f 2850 3083 3084
f 2850 3084 2851
f 2851 3084 3085
f 2851 3085 2852
f 2852 3085 3086
f 2852 3086 2853
f 2853 3086 3087
f 2853 3087 2832
f 2832 3087 3088
f 2832 3088 2833
f 2833 3088 3089
f 2833 3089 3047
f 1960 2436 2445
f 2445 2436 3042
f 2445 3042 2446
f 2446 3042 2455
f 2446 2455 1970
f 1970 2455 1971
f 1941 2416 2425
f 2425 2416 2812
f 2425 2812 2426
f 2426 2812 3042
f 2426 3042 2435
f 2435 3042 2436
f 3076 2811 3090
f 3090 2811 2810
f 3090 2810 3091
f 3091 2810 2831
f 3091 2831 3092
f 3092 2831 2830
f 3092 2830 3093
f 3093 2830 2829
f 3093 2829 3094
f 3094 2829 2828
f 3094 2828 3095
f 3095 2828 2827
f 3095 2827 3096
f 3096 2827 2826
f 3096 2826 3070
f 3070 2826 2825
f 3070 2825 2824
f 3097 2897 2899
f 3097 2899 3098
f 3098 2899 2901
f 3098 2901 3099
f 3099 2901 2908
f 3099 2908 3100
f 3100 2908 2907
f 3100 2907 3101
f 3101 2907 2905
f 3101 2905 3102
f 3102 2905 2903
f 3102 2903 3103
f 2903 2913 3103
f 3103 2913 2912
f 3103 2912 3104
f 3104 2912 2910
f 3104 2910 3105
f 3105 2910 2909
f 3105 2909 3106
f 3106 2909 2914
f 3106 2914 3107
f 2914 2916 3107
f 3107 2916 2918
f 3107 2918 3108
f 3108 2918 2920
f 3108 2920 3109
f 3109 2920 2927
f 3109 2927 3110
f 3110 2927 2926
f 3110 2926 3111
f 3111 2926 2924
f 3111 2924 3112
f 3112 2924 2922
f 3112 2922 3113
f 2922 2921 3113
f 3113 2921 2894
f 3113 2894 3114
f 3114 2894 2892
f 3114 2892 3115
f 2892 2890 3115
f 3115 2890 2888
f 3115 2888 3116
f 3116 2888 2886
f 2897 3097 2895
f 2895 3097 3117
f 2895 3117 2883
f 2883 3117 3118
f 2883 3118 2884
f 2884 3118 3119
f 2884 3119 2886
f 2886 3119 3120
f 2886 3120 3116
f 2954 3121 2955
f 2955 3121 3122
f 2955 3122 2952
f 2952 3122 3123
f 2952 3123 2951
f 2951 3123 3124
f 2951 3124 2950
f 2950 3124 3125
f 2950 3125 2947
f 2947 3125 3126
f 2947 3126 2948
f 2957 3127 2958
f 2958 3127 3128
f 2958 3128 2956
f 2956 3128 3129
f 2956 3129 2953
f 2953 3129 3130
f 2953 3130 2954
f 2954 3130 3131
f 2954 3131 3121
f 3126 3132 2948
f 2948 3132 3133
f 2948 3133 2949
f 2949 3133 3134
f 2949 3134 2946
f 2946 3134 3135
f 2946 3135 2945
f 2945 3135 3136
f 2945 3136 2957
f 2957 3136 3137
f 2957 3137 3127
f 3138 2990 2992
f 3138 2992 3139
f 3139 2992 2994
f 3139 2994 3140
f 3140 2994 3001
f 3140 3001 3141
f 3141 3001 3000
f 3141 3000 3142
f 3142 3000 2998
f 3142 2998 3143
f 3143 2998 2996
f 3143 2996 3144
f 2996 3006 3144
f 3144 3006 3005
f 3144 3005 3145
f 3145 3005 3003
f 3145 3003 3146
f 3146 3003 3002
f 3146 3002 3147
f 3147 3002 3007
f 3147 3007 3148
f 3007 3009 3148
f 3148 3009 3011
f 3148 3011 3149
f 3149 3011 3013
f 3149 3013 3150
f 3150 3013 3020
f 3150 3020 3151
f 3151 3020 3019
f 3151 3019 3152
f 3152 3019 3017
f 3152 3017 3153
f 3153 3017 3015
f 3153 3015 3154
f 3015 3014 3154
f 3154 3014 2987
f 3154 2987 3155
f 3155 2987 2985
f 3155 2985 3156
f 2985 2983 3156
f 3156 2983 2981
f 3156 2981 3157
f 3157 2981 2979
f 2990 3138 2988
f 2988 3138 3158
f 2988 3158 2976
f 2976 3158 3159
f 2976 3159 2977
f 2977 3159 3160
f 2977 3160 2979
f 2979 3160 3161
f 2979 3161 3157
f 3162 3063 3163
f 3163 3063 3059
f 3163 3059 3164
f 3164 3059 3041
f 3164 3041 3165
f 3165 3041 3040
f 3166 3064 3162
f 3162 3064 3063
f 3167 3168 3083
f 3060 3169 3061
f 3061 3169 3167
f 3061 3167 3082
f 3082 3167 3083
f 3064 3166 3065
f 3065 3166 3170
f 3065 3170 3060
f 3060 3170 3171
f 3060 3171 3169
f 3172 3084 3168
f 3168 3084 3083
f 3085 3084 3172
f 3172 3173 3085
f 3085 3173 3174
f 3085 3174 3086
f 3086 3174 3175
f 3086 3175 3087
f 3087 3175 3176
f 3087 3176 3088
f 3177 3089 3176
f 3176 3089 3088
f 3178 3179 3058
f 3048 3180 3050
f 3050 3180 3178
f 3050 3178 3049
f 3049 3178 3058
f 3089 3177 3047
f 3047 3177 3181
f 3047 3181 3048
f 3048 3181 3182
f 3048 3182 3180
f 3183 3039 3179
f 3179 3039 3058
f 3184 3072 3071
f 3184 3071 3185
f 3044 3186 3062
f 3062 3186 3187
f 3062 3187 3066
f 3066 3187 3185
f 3066 3185 3067
f 3067 3185 3071
f 3039 3183 3043
f 3043 3183 3188
f 3043 3188 3044
f 3044 3188 3189
f 3044 3189 3186
f 3073 3072 3184
f 3190 3191 3056
f 3056 3055 3190
f 3190 3055 3054
f 3190 3054 3192
f 3192 3054 3075
f 3192 3075 3193
f 3193 3075 3074
f 3193 3074 3194
f 3194 3074 3073
f 3194 3073 3195
f 3195 3073 3184
f 3056 3191 3057
f 3057 3191 3196
f 3057 3196 3045
f 3045 3196 3197
f 3045 3197 3046
f 3046 3197 3198
f 3046 3198 3053
f 3053 3198 3199
f 3053 3199 3052
f 3052 3199 3200
f 3052 3200 3051
f 3051 3200 3201
f 3051 3201 3079
f 3079 3201 3202
f 3203 3080 3202
f 3202 3080 3079
f 3204 3205 3095
f 3069 3206 3070
f 3070 3206 3204
f 3070 3204 3096
f 3096 3204 3095
f 3080 3203 3081
f 3081 3203 3207
f 3081 3207 3069
f 3069 3207 3208
f 3069 3208 3206
f 3209 3094 3205
f 3205 3094 3095
f 3093 3094 3209
f 3209 3210 3093
f 3093 3210 3211
f 3093 3211 3092
f 3092 3211 3212
f 3092 3212 3091
f 3091 3212 3213
f 3091 3213 3090
f 3214 3076 3213
f 3213 3076 3090
f 3215 3216 3038
f 3077 3217 3078
f 3078 3217 3215
f 3078 3215 3042
f 3042 3215 3038
f 3076 3214 3068
f 3068 3214 3218
f 3068 3218 3077
f 3077 3218 3219
f 3077 3219 3217
f 3165 3040 3216
f 3216 3040 3038
f 3220 3221 3115
f 3115 3116 3220
f 3220 3116 3120
f 3220 3120 3222
f 3120 3119 3222
f 3222 3119 3118
f 3222 3118 3223
f 3118 3117 3223
f 3223 3117 3097
f 3223 3097 3224
f 3097 3098 3224
f 3224 3098 3099
f 3224 3099 3225
f 3225 3099 3100
f 3225 3100 3226
f 3100 3101 3226
f 3226 3101 3102
f 3226 3102 3227
f 3102 3103 3227
f 3227 3103 3104
f 3227 3104 3228
f 3104 3105 3228
f 3228 3105 3106
f 3228 3106 3229
f 3106 3107 3229
f 3229 3107 3108
f 3229 3108 3230
f 3108 3109 3230
f 3230 3109 3110
f 3230 3110 3231
f 3110 3111 3231
f 3231 3111 3112
f 3231 3112 3232
f 3232 3112 3113
f 3232 3113 3221
f 3221 3113 3114
f 3221 3114 3115
f 3233 3125 3234
f 3234 3125 3124
f 3126 3125 3235
f 3235 3125 3233
f 3236 3135 3134
f 3236 3134 3237
f 3237 3134 3133
f 3237 3133 3238
f 3238 3133 3132
f 3238 3132 3239
f 3239 3132 3126
f 3239 3126 3235
f 3136 3135 3240
f 3240 3135 3236
f 3241 3129 3128
f 3241 3128 3242
f 3242 3128 3127
f 3242 3127 3243
f 3243 3127 3137
f 3243 3137 3244
f 3244 3137 3136
f 3244 3136 3240
f 3241 3245 3129
f 3129 3245 3130
f 3246 3123 3122
f 3246 3122 3247
f 3247 3122 3121
f 3247 3121 3248
f 3248 3121 3131
f 3248 3131 3249
f 3249 3131 3130
f 3249 3130 3245
f 3246 3234 3123
f 3123 3234 3124
f 3250 3251 3156
f 3156 3157 3250
f 3250 3157 3161
f 3250 3161 3252
f 3161 3160 3252
f 3252 3160 3159
f 3252 3159 3253
f 3159 3158 3253
f 3253 3158 3138
f 3253 3138 3254
f 3138 3139 3254
f 3254 3139 3140
f 3254 3140 3255
f 3255 3140 3141
f 3255 3141 3256
f 3141 3142 3256
f 3256 3142 3143
f 3256 3143 3257
f 3143 3144 3257
f 3257 3144 3145
f 3257 3145 3258
f 3145 3146 3258
f 3258 3146 3147
f 3258 3147 3259
f 3147 3148 3259
f 3259 3148 3149
f 3259 3149 3260
f 3149 3150 3260
f 3260 3150 3151
f 3260 3151 3261
f 3151 3152 3261
f 3261 3152 3153
f 3261 3153 3262
f 3262 3153 3154
f 3262 3154 3251
f 3251 3154 3155
f 3251 3155 3156
f 3212 3211 3252
f 3212 3252 3213
f 3166 3261 3262
f 3177 3176 3234
f 3234 3176 3175
f 3234 3175 3233
f 3233 3175 3174
f 3233 3174 3173
f 3183 3179 3184
f 3184 3179 3195
f 3235 3233 3251
f 3189 3188 3183
f 3211 3210 3252
f 3252 3210 3209
f 3252 3209 3203
f 3203 3209 3205
f 3216 3255 3165
f 3165 3255 3256
f 3165 3256 3164
f 3164 3256 3257
f 3164 3257 3163
f 3163 3257 3258
f 3163 3258 3162
f 3162 3258 3259
f 3162 3259 3166
f 3166 3259 3260
f 3166 3260 3261
f 3179 3178 3234
f 3234 3178 3180
f 3195 3179 3194
f 3194 3179 3234
f 3194 3234 3246
f 3246 3247 3194
f 3194 3247 3248
f 3194 3248 3193
f 3193 3248 3249
f 3193 3249 3245
f 3213 3252 3214
f 3214 3252 3253
f 3214 3253 3216
f 3216 3253 3254
f 3216 3254 3255
f 3251 3233 3262
f 3202 3222 3203
f 3203 3222 3223
f 3203 3223 3224
f 3184 3185 3187
f 3171 3170 3169
f 3169 3170 3166
f 3169 3166 3167
f 3167 3166 3262
f 3167 3262 3168
f 3168 3262 3233
f 3168 3233 3172
f 3172 3233 3173
f 3180 3182 3234
f 3234 3182 3181
f 3234 3181 3177
f 3197 3196 3191
f 3183 3184 3189
f 3189 3184 3187
f 3189 3187 3186
f 3208 3207 3206
f 3206 3207 3203
f 3206 3203 3204
f 3204 3203 3205
f 3228 3229 3245
f 3245 3229 3230
f 3245 3230 3193
f 3193 3230 3231
f 3193 3231 3192
f 3192 3231 3232
f 3192 3232 3190
f 3190 3232 3221
f 3190 3221 3191
f 3191 3221 3220
f 3219 3218 3217
f 3217 3218 3214
f 3217 3214 3215
f 3215 3214 3216
f 3242 3243 3203
f 3241 3226 3245
f 3245 3226 3227
f 3245 3227 3228
f 3241 3242 3226
f 3226 3242 3203
f 3226 3203 3225
f 3225 3203 3224
f 3235 3251 3239
f 3239 3251 3250
f 3239 3250 3238
f 3238 3250 3252
f 3238 3252 3237
f 3199 3198 3200
f 3200 3198 3197
f 3200 3197 3201
f 3201 3197 3191
f 3201 3191 3202
f 3202 3191 3220
f 3202 3220 3222
f 3243 3244 3203
f 3203 3244 3240
f 3203 3240 3252
f 3252 3240 3236
f 3252 3236 3237
f 3263 3264 3265
f 3266 3267 3268
f 3268 3267 3269
f 3268 3269 3270
f 3266 3268 3271
f 3271 3268 3272
f 3271 3272 3273
f 3274 3275 3276
f 3277 3278 3279
f 3279 3278 3280
f 3279 3280 3281
f 3281 3280 3282
f 3281 3282 3283
f 3283 3282 3284
f 3283 3284 3285
f 3285 3286 3283
f 3283 3286 3287
f 3283 3287 3288
f 3265 3264 3289
f 3269 3290 3270
f 3270 3290 3291
f 3270 3291 3276
f 3276 3291 3292
f 3276 3292 3293
f 3273 3272 3294
f 3294 3272 3295
f 3294 3295 3296
f 3264 3297 3289
f 3289 3297 3298
f 3289 3298 3279
f 3279 3298 3299
f 3279 3299 3277
f 3293 3300 3276
f 3276 3300 3301
f 3276 3301 3274
f 3275 3302 3276
f 3276 3302 3303
f 3276 3303 3304
f 3304 3303 3305
f 3306 3307 3295
f 3295 3307 3308
f 3295 3308 3296
f 3287 3309 3288
f 3288 3309 3310
f 3288 3310 3311
f 3312 3313 3314
f 3314 3313 3315
f 3312 3316 3313
f 3313 3316 3317
f 3313 3317 3318
f 3305 3319 3304
f 3304 3319 3313
f 3304 3313 3320
f 3320 3313 3318
f 3321 3322 3265
f 3265 3322 3323
f 3265 3323 3324
f 3325 3326 3306
f 3306 3326 3327
f 3306 3327 3307
f 3328 3329 3330
f 3330 3329 3311
f 3330 3311 3331
f 3331 3311 3310
f 3328 3332 3329
f 3329 3332 3333
f 3329 3333 3325
f 3325 3333 3334
f 3325 3334 3326
f 3324 3335 3265
f 3265 3335 3336
f 3265 3336 3263
f 3337 3338 3321
f 3321 3338 3339
f 3321 3339 3322
f 3340 3341 3342
f 3342 3341 3343
f 3340 3344 3341
f 3341 3344 3345
f 3341 3345 3346
f 3337 3347 3338
f 3338 3347 3341
f 3338 3341 3348
f 3348 3341 3346
f 3349 3350 3351
f 3351 3350 3352
f 3349 3353 3350
f 3350 3353 3354
f 3350 3354 3355
f 3352 3356 3351
f 3351 3356 3357
f 3351 3357 3358
f 3354 3359 3360
f 3357 3361 3362
f 3363 3364 3354
f 3354 3364 3365
f 3366 3367 3357
f 3357 3367 3368
f 3369 3370 3354
f 3354 3370 3371
f 3372 3373 3354
f 3354 3373 3374
f 3375 3376 3357
f 3357 3376 3377
f 3378 3379 3357
f 3357 3379 3380
f 3354 3381 3382
f 3383 3384 3354
f 3354 3384 3385
f 3374 3386 3354
f 3354 3386 3387
f 3354 3387 3359
f 3360 3388 3354
f 3354 3388 3389
f 3354 3389 3355
f 3357 3390 3391
f 3392 3393 3357
f 3357 3393 3394
f 3380 3395 3357
f 3357 3395 3396
f 3357 3396 3361
f 3362 3397 3357
f 3357 3397 3398
f 3357 3398 3358
f 3399 3400 3401
f 3401 3400 3402
f 3403 3404 3354
f 3354 3404 3405
f 3354 3405 3381
f 3382 3406 3354
f 3354 3406 3407
f 3354 3407 3369
f 3371 3408 3354
f 3354 3408 3409
f 3354 3409 3383
f 3385 3410 3354
f 3354 3410 3411
f 3354 3411 3363
f 3365 3412 3354
f 3354 3412 3413
f 3354 3413 3372
f 3414 3415 3416
f 3416 3415 3417
f 3418 3419 3357
f 3357 3419 3420
f 3357 3420 3390
f 3391 3421 3357
f 3357 3421 3422
f 3357 3422 3375
f 3377 3423 3357
f 3357 3423 3424
f 3357 3424 3392
f 3394 3425 3357
f 3357 3425 3426
f 3357 3426 3366
f 3368 3427 3357
f 3357 3427 3428
f 3357 3428 3378
f 3402 3400 3354
f 3354 3400 3429
f 3354 3429 3403
f 3417 3415 3357
f 3357 3415 3430
f 3357 3430 3418
f 2199 2204 3431
f 3432 3433 3434
f 3434 3433 3435
f 3432 2688 3433
f 3433 2688 3436
f 3433 3436 3437
f 3436 3438 3437
f 3437 3438 3439
f 3437 3439 2202
f 3439 2689 2202
f 2202 2689 3440
f 2202 3440 3441
f 3440 3442 3441
f 3441 3442 3443
f 3441 3443 3444
f 3443 3445 3444
f 3444 3445 3446
f 3444 3446 3447
f 3448 3449 3450
f 3450 3449 3447
f 3450 3447 3451
f 3451 3447 3446
f 3448 3452 3449
f 3449 3452 3453
f 3449 3453 3454
f 3455 2192 2193
f 3456 3457 2209
f 3456 3458 3457
f 3457 3458 3459
f 3457 3459 3460
f 3459 3461 3460
f 3460 3461 3462
f 3460 3462 3431
f 3431 3462 3463
f 3431 3463 2199
f 2199 3463 3464
f 2199 3464 3435
f 3435 3464 3465
f 3435 3465 3434
f 3453 3466 3454
f 3454 3466 3467
f 3454 3467 2193
f 2193 3467 3468
f 2193 3468 3455
f 3455 3468 3469
f 3455 3469 2212
f 3469 2693 2212
f 2212 2693 3470
f 2212 3470 3471
f 3470 3472 3471
f 3471 3472 3473
f 3471 3473 3474
f 3473 3475 3474
f 3474 3475 3476
f 3474 3476 3477
f 3476 3478 3477
f 3477 3478 3479
f 3477 3479 3480
f 3479 3481 3480
f 3480 3481 3482
f 3480 3482 3483
f 3482 3484 3483
f 3483 3484 3485
f 3483 3485 3486
f 3485 3487 3486
f 3486 3487 3488
f 3486 3488 2209
f 2209 3488 2694
f 2209 2694 3456
f 3480 1856 3477
f 3477 1856 3489
f 3477 3489 3474
f 3474 3489 3471
f 3471 3489 1854
f 3471 1854 2212
f 3480 3483 1856
f 1856 3483 3486
f 1856 3486 3490
f 3490 3486 2209
f 3490 2209 1858
f 1858 2209 3457
f 1858 3457 3460
f 2204 2205 2206
f 3460 3431 1858
f 1858 3431 2204
f 1858 2204 2207
f 2207 2204 2206
f 2188 2190 2187
f 2187 2190 2192
f 2187 2192 1854
f 1854 2192 3455
f 1854 3455 2212
f 2204 2199 2198
f 2204 2198 2205
f 2205 2198 2200
f 2205 2200 2206
f 2206 2200 2201
f 2206 2201 2207
f 2207 2201 1859
f 2207 1859 1858
f 2198 2199 3435
f 3454 2193 2191
f 3454 2191 3449
f 2191 2189 3449
f 3449 2189 2186
f 3449 2186 3447
f 3447 2186 1855
f 3447 1855 3444
f 3444 1855 3491
f 3444 3491 3441
f 3441 3491 1857
f 3441 1857 2202
f 2202 1857 3492
f 2202 3492 3437
f 3437 3492 1859
f 3437 1859 3433
f 3433 1859 2201
f 3433 2201 3435
f 3435 2201 2200
f 3435 2200 2198
f 2191 2193 2192
f 2192 2190 2191
f 2191 2190 2188
f 2191 2188 2189
f 2189 2188 2187
f 2189 2187 2186
f 2186 2187 1854
f 2186 1854 1855
f 3432 3434 3493
f 3494 3495 3462
f 3458 3496 3459
f 3459 3496 3494
f 3459 3494 3461
f 3461 3494 3462
f 3493 3434 3497
f 3434 3465 3497
f 3497 3465 3464
f 3497 3464 3495
f 3495 3464 3463
f 3495 3463 3462
f 3432 3493 2688
f 2688 3493 3498
f 2688 3498 3436
f 3436 3498 3438
f 3438 3498 3499
f 3438 3499 3439
f 3439 3499 2689
f 2689 3499 3500
f 2689 3500 3440
f 3440 3500 3442
f 3442 3500 3501
f 3442 3501 3443
f 3443 3501 3445
f 3445 3501 3502
f 3445 3502 3446
f 3446 3502 3451
f 3451 3502 3503
f 3451 3503 3450
f 3450 3503 3504
f 3450 3504 3448
f 3505 3506 3467
f 3467 3466 3505
f 3505 3466 3453
f 3505 3453 3504
f 3504 3453 3452
f 3504 3452 3448
f 3507 3508 3470
f 3470 2693 3507
f 3507 2693 3469
f 3507 3469 3506
f 3506 3469 3468
f 3506 3468 3467
f 3509 3475 3510
f 3510 3475 3473
f 3510 3473 3508
f 3508 3473 3472
f 3508 3472 3470
f 3511 3478 3509
f 3509 3478 3476
f 3509 3476 3475
f 3512 3481 3511
f 3511 3481 3479
f 3511 3479 3478
f 3513 3484 3512
f 3512 3484 3482
f 3512 3482 3481
f 3458 3456 3496
f 3496 3456 2694
f 3496 2694 2865
f 2865 2694 3488
f 2865 3488 3514
f 3514 3488 3487
f 3514 3487 3513
f 3513 3487 3485
f 3513 3485 3484
f 1855 1854 3491
f 3491 1854 3489
f 3491 3489 1857
f 1857 3489 1856
f 1857 1856 3492
f 3492 1856 3490
f 3492 3490 1859
f 1859 3490 1858
f 3515 3516 3503
f 3503 3516 3504
f 3517 3494 3496
f 3511 3509 3518
f 3516 3519 3504
f 3504 3519 3520
f 3504 3520 3505
f 3502 3521 3503
f 3503 3521 3522
f 3503 3522 3515
f 3523 3501 3500
f 3508 3524 3510
f 3510 3524 3525
f 3510 3525 3509
f 3509 3525 3526
f 3509 3526 3518
f 3523 3527 3501
f 3501 3527 3528
f 3501 3528 3502
f 3502 3528 3529
f 3502 3529 3521
f 3530 3531 3499
f 3499 3531 3532
f 3499 3532 3500
f 3500 3532 3533
f 3500 3533 3523
f 3530 3499 3534
f 3534 3499 3498
f 3534 3498 3535
f 3535 3498 3536
f 3536 3498 3493
f 3536 3493 3537
f 3538 3524 3539
f 3539 3524 3508
f 3539 3508 3540
f 3540 3508 3507
f 3540 3507 3541
f 3541 3507 3542
f 3537 3493 3543
f 3543 3493 3497
f 3543 3497 3544
f 3517 3545 3494
f 3494 3545 3546
f 3494 3546 3495
f 3547 3517 3548
f 3548 3517 3496
f 3548 3496 3549
f 3549 3496 2865
f 3550 3551 3506
f 3506 3551 3552
f 3506 3552 3507
f 3507 3552 3553
f 3507 3553 3542
f 3546 3554 3495
f 3495 3554 3555
f 3495 3555 3556
f 3556 3557 3495
f 3495 3557 3558
f 3495 3558 3497
f 3497 3558 3559
f 3497 3559 3544
f 3514 3560 2865
f 2865 3560 3561
f 2865 3561 3549
f 3520 3562 3505
f 3505 3562 3563
f 3505 3563 3506
f 3506 3563 3564
f 3506 3564 3550
f 3518 3565 3511
f 3511 3565 3566
f 3511 3566 3512
f 3513 3567 3514
f 3514 3567 3568
f 3514 3568 3560
f 3566 3569 3512
f 3512 3569 3570
f 3512 3570 3513
f 3513 3570 3571
f 3513 3571 3567
f 3572 3573 3574
f 3574 3573 3575
f 3576 3577 3578
f 3578 3577 3574
f 3578 3574 3579
f 3579 3574 3575
f 3580 3581 3582
f 3582 3581 3583
f 3582 3583 3584
f 3585 3586 3583
f 3583 3586 3587
f 3583 3587 3584
f 3588 3589 3590
f 3590 3589 3591
f 3592 3593 3594
f 3594 3593 3590
f 3594 3590 3595
f 3595 3590 3591
f 3596 3597 3598
f 3598 3597 3599
f 3598 3599 3600
f 3601 3602 3599
f 3599 3602 3603
f 3599 3603 3600
f 3604 3605 3606
f 3604 3607 3605
f 3605 3607 3608
f 3605 3608 3609
f 3608 3610 3609
f 3609 3610 3611
f 3609 3611 3612
f 3611 3613 3612
f 3612 3613 3614
f 3612 3614 3615
f 3614 3616 3615
f 3615 3616 3617
f 3615 3617 3618
f 3617 3619 3618
f 3618 3619 3620
f 3618 3620 3621
f 3620 3622 3621
f 3621 3622 3623
f 3621 3623 3624
f 3623 3625 3624
f 3624 3625 3626
f 3624 3626 3627
f 3626 3628 3627
f 3627 3628 3629
f 3627 3629 3630
f 3629 3631 3630
f 3630 3631 3632
f 3630 3632 3633
f 3632 3634 3633
f 3633 3634 3635
f 3633 3635 3636
f 3637 3638 3639
f 3639 3638 3636
f 3639 3636 3640
f 3640 3636 3635
f 3637 3641 3638
f 3638 3641 3642
f 3638 3642 3643
f 3642 3644 3643
f 3643 3644 3645
f 3643 3645 3646
f 3645 3647 3646
f 3646 3647 3648
f 3646 3648 3649
f 3648 3650 3649
f 3649 3650 3651
f 3649 3651 3652
f 3651 3653 3652
f 3652 3653 3654
f 3652 3654 3655
f 3654 3656 3655
f 3655 3656 3657
f 3655 3657 3658
f 3657 3659 3658
f 3658 3659 3660
f 3658 3660 3661
f 3660 3662 3661
f 3661 3662 3663
f 3661 3663 3664
f 3663 3665 3664
f 3664 3665 3666
f 3664 3666 3667
f 3666 3668 3667
f 3667 3668 3669
f 3667 3669 3670
f 3669 3671 3670
f 3670 3671 3672
f 3670 3672 3673
f 3672 3674 3673
f 3673 3674 3675
f 3673 3675 3676
f 3675 3677 3676
f 3676 3677 3678
f 3676 3678 3606
f 3606 3678 3679
f 3606 3679 3604
f 3606 3605 3680
f 3670 3673 3680
f 3680 3673 3676
f 3680 3676 3606
f 3661 3664 3680
f 3680 3664 3667
f 3680 3667 3670
f 3652 3655 3680
f 3680 3655 3658
f 3680 3658 3661
f 3643 3646 3680
f 3680 3646 3649
f 3680 3649 3652
f 3633 3636 3680
f 3680 3636 3638
f 3680 3638 3643
f 3624 3627 3680
f 3680 3627 3630
f 3680 3630 3633
f 3615 3618 3680
f 3680 3618 3621
f 3680 3621 3624
f 3605 3609 3680
f 3680 3609 3612
f 3680 3612 3615
f 3622 3620 3681
f 3682 3608 3683
f 3683 3608 3607
f 3684 3685 3614
f 3614 3613 3684
f 3684 3613 3611
f 3684 3611 3682
f 3682 3611 3610
f 3682 3610 3608
f 3681 3620 3686
f 3620 3619 3686
f 3686 3619 3617
f 3686 3617 3685
f 3685 3617 3616
f 3685 3616 3614
f 3622 3681 3623
f 3623 3681 3687
f 3623 3687 3625
f 3625 3687 3688
f 3625 3688 3626
f 3626 3688 3628
f 3628 3688 3689
f 3628 3689 3629
f 3629 3689 3631
f 3631 3689 3690
f 3631 3690 3632
f 3632 3690 3634
f 3634 3690 3691
f 3634 3691 3635
f 3635 3691 3640
f 3640 3691 3692
f 3640 3692 3639
f 3639 3692 3637
f 3637 3692 3693
f 3637 3693 3641
f 3641 3693 3694
f 3641 3694 3642
f 3695 3645 3694
f 3694 3645 3644
f 3694 3644 3642
f 3696 3697 3651
f 3651 3650 3696
f 3696 3650 3648
f 3696 3648 3695
f 3695 3648 3647
f 3695 3647 3645
f 3698 3699 3657
f 3657 3656 3698
f 3698 3656 3654
f 3698 3654 3697
f 3697 3654 3653
f 3697 3653 3651
f 3700 3662 3701
f 3701 3662 3660
f 3701 3660 3699
f 3699 3660 3659
f 3699 3659 3657
f 3702 3665 3700
f 3700 3665 3663
f 3700 3663 3662
f 3703 3668 3702
f 3702 3668 3666
f 3702 3666 3665
f 3704 3671 3703
f 3703 3671 3669
f 3703 3669 3668
f 3705 3674 3704
f 3704 3674 3672
f 3704 3672 3671
f 3607 3604 3683
f 3683 3604 3679
f 3683 3679 3706
f 3706 3679 3678
f 3706 3678 3707
f 3707 3678 3677
f 3707 3677 3705
f 3705 3677 3675
f 3705 3675 3674
f 3708 3701 3709
f 3709 3701 3699
f 3710 3711 3698
f 3698 3711 3712
f 3698 3712 3699
f 3699 3712 3713
f 3699 3713 3709
f 3714 3715 3696
f 3696 3715 3697
f 3716 3694 3717
f 3717 3694 3693
f 3717 3693 3718
f 3718 3693 3719
f 3690 3720 3721
f 3722 3723 3687
f 3687 3723 3724
f 3687 3724 3688
f 3722 3687 3725
f 3725 3687 3681
f 3725 3681 3726
f 3727 3700 3728
f 3728 3700 3701
f 3728 3701 3729
f 3729 3701 3708
f 3716 3730 3694
f 3694 3730 3731
f 3694 3731 3695
f 3690 3721 3691
f 3732 3689 3733
f 3733 3689 3688
f 3733 3688 3734
f 3734 3688 3724
f 3715 3735 3697
f 3697 3735 3736
f 3697 3736 3698
f 3698 3736 3737
f 3698 3737 3710
f 3731 3738 3695
f 3695 3738 3739
f 3695 3739 3696
f 3696 3739 3740
f 3696 3740 3714
f 3732 3741 3689
f 3689 3741 3742
f 3689 3742 3690
f 3690 3742 3743
f 3690 3743 3720
f 3744 3704 3745
f 3745 3704 3703
f 3745 3703 3746
f 3719 3693 3747
f 3747 3693 3692
f 3747 3692 3748
f 3721 3749 3691
f 3691 3749 3750
f 3691 3750 3692
f 3692 3750 3751
f 3692 3751 3748
f 3752 3753 3684
f 3684 3753 3754
f 3684 3754 3685
f 3752 3684 3755
f 3755 3684 3682
f 3755 3682 3756
f 3702 3757 3703
f 3703 3757 3758
f 3703 3758 3746
f 3727 3759 3700
f 3700 3759 3760
f 3700 3760 3702
f 3702 3760 3761
f 3702 3761 3757
f 3726 3681 3762
f 3762 3681 3686
f 3762 3686 3763
f 3754 3764 3685
f 3685 3764 3765
f 3685 3765 3686
f 3686 3765 3766
f 3686 3766 3763
f 3744 3767 3704
f 3704 3767 3768
f 3704 3768 3705
f 3683 3769 3682
f 3682 3769 3770
f 3682 3770 3756
f 3771 3772 3706
f 3706 3772 3773
f 3706 3773 3683
f 3683 3773 3774
f 3683 3774 3769
f 3768 3775 3705
f 3705 3775 3776
f 3705 3776 3707
f 3776 3777 3707
f 3707 3777 3778
f 3707 3778 3706
f 3706 3778 3779
f 3706 3779 3771
f 3780 3781 3782
f 3780 3783 3781
f 3781 3783 3784
f 3781 3784 3785
f 3784 3786 3785
f 3785 3786 3787
f 3785 3787 3788
f 3787 3789 3788
f 3788 3789 3790
f 3788 3790 3791
f 3790 3792 3791
f 3791 3792 3793
f 3791 3793 3794
f 3793 3795 3794
f 3794 3795 3796
f 3794 3796 3797
f 3796 3798 3797
f 3797 3798 3799
f 3797 3799 3800
f 3799 3801 3800
f 3800 3801 3802
f 3800 3802 3803
f 3802 3804 3803
f 3803 3804 3805
f 3803 3805 3806
f 3805 3807 3806
f 3806 3807 3808
f 3806 3808 3809
f 3808 3810 3809
f 3809 3810 3811
f 3809 3811 3812
f 3813 3814 3815
f 3815 3814 3812
f 3815 3812 3816
f 3816 3812 3811
f 3813 3817 3814
f 3814 3817 3818
f 3814 3818 3819
f 3818 3820 3819
f 3819 3820 3821
f 3819 3821 3822
f 3821 3823 3822
f 3822 3823 3824
f 3822 3824 3825
f 3824 3826 3825
f 3825 3826 3827
f 3825 3827 3828
f 3827 3829 3828
f 3828 3829 3830
f 3828 3830 3831
f 3830 3832 3831
f 3831 3832 3833
f 3831 3833 3834
f 3833 3835 3834
f 3834 3835 3836
f 3834 3836 3837
f 3836 3838 3837
f 3837 3838 3839
f 3837 3839 3840
f 3839 3841 3840
f 3840 3841 3842
f 3840 3842 3843
f 3842 3844 3843
f 3843 3844 3845
f 3843 3845 3846
f 3845 3847 3846
f 3846 3847 3848
f 3846 3848 3849
f 3848 3850 3849
f 3849 3850 3851
f 3849 3851 3852
f 3851 3853 3852
f 3852 3853 3854
f 3852 3854 3782
f 3782 3854 3855
f 3782 3855 3780
f 3782 3781 3856
f 3846 3849 3856
f 3856 3849 3852
f 3856 3852 3782
f 3837 3840 3856
f 3856 3840 3843
f 3856 3843 3846
f 3828 3831 3856
f 3856 3831 3834
f 3856 3834 3837
f 3819 3822 3856
f 3856 3822 3825
f 3856 3825 3828
f 3809 3812 3856
f 3856 3812 3814
f 3856 3814 3819
f 3800 3803 3856
f 3856 3803 3806
f 3856 3806 3809
f 3791 3794 3856
f 3856 3794 3797
f 3856 3797 3800
f 3781 3785 3856
f 3856 3785 3788
f 3856 3788 3791
f 3798 3796 3857
f 3858 3784 3859
f 3859 3784 3783
f 3860 3861 3790
f 3790 3789 3860
f 3860 3789 3787
f 3860 3787 3858
f 3858 3787 3786
f 3858 3786 3784
f 3857 3796 3862
f 3796 3795 3862
f 3862 3795 3793
f 3862 3793 3861
f 3861 3793 3792
f 3861 3792 3790
f 3798 3857 3799
f 3799 3857 3863
f 3799 3863 3801
f 3801 3863 3864
f 3801 3864 3802
f 3802 3864 3804
f 3804 3864 3865
f 3804 3865 3805
f 3805 3865 3807
f 3807 3865 3866
f 3807 3866 3808
f 3808 3866 3810
f 3810 3866 3867
f 3810 3867 3811
f 3811 3867 3816
f 3816 3867 3868
f 3816 3868 3815
f 3815 3868 3813
f 3813 3868 3869
f 3813 3869 3817
f 3817 3869 3870
f 3817 3870 3818
f 3871 3821 3870
f 3870 3821 3820
f 3870 3820 3818
f 3872 3873 3827
f 3827 3826 3872
f 3872 3826 3824
f 3872 3824 3871
f 3871 3824 3823
f 3871 3823 3821
f 3874 3875 3833
f 3833 3832 3874
f 3874 3832 3830
f 3874 3830 3873
f 3873 3830 3829
f 3873 3829 3827
f 3876 3838 3877
f 3877 3838 3836
f 3877 3836 3875
f 3875 3836 3835
f 3875 3835 3833
f 3878 3841 3876
f 3876 3841 3839
f 3876 3839 3838
f 3879 3844 3878
f 3878 3844 3842
f 3878 3842 3841
f 3880 3847 3879
f 3879 3847 3845
f 3879 3845 3844
f 3881 3850 3880
f 3880 3850 3848
f 3880 3848 3847
f 3783 3780 3859
f 3859 3780 3855
f 3859 3855 3882
f 3882 3855 3854
f 3882 3854 3883
f 3883 3854 3853
f 3883 3853 3881
f 3881 3853 3851
f 3881 3851 3850
f 3884 3877 3885
f 3885 3877 3875
f 3885 3875 3886
f 3887 3870 3888
f 3888 3870 3869
f 3888 3869 3889
f 3890 3891 3863
f 3863 3891 3892
f 3863 3892 3864
f 3890 3863 3893
f 3893 3863 3857
f 3893 3857 3894
f 3884 3895 3877
f 3877 3895 3896
f 3877 3896 3876
f 3874 3897 3875
f 3875 3897 3898
f 3875 3898 3886
f 3899 3900 3873
f 3873 3900 3901
f 3873 3901 3874
f 3874 3901 3902
f 3874 3902 3897
f 3899 3873 3903
f 3903 3873 3872
f 3903 3872 3904
f 3904 3872 3905
f 3905 3872 3871
f 3905 3871 3906
f 3887 3907 3870
f 3870 3907 3908
f 3870 3908 3871
f 3871 3908 3909
f 3871 3909 3906
f 3910 3867 3911
f 3911 3867 3866
f 3912 3913 3865
f 3865 3913 3914
f 3865 3914 3866
f 3866 3914 3915
f 3866 3915 3911
f 3892 3916 3864
f 3864 3916 3917
f 3864 3917 3865
f 3865 3917 3918
f 3865 3918 3912
f 3910 3919 3867
f 3867 3919 3920
f 3867 3920 3868
f 3920 3921 3868
f 3868 3921 3922
f 3868 3922 3869
f 3869 3922 3923
f 3869 3923 3889
f 3924 3925 3860
f 3860 3925 3926
f 3860 3926 3861
f 3927 3880 3928
f 3928 3880 3879
f 3928 3879 3929
f 3929 3879 3930
f 3930 3879 3878
f 3930 3878 3931
f 3926 3932 3861
f 3861 3932 3933
f 3861 3933 3862
f 3858 3934 3860
f 3860 3934 3935
f 3860 3935 3924
f 3896 3936 3876
f 3876 3936 3937
f 3876 3937 3878
f 3878 3937 3938
f 3878 3938 3931
f 3933 3939 3862
f 3862 3939 3940
f 3862 3940 3857
f 3857 3940 3941
f 3857 3941 3894
f 3942 3881 3943
f 3943 3881 3880
f 3943 3880 3944
f 3944 3880 3927
f 3859 3945 3858
f 3858 3945 3946
f 3858 3946 3934
f 3947 3948 3882
f 3882 3948 3949
f 3882 3949 3859
f 3859 3949 3950
f 3859 3950 3945
f 3942 3951 3881
f 3881 3951 3952
f 3881 3952 3883
f 3952 3953 3883
f 3883 3953 3954
f 3883 3954 3882
f 3882 3954 3955
f 3882 3955 3947
f 3956 3957 3958
f 3959 3960 3961
f 3961 3960 3962
f 3961 3962 3963
f 3963 3962 3964
f 3963 3964 3965
f 3966 3967 3968
f 3968 3967 3969
f 3968 3969 3970
f 3969 3971 3970
f 3970 3971 3972
f 3970 3972 3973
f 3973 3972 3974
f 3973 3974 3975
f 3976 3977 3978
f 3978 3977 3979
f 3978 3979 3980
f 3980 3979 3981
f 3980 3981 3982
f 3983 3984 3985
f 3985 3984 3986
f 3985 3986 3987
f 3987 3986 3988
f 3987 3988 3989
f 3989 3988 3982
f 3989 3982 3990
f 3990 3982 3981
f 3991 3992 3993
f 3993 3992 3994
f 3993 3994 3995
f 3996 3997 3998
f 3998 3999 3996
f 3996 3999 4000
f 3996 4000 4001
f 4001 4000 4002
f 4003 3998 4004
f 4004 3998 3997
f 4004 3997 4005
f 4005 3997 4006
f 4005 4006 4007
f 4007 4006 4008
f 4007 4008 4009
f 4010 4011 4012
f 4013 4014 4015
f 4015 4014 4016
f 4015 4016 4011
f 4017 4018 4019
f 4019 4018 3958
f 4019 3958 4020
f 4020 3958 4021
f 4021 3958 3957
f 4021 3957 4022
f 4023 4024 3969
f 3969 4024 4025
f 3969 4025 3957
f 3957 4025 4026
f 3957 4026 4022
f 4027 4028 3967
f 3967 4028 4029
f 3967 4029 3969
f 3969 4029 4030
f 3969 4030 4023
f 4031 4032 4033
f 4033 4032 4034
f 4033 4034 4035
f 4035 4036 4027
f 4027 4036 4037
f 4027 4037 4028
f 4038 4039 4040
f 4011 4016 4012
f 4012 4016 4041
f 4012 4041 4042
f 4042 4043 4012
f 4012 4043 4044
f 4012 4044 4001
f 4044 4045 4001
f 4001 4045 4046
f 4001 4046 4047
f 4048 4049 4050
f 4050 4049 4051
f 4043 4052 4044
f 4044 4052 4053
f 4044 4053 4054
f 4054 4053 4055
f 4054 4055 4051
f 4051 4055 4056
f 4051 4056 4050
f 4057 4058 4050
f 4058 4059 4050
f 4050 4059 4060
f 4050 4060 4048
f 4061 4062 4063
f 4033 4064 4065
f 3997 4066 4067
f 4035 4027 4033
f 4033 4027 4068
f 4033 4068 4064
f 4063 4065 4061
f 4061 4065 4064
f 4061 4064 3964
f 3964 4064 4068
f 3964 4068 3965
f 3965 4068 4069
f 3965 4069 4070
f 4070 4069 4071
f 4070 4071 3966
f 3966 4071 4072
f 3966 4072 3967
f 3967 4072 4073
f 3967 4073 4027
f 4027 4073 4074
f 4027 4074 4068
f 4068 4074 4075
f 4068 4075 4069
f 4065 4076 4033
f 4033 4076 4014
f 4033 4014 4077
f 4077 4014 4013
f 4077 4013 4078
f 4076 4079 4014
f 4014 4079 4080
f 4014 4080 4016
f 4016 4080 4039
f 4016 4039 4041
f 4041 4039 4038
f 4079 4063 4080
f 4080 4063 4062
f 4080 4062 4039
f 4039 4062 4081
f 4039 4081 4040
f 4040 4081 4082
f 4083 4084 4008
f 4008 4084 4085
f 4008 4085 4009
f 4009 4085 4086
f 4002 4086 4001
f 4001 4086 4085
f 4001 4085 4012
f 4012 4085 4084
f 4012 4084 4010
f 4010 4084 4083
f 4010 4083 4087
f 4087 4083 4088
f 4087 4088 4078
f 4078 4088 3956
f 4078 3956 4077
f 4077 3956 3958
f 4077 3958 4033
f 4033 3958 4018
f 4033 4018 4031
f 4047 4057 4001
f 4001 4057 4050
f 4001 4050 3996
f 3996 4050 4089
f 4066 3997 4090
f 4090 3997 3996
f 4090 3996 4091
f 4091 3996 4089
f 4091 4089 4092
f 4092 4089 3985
f 4092 3985 4093
f 4093 3985 3987
f 4093 3987 4067
f 4067 3987 3989
f 4067 3989 3997
f 3997 3989 3990
f 3997 3990 4006
f 3994 3983 3995
f 3995 3983 3985
f 3995 3985 4094
f 4094 3985 4089
f 4094 4089 4095
f 4095 4089 4050
f 4095 4050 4082
f 4082 4050 4056
f 4082 4056 4040
f 4040 4056 4096
f 4040 4096 4038
f 4072 4097 4073
f 4073 4097 4098
f 4097 4072 4099
f 4099 4072 4071
f 4099 4071 4069
f 4100 4099 4075
f 4075 4099 4069
f 4073 4098 4074
f 4074 4098 4100
f 4074 4100 4075
f 4101 4102 4092
f 4092 4102 4091
f 4067 4103 4093
f 4093 4103 4101
f 4093 4101 4092
f 4066 4104 4067
f 4067 4104 4103
f 4104 4066 4102
f 4102 4066 4090
f 4102 4090 4091
f 4105 4106 4107
f 4108 3962 4109
f 4109 3962 4110
f 4111 4109 4112
f 4112 4109 4110
f 4112 4110 4107
f 4107 4110 4113
f 4107 4113 4105
f 4105 4113 3993
f 4105 3993 4114
f 4114 3993 4115
f 4114 4115 4116
f 3993 3995 4115
f 4115 3995 4094
f 4115 4094 4095
f 4095 4082 4115
f 4115 4082 4081
f 4115 4081 4117
f 4117 4081 4062
f 4117 4062 4061
f 4108 4118 3962
f 3962 4118 4117
f 3962 4117 3964
f 3964 4117 4061
f 3961 4119 3959
f 3959 4119 4120
f 4121 4119 3963
f 3963 4119 3961
f 3966 3968 4122
f 3966 4122 4070
f 4070 4122 3965
f 3965 4122 4121
f 3965 4121 3963
f 3970 4123 3968
f 3968 4123 4122
f 3975 4124 3973
f 3973 4124 4123
f 3973 4123 3970
f 4125 3971 4126
f 3974 4125 4127
f 4127 4125 4126
f 4127 4126 4128
f 4128 4126 4129
f 4130 4131 4126
f 4126 3971 4130
f 4130 3971 3969
f 4130 3969 3957
f 3957 3956 4130
f 4130 3956 4088
f 4130 4088 4132
f 4088 4083 4132
f 4132 4083 4008
f 4132 4008 4006
f 4133 4134 3981
f 3981 4134 4132
f 3981 4132 3990
f 3990 4132 4006
f 4135 4136 4137
f 4137 4136 4133
f 4133 3981 4137
f 4137 3981 3979
f 4137 3979 3977
f 4138 3976 4139
f 4139 3976 3978
f 4139 3978 3980
f 4139 3980 4140
f 4140 3980 3982
f 4140 3982 3988
f 3988 3986 4140
f 4140 3986 3984
f 4140 3984 4141
f 4141 3984 3983
f 3983 3994 4141
f 4141 3994 4142
f 4142 3994 4143
f 4143 3994 3992
f 4102 4101 4115
f 4117 4099 4100
f 4099 4117 4097
f 4097 4117 4144
f 4097 4144 4098
f 4115 4101 4145
f 4145 4101 4103
f 4145 4103 4104
f 4115 4117 4102
f 4102 4117 4100
f 4102 4100 4104
f 4104 4100 4098
f 4104 4098 4145
f 4145 4098 4144
f 4107 4146 4112
f 4112 4146 4147
f 4137 4148 4149
f 4150 4151 4152
f 4152 4151 4113
f 4152 4113 4153
f 4154 4127 4155
f 4155 4127 4128
f 4128 4156 4155
f 4155 4156 4157
f 4155 4157 4158
f 4159 4160 4110
f 4110 4160 4161
f 4110 4161 4162
f 4149 4163 4164
f 4137 4149 4135
f 4135 4149 4164
f 4135 4164 4165
f 4113 4110 4153
f 4153 4110 4162
f 4153 4162 4163
f 4163 4162 4158
f 4163 4158 4164
f 4164 4158 4157
f 4151 3991 4113
f 4113 3991 3993
f 3962 3960 4110
f 4110 3960 4159
f 4122 4158 4121
f 4121 4158 4162
f 4131 4166 4126
f 4126 4166 4129
f 4166 4156 4129
f 4129 4156 4128
f 3975 3974 4124
f 4124 3974 4127
f 4124 4127 4154
f 4167 4168 4132
f 4132 4168 4130
f 4148 4137 4138
f 4138 4137 3977
f 4138 3977 3976
f 4169 4134 4136
f 4136 4134 4133
f 4165 4169 4135
f 4135 4169 4136
f 4153 4163 4141
f 4141 4163 4140
f 4111 4112 4170
f 4170 4112 4147
f 4117 4118 4144
f 4144 4118 4171
f 4144 4171 4172
f 4172 4171 4170
f 4172 4170 4173
f 4173 4170 4147
f 4107 4106 4146
f 4146 4106 4174
f 4175 4146 4176
f 4176 4146 4174
f 4176 4174 4145
f 4145 4174 4177
f 4145 4177 4115
f 4115 4177 4116
f 4147 4146 4173
f 4173 4146 4175
f 4131 4130 4168
f 4156 4166 4157
f 4157 4166 4131
f 4157 4131 4178
f 4178 4131 4168
f 4157 4178 4164
f 4164 4178 4179
f 4134 4169 4165
f 4167 4132 4179
f 4179 4132 4134
f 4179 4134 4164
f 4164 4134 4165
f 3992 3991 4143
f 4143 3991 4151
f 4143 4151 4150
f 4160 4159 4120
f 4120 4159 3960
f 4120 3960 3959
f 4162 4161 4121
f 4121 4161 4119
f 4123 4155 4122
f 4122 4155 4158
f 4154 4155 4124
f 4124 4155 4123
f 4180 4181 4182
f 4183 4184 4167
f 4185 4186 4187
f 4188 4189 4190
f 4180 4182 4191
f 4192 4178 4193
f 4193 4178 4168
f 4179 4194 4195
f 4196 4197 4181
f 4185 4187 4198
f 4183 4167 4199
f 4200 4201 4189
f 4202 4203 4186
f 4204 4168 4205
f 4205 4168 4167
f 4205 4167 4186
f 4204 4206 4168
f 4168 4206 4207
f 4168 4207 4208
f 4209 4210 4178
f 4211 4212 4179
f 4179 4212 4213
f 4184 4214 4167
f 4167 4214 4215
f 4167 4215 4181
f 4181 4215 4216
f 4181 4216 4196
f 4197 4217 4181
f 4181 4217 4218
f 4181 4218 4182
f 4188 4190 4219
f 4208 4220 4168
f 4168 4220 4221
f 4168 4221 4193
f 4222 4223 4182
f 4182 4223 4224
f 4182 4224 4191
f 4181 4225 4167
f 4167 4225 4226
f 4167 4226 4189
f 4189 4226 4227
f 4189 4227 4200
f 4201 4228 4189
f 4189 4228 4229
f 4189 4229 4190
f 4189 4230 4167
f 4167 4230 4231
f 4167 4231 4186
f 4186 4231 4232
f 4186 4232 4202
f 4203 4233 4186
f 4186 4233 4234
f 4186 4234 4187
f 4210 4235 4178
f 4178 4235 4236
f 4178 4236 4179
f 4179 4236 4237
f 4179 4237 4238
f 4239 4240 4241
f 4213 4242 4243
f 4244 4245 4179
f 4179 4245 4246
f 4179 4246 4194
f 4247 4248 4167
f 4242 4249 4243
f 4243 4249 4250
f 4243 4250 4182
f 4182 4250 4251
f 4182 4251 4222
f 4252 4253 4187
f 4187 4253 4254
f 4187 4254 4198
f 4192 4255 4178
f 4178 4255 4256
f 4178 4256 4257
f 4195 4258 4179
f 4179 4258 4259
f 4179 4259 4167
f 4167 4259 4260
f 4167 4260 4247
f 4248 4261 4167
f 4167 4261 4262
f 4167 4262 4199
f 4240 4263 4241
f 4241 4263 4264
f 4241 4264 4187
f 4187 4264 4265
f 4187 4265 4252
f 4257 4266 4178
f 4178 4266 4267
f 4178 4267 4209
f 4268 4269 4270
f 4270 4269 4271
f 4272 4273 4190
f 4190 4273 4274
f 4190 4274 4219
f 4241 4275 4239
f 4239 4275 4276
f 4239 4276 4277
f 4244 4179 4278
f 4278 4179 4213
f 4278 4213 4279
f 4271 4280 4270
f 4270 4280 4281
f 4270 4281 4190
f 4190 4281 4282
f 4190 4282 4272
f 4268 4270 4283
f 4283 4270 4284
f 4283 4284 4285
f 4285 4284 4286
f 4285 4286 4287
f 4288 4289 4239
f 4239 4289 4290
f 4239 4290 4238
f 4238 4290 4285
f 4238 4285 4179
f 4277 4291 4239
f 4239 4291 4292
f 4239 4292 4288
f 4243 4293 4213
f 4213 4293 4294
f 4213 4294 4295
f 4287 4296 4285
f 4285 4296 4297
f 4285 4297 4298
f 4298 4299 4285
f 4285 4299 4300
f 4285 4300 4179
f 4179 4300 4301
f 4179 4301 4211
f 4295 4302 4213
f 4213 4302 4303
f 4213 4303 4279
f 4139 4149 4138
f 4138 4149 4148
f 4152 4153 4142
f 4142 4153 4141
f 4140 4163 4139
f 4139 4163 4149
f 4170 4304 4111
f 4111 4304 4109
f 4171 4305 4170
f 4170 4305 4304
f 4108 4305 4118
f 4118 4305 4171
f 4173 4175 4172
f 4172 4175 4176
f 4174 4306 4177
f 4177 4306 4307
f 4116 4177 4114
f 4114 4177 4307
f 4306 4174 4105
f 4105 4174 4106
f 4143 4150 4142
f 4142 4150 4152
f 4161 4160 4119
f 4119 4160 4120
f 4308 4309 4310
f 4311 4312 4313
f 4314 4315 4316
f 4315 4317 4318
f 4279 4319 4278
f 4243 4182 4320
f 4218 4217 4321
f 4197 4196 4322
f 4194 4323 4324
f 4323 4194 4246
f 4325 4258 4324
f 4324 4258 4195
f 4324 4195 4194
f 4248 4247 4326
f 4326 4247 4260
f 4326 4260 4325
f 4325 4260 4259
f 4325 4259 4258
f 4248 4326 4261
f 4261 4326 4327
f 4261 4327 4262
f 4328 4183 4327
f 4327 4183 4199
f 4327 4199 4262
f 4216 4215 4329
f 4329 4215 4214
f 4329 4214 4328
f 4328 4214 4184
f 4328 4184 4183
f 4243 4320 4293
f 4295 4294 4330
f 4303 4302 4331
f 4319 4332 4278
f 4278 4332 4333
f 4278 4333 4244
f 4244 4333 4245
f 4334 4335 4336
f 4336 4335 4314
f 4334 4336 4337
f 4337 4336 4338
f 4337 4338 4339
f 4339 4338 4340
f 4340 4338 4341
f 4340 4341 4342
f 4342 4341 4343
f 4343 4341 4344
f 4343 4344 4345
f 4345 4344 4346
f 4346 4344 4347
f 4346 4347 4348
f 4245 4333 4246
f 4246 4333 4349
f 4246 4349 4323
f 4323 4349 4350
f 4323 4350 4324
f 4324 4350 4351
f 4324 4351 4325
f 4325 4351 4352
f 4325 4352 4326
f 4326 4352 4353
f 4326 4353 4327
f 4327 4353 4318
f 4327 4318 4328
f 4328 4318 4317
f 4328 4317 4329
f 4348 4347 4354
f 4354 4347 4355
f 4354 4355 4356
f 4356 4355 4357
f 4356 4357 4358
f 4358 4357 4359
f 4358 4359 4360
f 4279 4303 4319
f 4319 4303 4331
f 4319 4331 4332
f 4332 4331 4361
f 4315 4318 4316
f 4316 4318 4353
f 4316 4353 4362
f 4362 4353 4352
f 4362 4352 4363
f 4363 4352 4351
f 4363 4351 4364
f 4364 4351 4350
f 4364 4350 4365
f 4365 4350 4349
f 4365 4349 4366
f 4366 4349 4333
f 4366 4333 4367
f 4367 4333 4332
f 4367 4332 4368
f 4368 4332 4361
f 4368 4361 4369
f 4314 4316 4336
f 4336 4316 4362
f 4336 4362 4338
f 4338 4362 4363
f 4338 4363 4341
f 4341 4363 4364
f 4341 4364 4344
f 4344 4364 4365
f 4344 4365 4347
f 4347 4365 4366
f 4347 4366 4355
f 4355 4366 4367
f 4355 4367 4357
f 4357 4367 4368
f 4357 4368 4359
f 4359 4368 4369
f 4359 4369 4370
f 4371 4372 4373
f 4373 4372 4370
f 4373 4370 4374
f 4374 4370 4369
f 4374 4369 4375
f 4375 4369 4361
f 4375 4361 4330
f 4330 4361 4331
f 4330 4331 4295
f 4295 4331 4302
f 4372 4376 4370
f 4370 4376 4377
f 4370 4377 4359
f 4359 4377 4378
f 4359 4378 4360
f 4312 4371 4313
f 4313 4371 4373
f 4313 4373 4379
f 4379 4373 4374
f 4379 4374 4380
f 4380 4374 4375
f 4380 4375 4320
f 4320 4375 4330
f 4320 4330 4293
f 4293 4330 4294
f 4309 4311 4310
f 4310 4311 4313
f 4310 4313 4381
f 4381 4313 4379
f 4381 4379 4382
f 4382 4379 4380
f 4382 4380 4321
f 4321 4380 4320
f 4321 4320 4218
f 4218 4320 4182
f 4383 4308 4384
f 4384 4308 4310
f 4384 4310 4385
f 4385 4310 4381
f 4385 4381 4386
f 4386 4381 4382
f 4386 4382 4322
f 4322 4382 4321
f 4322 4321 4197
f 4197 4321 4217
f 4335 4383 4314
f 4314 4383 4384
f 4314 4384 4315
f 4315 4384 4385
f 4315 4385 4317
f 4317 4385 4386
f 4317 4386 4329
f 4329 4386 4322
f 4329 4322 4216
f 4216 4322 4196
f 4387 4388 4389
f 4390 4391 4392
f 4393 4394 4395
f 4394 4396 4397
f 4298 4398 4299
f 4270 4190 4399
f 4229 4228 4400
f 4201 4200 4401
f 4212 4402 4403
f 4402 4212 4211
f 4404 4242 4403
f 4403 4242 4213
f 4403 4213 4212
f 4222 4251 4405
f 4405 4251 4250
f 4405 4250 4404
f 4404 4250 4249
f 4404 4249 4242
f 4222 4405 4223
f 4223 4405 4406
f 4223 4406 4224
f 4407 4180 4406
f 4406 4180 4191
f 4406 4191 4224
f 4227 4226 4408
f 4408 4226 4225
f 4408 4225 4407
f 4407 4225 4181
f 4407 4181 4180
f 4270 4399 4284
f 4287 4286 4409
f 4297 4296 4410
f 4398 4411 4299
f 4299 4411 4412
f 4299 4412 4300
f 4300 4412 4301
f 4413 4414 4415
f 4415 4414 4393
f 4413 4415 4416
f 4416 4415 4417
f 4416 4417 4418
f 4418 4417 4419
f 4419 4417 4420
f 4419 4420 4421
f 4421 4420 4422
f 4422 4420 4423
f 4422 4423 4424
f 4424 4423 4425
f 4425 4423 4426
f 4425 4426 4427
f 4301 4412 4211
f 4211 4412 4428
f 4211 4428 4402
f 4402 4428 4429
f 4402 4429 4403
f 4403 4429 4430
f 4403 4430 4404
f 4404 4430 4431
f 4404 4431 4405
f 4405 4431 4432
f 4405 4432 4406
f 4406 4432 4397
f 4406 4397 4407
f 4407 4397 4396
f 4407 4396 4408
f 4427 4426 4433
f 4433 4426 4434
f 4433 4434 4435
f 4435 4434 4436
f 4435 4436 4437
f 4437 4436 4438
f 4437 4438 4439
f 4298 4297 4398
f 4398 4297 4410
f 4398 4410 4411
f 4411 4410 4440
f 4394 4397 4395
f 4395 4397 4432
f 4395 4432 4441
f 4441 4432 4431
f 4441 4431 4442
f 4442 4431 4430
f 4442 4430 4443
f 4443 4430 4429
f 4443 4429 4444
f 4444 4429 4428
f 4444 4428 4445
f 4445 4428 4412
f 4445 4412 4446
f 4446 4412 4411
f 4446 4411 4447
f 4447 4411 4440
f 4447 4440 4448
f 4393 4395 4415
f 4415 4395 4441
f 4415 4441 4417
f 4417 4441 4442
f 4417 4442 4420
f 4420 4442 4443
f 4420 4443 4423
f 4423 4443 4444
f 4423 4444 4426
f 4426 4444 4445
f 4426 4445 4434
f 4434 4445 4446
f 4434 4446 4436
f 4436 4446 4447
f 4436 4447 4438
f 4438 4447 4448
f 4438 4448 4449
f 4450 4451 4452
f 4452 4451 4449
f 4452 4449 4453
f 4453 4449 4448
f 4453 4448 4454
f 4454 4448 4440
f 4454 4440 4409
f 4409 4440 4410
f 4409 4410 4287
f 4287 4410 4296
f 4451 4455 4449
f 4449 4455 4456
f 4449 4456 4438
f 4438 4456 4457
f 4438 4457 4439
f 4391 4450 4392
f 4392 4450 4452
f 4392 4452 4458
f 4458 4452 4453
f 4458 4453 4459
f 4459 4453 4454
f 4459 4454 4399
f 4399 4454 4409
f 4399 4409 4284
f 4284 4409 4286
f 4388 4390 4389
f 4389 4390 4392
f 4389 4392 4460
f 4460 4392 4458
f 4460 4458 4461
f 4461 4458 4459
f 4461 4459 4400
f 4400 4459 4399
f 4400 4399 4229
f 4229 4399 4190
f 4462 4387 4463
f 4463 4387 4389
f 4463 4389 4464
f 4464 4389 4460
f 4464 4460 4465
f 4465 4460 4461
f 4465 4461 4401
f 4401 4461 4400
f 4401 4400 4201
f 4201 4400 4228
f 4414 4462 4393
f 4393 4462 4463
f 4393 4463 4394
f 4394 4463 4464
f 4394 4464 4396
f 4396 4464 4465
f 4396 4465 4408
f 4408 4465 4401
f 4408 4401 4227
f 4227 4401 4200
f 4466 4467 4468
f 4469 4470 4471
f 4472 4473 4474
f 4473 4475 4476
f 4288 4477 4289
f 4241 4187 4478
f 4234 4233 4479
f 4203 4202 4480
f 4268 4481 4482
f 4481 4268 4283
f 4483 4271 4482
f 4482 4271 4269
f 4482 4269 4268
f 4272 4282 4484
f 4484 4282 4281
f 4484 4281 4483
f 4483 4281 4280
f 4483 4280 4271
f 4272 4484 4273
f 4273 4484 4485
f 4273 4485 4274
f 4486 4188 4485
f 4485 4188 4219
f 4485 4219 4274
f 4232 4231 4487
f 4487 4231 4230
f 4487 4230 4486
f 4486 4230 4189
f 4486 4189 4188
f 4241 4478 4275
f 4277 4276 4488
f 4292 4291 4489
f 4477 4490 4289
f 4289 4490 4491
f 4289 4491 4290
f 4290 4491 4285
f 4492 4493 4494
f 4494 4493 4472
f 4492 4494 4495
f 4495 4494 4496
f 4495 4496 4497
f 4497 4496 4498
f 4498 4496 4499
f 4498 4499 4500
f 4500 4499 4501
f 4501 4499 4502
f 4501 4502 4503
f 4503 4502 4504
f 4504 4502 4505
f 4504 4505 4506
f 4285 4491 4283
f 4283 4491 4507
f 4283 4507 4481
f 4481 4507 4508
f 4481 4508 4482
f 4482 4508 4509
f 4482 4509 4483
f 4483 4509 4510
f 4483 4510 4484
f 4484 4510 4511
f 4484 4511 4485
f 4485 4511 4476
f 4485 4476 4486
f 4486 4476 4475
f 4486 4475 4487
f 4506 4505 4512
f 4512 4505 4513
f 4512 4513 4514
f 4514 4513 4515
f 4514 4515 4516
f 4516 4515 4517
f 4516 4517 4518
f 4288 4292 4477
f 4477 4292 4489
f 4477 4489 4490
f 4490 4489 4519
f 4473 4476 4474
f 4474 4476 4511
f 4474 4511 4520
f 4520 4511 4510
f 4520 4510 4521
f 4521 4510 4509
f 4521 4509 4522
f 4522 4509 4508
f 4522 4508 4523
f 4523 4508 4507
f 4523 4507 4524
f 4524 4507 4491
f 4524 4491 4525
f 4525 4491 4490
f 4525 4490 4526
f 4526 4490 4519
f 4526 4519 4527
f 4472 4474 4494
f 4494 4474 4520
f 4494 4520 4496
f 4496 4520 4521
f 4496 4521 4499
f 4499 4521 4522
f 4499 4522 4502
f 4502 4522 4523
f 4502 4523 4505
f 4505 4523 4524
f 4505 4524 4513
f 4513 4524 4525
f 4513 4525 4515
f 4515 4525 4526
f 4515 4526 4517
f 4517 4526 4527
f 4517 4527 4528
f 4529 4530 4531
f 4531 4530 4528
f 4531 4528 4532
f 4532 4528 4527
f 4532 4527 4533
f 4533 4527 4519
f 4533 4519 4488
f 4488 4519 4489
f 4488 4489 4277
f 4277 4489 4291
f 4530 4534 4528
f 4528 4534 4535
f 4528 4535 4517
f 4517 4535 4536
f 4517 4536 4518
f 4470 4529 4471
f 4471 4529 4531
f 4471 4531 4537
f 4537 4531 4532
f 4537 4532 4538
f 4538 4532 4533
f 4538 4533 4478
f 4478 4533 4488
f 4478 4488 4275
f 4275 4488 4276
f 4467 4469 4468
f 4468 4469 4471
f 4468 4471 4539
f 4539 4471 4537
f 4539 4537 4540
f 4540 4537 4538
f 4540 4538 4479
f 4479 4538 4478
f 4479 4478 4234
f 4234 4478 4187
f 4541 4466 4542
f 4542 4466 4468
f 4542 4468 4543
f 4543 4468 4539
f 4543 4539 4544
f 4544 4539 4540
f 4544 4540 4480
f 4480 4540 4479
f 4480 4479 4203
f 4203 4479 4233
f 4493 4541 4472
f 4472 4541 4542
f 4472 4542 4473
f 4473 4542 4543
f 4473 4543 4475
f 4475 4543 4544
f 4475 4544 4487
f 4487 4544 4480
f 4487 4480 4232
f 4232 4480 4202
f 4545 4546 4547
f 4548 4549 4550
f 4551 4552 4553
f 4552 4554 4555
f 4209 4556 4210
f 4192 4193 4557
f 4221 4220 4558
f 4208 4207 4559
f 4238 4560 4561
f 4560 4238 4237
f 4562 4240 4561
f 4561 4240 4239
f 4561 4239 4238
f 4252 4265 4563
f 4563 4265 4264
f 4563 4264 4562
f 4562 4264 4263
f 4562 4263 4240
f 4252 4563 4253
f 4253 4563 4564
f 4253 4564 4254
f 4565 4185 4564
f 4564 4185 4198
f 4564 4198 4254
f 4206 4204 4566
f 4566 4204 4205
f 4566 4205 4565
f 4565 4205 4186
f 4565 4186 4185
f 4192 4557 4255
f 4257 4256 4567
f 4267 4266 4568
f 4556 4569 4210
f 4210 4569 4570
f 4210 4570 4235
f 4235 4570 4236
f 4571 4572 4573
f 4573 4572 4551
f 4571 4573 4574
f 4574 4573 4575
f 4574 4575 4576
f 4576 4575 4577
f 4577 4575 4578
f 4577 4578 4579
f 4579 4578 4580
f 4580 4578 4581
f 4580 4581 4582
f 4582 4581 4583
f 4583 4581 4584
f 4583 4584 4585
f 4236 4570 4237
f 4237 4570 4586
f 4237 4586 4560
f 4560 4586 4587
f 4560 4587 4561
f 4561 4587 4588
f 4561 4588 4562
f 4562 4588 4589
f 4562 4589 4563
f 4563 4589 4590
f 4563 4590 4564
f 4564 4590 4555
f 4564 4555 4565
f 4565 4555 4554
f 4565 4554 4566
f 4585 4584 4591
f 4591 4584 4592
f 4591 4592 4593
f 4593 4592 4594
f 4593 4594 4595
f 4595 4594 4596
f 4595 4596 4597
f 4209 4267 4556
f 4556 4267 4568
f 4556 4568 4569
f 4569 4568 4598
f 4552 4555 4553
f 4553 4555 4590
f 4553 4590 4599
f 4599 4590 4589
f 4599 4589 4600
f 4600 4589 4588
f 4600 4588 4601
f 4601 4588 4587
f 4601 4587 4602
f 4602 4587 4586
f 4602 4586 4603
f 4603 4586 4570
f 4603 4570 4604
f 4604 4570 4569
f 4604 4569 4605
f 4605 4569 4598
f 4605 4598 4606
f 4551 4553 4573
f 4573 4553 4599
f 4573 4599 4575
f 4575 4599 4600
f 4575 4600 4578
f 4578 4600 4601
f 4578 4601 4581
f 4581 4601 4602
f 4581 4602 4584
f 4584 4602 4603
f 4584 4603 4592
f 4592 4603 4604
f 4592 4604 4594
f 4594 4604 4605
f 4594 4605 4596
f 4596 4605 4606
f 4596 4606 4607
f 4608 4609 4610
f 4610 4609 4607
f 4610 4607 4611
f 4611 4607 4606
f 4611 4606 4612
f 4612 4606 4598
f 4612 4598 4567
f 4567 4598 4568
f 4567 4568 4257
f 4257 4568 4266
f 4609 4613 4607
f 4607 4613 4614
f 4607 4614 4596
f 4596 4614 4615
f 4596 4615 4597
f 4549 4608 4550
f 4550 4608 4610
f 4550 4610 4616
f 4616 4610 4611
f 4616 4611 4617
f 4617 4611 4612
f 4617 4612 4557
f 4557 4612 4567
f 4557 4567 4255
f 4255 4567 4256
f 4546 4548 4547
f 4547 4548 4550
f 4547 4550 4618
f 4618 4550 4616
f 4618 4616 4619
f 4619 4616 4617
f 4619 4617 4558
f 4558 4617 4557
f 4558 4557 4221
f 4221 4557 4193
f 4620 4545 4621
f 4621 4545 4547
f 4621 4547 4622
f 4622 4547 4618
f 4622 4618 4623
f 4623 4618 4619
f 4623 4619 4559
f 4559 4619 4558
f 4559 4558 4208
f 4208 4558 4220
f 4572 4620 4551
f 4551 4620 4621
f 4551 4621 4552
f 4552 4621 4622
f 4552 4622 4554
f 4554 4622 4623
f 4554 4623 4566
f 4566 4623 4559
f 4566 4559 4206
f 4206 4559 4207
f 4304 4305 4109
f 4109 4305 4108
f 4114 4307 4105
f 4105 4307 4306
f 4383 4624 4308
f 4308 4624 4625
f 4308 4625 4309
f 4309 4625 4626
f 4309 4626 4311
f 4311 4626 4627
f 4311 4627 4312
f 4312 4627 4628
f 4312 4628 4371
f 4371 4628 4629
f 4371 4629 4372
f 4372 4629 4630
f 4372 4630 4376
f 4376 4630 4631
f 4376 4631 4377
f 4377 4631 4632
f 4377 4632 4378
f 4378 4632 4633
f 4378 4633 4360
f 4360 4633 4634
f 4360 4634 4358
f 4358 4634 4635
f 4358 4635 4356
f 4356 4635 4636
f 4356 4636 4354
f 4354 4636 4637
f 4354 4637 4348
f 4348 4637 4638
f 4348 4638 4346
f 4346 4638 4639
f 4346 4639 4345
f 4345 4639 4640
f 4345 4640 4343
f 4343 4640 4641
f 4343 4641 4342
f 4342 4641 4642
f 4342 4642 4340
f 4340 4642 4643
f 4340 4643 4339
f 4339 4643 4644
f 4339 4644 4337
f 4337 4644 4645
f 4337 4645 4334
f 4334 4645 4646
f 4334 4646 4335
f 4335 4646 4647
f 4335 4647 4383
f 4383 4647 4624
f 4462 4648 4387
f 4387 4648 4649
f 4387 4649 4388
f 4388 4649 4650
f 4388 4650 4390
f 4390 4650 4651
f 4390 4651 4391
f 4391 4651 4652
f 4391 4652 4450
f 4450 4652 4653
f 4450 4653 4451
f 4451 4653 4654
f 4451 4654 4455
f 4455 4654 4655
f 4455 4655 4456
f 4456 4655 4656
f 4456 4656 4457
f 4457 4656 4657
f 4457 4657 4439
f 4439 4657 4658
f 4439 4658 4437
f 4437 4658 4659
f 4437 4659 4435
f 4435 4659 4660
f 4435 4660 4433
f 4433 4660 4661
f 4433 4661 4427
f 4427 4661 4662
f 4427 4662 4425
f 4425 4662 4663
f 4425 4663 4424
f 4424 4663 4664
f 4424 4664 4422
f 4422 4664 4665
f 4422 4665 4421
f 4421 4665 4666
f 4421 4666 4419
f 4419 4666 4667
f 4419 4667 4418
f 4418 4667 4668
f 4418 4668 4416
f 4416 4668 4669
f 4416 4669 4413
f 4413 4669 4670
f 4413 4670 4414
f 4414 4670 4671
f 4414 4671 4462
f 4462 4671 4648
f 4541 4672 4466
f 4466 4672 4673
f 4466 4673 4467
f 4467 4673 4674
f 4467 4674 4469
f 4469 4674 4675
f 4469 4675 4470
f 4470 4675 4676
f 4470 4676 4529
f 4529 4676 4677
f 4529 4677 4530
f 4530 4677 4678
f 4530 4678 4534
f 4534 4678 4679
f 4534 4679 4535
f 4535 4679 4680
f 4535 4680 4536
f 4536 4680 4681
f 4536 4681 4518
f 4518 4681 4682
f 4518 4682 4516
f 4516 4682 4683
f 4516 4683 4514
f 4514 4683 4684
f 4514 4684 4512
f 4512 4684 4685
f 4512 4685 4506
f 4506 4685 4686
f 4506 4686 4504
f 4504 4686 4687
f 4504 4687 4503
f 4503 4687 4688
f 4503 4688 4501
f 4501 4688 4689
f 4501 4689 4500
f 4500 4689 4690
f 4500 4690 4498
f 4498 4690 4691
f 4498 4691 4497
f 4497 4691 4692
f 4497 4692 4495
f 4495 4692 4693
f 4495 4693 4492
f 4492 4693 4694
f 4492 4694 4493
f 4493 4694 4695
f 4493 4695 4541
f 4541 4695 4672
f 4696 4620 4697
f 4697 4620 4572
f 4697 4572 4698
f 4698 4572 4571
f 4698 4571 4699
f 4699 4571 4574
f 4699 4574 4700
f 4700 4574 4576
f 4700 4576 4701
f 4701 4576 4577
f 4701 4577 4702
f 4702 4577 4579
f 4702 4579 4703
f 4703 4579 4580
f 4703 4580 4704
f 4704 4580 4582
f 4704 4582 4705
f 4705 4582 4583
f 4705 4583 4706
f 4706 4583 4585
f 4706 4585 4707
f 4707 4585 4591
f 4707 4591 4708
f 4708 4591 4593
f 4708 4593 4709
f 4709 4593 4595
f 4709 4595 4710
f 4710 4595 4597
f 4710 4597 4711
f 4711 4597 4615
f 4711 4615 4712
f 4712 4615 4614
f 4712 4614 4713
f 4713 4614 4613
f 4713 4613 4714
f 4714 4613 4609
f 4714 4609 4715
f 4715 4609 4608
f 4715 4608 4716
f 4716 4608 4549
f 4716 4549 4717
f 4717 4549 4548
f 4717 4548 4718
f 4718 4548 4546
f 4718 4546 4719
f 4719 4546 4545
f 4719 4545 4696
f 4696 4545 4620
f 4633 4632 4720
f 4721 4722 4723
f 4631 4630 4724
f 4725 4726 4727
f 4629 4628 4728
f 4729 4730 4731
f 4627 4626 4732
f 4733 4734 4735
f 4643 4642 4736
f 4737 4738 4739
f 4738 4740 4741
f 4740 4742 4743
f 4742 4744 4745
f 4636 4635 4746
f 4746 4635 4737
f 4742 4745 4743
f 4743 4745 4747
f 4743 4747 4748
f 4636 4746 4637
f 4637 4746 4749
f 4637 4749 4638
f 4747 4750 4748
f 4748 4750 4751
f 4748 4751 4752
f 4638 4749 4639
f 4639 4749 4753
f 4639 4753 4640
f 4751 4754 4752
f 4752 4754 4755
f 4752 4755 4756
f 4736 4642 4753
f 4753 4642 4641
f 4753 4641 4640
f 4755 4757 4756
f 4756 4757 4758
f 4756 4758 4759
f 4759 4758 4760
f 4759 4760 4761
f 4761 4760 4762
f 4643 4736 4644
f 4644 4736 4763
f 4644 4763 4645
f 4645 4763 4764
f 4645 4764 4646
f 4646 4764 4765
f 4646 4765 4647
f 4647 4765 4766
f 4647 4766 4624
f 4762 4767 4761
f 4761 4767 4768
f 4761 4768 4769
f 4769 4768 4770
f 4769 4770 4771
f 4771 4770 4772
f 4771 4772 4773
f 4740 4743 4741
f 4741 4743 4748
f 4741 4748 4774
f 4774 4748 4752
f 4774 4752 4775
f 4775 4752 4756
f 4775 4756 4776
f 4776 4756 4759
f 4776 4759 4777
f 4777 4759 4761
f 4777 4761 4778
f 4778 4761 4769
f 4778 4769 4779
f 4779 4769 4771
f 4779 4771 4780
f 4780 4771 4773
f 4780 4773 4781
f 4738 4741 4739
f 4739 4741 4774
f 4739 4774 4782
f 4782 4774 4775
f 4782 4775 4783
f 4783 4775 4776
f 4783 4776 4784
f 4784 4776 4777
f 4784 4777 4785
f 4785 4777 4778
f 4785 4778 4786
f 4786 4778 4779
f 4786 4779 4787
f 4787 4779 4780
f 4787 4780 4788
f 4788 4780 4781
f 4788 4781 4789
f 4737 4739 4746
f 4746 4739 4782
f 4746 4782 4749
f 4749 4782 4783
f 4749 4783 4753
f 4753 4783 4784
f 4753 4784 4736
f 4736 4784 4785
f 4736 4785 4763
f 4763 4785 4786
f 4763 4786 4764
f 4764 4786 4787
f 4764 4787 4765
f 4765 4787 4788
f 4765 4788 4766
f 4766 4788 4789
f 4766 4789 4732
f 4732 4626 4766
f 4766 4626 4625
f 4766 4625 4624
f 4733 4735 4790
f 4628 4627 4728
f 4728 4627 4732
f 4728 4732 4791
f 4791 4732 4789
f 4791 4789 4792
f 4792 4789 4781
f 4792 4781 4735
f 4735 4781 4773
f 4735 4773 4790
f 4790 4773 4772
f 4630 4629 4724
f 4724 4629 4728
f 4724 4728 4793
f 4793 4728 4791
f 4793 4791 4794
f 4794 4791 4792
f 4794 4792 4731
f 4731 4792 4735
f 4731 4735 4729
f 4729 4735 4734
f 4632 4631 4720
f 4720 4631 4724
f 4720 4724 4795
f 4795 4724 4793
f 4795 4793 4796
f 4796 4793 4794
f 4796 4794 4727
f 4727 4794 4731
f 4727 4731 4725
f 4725 4731 4730
f 4634 4633 4797
f 4797 4633 4720
f 4797 4720 4798
f 4798 4720 4795
f 4798 4795 4799
f 4799 4795 4796
f 4799 4796 4723
f 4723 4796 4727
f 4723 4727 4721
f 4721 4727 4726
f 4635 4634 4737
f 4737 4634 4797
f 4737 4797 4738
f 4738 4797 4798
f 4738 4798 4740
f 4740 4798 4799
f 4740 4799 4742
f 4742 4799 4723
f 4742 4723 4744
f 4744 4723 4722
f 4657 4656 4800
f 4801 4802 4803
f 4655 4654 4804
f 4805 4806 4807
f 4653 4652 4808
f 4809 4810 4811
f 4651 4650 4812
f 4813 4814 4815
f 4667 4666 4816
f 4817 4818 4819
f 4818 4820 4821
f 4820 4822 4823
f 4822 4824 4825
f 4660 4659 4826
f 4826 4659 4817
f 4822 4825 4823
f 4823 4825 4827
f 4823 4827 4828
f 4660 4826 4661
f 4661 4826 4829
f 4661 4829 4662
f 4827 4830 4828
f 4828 4830 4831
f 4828 4831 4832
f 4662 4829 4663
f 4663 4829 4833
f 4663 4833 4664
f 4831 4834 4832
f 4832 4834 4835
f 4832 4835 4836
f 4816 4666 4833
f 4833 4666 4665
f 4833 4665 4664
f 4835 4837 4836
f 4836 4837 4838
f 4836 4838 4839
f 4839 4838 4840
f 4839 4840 4841
f 4841 4840 4842
f 4667 4816 4668
f 4668 4816 4843
f 4668 4843 4669
f 4669 4843 4844
f 4669 4844 4670
f 4670 4844 4845
f 4670 4845 4671
f 4671 4845 4846
f 4671 4846 4648
f 4842 4847 4841
f 4841 4847 4848
f 4841 4848 4849
f 4849 4848 4850
f 4849 4850 4851
f 4851 4850 4852
f 4851 4852 4853
f 4820 4823 4821
f 4821 4823 4828
f 4821 4828 4854
f 4854 4828 4832
f 4854 4832 4855
f 4855 4832 4836
f 4855 4836 4856
f 4856 4836 4839
f 4856 4839 4857
f 4857 4839 4841
f 4857 4841 4858
f 4858 4841 4849
f 4858 4849 4859
f 4859 4849 4851
f 4859 4851 4860
f 4860 4851 4853
f 4860 4853 4861
f 4818 4821 4819
f 4819 4821 4854
f 4819 4854 4862
f 4862 4854 4855
f 4862 4855 4863
f 4863 4855 4856
f 4863 4856 4864
f 4864 4856 4857
f 4864 4857 4865
f 4865 4857 4858
f 4865 4858 4866
f 4866 4858 4859
f 4866 4859 4867
f 4867 4859 4860
f 4867 4860 4868
f 4868 4860 4861
f 4868 4861 4869
f 4817 4819 4826
f 4826 4819 4862
f 4826 4862 4829
f 4829 4862 4863
f 4829 4863 4833
f 4833 4863 4864
f 4833 4864 4816
f 4816 4864 4865
f 4816 4865 4843
f 4843 4865 4866
f 4843 4866 4844
f 4844 4866 4867
f 4844 4867 4845
f 4845 4867 4868
f 4845 4868 4846
f 4846 4868 4869
f 4846 4869 4812
f 4812 4650 4846
f 4846 4650 4649
f 4846 4649 4648
f 4813 4815 4870
f 4652 4651 4808
f 4808 4651 4812
f 4808 4812 4871
f 4871 4812 4869
f 4871 4869 4872
f 4872 4869 4861
f 4872 4861 4815
f 4815 4861 4853
f 4815 4853 4870
f 4870 4853 4852
f 4654 4653 4804
f 4804 4653 4808
f 4804 4808 4873
f 4873 4808 4871
f 4873 4871 4874
f 4874 4871 4872
f 4874 4872 4811
f 4811 4872 4815
f 4811 4815 4809
f 4809 4815 4814
f 4656 4655 4800
f 4800 4655 4804
f 4800 4804 4875
f 4875 4804 4873
f 4875 4873 4876
f 4876 4873 4874
f 4876 4874 4807
f 4807 4874 4811
f 4807 4811 4805
f 4805 4811 4810
f 4658 4657 4877
f 4877 4657 4800
f 4877 4800 4878
f 4878 4800 4875
f 4878 4875 4879
f 4879 4875 4876
f 4879 4876 4803
f 4803 4876 4807
f 4803 4807 4801
f 4801 4807 4806
f 4659 4658 4817
f 4817 4658 4877
f 4817 4877 4818
f 4818 4877 4878
f 4818 4878 4820
f 4820 4878 4879
f 4820 4879 4822
f 4822 4879 4803
f 4822 4803 4824
f 4824 4803 4802
f 4681 4680 4880
f 4881 4882 4883
f 4679 4678 4884
f 4885 4886 4887
f 4677 4676 4888
f 4889 4890 4891
f 4675 4674 4892
f 4893 4894 4895
f 4691 4690 4896
f 4897 4898 4899
f 4898 4900 4901
f 4900 4902 4903
f 4902 4904 4905
f 4684 4683 4906
f 4906 4683 4897
f 4902 4905 4903
f 4903 4905 4907
f 4903 4907 4908
f 4684 4906 4685
f 4685 4906 4909
f 4685 4909 4686
f 4907 4910 4908
f 4908 4910 4911
f 4908 4911 4912
f 4686 4909 4687
f 4687 4909 4913
f 4687 4913 4688
f 4911 4914 4912
f 4912 4914 4915
f 4912 4915 4916
f 4896 4690 4913
f 4913 4690 4689
f 4913 4689 4688
f 4915 4917 4916
f 4916 4917 4918
f 4916 4918 4919
f 4919 4918 4920
f 4919 4920 4921
f 4921 4920 4922
f 4691 4896 4692
f 4692 4896 4923
f 4692 4923 4693
f 4693 4923 4924
f 4693 4924 4694
f 4694 4924 4925
f 4694 4925 4695
f 4695 4925 4926
f 4695 4926 4672
f 4922 4927 4921
f 4921 4927 4928
f 4921 4928 4929
f 4929 4928 4930
f 4929 4930 4931
f 4931 4930 4932
f 4931 4932 4933
f 4900 4903 4901
f 4901 4903 4908
f 4901 4908 4934
f 4934 4908 4912
f 4934 4912 4935
f 4935 4912 4916
f 4935 4916 4936
f 4936 4916 4919
f 4936 4919 4937
f 4937 4919 4921
f 4937 4921 4938
f 4938 4921 4929
f 4938 4929 4939
f 4939 4929 4931
f 4939 4931 4940
f 4940 4931 4933
f 4940 4933 4941
f 4898 4901 4899
f 4899 4901 4934
f 4899 4934 4942
f 4942 4934 4935
f 4942 4935 4943
f 4943 4935 4936
f 4943 4936 4944
f 4944 4936 4937
f 4944 4937 4945
f 4945 4937 4938
f 4945 4938 4946
f 4946 4938 4939
f 4946 4939 4947
f 4947 4939 4940
f 4947 4940 4948
f 4948 4940 4941
f 4948 4941 4949
f 4897 4899 4906
f 4906 4899 4942
f 4906 4942 4909
f 4909 4942 4943
f 4909 4943 4913
f 4913 4943 4944
f 4913 4944 4896
f 4896 4944 4945
f 4896 4945 4923
f 4923 4945 4946
f 4923 4946 4924
f 4924 4946 4947
f 4924 4947 4925
f 4925 4947 4948
f 4925 4948 4926
f 4926 4948 4949
f 4926 4949 4892
f 4892 4674 4926
f 4926 4674 4673
f 4926 4673 4672
f 4893 4895 4950
f 4676 4675 4888
f 4888 4675 4892
f 4888 4892 4951
f 4951 4892 4949
f 4951 4949 4952
f 4952 4949 4941
f 4952 4941 4895
f 4895 4941 4933
f 4895 4933 4950
f 4950 4933 4932
f 4678 4677 4884
f 4884 4677 4888
f 4884 4888 4953
f 4953 4888 4951
f 4953 4951 4954
f 4954 4951 4952
f 4954 4952 4891
f 4891 4952 4895
f 4891 4895 4889
f 4889 4895 4894
f 4680 4679 4880
f 4880 4679 4884
f 4880 4884 4955
f 4955 4884 4953
f 4955 4953 4956
f 4956 4953 4954
f 4956 4954 4887
f 4887 4954 4891
f 4887 4891 4885
f 4885 4891 4890
f 4682 4681 4957
f 4957 4681 4880
f 4957 4880 4958
f 4958 4880 4955
f 4958 4955 4959
f 4959 4955 4956
f 4959 4956 4883
f 4883 4956 4887
f 4883 4887 4881
f 4881 4887 4886
f 4683 4682 4897
f 4897 4682 4957
f 4897 4957 4898
f 4898 4957 4958
f 4898 4958 4900
f 4900 4958 4959
f 4900 4959 4902
f 4902 4959 4883
f 4902 4883 4904
f 4904 4883 4882
f 4711 4712 4960
f 4961 4962 4963
f 4713 4714 4964
f 4965 4966 4967
f 4715 4716 4968
f 4969 4970 4971
f 4717 4718 4972
f 4973 4974 4975
f 4976 4977 4978
f 4977 4979 4980
f 4979 4981 4982
f 4981 4983 4984
f 4709 4976 4985
f 4981 4984 4982
f 4982 4984 4986
f 4982 4986 4987
f 4988 4707 4985
f 4985 4707 4708
f 4985 4708 4709
f 4986 4989 4987
f 4987 4989 4990
f 4987 4990 4991
f 4992 4705 4988
f 4988 4705 4706
f 4988 4706 4707
f 4990 4993 4991
f 4991 4993 4994
f 4991 4994 4995
f 4701 4702 4996
f 4996 4702 4703
f 4996 4703 4992
f 4992 4703 4704
f 4992 4704 4705
f 4994 4997 4995
f 4995 4997 4998
f 4995 4998 4999
f 4999 4998 5000
f 4999 5000 5001
f 5001 5000 5002
f 4701 4996 4700
f 4700 4996 5003
f 4700 5003 4699
f 4699 5003 5004
f 4699 5004 4698
f 4698 5004 5005
f 4698 5005 4697
f 4697 5005 5006
f 4697 5006 4696
f 5002 5007 5001
f 5001 5007 5008
f 5001 5008 5009
f 5009 5008 5010
f 5009 5010 5011
f 5011 5010 5012
f 5011 5012 5013
f 4979 4982 4980
f 4980 4982 4987
f 4980 4987 5014
f 5014 4987 4991
f 5014 4991 5015
f 5015 4991 4995
f 5015 4995 5016
f 5016 4995 4999
f 5016 4999 5017
f 5017 4999 5001
f 5017 5001 5018
f 5018 5001 5009
f 5018 5009 5019
f 5019 5009 5011
f 5019 5011 5020
f 5020 5011 5013
f 5020 5013 5021
f 4977 4980 4978
f 4978 4980 5014
f 4978 5014 5022
f 5022 5014 5015
f 5022 5015 5023
f 5023 5015 5016
f 5023 5016 5024
f 5024 5016 5017
f 5024 5017 5025
f 5025 5017 5018
f 5025 5018 5026
f 5026 5018 5019
f 5026 5019 5027
f 5027 5019 5020
f 5027 5020 5028
f 5028 5020 5021
f 5028 5021 5029
f 4976 4978 4985
f 4985 4978 5022
f 4985 5022 4988
f 4988 5022 5023
f 4988 5023 4992
f 4992 5023 5024
f 4992 5024 4996
f 4996 5024 5025
f 4996 5025 5003
f 5003 5025 5026
f 5003 5026 5004
f 5004 5026 5027
f 5004 5027 5005
f 5005 5027 5028
f 5005 5028 5006
f 5006 5028 5029
f 5006 5029 4972
f 4972 4718 5006
f 5006 4718 4719
f 5006 4719 4696
f 4973 4975 5030
f 4716 4717 4968
f 4968 4717 4972
f 4968 4972 5031
f 5031 4972 5029
f 5031 5029 5032
f 5032 5029 5021
f 5032 5021 4975
f 4975 5021 5013
f 4975 5013 5030
f 5030 5013 5012
f 4714 4715 4964
f 4964 4715 4968
f 4964 4968 5033
f 5033 4968 5031
f 5033 5031 5034
f 5034 5031 5032
f 5034 5032 4971
f 4971 5032 4975
f 4971 4975 4969
f 4969 4975 4974
f 4712 4713 4960
f 4960 4713 4964
f 4960 4964 5035
f 5035 4964 5033
f 5035 5033 5036
f 5036 5033 5034
f 5036 5034 4967
f 4967 5034 4971
f 4967 4971 4965
f 4965 4971 4970
f 4710 4711 5037
f 5037 4711 4960
f 5037 4960 5038
f 5038 4960 5035
f 5038 5035 5039
f 5039 5035 5036
f 5039 5036 4963
f 4963 5036 4967
f 4963 4967 4961
f 4961 4967 4966
f 4709 4710 4976
f 4976 4710 5037
f 4976 5037 4977
f 4977 5037 5038
f 4977 5038 4979
f 4979 5038 5039
f 4979 5039 4981
f 4981 5039 4963
f 4981 4963 4983
f 4983 4963 4962
f 4768 5040 4770
f 4770 5040 5041
f 4770 5041 4772
f 4772 5041 5042
f 4772 5042 4790
f 4790 5042 5043
f 4790 5043 4733
f 4733 5043 5044
f 4733 5044 4734
f 4734 5044 5045
f 4734 5045 4729
f 4729 5045 5046
f 4729 5046 4730
f 4730 5046 5047
f 4730 5047 4725
f 4725 5047 5048
f 4725 5048 4726
f 4726 5048 5049
f 4726 5049 4721
f 4721 5049 5050
f 4721 5050 4722
f 4722 5050 5051
f 4722 5051 4744
f 5051 5052 4744
f 4744 5052 5053
f 4744 5053 4745
f 4745 5053 5054
f 4745 5054 4747
f 4747 5054 5055
f 4747 5055 4750
f 4750 5055 5056
f 4750 5056 4751
f 4751 5056 5057
f 4751 5057 4754
f 4754 5057 5058
f 4754 5058 4755
f 4755 5058 5059
f 4755 5059 4757
f 4757 5059 5060
f 4757 5060 4758
f 4758 5060 5061
f 4758 5061 4760
f 4760 5061 5062
f 4760 5062 4762
f 4762 5062 5063
f 4762 5063 4767
f 4767 5063 5064
f 4767 5064 4768
f 4768 5064 5065
f 4768 5065 5040
f 4848 5066 4850
f 4850 5066 5067
f 4850 5067 4852
f 4852 5067 5068
f 4852 5068 4870
f 4870 5068 5069
f 4870 5069 4813
f 4813 5069 5070
f 4813 5070 4814
f 4814 5070 5071
f 4814 5071 4809
f 4809 5071 5072
f 4809 5072 4810
f 4810 5072 5073
f 4810 5073 4805
f 4805 5073 5074
f 4805 5074 4806
f 4806 5074 5075
f 4806 5075 4801
f 4801 5075 5076
f 4801 5076 4802
f 4802 5076 5077
f 4802 5077 4824
f 5077 5078 4824
f 4824 5078 5079
f 4824 5079 4825
f 4825 5079 5080
f 4825 5080 4827
f 4827 5080 5081
f 4827 5081 4830
f 4830 5081 5082
f 4830 5082 4831
f 4831 5082 5083
f 4831 5083 4834
f 4834 5083 5084
f 4834 5084 4835
f 4835 5084 5085
f 4835 5085 4837
f 4837 5085 5086
f 4837 5086 4838
f 4838 5086 5087
f 4838 5087 4840
f 4840 5087 5088
f 4840 5088 4842
f 4842 5088 5089
f 4842 5089 4847
f 4847 5089 5090
f 4847 5090 4848
f 4848 5090 5091
f 4848 5091 5066
f 4928 5092 4930
f 4930 5092 5093
f 4930 5093 4932
f 4932 5093 5094
f 4932 5094 4950
f 4950 5094 5095
f 4950 5095 4893
f 4893 5095 5096
f 4893 5096 4894
f 4894 5096 5097
f 4894 5097 4889
f 4889 5097 5098
f 4889 5098 4890
f 4890 5098 5099
f 4890 5099 4885
f 4885 5099 5100
f 4885 5100 4886
f 4886 5100 5101
f 4886 5101 4881
f 4881 5101 5102
f 4881 5102 4882
f 4882 5102 5103
f 4882 5103 4904
f 5103 5104 4904
f 4904 5104 5105
f 4904 5105 4905
f 4905 5105 5106
f 4905 5106 4907
f 4907 5106 5107
f 4907 5107 4910
f 4910 5107 5108
f 4910 5108 4911
f 4911 5108 5109
f 4911 5109 4914
f 4914 5109 5110
f 4914 5110 4915
f 4915 5110 5111
f 4915 5111 4917
f 4917 5111 5112
f 4917 5112 4918
f 4918 5112 5113
f 4918 5113 4920
f 4920 5113 5114
f 4920 5114 4922
f 4922 5114 5115
f 4922 5115 4927
f 4927 5115 5116
f 4927 5116 4928
f 4928 5116 5117
f 4928 5117 5092
f 5008 5118 5010
f 5010 5118 5119
f 5010 5119 5012
f 5012 5119 5120
f 5012 5120 5030
f 5030 5120 5121
f 5030 5121 4973
f 4973 5121 5122
f 4973 5122 4974
f 4974 5122 5123
f 4974 5123 4969
f 4969 5123 5124
f 4969 5124 4970
f 4970 5124 5125
f 4970 5125 4965
f 4965 5125 5126
f 4965 5126 4966
f 4966 5126 5127
f 4966 5127 4961
f 4961 5127 5128
f 4961 5128 4962
f 4962 5128 5129
f 4962 5129 4983
f 5129 5130 4983
f 4983 5130 5131
f 4983 5131 4984
f 4984 5131 5132
f 4984 5132 4986
f 4986 5132 5133
f 4986 5133 4989
f 4989 5133 5134
f 4989 5134 4990
f 4990 5134 5135
f 4990 5135 4993
f 4993 5135 5136
f 4993 5136 4994
f 4994 5136 5137
f 4994 5137 4997
f 4997 5137 5138
f 4997 5138 4998
f 4998 5138 5139
f 4998 5139 5000
f 5000 5139 5140
f 5000 5140 5002
f 5002 5140 5141
f 5002 5141 5007
f 5007 5141 5142
f 5007 5142 5008
f 5008 5142 5143
f 5008 5143 5118
f 5144 5145 5044
f 5044 5146 5045
f 5045 5146 5046
f 5147 5148 5146
f 5146 5148 5149
f 5146 5149 5046
f 5147 5145 5150
f 5150 5145 5144
f 5150 5144 5151
f 5152 5153 5154
f 5154 5153 5155
f 5154 5155 5156
f 5157 5158 5159
f 5159 5158 5160
f 5161 5162 5159
f 5159 5162 5163
f 5159 5163 5157
f 5164 5165 5166
f 5059 5165 5060
f 5060 5165 5164
f 5060 5164 5061
f 5061 5164 5167
f 5061 5167 5062
f 5168 5064 5167
f 5167 5064 5063
f 5167 5063 5062
f 5043 5042 5169
f 5169 5042 5041
f 5169 5041 5170
f 5170 5041 5040
f 5170 5040 5168
f 5168 5040 5065
f 5168 5065 5064
f 5044 5171 5144
f 5144 5171 5153
f 5144 5153 5151
f 5151 5153 5152
f 5151 5152 5150
f 5147 5146 5145
f 5145 5146 5044
f 5044 5172 5171
f 5171 5172 5173
f 5171 5173 5153
f 5153 5173 5160
f 5153 5160 5155
f 5155 5160 5158
f 5155 5158 5156
f 5044 5169 5174
f 5174 5169 5170
f 5174 5170 5175
f 5175 5170 5168
f 5175 5168 5176
f 5176 5168 5167
f 5176 5167 5177
f 5177 5167 5164
f 5177 5164 5178
f 5178 5164 5166
f 5178 5166 5179
f 5044 5174 5172
f 5172 5174 5175
f 5172 5175 5173
f 5173 5175 5176
f 5173 5176 5160
f 5160 5176 5177
f 5160 5177 5159
f 5159 5177 5178
f 5159 5178 5161
f 5161 5178 5179
f 5161 5179 5162
f 5043 5169 5044
f 5180 5181 5057
f 5057 5182 5058
f 5181 5166 5165
f 5166 5181 5179
f 5179 5181 5180
f 5179 5180 5183
f 5162 5184 5163
f 5163 5184 5185
f 5163 5185 5157
f 5154 5156 5186
f 5186 5156 5158
f 5186 5158 5187
f 5154 5186 5152
f 5152 5186 5188
f 5152 5188 5150
f 5189 5147 5150
f 5149 5148 5190
f 5190 5148 5147
f 5046 5149 5047
f 5047 5149 5190
f 5047 5190 5048
f 5048 5190 5191
f 5048 5191 5049
f 5192 5051 5191
f 5191 5051 5050
f 5191 5050 5049
f 5193 5054 5194
f 5194 5054 5053
f 5194 5053 5192
f 5192 5053 5052
f 5192 5052 5051
f 5057 5056 5193
f 5193 5056 5055
f 5193 5055 5054
f 5057 5195 5180
f 5180 5195 5184
f 5180 5184 5183
f 5183 5184 5162
f 5183 5162 5179
f 5059 5058 5165
f 5165 5058 5182
f 5165 5182 5181
f 5181 5182 5057
f 5057 5196 5195
f 5195 5196 5197
f 5195 5197 5184
f 5184 5197 5187
f 5184 5187 5185
f 5185 5187 5158
f 5185 5158 5157
f 5147 5189 5190
f 5190 5189 5198
f 5190 5198 5191
f 5191 5198 5199
f 5191 5199 5192
f 5192 5199 5200
f 5192 5200 5194
f 5194 5200 5201
f 5194 5201 5193
f 5193 5201 5057
f 5150 5188 5189
f 5189 5188 5186
f 5189 5186 5198
f 5198 5186 5187
f 5198 5187 5199
f 5199 5187 5197
f 5199 5197 5200
f 5200 5197 5196
f 5200 5196 5201
f 5201 5196 5057
f 5202 5203 5070
f 5070 5204 5071
f 5071 5204 5072
f 5205 5206 5204
f 5204 5206 5207
f 5204 5207 5072
f 5205 5203 5208
f 5208 5203 5202
f 5208 5202 5209
f 5210 5211 5212
f 5212 5211 5213
f 5212 5213 5214
f 5215 5216 5217
f 5217 5216 5218
f 5219 5220 5217
f 5217 5220 5221
f 5217 5221 5215
f 5222 5223 5224
f 5085 5223 5086
f 5086 5223 5222
f 5086 5222 5087
f 5087 5222 5225
f 5087 5225 5088
f 5226 5090 5225
f 5225 5090 5089
f 5225 5089 5088
f 5069 5068 5227
f 5227 5068 5067
f 5227 5067 5228
f 5228 5067 5066
f 5228 5066 5226
f 5226 5066 5091
f 5226 5091 5090
f 5070 5229 5202
f 5202 5229 5211
f 5202 5211 5209
f 5209 5211 5210
f 5209 5210 5208
f 5205 5204 5203
f 5203 5204 5070
f 5070 5230 5229
f 5229 5230 5231
f 5229 5231 5211
f 5211 5231 5218
f 5211 5218 5213
f 5213 5218 5216
f 5213 5216 5214
f 5070 5227 5232
f 5232 5227 5228
f 5232 5228 5233
f 5233 5228 5226
f 5233 5226 5234
f 5234 5226 5225
f 5234 5225 5235
f 5235 5225 5222
f 5235 5222 5236
f 5236 5222 5224
f 5236 5224 5237
f 5070 5232 5230
f 5230 5232 5233
f 5230 5233 5231
f 5231 5233 5234
f 5231 5234 5218
f 5218 5234 5235
f 5218 5235 5217
f 5217 5235 5236
f 5217 5236 5219
f 5219 5236 5237
f 5219 5237 5220
f 5069 5227 5070
f 5238 5239 5083
f 5083 5240 5084
f 5239 5224 5223
f 5224 5239 5237
f 5237 5239 5238
f 5237 5238 5241
f 5220 5242 5221
f 5221 5242 5243
f 5221 5243 5215
f 5212 5214 5244
f 5244 5214 5216
f 5244 5216 5245
f 5212 5244 5210
f 5210 5244 5246
f 5210 5246 5208
f 5247 5205 5208
f 5207 5206 5248
f 5248 5206 5205
f 5072 5207 5073
f 5073 5207 5248
f 5073 5248 5074
f 5074 5248 5249
f 5074 5249 5075
f 5250 5077 5249
f 5249 5077 5076
f 5249 5076 5075
f 5251 5080 5252
f 5252 5080 5079
f 5252 5079 5250
f 5250 5079 5078
f 5250 5078 5077
f 5083 5082 5251
f 5251 5082 5081
f 5251 5081 5080
f 5083 5253 5238
f 5238 5253 5242
f 5238 5242 5241
f 5241 5242 5220
f 5241 5220 5237
f 5085 5084 5223
f 5223 5084 5240
f 5223 5240 5239
f 5239 5240 5083
f 5083 5254 5253
f 5253 5254 5255
f 5253 5255 5242
f 5242 5255 5245
f 5242 5245 5243
f 5243 5245 5216
f 5243 5216 5215
f 5205 5247 5248
f 5248 5247 5256
f 5248 5256 5249
f 5249 5256 5257
f 5249 5257 5250
f 5250 5257 5258
f 5250 5258 5252
f 5252 5258 5259
f 5252 5259 5251
f 5251 5259 5083
f 5208 5246 5247
f 5247 5246 5244
f 5247 5244 5256
f 5256 5244 5245
f 5256 5245 5257
f 5257 5245 5255
f 5257 5255 5258
f 5258 5255 5254
f 5258 5254 5259
f 5259 5254 5083
f 5260 5261 5096
f 5096 5262 5097
f 5097 5262 5098
f 5263 5264 5262
f 5262 5264 5265
f 5262 5265 5098
f 5263 5261 5266
f 5266 5261 5260
f 5266 5260 5267
f 5268 5269 5270
f 5270 5269 5271
f 5270 5271 5272
f 5273 5274 5275
f 5275 5274 5276
f 5277 5278 5275
f 5275 5278 5279
f 5275 5279 5273
f 5280 5281 5282
f 5111 5281 5112
f 5112 5281 5280
f 5112 5280 5113
f 5113 5280 5283
f 5113 5283 5114
f 5284 5116 5283
f 5283 5116 5115
f 5283 5115 5114
f 5095 5094 5285
f 5285 5094 5093
f 5285 5093 5286
f 5286 5093 5092
f 5286 5092 5284
f 5284 5092 5117
f 5284 5117 5116
f 5096 5287 5260
f 5260 5287 5269
f 5260 5269 5267
f 5267 5269 5268
f 5267 5268 5266
f 5263 5262 5261
f 5261 5262 5096
f 5096 5288 5287
f 5287 5288 5289
f 5287 5289 5269
f 5269 5289 5276
f 5269 5276 5271
f 5271 5276 5274
f 5271 5274 5272
f 5096 5285 5290
f 5290 5285 5286
f 5290 5286 5291
f 5291 5286 5284
f 5291 5284 5292
f 5292 5284 5283
f 5292 5283 5293
f 5293 5283 5280
f 5293 5280 5294
f 5294 5280 5282
f 5294 5282 5295
f 5096 5290 5288
f 5288 5290 5291
f 5288 5291 5289
f 5289 5291 5292
f 5289 5292 5276
f 5276 5292 5293
f 5276 5293 5275
f 5275 5293 5294
f 5275 5294 5277
f 5277 5294 5295
f 5277 5295 5278
f 5095 5285 5096
f 5296 5297 5109
f 5109 5298 5110
f 5297 5282 5281
f 5282 5297 5295
f 5295 5297 5296
f 5295 5296 5299
f 5278 5300 5279
f 5279 5300 5301
f 5279 5301 5273
f 5270 5272 5302
f 5302 5272 5274
f 5302 5274 5303
f 5270 5302 5268
f 5268 5302 5304
f 5268 5304 5266
f 5305 5263 5266
f 5265 5264 5306
f 5306 5264 5263
f 5098 5265 5099
f 5099 5265 5306
f 5099 5306 5100
f 5100 5306 5307
f 5100 5307 5101
f 5308 5103 5307
f 5307 5103 5102
f 5307 5102 5101
f 5309 5106 5310
f 5310 5106 5105
f 5310 5105 5308
f 5308 5105 5104
f 5308 5104 5103
f 5109 5108 5309
f 5309 5108 5107
f 5309 5107 5106
f 5109 5311 5296
f 5296 5311 5300
f 5296 5300 5299
f 5299 5300 5278
f 5299 5278 5295
f 5111 5110 5281
f 5281 5110 5298
f 5281 5298 5297
f 5297 5298 5109
f 5109 5312 5311
f 5311 5312 5313
f 5311 5313 5300
f 5300 5313 5303
f 5300 5303 5301
f 5301 5303 5274
f 5301 5274 5273
f 5263 5305 5306
f 5306 5305 5314
f 5306 5314 5307
f 5307 5314 5315
f 5307 5315 5308
f 5308 5315 5316
f 5308 5316 5310
f 5310 5316 5317
f 5310 5317 5309
f 5309 5317 5109
f 5266 5304 5305
f 5305 5304 5302
f 5305 5302 5314
f 5314 5302 5303
f 5314 5303 5315
f 5315 5303 5313
f 5315 5313 5316
f 5316 5313 5312
f 5316 5312 5317
f 5317 5312 5109
f 5318 5319 5122
f 5122 5320 5123
f 5123 5320 5124
f 5321 5322 5320
f 5320 5322 5323
f 5320 5323 5124
f 5321 5319 5324
f 5324 5319 5318
f 5324 5318 5325
f 5326 5327 5328
f 5328 5327 5329
f 5328 5329 5330
f 5331 5332 5333
f 5333 5332 5334
f 5335 5336 5333
f 5333 5336 5337
f 5333 5337 5331
f 5338 5339 5340
f 5137 5339 5138
f 5138 5339 5338
f 5138 5338 5139
f 5139 5338 5341
f 5139 5341 5140
f 5342 5142 5341
f 5341 5142 5141
f 5341 5141 5140
f 5121 5120 5343
f 5343 5120 5119
f 5343 5119 5344
f 5344 5119 5118
f 5344 5118 5342
f 5342 5118 5143
f 5342 5143 5142
f 5122 5345 5318
f 5318 5345 5327
f 5318 5327 5325
f 5325 5327 5326
f 5325 5326 5324
f 5321 5320 5319
f 5319 5320 5122
f 5122 5346 5345
f 5345 5346 5347
f 5345 5347 5327
f 5327 5347 5334
f 5327 5334 5329
f 5329 5334 5332
f 5329 5332 5330
f 5122 5343 5348
f 5348 5343 5344
f 5348 5344 5349
f 5349 5344 5342
f 5349 5342 5350
f 5350 5342 5341
f 5350 5341 5351
f 5351 5341 5338
f 5351 5338 5352
f 5352 5338 5340
f 5352 5340 5353
f 5122 5348 5346
f 5346 5348 5349
f 5346 5349 5347
f 5347 5349 5350
f 5347 5350 5334
f 5334 5350 5351
f 5334 5351 5333
f 5333 5351 5352
f 5333 5352 5335
f 5335 5352 5353
f 5335 5353 5336
f 5121 5343 5122
f 5354 5355 5135
f 5135 5356 5136
f 5355 5340 5339
f 5340 5355 5353
f 5353 5355 5354
f 5353 5354 5357
f 5336 5358 5337
f 5337 5358 5359
f 5337 5359 5331
f 5328 5330 5360
f 5360 5330 5332
f 5360 5332 5361
f 5328 5360 5326
f 5326 5360 5362
f 5326 5362 5324
f 5363 5321 5324
f 5323 5322 5364
f 5364 5322 5321
f 5124 5323 5125
f 5125 5323 5364
f 5125 5364 5126
f 5126 5364 5365
f 5126 5365 5127
f 5366 5129 5365
f 5365 5129 5128
f 5365 5128 5127
f 5367 5132 5368
f 5368 5132 5131
f 5368 5131 5366
f 5366 5131 5130
f 5366 5130 5129
f 5135 5134 5367
f 5367 5134 5133
f 5367 5133 5132
f 5135 5369 5354
f 5354 5369 5358
f 5354 5358 5357
f 5357 5358 5336
f 5357 5336 5353
f 5137 5136 5339
f 5339 5136 5356
f 5339 5356 5355
f 5355 5356 5135
f 5135 5370 5369
f 5369 5370 5371
f 5369 5371 5358
f 5358 5371 5361
f 5358 5361 5359
f 5359 5361 5332
f 5359 5332 5331
f 5321 5363 5364
f 5364 5363 5372
f 5364 5372 5365
f 5365 5372 5373
f 5365 5373 5366
f 5366 5373 5374
f 5366 5374 5368
f 5368 5374 5375
f 5368 5375 5367
f 5367 5375 5135
f 5324 5362 5363
f 5363 5362 5360
f 5363 5360 5372
f 5372 5360 5361
f 5372 5361 5373
f 5373 5361 5371
f 5373 5371 5374
f 5374 5371 5370
f 5374 5370 5375
f 5375 5370 5135
f 5376 5377 5378
f 5376 5378 5379
f 5379 5378 5380
f 5379 5380 5381
f 5381 5380 5382
f 5381 5382 5383
f 5383 5384 5381
f 5381 5384 5385
f 5381 5385 5386
f 5386 5385 5387
f 5386 5387 5388
f 5388 5387 5389
f 5388 5389 5390
f 5390 5391 5388
f 5388 5391 5392
f 5388 5392 5393
f 5392 5394 5393
f 5393 5394 5395
f 5393 5395 5396
f 5395 5397 5396
f 5396 5397 5398
f 5396 5398 5399
f 5399 5398 5400
f 5399 5400 5401
f 5401 5402 5399
f 5399 5402 5403
f 5399 5403 5404
f 5405 5406 5407
f 5407 5406 5404
f 5407 5404 5408
f 5408 5404 5403
f 5405 5409 5406
f 5406 5409 5410
f 5406 5410 5411
f 5410 5412 5411
f 5411 5412 5413
f 5411 5413 5414
f 5415 5416 5417
f 5417 5416 5414
f 5417 5414 5418
f 5418 5414 5413
f 5415 5419 5416
f 5416 5419 5420
f 5416 5420 5421
f 5422 5423 5424
f 5424 5423 5421
f 5424 5421 5425
f 5425 5421 5420
f 5422 5426 5423
f 5423 5426 5427
f 5423 5427 5428
f 5427 5429 5428
f 5428 5429 5430
f 5428 5430 5431
f 5430 5432 5431
f 5431 5432 5433
f 5431 5433 5434
f 5434 5433 5435
f 5434 5435 5436
f 5437 5438 5439
f 5439 5438 5436
f 5439 5436 5440
f 5440 5436 5435
f 5437 5441 5438
f 5438 5441 5442
f 5438 5442 5443
f 5442 5444 5443
f 5443 5444 5445
f 5443 5445 5376
f 5376 5445 5446
f 5376 5446 5377
f 5447 5448 5449
f 5449 5448 5400
f 5450 5451 5400
f 5452 5453 5454
f 5455 5456 5457
f 5458 5459 5460
f 5408 5403 5461
f 5461 5403 5402
f 5461 5402 5462
f 5462 5402 5401
f 5462 5401 5400
f 5408 5461 5407
f 5407 5461 5463
f 5407 5463 5405
f 5405 5463 5464
f 5405 5464 5409
f 5409 5464 5465
f 5409 5465 5410
f 5419 5415 5466
f 5466 5415 5417
f 5466 5417 5467
f 5467 5417 5418
f 5467 5418 5468
f 5468 5418 5413
f 5468 5413 5465
f 5465 5413 5412
f 5465 5412 5410
f 5419 5466 5420
f 5420 5466 5469
f 5420 5469 5425
f 5425 5469 5470
f 5425 5470 5424
f 5424 5470 5471
f 5424 5471 5422
f 5472 5427 5471
f 5471 5427 5426
f 5471 5426 5422
f 5473 5474 5475
f 5476 5477 5478
f 5478 5477 5479
f 5478 5479 5474
f 5480 5481 5482
f 5483 5484 5485
f 5485 5484 5486
f 5485 5486 5487
f 5488 5489 5460
f 5460 5489 5490
f 5460 5490 5458
f 5491 5492 5488
f 5488 5492 5493
f 5488 5493 5489
f 5452 5454 5494
f 5494 5454 5395
f 5494 5395 5394
f 5397 5495 5398
f 5398 5495 5400
f 5450 5400 5495
f 5397 5395 5495
f 5495 5395 5454
f 5495 5454 5450
f 5450 5454 5453
f 5450 5453 5451
f 5496 5497 5498
f 5498 5497 5499
f 5498 5499 5500
f 5400 5496 5501
f 5501 5496 5498
f 5501 5498 5502
f 5502 5498 5500
f 5502 5500 5503
f 5503 5500 5504
f 5503 5504 5505
f 5506 5447 5507
f 5507 5447 5449
f 5507 5449 5508
f 5508 5449 5400
f 5457 5456 5505
f 5505 5456 5509
f 5505 5509 5503
f 5503 5509 5510
f 5503 5510 5502
f 5502 5510 5511
f 5502 5511 5501
f 5501 5511 5400
f 5452 5499 5453
f 5453 5499 5497
f 5453 5497 5451
f 5451 5497 5496
f 5451 5496 5400
f 5512 5506 5513
f 5513 5506 5507
f 5513 5507 5514
f 5514 5507 5508
f 5514 5508 5515
f 5515 5508 5400
f 5516 5517 5455
f 5455 5517 5518
f 5455 5518 5456
f 5456 5518 5519
f 5456 5519 5509
f 5509 5519 5520
f 5509 5520 5510
f 5510 5520 5521
f 5510 5521 5511
f 5511 5521 5400
f 5517 5512 5518
f 5518 5512 5513
f 5518 5513 5519
f 5519 5513 5514
f 5519 5514 5520
f 5520 5514 5515
f 5520 5515 5521
f 5521 5515 5400
f 5522 5491 5523
f 5523 5491 5488
f 5523 5488 5524
f 5524 5488 5460
f 5524 5460 5525
f 5525 5460 5459
f 5525 5459 5483
f 5483 5459 5526
f 5483 5526 5484
f 5527 5522 5528
f 5528 5522 5523
f 5528 5523 5529
f 5529 5523 5524
f 5529 5524 5530
f 5530 5524 5525
f 5530 5525 5531
f 5531 5525 5483
f 5531 5483 5532
f 5532 5483 5485
f 5532 5485 5533
f 5533 5485 5487
f 5533 5487 5480
f 5480 5487 5534
f 5480 5534 5481
f 5535 5527 5536
f 5536 5527 5528
f 5536 5528 5537
f 5537 5528 5529
f 5537 5529 5538
f 5538 5529 5530
f 5538 5530 5539
f 5539 5530 5531
f 5539 5531 5540
f 5540 5531 5532
f 5540 5532 5541
f 5541 5532 5533
f 5541 5533 5542
f 5542 5533 5480
f 5542 5480 5543
f 5543 5480 5482
f 5543 5482 5544
f 5544 5482 5545
f 5544 5545 5546
f 5547 5535 5548
f 5548 5535 5536
f 5548 5536 5549
f 5549 5536 5537
f 5549 5537 5550
f 5550 5537 5538
f 5550 5538 5551
f 5551 5538 5539
f 5551 5539 5552
f 5552 5539 5540
f 5552 5540 5553
f 5553 5540 5541
f 5553 5541 5554
f 5554 5541 5542
f 5554 5542 5555
f 5555 5542 5543
f 5555 5543 5556
f 5556 5543 5544
f 5556 5544 5476
f 5476 5544 5546
f 5476 5546 5477
f 5474 5557 5478
f 5478 5557 5558
f 5478 5558 5476
f 5476 5558 5559
f 5476 5559 5556
f 5556 5559 5560
f 5556 5560 5555
f 5555 5560 5561
f 5555 5561 5554
f 5554 5561 5562
f 5554 5562 5553
f 5553 5562 5563
f 5553 5563 5552
f 5552 5563 5564
f 5552 5564 5551
f 5551 5564 5565
f 5551 5565 5550
f 5550 5565 5566
f 5550 5566 5549
f 5549 5566 5567
f 5549 5567 5548
f 5548 5567 5568
f 5548 5568 5547
f 5547 5568 5400
f 5474 5473 5557
f 5557 5473 5569
f 5557 5569 5558
f 5558 5569 5570
f 5558 5570 5559
f 5559 5570 5571
f 5559 5571 5560
f 5560 5571 5572
f 5560 5572 5561
f 5561 5572 5573
f 5561 5573 5562
f 5562 5573 5574
f 5562 5574 5563
f 5563 5574 5575
f 5563 5575 5564
f 5564 5575 5576
f 5564 5576 5565
f 5565 5576 5577
f 5565 5577 5566
f 5566 5577 5578
f 5566 5578 5567
f 5567 5578 5579
f 5567 5579 5568
f 5568 5579 5400
f 5516 5492 5517
f 5517 5492 5491
f 5517 5491 5512
f 5512 5491 5522
f 5512 5522 5506
f 5506 5522 5527
f 5506 5527 5447
f 5447 5527 5535
f 5447 5535 5448
f 5448 5535 5547
f 5448 5547 5400
f 5429 5427 5475
f 5475 5427 5472
f 5475 5472 5473
f 5473 5472 5471
f 5473 5471 5569
f 5569 5471 5470
f 5569 5470 5570
f 5570 5470 5469
f 5570 5469 5571
f 5571 5469 5466
f 5571 5466 5572
f 5572 5466 5467
f 5572 5467 5573
f 5573 5467 5468
f 5573 5468 5574
f 5574 5468 5465
f 5574 5465 5575
f 5575 5465 5464
f 5575 5464 5576
f 5576 5464 5463
f 5576 5463 5577
f 5577 5463 5461
f 5577 5461 5578
f 5578 5461 5462
f 5578 5462 5579
f 5579 5462 5400
f 5580 5581 5582
f 5582 5581 5435
f 5583 5584 5435
f 5583 5435 5585
f 5586 5585 5435
f 5587 5588 5589
f 5546 5587 5477
f 5526 5459 5590
f 5493 5492 5591
f 5455 5457 5592
f 5441 5437 5593
f 5593 5437 5439
f 5593 5439 5594
f 5594 5439 5440
f 5594 5440 5435
f 5441 5593 5442
f 5442 5593 5595
f 5442 5595 5444
f 5444 5595 5596
f 5444 5596 5445
f 5445 5596 5597
f 5445 5597 5446
f 5384 5383 5598
f 5598 5383 5382
f 5598 5382 5599
f 5599 5382 5380
f 5599 5380 5600
f 5600 5380 5378
f 5600 5378 5597
f 5597 5378 5377
f 5597 5377 5446
f 5384 5598 5385
f 5385 5598 5601
f 5385 5601 5387
f 5387 5601 5602
f 5387 5602 5389
f 5389 5602 5603
f 5389 5603 5390
f 5604 5392 5603
f 5603 5392 5391
f 5603 5391 5390
f 5605 5452 5494
f 5606 5504 5607
f 5607 5504 5500
f 5607 5500 5499
f 5608 5490 5591
f 5591 5490 5489
f 5591 5489 5493
f 5609 5487 5610
f 5610 5487 5486
f 5610 5486 5590
f 5590 5486 5484
f 5590 5484 5526
f 5481 5611 5482
f 5482 5611 5545
f 5477 5587 5479
f 5587 5589 5479
f 5479 5589 5612
f 5479 5612 5474
f 5612 5613 5474
f 5474 5613 5614
f 5474 5614 5475
f 5475 5614 5430
f 5475 5430 5429
f 5432 5615 5433
f 5433 5615 5435
f 5586 5435 5615
f 5432 5430 5615
f 5615 5430 5614
f 5615 5614 5586
f 5586 5614 5613
f 5586 5613 5585
f 5585 5613 5612
f 5585 5612 5583
f 5583 5612 5589
f 5583 5589 5584
f 5584 5589 5588
f 5616 5580 5617
f 5617 5580 5582
f 5617 5582 5618
f 5618 5582 5435
f 5545 5611 5546
f 5546 5611 5619
f 5546 5619 5587
f 5587 5619 5620
f 5587 5620 5588
f 5588 5620 5621
f 5588 5621 5584
f 5584 5621 5435
f 5622 5616 5623
f 5623 5616 5617
f 5623 5617 5624
f 5624 5617 5618
f 5624 5618 5625
f 5625 5618 5435
f 5534 5626 5481
f 5481 5626 5627
f 5481 5627 5611
f 5611 5627 5628
f 5611 5628 5619
f 5619 5628 5629
f 5619 5629 5620
f 5620 5629 5630
f 5620 5630 5621
f 5621 5630 5435
f 5626 5622 5627
f 5627 5622 5623
f 5627 5623 5628
f 5628 5623 5624
f 5628 5624 5629
f 5629 5624 5625
f 5629 5625 5630
f 5630 5625 5435
f 5631 5609 5632
f 5632 5609 5610
f 5632 5610 5633
f 5633 5610 5590
f 5633 5590 5634
f 5634 5590 5459
f 5634 5459 5608
f 5608 5459 5458
f 5608 5458 5490
f 5635 5631 5636
f 5636 5631 5632
f 5636 5632 5637
f 5637 5632 5633
f 5637 5633 5638
f 5638 5633 5634
f 5638 5634 5639
f 5639 5634 5608
f 5639 5608 5640
f 5640 5608 5591
f 5640 5591 5641
f 5641 5591 5492
f 5641 5492 5592
f 5592 5492 5516
f 5592 5516 5455
f 5505 5642 5457
f 5457 5642 5643
f 5457 5643 5592
f 5592 5643 5644
f 5592 5644 5641
f 5641 5644 5645
f 5641 5645 5640
f 5640 5645 5646
f 5640 5646 5639
f 5639 5646 5647
f 5639 5647 5638
f 5638 5647 5648
f 5638 5648 5637
f 5637 5648 5649
f 5637 5649 5636
f 5636 5649 5650
f 5636 5650 5635
f 5635 5650 5651
f 5652 5651 5653
f 5653 5651 5650
f 5653 5650 5654
f 5654 5650 5649
f 5654 5649 5655
f 5655 5649 5648
f 5655 5648 5656
f 5656 5648 5647
f 5656 5647 5657
f 5657 5647 5646
f 5657 5646 5658
f 5658 5646 5645
f 5658 5645 5659
f 5659 5645 5644
f 5659 5644 5660
f 5660 5644 5643
f 5660 5643 5661
f 5661 5643 5642
f 5661 5642 5606
f 5606 5642 5505
f 5606 5505 5504
f 5435 5652 5662
f 5662 5652 5653
f 5662 5653 5663
f 5663 5653 5654
f 5663 5654 5664
f 5664 5654 5655
f 5664 5655 5665
f 5665 5655 5656
f 5665 5656 5666
f 5666 5656 5657
f 5666 5657 5667
f 5667 5657 5658
f 5667 5658 5668
f 5668 5658 5659
f 5668 5659 5669
f 5669 5659 5660
f 5669 5660 5670
f 5670 5660 5661
f 5670 5661 5671
f 5671 5661 5606
f 5671 5606 5672
f 5672 5606 5607
f 5672 5607 5673
f 5673 5607 5499
f 5673 5499 5452
f 5452 5605 5673
f 5673 5605 5674
f 5673 5674 5672
f 5672 5674 5675
f 5672 5675 5671
f 5671 5675 5676
f 5671 5676 5670
f 5670 5676 5677
f 5670 5677 5669
f 5669 5677 5678
f 5669 5678 5668
f 5668 5678 5679
f 5668 5679 5667
f 5667 5679 5680
f 5667 5680 5666
f 5666 5680 5681
f 5666 5681 5665
f 5665 5681 5682
f 5665 5682 5664
f 5664 5682 5683
f 5664 5683 5663
f 5663 5683 5684
f 5663 5684 5662
f 5662 5684 5435
f 5534 5487 5626
f 5626 5487 5609
f 5626 5609 5622
f 5622 5609 5631
f 5622 5631 5616
f 5616 5631 5635
f 5616 5635 5580
f 5580 5635 5651
f 5580 5651 5581
f 5581 5651 5652
f 5581 5652 5435
f 5394 5392 5494
f 5494 5392 5604
f 5494 5604 5605
f 5605 5604 5603
f 5605 5603 5674
f 5674 5603 5602
f 5674 5602 5675
f 5675 5602 5601
f 5675 5601 5676
f 5676 5601 5598
f 5676 5598 5677
f 5677 5598 5599
f 5677 5599 5678
f 5678 5599 5600
f 5678 5600 5679
f 5679 5600 5597
f 5679 5597 5680
f 5680 5597 5596
f 5680 5596 5681
f 5681 5596 5595
f 5681 5595 5682
f 5682 5595 5593
f 5682 5593 5683
f 5683 5593 5594
f 5683 5594 5684
f 5684 5594 5435
f 5685 5686 5687
f 5685 5687 5688
f 5688 5687 5689
f 5688 5689 5690
f 5690 5689 5691
f 5690 5691 5692
f 5692 5693 5690
f 5690 5693 5694
f 5690 5694 5695
f 5695 5694 5696
f 5695 5696 5697
f 5697 5696 5698
f 5697 5698 5699
f 5699 5700 5697
f 5697 5700 5701
f 5697 5701 5702
f 5701 5703 5702
f 5702 5703 5704
f 5702 5704 5705
f 5704 5706 5705
f 5705 5706 5707
f 5705 5707 5708
f 5708 5707 5709
f 5708 5709 5710
f 5710 5711 5708
f 5708 5711 5712
f 5708 5712 5713
f 5714 5715 5716
f 5716 5715 5713
f 5716 5713 5717
f 5717 5713 5712
f 5714 5718 5715
f 5715 5718 5719
f 5715 5719 5720
f 5719 5721 5720
f 5720 5721 5722
f 5720 5722 5723
f 5724 5725 5726
f 5726 5725 5723
f 5726 5723 5727
f 5727 5723 5722
f 5724 5728 5725
f 5725 5728 5729
f 5725 5729 5730
f 5731 5732 5733
f 5733 5732 5730
f 5733 5730 5734
f 5734 5730 5729
f 5731 5735 5732
f 5732 5735 5736
f 5732 5736 5737
f 5736 5738 5737
f 5737 5738 5739
f 5737 5739 5740
f 5739 5741 5740
f 5740 5741 5742
f 5740 5742 5743
f 5743 5742 5744
f 5743 5744 5745
f 5746 5747 5748
f 5748 5747 5745
f 5748 5745 5749
f 5749 5745 5744
f 5746 5750 5747
f 5747 5750 5751
f 5747 5751 5752
f 5751 5753 5752
f 5752 5753 5754
f 5752 5754 5685
f 5685 5754 5755
f 5685 5755 5686
f 5756 5757 5758
f 5758 5757 5709
f 5759 5760 5709
f 5761 5762 5763
f 5764 5765 5766
f 5767 5768 5769
f 5717 5712 5770
f 5770 5712 5711
f 5770 5711 5771
f 5771 5711 5710
f 5771 5710 5709
f 5717 5770 5716
f 5716 5770 5772
f 5716 5772 5714
f 5714 5772 5773
f 5714 5773 5718
f 5718 5773 5774
f 5718 5774 5719
f 5728 5724 5775
f 5775 5724 5726
f 5775 5726 5776
f 5776 5726 5727
f 5776 5727 5777
f 5777 5727 5722
f 5777 5722 5774
f 5774 5722 5721
f 5774 5721 5719
f 5728 5775 5729
f 5729 5775 5778
f 5729 5778 5734
f 5734 5778 5779
f 5734 5779 5733
f 5733 5779 5780
f 5733 5780 5731
f 5781 5736 5780
f 5780 5736 5735
f 5780 5735 5731
f 5782 5783 5784
f 5785 5786 5787
f 5787 5786 5788
f 5787 5788 5783
f 5789 5790 5791
f 5792 5793 5794
f 5794 5793 5795
f 5794 5795 5796
f 5797 5798 5769
f 5769 5798 5799
f 5769 5799 5767
f 5800 5801 5797
f 5797 5801 5802
f 5797 5802 5798
f 5761 5763 5803
f 5803 5763 5704
f 5803 5704 5703
f 5706 5804 5707
f 5707 5804 5709
f 5759 5709 5804
f 5706 5704 5804
f 5804 5704 5763
f 5804 5763 5759
f 5759 5763 5762
f 5759 5762 5760
f 5805 5806 5807
f 5807 5806 5808
f 5807 5808 5809
f 5709 5805 5810
f 5810 5805 5807
f 5810 5807 5811
f 5811 5807 5809
f 5811 5809 5812
f 5812 5809 5813
f 5812 5813 5814
f 5815 5756 5816
f 5816 5756 5758
f 5816 5758 5817
f 5817 5758 5709
f 5766 5765 5814
f 5814 5765 5818
f 5814 5818 5812
f 5812 5818 5819
f 5812 5819 5811
f 5811 5819 5820
f 5811 5820 5810
f 5810 5820 5709
f 5761 5808 5762
f 5762 5808 5806
f 5762 5806 5760
f 5760 5806 5805
f 5760 5805 5709
f 5821 5815 5822
f 5822 5815 5816
f 5822 5816 5823
f 5823 5816 5817
f 5823 5817 5824
f 5824 5817 5709
f 5825 5826 5764
f 5764 5826 5827
f 5764 5827 5765
f 5765 5827 5828
f 5765 5828 5818
f 5818 5828 5829
f 5818 5829 5819
f 5819 5829 5830
f 5819 5830 5820
f 5820 5830 5709
f 5826 5821 5827
f 5827 5821 5822
f 5827 5822 5828
f 5828 5822 5823
f 5828 5823 5829
f 5829 5823 5824
f 5829 5824 5830
f 5830 5824 5709
f 5831 5800 5832
f 5832 5800 5797
f 5832 5797 5833
f 5833 5797 5769
f 5833 5769 5834
f 5834 5769 5768
f 5834 5768 5792
f 5792 5768 5835
f 5792 5835 5793
f 5836 5831 5837
f 5837 5831 5832
f 5837 5832 5838
f 5838 5832 5833
f 5838 5833 5839
f 5839 5833 5834
f 5839 5834 5840
f 5840 5834 5792
f 5840 5792 5841
f 5841 5792 5794
f 5841 5794 5842
f 5842 5794 5796
f 5842 5796 5789
f 5789 5796 5843
f 5789 5843 5790
f 5844 5836 5845
f 5845 5836 5837
f 5845 5837 5846
f 5846 5837 5838
f 5846 5838 5847
f 5847 5838 5839
f 5847 5839 5848
f 5848 5839 5840
f 5848 5840 5849
f 5849 5840 5841
f 5849 5841 5850
f 5850 5841 5842
f 5850 5842 5851
f 5851 5842 5789
f 5851 5789 5852
f 5852 5789 5791
f 5852 5791 5853
f 5853 5791 5854
f 5853 5854 5855
f 5856 5844 5857
f 5857 5844 5845
f 5857 5845 5858
f 5858 5845 5846
f 5858 5846 5859
f 5859 5846 5847
f 5859 5847 5860
f 5860 5847 5848
f 5860 5848 5861
f 5861 5848 5849
f 5861 5849 5862
f 5862 5849 5850
f 5862 5850 5863
f 5863 5850 5851
f 5863 5851 5864
f 5864 5851 5852
f 5864 5852 5865
f 5865 5852 5853
f 5865 5853 5785
f 5785 5853 5855
f 5785 5855 5786
f 5783 5866 5787
f 5787 5866 5867
f 5787 5867 5785
f 5785 5867 5868
f 5785 5868 5865
f 5865 5868 5869
f 5865 5869 5864
f 5864 5869 5870
f 5864 5870 5863
f 5863 5870 5871
f 5863 5871 5862
f 5862 5871 5872
f 5862 5872 5861
f 5861 5872 5873
f 5861 5873 5860
f 5860 5873 5874
f 5860 5874 5859
f 5859 5874 5875
f 5859 5875 5858
f 5858 5875 5876
f 5858 5876 5857
f 5857 5876 5877
f 5857 5877 5856
f 5856 5877 5709
f 5783 5782 5866
f 5866 5782 5878
f 5866 5878 5867
f 5867 5878 5879
f 5867 5879 5868
f 5868 5879 5880
f 5868 5880 5869
f 5869 5880 5881
f 5869 5881 5870
f 5870 5881 5882
f 5870 5882 5871
f 5871 5882 5883
f 5871 5883 5872
f 5872 5883 5884
f 5872 5884 5873
f 5873 5884 5885
f 5873 5885 5874
f 5874 5885 5886
f 5874 5886 5875
f 5875 5886 5887
f 5875 5887 5876
f 5876 5887 5888
f 5876 5888 5877
f 5877 5888 5709
f 5825 5801 5826
f 5826 5801 5800
f 5826 5800 5821
f 5821 5800 5831
f 5821 5831 5815
f 5815 5831 5836
f 5815 5836 5756
f 5756 5836 5844
f 5756 5844 5757
f 5757 5844 5856
f 5757 5856 5709
f 5738 5736 5784
f 5784 5736 5781
f 5784 5781 5782
f 5782 5781 5780
f 5782 5780 5878
f 5878 5780 5779
f 5878 5779 5879
f 5879 5779 5778
f 5879 5778 5880
f 5880 5778 5775
f 5880 5775 5881
f 5881 5775 5776
f 5881 5776 5882
f 5882 5776 5777
f 5882 5777 5883
f 5883 5777 5774
f 5883 5774 5884
f 5884 5774 5773
f 5884 5773 5885
f 5885 5773 5772
f 5885 5772 5886
f 5886 5772 5770
f 5886 5770 5887
f 5887 5770 5771
f 5887 5771 5888
f 5888 5771 5709
f 5889 5890 5891
f 5891 5890 5744
f 5892 5893 5744
f 5892 5744 5894
f 5895 5894 5744
f 5896 5897 5898
f 5855 5896 5786
f 5835 5768 5899
f 5802 5801 5900
f 5764 5766 5901
f 5750 5746 5902
f 5902 5746 5748
f 5902 5748 5903
f 5903 5748 5749
f 5903 5749 5744
f 5750 5902 5751
f 5751 5902 5904
f 5751 5904 5753
f 5753 5904 5905
f 5753 5905 5754
f 5754 5905 5906
f 5754 5906 5755
f 5693 5692 5907
f 5907 5692 5691
f 5907 5691 5908
f 5908 5691 5689
f 5908 5689 5909
f 5909 5689 5687
f 5909 5687 5906
f 5906 5687 5686
f 5906 5686 5755
f 5693 5907 5694
f 5694 5907 5910
f 5694 5910 5696
f 5696 5910 5911
f 5696 5911 5698
f 5698 5911 5912
f 5698 5912 5699
f 5913 5701 5912
f 5912 5701 5700
f 5912 5700 5699
f 5914 5761 5803
f 5915 5813 5916
f 5916 5813 5809
f 5916 5809 5808
f 5917 5799 5900
f 5900 5799 5798
f 5900 5798 5802
f 5918 5796 5919
f 5919 5796 5795
f 5919 5795 5899
f 5899 5795 5793
f 5899 5793 5835
f 5790 5920 5791
f 5791 5920 5854
f 5786 5896 5788
f 5896 5898 5788
f 5788 5898 5921
f 5788 5921 5783
f 5921 5922 5783
f 5783 5922 5923
f 5783 5923 5784
f 5784 5923 5739
f 5784 5739 5738
f 5741 5924 5742
f 5742 5924 5744
f 5895 5744 5924
f 5741 5739 5924
f 5924 5739 5923
f 5924 5923 5895
f 5895 5923 5922
f 5895 5922 5894
f 5894 5922 5921
f 5894 5921 5892
f 5892 5921 5898
f 5892 5898 5893
f 5893 5898 5897
f 5925 5889 5926
f 5926 5889 5891
f 5926 5891 5927
f 5927 5891 5744
f 5854 5920 5855
f 5855 5920 5928
f 5855 5928 5896
f 5896 5928 5929
f 5896 5929 5897
f 5897 5929 5930
f 5897 5930 5893
f 5893 5930 5744
f 5931 5925 5932
f 5932 5925 5926
f 5932 5926 5933
f 5933 5926 5927
f 5933 5927 5934
f 5934 5927 5744
f 5843 5935 5790
f 5790 5935 5936
f 5790 5936 5920
f 5920 5936 5937
f 5920 5937 5928
f 5928 5937 5938
f 5928 5938 5929
f 5929 5938 5939
f 5929 5939 5930
f 5930 5939 5744
f 5935 5931 5936
f 5936 5931 5932
f 5936 5932 5937
f 5937 5932 5933
f 5937 5933 5938
f 5938 5933 5934
f 5938 5934 5939
f 5939 5934 5744
f 5940 5918 5941
f 5941 5918 5919
f 5941 5919 5942
f 5942 5919 5899
f 5942 5899 5943
f 5943 5899 5768
f 5943 5768 5917
f 5917 5768 5767
f 5917 5767 5799
f 5944 5940 5945
f 5945 5940 5941
f 5945 5941 5946
f 5946 5941 5942
f 5946 5942 5947
f 5947 5942 5943
f 5947 5943 5948
f 5948 5943 5917
f 5948 5917 5949
f 5949 5917 5900
f 5949 5900 5950
f 5950 5900 5801
f 5950 5801 5901
f 5901 5801 5825
f 5901 5825 5764
f 5814 5951 5766
f 5766 5951 5952
f 5766 5952 5901
f 5901 5952 5953
f 5901 5953 5950
f 5950 5953 5954
f 5950 5954 5949
f 5949 5954 5955
f 5949 5955 5948
f 5948 5955 5956
f 5948 5956 5947
f 5947 5956 5957
f 5947 5957 5946
f 5946 5957 5958
f 5946 5958 5945
f 5945 5958 5959
f 5945 5959 5944
f 5944 5959 5960
f 5961 5960 5962
f 5962 5960 5959
f 5962 5959 5963
f 5963 5959 5958
f 5963 5958 5964
f 5964 5958 5957
f 5964 5957 5965
f 5965 5957 5956
f 5965 5956 5966
f 5966 5956 5955
f 5966 5955 5967
f 5967 5955 5954
f 5967 5954 5968
f 5968 5954 5953
f 5968 5953 5969
f 5969 5953 5952
f 5969 5952 5970
f 5970 5952 5951
f 5970 5951 5915
f 5915 5951 5814
f 5915 5814 5813
f 5744 5961 5971
f 5971 5961 5962
f 5971 5962 5972
f 5972 5962 5963
f 5972 5963 5973
f 5973 5963 5964
f 5973 5964 5974
f 5974 5964 5965
f 5974 5965 5975
f 5975 5965 5966
f 5975 5966 5976
f 5976 5966 5967
f 5976 5967 5977
f 5977 5967 5968
f 5977 5968 5978
f 5978 5968 5969
f 5978 5969 5979
f 5979 5969 5970
f 5979 5970 5980
f 5980 5970 5915
f 5980 5915 5981
f 5981 5915 5916
f 5981 5916 5982
f 5982 5916 5808
f 5982 5808 5761
f 5761 5914 5982
f 5982 5914 5983
f 5982 5983 5981
f 5981 5983 5984
f 5981 5984 5980
f 5980 5984 5985
f 5980 5985 5979
f 5979 5985 5986
f 5979 5986 5978
f 5978 5986 5987
f 5978 5987 5977
f 5977 5987 5988
f 5977 5988 5976
f 5976 5988 5989
f 5976 5989 5975
f 5975 5989 5990
f 5975 5990 5974
f 5974 5990 5991
f 5974 5991 5973
f 5973 5991 5992
f 5973 5992 5972
f 5972 5992 5993
f 5972 5993 5971
f 5971 5993 5744
f 5843 5796 5935
f 5935 5796 5918
f 5935 5918 5931
f 5931 5918 5940
f 5931 5940 5925
f 5925 5940 5944
f 5925 5944 5889
f 5889 5944 5960
f 5889 5960 5890
f 5890 5960 5961
f 5890 5961 5744
f 5703 5701 5803
f 5803 5701 5913
f 5803 5913 5914
f 5914 5913 5912
f 5914 5912 5983
f 5983 5912 5911
f 5983 5911 5984
f 5984 5911 5910
f 5984 5910 5985
f 5985 5910 5907
f 5985 5907 5986
f 5986 5907 5908
f 5986 5908 5987
f 5987 5908 5909
f 5987 5909 5988
f 5988 5909 5906
f 5988 5906 5989
f 5989 5906 5905
f 5989 5905 5990
f 5990 5905 5904
f 5990 5904 5991
f 5991 5904 5902
f 5991 5902 5992
f 5992 5902 5903
f 5992 5903 5993
f 5993 5903 5744
f 5994 5995 5996
f 5994 5996 5997
f 5997 5996 5998
f 5997 5998 5999
f 5999 5998 6000
f 5999 6000 6001
f 6001 6002 5999
f 5999 6002 6003
f 5999 6003 6004
f 6004 6003 6005
f 6004 6005 6006
f 6006 6005 6007
f 6006 6007 6008
f 6008 6009 6006
f 6006 6009 6010
f 6006 6010 6011
f 6010 6012 6011
f 6011 6012 6013
f 6011 6013 6014
f 6013 6015 6014
f 6014 6015 6016
f 6014 6016 6017
f 6017 6016 6018
f 6017 6018 6019
f 6019 6020 6017
f 6017 6020 6021
f 6017 6021 6022
f 6023 6024 6025
f 6025 6024 6022
f 6025 6022 6026
f 6026 6022 6021
f 6023 6027 6024
f 6024 6027 6028
f 6024 6028 6029
f 6028 6030 6029
f 6029 6030 6031
f 6029 6031 6032
f 6033 6034 6035
f 6035 6034 6032
f 6035 6032 6036
f 6036 6032 6031
f 6033 6037 6034
f 6034 6037 6038
f 6034 6038 6039
f 6040 6041 6042
f 6042 6041 6039
f 6042 6039 6043
f 6043 6039 6038
f 6040 6044 6041
f 6041 6044 6045
f 6041 6045 6046
f 6045 6047 6046
f 6046 6047 6048
f 6046 6048 6049
f 6048 6050 6049
f 6049 6050 6051
f 6049 6051 6052
f 6052 6051 6053
f 6052 6053 6054
f 6055 6056 6057
f 6057 6056 6054
f 6057 6054 6058
f 6058 6054 6053
f 6055 6059 6056
f 6056 6059 6060
f 6056 6060 6061
f 6060 6062 6061
f 6061 6062 6063
f 6061 6063 5994
f 5994 6063 6064
f 5994 6064 5995
f 6065 6066 6067
f 6067 6066 6018
f 6068 6069 6018
f 6070 6071 6072
f 6073 6074 6075
f 6076 6077 6078
f 6026 6021 6079
f 6079 6021 6020
f 6079 6020 6080
f 6080 6020 6019
f 6080 6019 6018
f 6026 6079 6025
f 6025 6079 6081
f 6025 6081 6023
f 6023 6081 6082
f 6023 6082 6027
f 6027 6082 6083
f 6027 6083 6028
f 6037 6033 6084
f 6084 6033 6035
f 6084 6035 6085
f 6085 6035 6036
f 6085 6036 6086
f 6086 6036 6031
f 6086 6031 6083
f 6083 6031 6030
f 6083 6030 6028
f 6037 6084 6038
f 6038 6084 6087
f 6038 6087 6043
f 6043 6087 6088
f 6043 6088 6042
f 6042 6088 6089
f 6042 6089 6040
f 6090 6045 6089
f 6089 6045 6044
f 6089 6044 6040
f 6091 6092 6093
f 6094 6095 6096
f 6096 6095 6097
f 6096 6097 6092
f 6098 6099 6100
f 6101 6102 6103
f 6103 6102 6104
f 6103 6104 6105
f 6106 6107 6078
f 6078 6107 6108
f 6078 6108 6076
f 6109 6110 6106
f 6106 6110 6111
f 6106 6111 6107
f 6070 6072 6112
f 6112 6072 6013
f 6112 6013 6012
f 6015 6113 6016
f 6016 6113 6018
f 6068 6018 6113
f 6015 6013 6113
f 6113 6013 6072
f 6113 6072 6068
f 6068 6072 6071
f 6068 6071 6069
f 6114 6115 6116
f 6116 6115 6117
f 6116 6117 6118
f 6018 6114 6119
f 6119 6114 6116
f 6119 6116 6120
f 6120 6116 6118
f 6120 6118 6121
f 6121 6118 6122
f 6121 6122 6123
f 6124 6065 6125
f 6125 6065 6067
f 6125 6067 6126
f 6126 6067 6018
f 6075 6074 6123
f 6123 6074 6127
f 6123 6127 6121
f 6121 6127 6128
f 6121 6128 6120
f 6120 6128 6129
f 6120 6129 6119
f 6119 6129 6018
f 6070 6117 6071
f 6071 6117 6115
f 6071 6115 6069
f 6069 6115 6114
f 6069 6114 6018
f 6130 6124 6131
f 6131 6124 6125
f 6131 6125 6132
f 6132 6125 6126
f 6132 6126 6133
f 6133 6126 6018
f 6134 6135 6073
f 6073 6135 6136
f 6073 6136 6074
f 6074 6136 6137
f 6074 6137 6127
f 6127 6137 6138
f 6127 6138 6128
f 6128 6138 6139
f 6128 6139 6129
f 6129 6139 6018
f 6135 6130 6136
f 6136 6130 6131
f 6136 6131 6137
f 6137 6131 6132
f 6137 6132 6138
f 6138 6132 6133
f 6138 6133 6139
f 6139 6133 6018
f 6140 6109 6141
f 6141 6109 6106
f 6141 6106 6142
f 6142 6106 6078
f 6142 6078 6143
f 6143 6078 6077
f 6143 6077 6101
f 6101 6077 6144
f 6101 6144 6102
f 6145 6140 6146
f 6146 6140 6141
f 6146 6141 6147
f 6147 6141 6142
f 6147 6142 6148
f 6148 6142 6143
f 6148 6143 6149
f 6149 6143 6101
f 6149 6101 6150
f 6150 6101 6103
f 6150 6103 6151
f 6151 6103 6105
f 6151 6105 6098
f 6098 6105 6152
f 6098 6152 6099
f 6153 6145 6154
f 6154 6145 6146
f 6154 6146 6155
f 6155 6146 6147
f 6155 6147 6156
f 6156 6147 6148
f 6156 6148 6157
f 6157 6148 6149
f 6157 6149 6158
f 6158 6149 6150
f 6158 6150 6159
f 6159 6150 6151
f 6159 6151 6160
f 6160 6151 6098
f 6160 6098 6161
f 6161 6098 6100
f 6161 6100 6162
f 6162 6100 6163
f 6162 6163 6164
f 6165 6153 6166
f 6166 6153 6154
f 6166 6154 6167
f 6167 6154 6155
f 6167 6155 6168
f 6168 6155 6156
f 6168 6156 6169
f 6169 6156 6157
f 6169 6157 6170
f 6170 6157 6158
f 6170 6158 6171
f 6171 6158 6159
f 6171 6159 6172
f 6172 6159 6160
f 6172 6160 6173
f 6173 6160 6161
f 6173 6161 6174
f 6174 6161 6162
f 6174 6162 6094
f 6094 6162 6164
f 6094 6164 6095
f 6092 6175 6096
f 6096 6175 6176
f 6096 6176 6094
f 6094 6176 6177
f 6094 6177 6174
f 6174 6177 6178
f 6174 6178 6173
f 6173 6178 6179
f 6173 6179 6172
f 6172 6179 6180
f 6172 6180 6171
f 6171 6180 6181
f 6171 6181 6170
f 6170 6181 6182
f 6170 6182 6169
f 6169 6182 6183
f 6169 6183 6168
f 6168 6183 6184
f 6168 6184 6167
f 6167 6184 6185
f 6167 6185 6166
f 6166 6185 6186
f 6166 6186 6165
f 6165 6186 6018
f 6092 6091 6175
f 6175 6091 6187
f 6175 6187 6176
f 6176 6187 6188
f 6176 6188 6177
f 6177 6188 6189
f 6177 6189 6178
f 6178 6189 6190
f 6178 6190 6179
f 6179 6190 6191
f 6179 6191 6180
f 6180 6191 6192
f 6180 6192 6181
f 6181 6192 6193
f 6181 6193 6182
f 6182 6193 6194
f 6182 6194 6183
f 6183 6194 6195
f 6183 6195 6184
f 6184 6195 6196
f 6184 6196 6185
f 6185 6196 6197
f 6185 6197 6186
f 6186 6197 6018
f 6134 6110 6135
f 6135 6110 6109
f 6135 6109 6130
f 6130 6109 6140
f 6130 6140 6124
f 6124 6140 6145
f 6124 6145 6065
f 6065 6145 6153
f 6065 6153 6066
f 6066 6153 6165
f 6066 6165 6018
f 6047 6045 6093
f 6093 6045 6090
f 6093 6090 6091
f 6091 6090 6089
f 6091 6089 6187
f 6187 6089 6088
f 6187 6088 6188
f 6188 6088 6087
f 6188 6087 6189
f 6189 6087 6084
f 6189 6084 6190
f 6190 6084 6085
f 6190 6085 6191
f 6191 6085 6086
f 6191 6086 6192
f 6192 6086 6083
f 6192 6083 6193
f 6193 6083 6082
f 6193 6082 6194
f 6194 6082 6081
f 6194 6081 6195
f 6195 6081 6079
f 6195 6079 6196
f 6196 6079 6080
f 6196 6080 6197
f 6197 6080 6018
f 6198 6199 6200
f 6200 6199 6053
f 6201 6202 6053
f 6201 6053 6203
f 6204 6203 6053
f 6205 6206 6207
f 6164 6205 6095
f 6144 6077 6208
f 6111 6110 6209
f 6073 6075 6210
f 6059 6055 6211
f 6211 6055 6057
f 6211 6057 6212
f 6212 6057 6058
f 6212 6058 6053
f 6059 6211 6060
f 6060 6211 6213
f 6060 6213 6062
f 6062 6213 6214
f 6062 6214 6063
f 6063 6214 6215
f 6063 6215 6064
f 6002 6001 6216
f 6216 6001 6000
f 6216 6000 6217
f 6217 6000 5998
f 6217 5998 6218
f 6218 5998 5996
f 6218 5996 6215
f 6215 5996 5995
f 6215 5995 6064
f 6002 6216 6003
f 6003 6216 6219
f 6003 6219 6005
f 6005 6219 6220
f 6005 6220 6007
f 6007 6220 6221
f 6007 6221 6008
f 6222 6010 6221
f 6221 6010 6009
f 6221 6009 6008
f 6223 6070 6112
f 6224 6122 6225
f 6225 6122 6118
f 6225 6118 6117
f 6226 6108 6209
f 6209 6108 6107
f 6209 6107 6111
f 6227 6105 6228
f 6228 6105 6104
f 6228 6104 6208
f 6208 6104 6102
f 6208 6102 6144
f 6099 6229 6100
f 6100 6229 6163
f 6095 6205 6097
f 6205 6207 6097
f 6097 6207 6230
f 6097 6230 6092
f 6230 6231 6092
f 6092 6231 6232
f 6092 6232 6093
f 6093 6232 6048
f 6093 6048 6047
f 6050 6233 6051
f 6051 6233 6053
f 6204 6053 6233
f 6050 6048 6233
f 6233 6048 6232
f 6233 6232 6204
f 6204 6232 6231
f 6204 6231 6203
f 6203 6231 6230
f 6203 6230 6201
f 6201 6230 6207
f 6201 6207 6202
f 6202 6207 6206
f 6234 6198 6235
f 6235 6198 6200
f 6235 6200 6236
f 6236 6200 6053
f 6163 6229 6164
f 6164 6229 6237
f 6164 6237 6205
f 6205 6237 6238
f 6205 6238 6206
f 6206 6238 6239
f 6206 6239 6202
f 6202 6239 6053
f 6240 6234 6241
f 6241 6234 6235
f 6241 6235 6242
f 6242 6235 6236
f 6242 6236 6243
f 6243 6236 6053
f 6152 6244 6099
f 6099 6244 6245
f 6099 6245 6229
f 6229 6245 6246
f 6229 6246 6237
f 6237 6246 6247
f 6237 6247 6238
f 6238 6247 6248
f 6238 6248 6239
f 6239 6248 6053
f 6244 6240 6245
f 6245 6240 6241
f 6245 6241 6246
f 6246 6241 6242
f 6246 6242 6247
f 6247 6242 6243
f 6247 6243 6248
f 6248 6243 6053
f 6249 6227 6250
f 6250 6227 6228
f 6250 6228 6251
f 6251 6228 6208
f 6251 6208 6252
f 6252 6208 6077
f 6252 6077 6226
f 6226 6077 6076
f 6226 6076 6108
f 6253 6249 6254
f 6254 6249 6250
f 6254 6250 6255
f 6255 6250 6251
f 6255 6251 6256
f 6256 6251 6252
f 6256 6252 6257
f 6257 6252 6226
f 6257 6226 6258
f 6258 6226 6209
f 6258 6209 6259
f 6259 6209 6110
f 6259 6110 6210
f 6210 6110 6134
f 6210 6134 6073
f 6123 6260 6075
f 6075 6260 6261
f 6075 6261 6210
f 6210 6261 6262
f 6210 6262 6259
f 6259 6262 6263
f 6259 6263 6258
f 6258 6263 6264
f 6258 6264 6257
f 6257 6264 6265
f 6257 6265 6256
f 6256 6265 6266
f 6256 6266 6255
f 6255 6266 6267
f 6255 6267 6254
f 6254 6267 6268
f 6254 6268 6253
f 6253 6268 6269
f 6270 6269 6271
f 6271 6269 6268
f 6271 6268 6272
f 6272 6268 6267
f 6272 6267 6273
f 6273 6267 6266
f 6273 6266 6274
f 6274 6266 6265
f 6274 6265 6275
f 6275 6265 6264
f 6275 6264 6276
f 6276 6264 6263
f 6276 6263 6277
f 6277 6263 6262
f 6277 6262 6278
f 6278 6262 6261
f 6278 6261 6279
f 6279 6261 6260
f 6279 6260 6224
f 6224 6260 6123
f 6224 6123 6122
f 6053 6270 6280
f 6280 6270 6271
f 6280 6271 6281
f 6281 6271 6272
f 6281 6272 6282
f 6282 6272 6273
f 6282 6273 6283
f 6283 6273 6274
f 6283 6274 6284
f 6284 6274 6275
f 6284 6275 6285
f 6285 6275 6276
f 6285 6276 6286
f 6286 6276 6277
f 6286 6277 6287
f 6287 6277 6278
f 6287 6278 6288
f 6288 6278 6279
f 6288 6279 6289
f 6289 6279 6224
f 6289 6224 6290
f 6290 6224 6225
f 6290 6225 6291
f 6291 6225 6117
f 6291 6117 6070
f 6070 6223 6291
f 6291 6223 6292
f 6291 6292 6290
f 6290 6292 6293
f 6290 6293 6289
f 6289 6293 6294
f 6289 6294 6288
f 6288 6294 6295
f 6288 6295 6287
f 6287 6295 6296
f 6287 6296 6286
f 6286 6296 6297
f 6286 6297 6285
f 6285 6297 6298
f 6285 6298 6284
f 6284 6298 6299
f 6284 6299 6283
f 6283 6299 6300
f 6283 6300 6282
f 6282 6300 6301
f 6282 6301 6281
f 6281 6301 6302
f 6281 6302 6280
f 6280 6302 6053
f 6152 6105 6244
f 6244 6105 6227
f 6244 6227 6240
f 6240 6227 6249
f 6240 6249 6234
f 6234 6249 6253
f 6234 6253 6198
f 6198 6253 6269
f 6198 6269 6199
f 6199 6269 6270
f 6199 6270 6053
f 6012 6010 6112
f 6112 6010 6222
f 6112 6222 6223
f 6223 6222 6221
f 6223 6221 6292
f 6292 6221 6220
f 6292 6220 6293
f 6293 6220 6219
f 6293 6219 6294
f 6294 6219 6216
f 6294 6216 6295
f 6295 6216 6217
f 6295 6217 6296
f 6296 6217 6218
f 6296 6218 6297
f 6297 6218 6215
f 6297 6215 6298
f 6298 6215 6214
f 6298 6214 6299
f 6299 6214 6213
f 6299 6213 6300
f 6300 6213 6211
f 6300 6211 6301
f 6301 6211 6212
f 6301 6212 6302
f 6302 6212 6053
f 6303 6304 6305
f 6303 6305 6306
f 6306 6305 6307
f 6306 6307 6308
f 6308 6307 6309
f 6308 6309 6310
f 6310 6311 6308
f 6308 6311 6312
f 6308 6312 6313
f 6313 6312 6314
f 6313 6314 6315
f 6315 6314 6316
f 6315 6316 6317
f 6317 6318 6315
f 6315 6318 6319
f 6315 6319 6320
f 6319 6321 6320
f 6320 6321 6322
f 6320 6322 6323
f 6322 6324 6323
f 6323 6324 6325
f 6323 6325 6326
f 6326 6325 6327
f 6326 6327 6328
f 6328 6329 6326
f 6326 6329 6330
f 6326 6330 6331
f 6332 6333 6334
f 6334 6333 6331
f 6334 6331 6335
f 6335 6331 6330
f 6332 6336 6333
f 6333 6336 6337
f 6333 6337 6338
f 6337 6339 6338
f 6338 6339 6340
f 6338 6340 6341
f 6342 6343 6344
f 6344 6343 6341
f 6344 6341 6345
f 6345 6341 6340
f 6342 6346 6343
f 6343 6346 6347
f 6343 6347 6348
f 6349 6350 6351
f 6351 6350 6348
f 6351 6348 6352
f 6352 6348 6347
f 6349 6353 6350
f 6350 6353 6354
f 6350 6354 6355
f 6354 6356 6355
f 6355 6356 6357
f 6355 6357 6358
f 6357 6359 6358
f 6358 6359 6360
f 6358 6360 6361
f 6361 6360 6362
f 6361 6362 6363
f 6364 6365 6366
f 6366 6365 6363
f 6366 6363 6367
f 6367 6363 6362
f 6364 6368 6365
f 6365 6368 6369
f 6365 6369 6370
f 6369 6371 6370
f 6370 6371 6372
f 6370 6372 6303
f 6303 6372 6373
f 6303 6373 6304
f 6374 6375 6376
f 6376 6375 6327
f 6377 6378 6327
f 6379 6380 6381
f 6382 6383 6384
f 6385 6386 6387
f 6335 6330 6388
f 6388 6330 6329
f 6388 6329 6389
f 6389 6329 6328
f 6389 6328 6327
f 6335 6388 6334
f 6334 6388 6390
f 6334 6390 6332
f 6332 6390 6391
f 6332 6391 6336
f 6336 6391 6392
f 6336 6392 6337
f 6346 6342 6393
f 6393 6342 6344
f 6393 6344 6394
f 6394 6344 6345
f 6394 6345 6395
f 6395 6345 6340
f 6395 6340 6392
f 6392 6340 6339
f 6392 6339 6337
f 6346 6393 6347
f 6347 6393 6396
f 6347 6396 6352
f 6352 6396 6397
f 6352 6397 6351
f 6351 6397 6398
f 6351 6398 6349
f 6399 6354 6398
f 6398 6354 6353
f 6398 6353 6349
f 6400 6401 6402
f 6403 6404 6405
f 6405 6404 6406
f 6405 6406 6401
f 6407 6408 6409
f 6410 6411 6412
f 6412 6411 6413
f 6412 6413 6414
f 6415 6416 6387
f 6387 6416 6417
f 6387 6417 6385
f 6418 6419 6415
f 6415 6419 6420
f 6415 6420 6416
f 6379 6381 6421
f 6421 6381 6322
f 6421 6322 6321
f 6324 6422 6325
f 6325 6422 6327
f 6377 6327 6422
f 6324 6322 6422
f 6422 6322 6381
f 6422 6381 6377
f 6377 6381 6380
f 6377 6380 6378
f 6423 6424 6425
f 6425 6424 6426
f 6425 6426 6427
f 6327 6423 6428
f 6428 6423 6425
f 6428 6425 6429
f 6429 6425 6427
f 6429 6427 6430
f 6430 6427 6431
f 6430 6431 6432
f 6433 6374 6434
f 6434 6374 6376
f 6434 6376 6435
f 6435 6376 6327
f 6384 6383 6432
f 6432 6383 6436
f 6432 6436 6430
f 6430 6436 6437
f 6430 6437 6429
f 6429 6437 6438
f 6429 6438 6428
f 6428 6438 6327
f 6379 6426 6380
f 6380 6426 6424
f 6380 6424 6378
f 6378 6424 6423
f 6378 6423 6327
f 6439 6433 6440
f 6440 6433 6434
f 6440 6434 6441
f 6441 6434 6435
f 6441 6435 6442
f 6442 6435 6327
f 6443 6444 6382
f 6382 6444 6445
f 6382 6445 6383
f 6383 6445 6446
f 6383 6446 6436
f 6436 6446 6447
f 6436 6447 6437
f 6437 6447 6448
f 6437 6448 6438
f 6438 6448 6327
f 6444 6439 6445
f 6445 6439 6440
f 6445 6440 6446
f 6446 6440 6441
f 6446 6441 6447
f 6447 6441 6442
f 6447 6442 6448
f 6448 6442 6327
f 6449 6418 6450
f 6450 6418 6415
f 6450 6415 6451
f 6451 6415 6387
f 6451 6387 6452
f 6452 6387 6386
f 6452 6386 6410
f 6410 6386 6453
f 6410 6453 6411
f 6454 6449 6455
f 6455 6449 6450
f 6455 6450 6456
f 6456 6450 6451
f 6456 6451 6457
f 6457 6451 6452
f 6457 6452 6458
f 6458 6452 6410
f 6458 6410 6459
f 6459 6410 6412
f 6459 6412 6460
f 6460 6412 6414
f 6460 6414 6407
f 6407 6414 6461
f 6407 6461 6408
f 6462 6454 6463
f 6463 6454 6455
f 6463 6455 6464
f 6464 6455 6456
f 6464 6456 6465
f 6465 6456 6457
f 6465 6457 6466
f 6466 6457 6458
f 6466 6458 6467
f 6467 6458 6459
f 6467 6459 6468
f 6468 6459 6460
f 6468 6460 6469
f 6469 6460 6407
f 6469 6407 6470
f 6470 6407 6409
f 6470 6409 6471
f 6471 6409 6472
f 6471 6472 6473
f 6474 6462 6475
f 6475 6462 6463
f 6475 6463 6476
f 6476 6463 6464
f 6476 6464 6477
f 6477 6464 6465
f 6477 6465 6478
f 6478 6465 6466
f 6478 6466 6479
f 6479 6466 6467
f 6479 6467 6480
f 6480 6467 6468
f 6480 6468 6481
f 6481 6468 6469
f 6481 6469 6482
f 6482 6469 6470
f 6482 6470 6483
f 6483 6470 6471
f 6483 6471 6403
f 6403 6471 6473
f 6403 6473 6404
f 6401 6484 6405
f 6405 6484 6485
f 6405 6485 6403
f 6403 6485 6486
f 6403 6486 6483
f 6483 6486 6487
f 6483 6487 6482
f 6482 6487 6488
f 6482 6488 6481
f 6481 6488 6489
f 6481 6489 6480
f 6480 6489 6490
f 6480 6490 6479
f 6479 6490 6491
f 6479 6491 6478
f 6478 6491 6492
f 6478 6492 6477
f 6477 6492 6493
f 6477 6493 6476
f 6476 6493 6494
f 6476 6494 6475
f 6475 6494 6495
f 6475 6495 6474
f 6474 6495 6327
f 6401 6400 6484
f 6484 6400 6496
f 6484 6496 6485
f 6485 6496 6497
f 6485 6497 6486
f 6486 6497 6498
f 6486 6498 6487
f 6487 6498 6499
f 6487 6499 6488
f 6488 6499 6500
f 6488 6500 6489
f 6489 6500 6501
f 6489 6501 6490
f 6490 6501 6502
f 6490 6502 6491
f 6491 6502 6503
f 6491 6503 6492
f 6492 6503 6504
f 6492 6504 6493
f 6493 6504 6505
f 6493 6505 6494
f 6494 6505 6506
f 6494 6506 6495
f 6495 6506 6327
f 6443 6419 6444
f 6444 6419 6418
f 6444 6418 6439
f 6439 6418 6449
f 6439 6449 6433
f 6433 6449 6454
f 6433 6454 6374
f 6374 6454 6462
f 6374 6462 6375
f 6375 6462 6474
f 6375 6474 6327
f 6356 6354 6402
f 6402 6354 6399
f 6402 6399 6400
f 6400 6399 6398
f 6400 6398 6496
f 6496 6398 6397
f 6496 6397 6497
f 6497 6397 6396
f 6497 6396 6498
f 6498 6396 6393
f 6498 6393 6499
f 6499 6393 6394
f 6499 6394 6500
f 6500 6394 6395
f 6500 6395 6501
f 6501 6395 6392
f 6501 6392 6502
f 6502 6392 6391
f 6502 6391 6503
f 6503 6391 6390
f 6503 6390 6504
f 6504 6390 6388
f 6504 6388 6505
f 6505 6388 6389
f 6505 6389 6506
f 6506 6389 6327
f 6507 6508 6509
f 6509 6508 6362
f 6510 6511 6362
f 6510 6362 6512
f 6513 6512 6362
f 6514 6515 6516
f 6473 6514 6404
f 6453 6386 6517
f 6420 6419 6518
f 6382 6384 6519
f 6368 6364 6520
f 6520 6364 6366
f 6520 6366 6521
f 6521 6366 6367
f 6521 6367 6362
f 6368 6520 6369
f 6369 6520 6522
f 6369 6522 6371
f 6371 6522 6523
f 6371 6523 6372
f 6372 6523 6524
f 6372 6524 6373
f 6311 6310 6525
f 6525 6310 6309
f 6525 6309 6526
f 6526 6309 6307
f 6526 6307 6527
f 6527 6307 6305
f 6527 6305 6524
f 6524 6305 6304
f 6524 6304 6373
f 6311 6525 6312
f 6312 6525 6528
f 6312 6528 6314
f 6314 6528 6529
f 6314 6529 6316
f 6316 6529 6530
f 6316 6530 6317
f 6531 6319 6530
f 6530 6319 6318
f 6530 6318 6317
f 6532 6379 6421
f 6533 6431 6534
f 6534 6431 6427
f 6534 6427 6426
f 6535 6417 6518
f 6518 6417 6416
f 6518 6416 6420
f 6536 6414 6537
f 6537 6414 6413
f 6537 6413 6517
f 6517 6413 6411
f 6517 6411 6453
f 6408 6538 6409
f 6409 6538 6472
f 6404 6514 6406
f 6514 6516 6406
f 6406 6516 6539
f 6406 6539 6401
f 6539 6540 6401
f 6401 6540 6541
f 6401 6541 6402
f 6402 6541 6357
f 6402 6357 6356
f 6359 6542 6360
f 6360 6542 6362
f 6513 6362 6542
f 6359 6357 6542
f 6542 6357 6541
f 6542 6541 6513
f 6513 6541 6540
f 6513 6540 6512
f 6512 6540 6539
f 6512 6539 6510
f 6510 6539 6516
f 6510 6516 6511
f 6511 6516 6515
f 6543 6507 6544
f 6544 6507 6509
f 6544 6509 6545
f 6545 6509 6362
f 6472 6538 6473
f 6473 6538 6546
f 6473 6546 6514
f 6514 6546 6547
f 6514 6547 6515
f 6515 6547 6548
f 6515 6548 6511
f 6511 6548 6362
f 6549 6543 6550
f 6550 6543 6544
f 6550 6544 6551
f 6551 6544 6545
f 6551 6545 6552
f 6552 6545 6362
f 6461 6553 6408
f 6408 6553 6554
f 6408 6554 6538
f 6538 6554 6555
f 6538 6555 6546
f 6546 6555 6556
f 6546 6556 6547
f 6547 6556 6557
f 6547 6557 6548
f 6548 6557 6362
f 6553 6549 6554
f 6554 6549 6550
f 6554 6550 6555
f 6555 6550 6551
f 6555 6551 6556
f 6556 6551 6552
f 6556 6552 6557
f 6557 6552 6362
f 6558 6536 6559
f 6559 6536 6537
f 6559 6537 6560
f 6560 6537 6517
f 6560 6517 6561
f 6561 6517 6386
f 6561 6386 6535
f 6535 6386 6385
f 6535 6385 6417
f 6562 6558 6563
f 6563 6558 6559
f 6563 6559 6564
f 6564 6559 6560
f 6564 6560 6565
f 6565 6560 6561
f 6565 6561 6566
f 6566 6561 6535
f 6566 6535 6567
f 6567 6535 6518
f 6567 6518 6568
f 6568 6518 6419
f 6568 6419 6519
f 6519 6419 6443
f 6519 6443 6382
f 6432 6569 6384
f 6384 6569 6570
f 6384 6570 6519
f 6519 6570 6571
f 6519 6571 6568
f 6568 6571 6572
f 6568 6572 6567
f 6567 6572 6573
f 6567 6573 6566
f 6566 6573 6574
f 6566 6574 6565
f 6565 6574 6575
f 6565 6575 6564
f 6564 6575 6576
f 6564 6576 6563
f 6563 6576 6577
f 6563 6577 6562
f 6562 6577 6578
f 6579 6578 6580
f 6580 6578 6577
f 6580 6577 6581
f 6581 6577 6576
f 6581 6576 6582
f 6582 6576 6575
f 6582 6575 6583
f 6583 6575 6574
f 6583 6574 6584
f 6584 6574 6573
f 6584 6573 6585
f 6585 6573 6572
f 6585 6572 6586
f 6586 6572 6571
f 6586 6571 6587
f 6587 6571 6570
f 6587 6570 6588
f 6588 6570 6569
f 6588 6569 6533
f 6533 6569 6432
f 6533 6432 6431
f 6362 6579 6589
f 6589 6579 6580
f 6589 6580 6590
f 6590 6580 6581
f 6590 6581 6591
f 6591 6581 6582
f 6591 6582 6592
f 6592 6582 6583
f 6592 6583 6593
f 6593 6583 6584
f 6593 6584 6594
f 6594 6584 6585
f 6594 6585 6595
f 6595 6585 6586
f 6595 6586 6596
f 6596 6586 6587
f 6596 6587 6597
f 6597 6587 6588
f 6597 6588 6598
f 6598 6588 6533
f 6598 6533 6599
f 6599 6533 6534
f 6599 6534 6600
f 6600 6534 6426
f 6600 6426 6379
f 6379 6532 6600
f 6600 6532 6601
f 6600 6601 6599
f 6599 6601 6602
f 6599 6602 6598
f 6598 6602 6603
f 6598 6603 6597
f 6597 6603 6604
f 6597 6604 6596
f 6596 6604 6605
f 6596 6605 6595
f 6595 6605 6606
f 6595 6606 6594
f 6594 6606 6607
f 6594 6607 6593
f 6593 6607 6608
f 6593 6608 6592
f 6592 6608 6609
f 6592 6609 6591
f 6591 6609 6610
f 6591 6610 6590
f 6590 6610 6611
f 6590 6611 6589
f 6589 6611 6362
f 6461 6414 6553
f 6553 6414 6536
f 6553 6536 6549
f 6549 6536 6558
f 6549 6558 6543
f 6543 6558 6562
f 6543 6562 6507
f 6507 6562 6578
f 6507 6578 6508
f 6508 6578 6579
f 6508 6579 6362
f 6321 6319 6421
f 6421 6319 6531
f 6421 6531 6532
f 6532 6531 6530
f 6532 6530 6601
f 6601 6530 6529
f 6601 6529 6602
f 6602 6529 6528
f 6602 6528 6603
f 6603 6528 6525
f 6603 6525 6604
f 6604 6525 6526
f 6604 6526 6605
f 6605 6526 6527
f 6605 6527 6606
f 6606 6527 6524
f 6606 6524 6607
f 6607 6524 6523
f 6607 6523 6608
f 6608 6523 6522
f 6608 6522 6609
f 6609 6522 6520
f 6609 6520 6610
f 6610 6520 6521
f 6610 6521 6611
f 6611 6521 6362
f 6612 6613 6614
f 6615 6616 6617
f 6617 6616 6618
f 6614 6619 6612
f 6612 6619 6620
f 6612 6620 6621
f 6621 6620 6622
f 6621 6622 6623
f 6623 6622 6618
f 6618 6622 6624
f 6618 6624 6617
f 6625 6626 6627
f 6627 6626 6628
f 6629 6625 6630
f 6630 6625 6627
f 6630 6627 6631
f 6631 6627 6632
f 6633 6634 6635
f 6635 6634 6636
f 6637 6638 6639
f 6640 6641 6642
f 6642 6641 6643
f 6644 6645 6641
f 6641 6645 6646
f 6641 6646 6643
f 6647 6648 6638
f 6638 6648 6649
f 6638 6649 6639
f 6639 6643 6637
f 6637 6643 6646
f 6637 6646 6647
f 6647 6646 6650
f 6647 6650 6648
f 6651 6652 6653
f 6654 6655 6656
f 6657 6654 6658
f 6658 6654 6656
f 6658 6656 6659
f 6659 6656 6660
f 6659 6660 6661
f 6661 6660 6662
f 6661 6662 6663
f 6663 6662 6664
f 6663 6664 6665
f 6665 6664 6666
f 6665 6666 6667
f 6667 6666 6668
f 6654 6669 6655
f 6655 6669 6670
f 6655 6670 6671
f 6671 6670 6672
f 6671 6672 6673
f 6673 6672 6674
f 6673 6674 6675
f 6675 6674 6676
f 6675 6676 6668
f 6668 6676 6677
f 6668 6677 6667
f 6678 6679 6680
f 6681 6682 6683
f 6683 6682 6684
f 6683 6684 6685
f 6685 6686 6683
f 6683 6686 6678
f 6683 6678 6687
f 6687 6678 6680
f 6688 6689 6690
f 6690 6689 6691
f 6690 6691 6692
f 6693 6694 6695
f 6695 6694 6696
f 6695 6696 6697
f 6697 6696 6698
f 6691 6699 6692
f 6692 6699 6700
f 6692 6700 6701
f 6701 6700 6702
f 6701 6702 6703
f 6703 6702 6704
f 6703 6704 6705
f 6706 6707 6708
f 6708 6707 6709
f 6708 6709 6710
f 6710 6709 6711
f 6710 6711 6698
f 6698 6711 6712
f 6698 6712 6697
f 6704 6713 6705
f 6705 6713 6714
f 6705 6714 6715
f 6715 6714 6716
f 6715 6716 6717
f 6717 6716 6718
f 6717 6718 6719
f 6719 6718 6720
f 6719 6720 6721
f 6721 6720 6722
f 6721 6722 6723
f 6723 6722 6724
f 6723 6724 6725
f 6725 6724 6726
f 6725 6726 6706
f 6706 6726 6727
f 6706 6727 6707
f 6728 6729 6730
f 6730 6729 6731
f 6730 6731 6732
f 6732 6731 6733
f 6732 6733 6734
f 6733 6735 6734
f 6734 6735 6736
f 6734 6736 6737
f 6737 6736 6738
f 6737 6738 6739
f 6739 6738 6740
f 6739 6740 6741
f 6741 6740 6742
f 6741 6742 6743
f 6743 6742 6744
f 6743 6744 6745
f 6745 6744 6746
f 6745 6746 6747
f 6747 6746 6748
f 6747 6748 6749
f 6750 6751 6752
f 6752 6751 6753
f 6752 6753 6754
f 6754 6753 6755
f 6754 6755 6756
f 6756 6755 6757
f 6756 6757 6758
f 6758 6757 6759
f 6758 6759 6760
f 6760 6759 6761
f 6760 6761 6762
f 6762 6761 6763
f 6762 6763 6728
f 6728 6763 6764
f 6728 6764 6729
f 6748 6765 6749
f 6749 6765 6766
f 6749 6766 6767
f 6767 6766 6768
f 6767 6768 6769
f 6769 6768 6770
f 6769 6770 6750
f 6750 6770 6771
f 6750 6771 6751
f 6772 6773 6774
f 6774 6773 6775
f 6776 6777 6778
f 6778 6777 6779
f 6780 6781 6782
f 6782 6783 6780
f 6780 6783 6773
f 6780 6773 6779
f 6779 6773 6772
f 6779 6772 6778
f 6784 6785 6786
f 6786 6785 6787
f 6788 6789 6790
f 6790 6791 6788
f 6788 6791 6774
f 6788 6774 6787
f 6787 6774 6775
f 6787 6775 6786
f 6792 6793 6794
f 6794 6793 6795
f 6796 6797 6798
f 6798 6797 6799
f 6798 6799 6800
f 6800 6799 6795
f 6795 6799 6801
f 6795 6801 6794
f 6802 6803 6804
f 6804 6803 6805
f 6806 6807 6808
f 6808 6807 6809
f 6809 6807 6810
f 6809 6810 6811
f 6811 6810 6812
f 6811 6812 6813
f 6813 6812 6814
f 6813 6814 6815
f 6815 6814 6816
f 6815 6816 6817
f 6818 6819 6820
f 6820 6819 6821
f 6820 6821 6822
f 6823 6824 6825
f 6825 6824 6826
f 6825 6826 6827
f 6827 6826 6828
f 6827 6828 6829
f 6829 6828 6830
f 6808 6831 6806
f 6806 6831 6832
f 6806 6832 6833
f 6833 6832 6834
f 6833 6834 6835
f 6835 6834 6836
f 6835 6836 6837
f 6837 6836 6838
f 6837 6838 6839
f 6839 6838 6840
f 6839 6840 6830
f 6830 6840 6841
f 6830 6841 6829
f 6842 6843 6844
f 6844 6843 6845
f 6844 6845 6846
f 6846 6845 6847
f 6846 6847 6848
f 6848 6847 6849
f 6848 6849 6850
f 6850 6849 6851
f 6850 6851 6823
f 6823 6851 6852
f 6823 6852 6824
f 6821 6853 6822
f 6822 6853 6854
f 6822 6854 6855
f 6855 6854 6856
f 6855 6856 6857
f 6857 6856 6858
f 6857 6858 6842
f 6842 6858 6859
f 6842 6859 6843
f 6860 6861 6862
f 6863 6864 6865
f 6865 6864 6866
f 6862 6867 6860
f 6860 6867 6868
f 6860 6868 6869
f 6869 6868 6870
f 6869 6870 6871
f 6871 6870 6866
f 6866 6870 6872
f 6866 6872 6865
f 6873 6874 6875
f 6875 6874 6876
f 6877 6878 6879
f 6879 6878 6873
f 6879 6873 6880
f 6880 6873 6875
f 6880 6875 6881
f 6881 6875 6882
f 6883 6884 6885
f 6885 6884 6886
f 6887 6888 6889
f 6889 6888 6890
f 6890 6891 6889
f 6889 6891 6892
f 6889 6892 6893
f 6894 6895 6896
f 6897 6898 6899
f 6900 6901 6902
f 6902 6901 6903
f 6902 6903 6904
f 6903 6897 6904
f 6904 6897 6899
f 6904 6899 6905
f 6905 6899 6906
f 6894 6896 6907
f 6907 6896 6908
f 6907 6908 6909
f 6909 6908 6910
f 6909 6910 6911
f 6911 6910 6912
f 6911 6912 6913
f 6913 6912 6914
f 6913 6914 6915
f 6915 6914 6916
f 6915 6916 6917
f 6917 6916 6918
f 6917 6918 6919
f 6919 6918 6920
f 6919 6920 6921
f 6921 6920 6922
f 6921 6922 6923
f 6923 6922 6924
f 6923 6924 6925
f 6925 6924 6926
f 6925 6926 6927
f 6927 6926 6928
f 6927 6928 6929
f 6929 6928 6930
f 6929 6930 6931
f 6931 6930 6932
f 6931 6932 6906
f 6906 6932 6933
f 6906 6933 6905
f 6934 6935 6936
f 6937 6938 6939
f 6934 6940 6935
f 6935 6940 6941
f 6935 6941 6942
f 6942 6941 6943
f 6942 6943 6944
f 6944 6943 6945
f 6944 6945 6946
f 6946 6945 6947
f 6946 6947 6948
f 6948 6947 6949
f 6948 6949 6950
f 6951 6952 6953
f 6953 6952 6954
f 6953 6954 6936
f 6936 6954 6955
f 6936 6955 6934
f 6937 6956 6938
f 6938 6956 6957
f 6938 6957 6958
f 6958 6957 6959
f 6958 6959 6960
f 6960 6959 6961
f 6960 6961 6962
f 6962 6961 6963
f 6962 6963 6964
f 6964 6963 6965
f 6964 6965 6966
f 6965 6967 6966
f 6966 6967 6968
f 6966 6968 6951
f 6951 6968 6969
f 6951 6969 6952
f 6970 6971 6972
f 6972 6971 6973
f 6972 6973 6939
f 6939 6973 6974
f 6939 6974 6937
f 6949 6975 6950
f 6950 6975 6976
f 6950 6976 6970
f 6970 6976 6977
f 6970 6977 6971
f 6978 6979 6980
f 6980 6979 6981
f 6980 6981 6982
f 6982 6983 6984
f 6980 6985 6978
f 6978 6985 6986
f 6978 6986 6987
f 6988 6980 6989
f 6989 6980 6982
f 6989 6982 6990
f 6990 6982 6984
f 6987 6991 6992
f 6993 6978 6994
f 6994 6978 6987
f 6994 6987 6995
f 6995 6987 6992
f 6996 6997 6998
f 6999 7000 7001
f 7001 7000 7002
f 7003 7004 7000
f 7000 7004 7005
f 7000 7005 7002
f 7006 7007 6997
f 6997 7007 7008
f 6997 7008 6998
f 6998 7002 6996
f 6996 7002 7005
f 6996 7005 7006
f 7006 7005 7009
f 7006 7009 7007
f 7010 7011 7012
f 7013 7014 7015
f 7015 7014 7016
f 7015 7016 7017
f 7017 7016 7018
f 7017 7018 7019
f 7019 7018 7020
f 7019 7020 7021
f 7021 7020 7022
f 7021 7022 7023
f 7023 7022 7024
f 7023 7024 7025
f 7025 7024 7026
f 7025 7026 7027
f 7027 7026 7028
f 7027 7028 7029
f 7029 7028 7030
f 7029 7030 7031
f 7031 7030 7032
f 7031 7032 7033
f 7034 7035 7036
f 7036 7035 2706
f 7036 2706 7037
f 7037 2706 7038
f 7037 7038 7039
f 7039 7038 7040
f 7039 7040 7041
f 7041 7040 7042
f 7041 7042 7043
f 7043 7042 7044
f 7043 7044 7045
f 7045 7044 7046
f 7045 7046 7047
f 7047 7046 7048
f 7047 7048 7049
f 7049 7048 7050
f 7049 7050 7051
f 7051 7050 7052
f 7051 7052 7053
f 7053 7052 7054
f 7053 7054 7055
f 7055 7054 7056
f 7055 7056 7013
f 7013 7056 7057
f 7013 7057 7014
f 7058 7059 7060
f 7060 7059 7061
f 7060 7061 7062
f 7062 7061 7063
f 7062 7063 7064
f 7064 7063 7065
f 7064 7065 7066
f 7066 7065 7067
f 7066 7067 7068
f 7068 7067 7069
f 7068 7069 7070
f 7032 7071 7033
f 7033 7071 7072
f 7033 7072 7073
f 7073 7072 7074
f 7073 7074 7075
f 7075 7074 7076
f 7075 7076 7077
f 7077 7076 7078
f 7077 7078 7079
f 7079 7078 7080
f 7079 7080 7081
f 7081 7080 7082
f 7081 7082 7083
f 7083 7082 7084
f 7083 7084 7085
f 7085 7084 7086
f 7085 7086 7087
f 7087 7086 7088
f 7087 7088 7058
f 7058 7088 7089
f 7058 7089 7059
f 7090 7091 7092
f 7092 7091 7093
f 7092 7093 7094
f 7094 7093 7095
f 7094 7095 7096
f 7096 7095 7097
f 7096 7097 7098
f 7098 7097 7099
f 7098 7099 7100
f 7100 7099 7101
f 7100 7101 7034
f 7034 7101 7102
f 7034 7102 7035
f 7103 7104 7105
f 7105 7104 7106
f 7105 7106 7107
f 7107 7106 7108
f 7107 7108 7109
f 7109 7108 7110
f 7109 7110 7111
f 7111 7110 7112
f 7111 7112 7113
f 7113 7112 7114
f 7113 7114 7115
f 7115 7114 7116
f 7115 7116 7117
f 7117 7116 7118
f 7117 7118 7119
f 7119 7118 7120
f 7119 7120 7090
f 7090 7120 7121
f 7090 7121 7091
f 7122 7123 7124
f 7124 7123 7125
f 7124 7125 7126
f 7126 7125 7127
f 7126 7127 7128
f 7128 7127 7129
f 7128 7129 7130
f 7130 7129 7131
f 7130 7131 7132
f 7132 7131 7133
f 7132 7133 7134
f 7134 7133 7135
f 7134 7135 7136
f 7136 7135 7137
f 7136 7137 7138
f 7138 7137 7139
f 7138 7139 7140
f 7140 7139 7141
f 7140 7141 7103
f 7103 7141 7142
f 7103 7142 7104
f 7069 7143 7070
f 7070 7143 7144
f 7070 7144 7145
f 7145 7144 2701
f 7145 2701 7146
f 7146 2701 7147
f 7146 7147 7148
f 7148 7147 7149
f 7148 7149 7150
f 7150 7149 7151
f 7150 7151 7152
f 7152 7151 7153
f 7152 7153 7154
f 7154 7153 7155
f 7154 7155 7156
f 7156 7155 7157
f 7156 7157 7158
f 7158 7157 7159
f 7158 7159 7160
f 7160 7159 7161
f 7160 7161 7162
f 7162 7161 7163
f 7162 7163 7164
f 7164 7163 7165
f 7164 7165 7122
f 7122 7165 7166
f 7122 7166 7123
f 7167 7168 7169
f 7170 7171 7172
f 7173 7174 7175
f 7175 7174 7176
f 7175 7176 7177
f 7177 7176 7178
f 7177 7178 7179
f 7179 7178 7180
f 7179 7180 7181
f 7181 7180 7182
f 7181 7182 7183
f 7183 7182 7184
f 7183 7184 7185
f 7170 7172 7186
f 7186 7172 7187
f 7186 7187 7188
f 7188 7187 7189
f 7188 7189 7190
f 7190 7189 7191
f 7190 7191 7192
f 7192 7191 7193
f 7192 7193 7194
f 7194 7193 7195
f 7194 7195 7196
f 7197 7198 7199
f 7200 7201 7202
f 7203 7204 7205
f 7205 7204 7206
f 7205 7206 7207
f 7207 7206 7208
f 7207 7208 7209
f 7197 7199 7210
f 7210 7199 7211
f 7210 7211 7212
f 7212 7211 7213
f 7212 7213 7203
f 7203 7213 7214
f 7203 7214 7204
f 7195 7215 7196
f 7196 7215 7216
f 7196 7216 7217
f 7217 7216 7218
f 7217 7218 7219
f 7219 7218 7220
f 7219 7220 7221
f 7221 7220 7222
f 7221 7222 7223
f 7223 7222 7224
f 7223 7224 7225
f 7225 7224 7226
f 7225 7226 7173
f 7173 7226 7227
f 7173 7227 7174
f 7171 7170 7228
f 7228 7170 7229
f 7228 7229 7230
f 7230 7229 7231
f 7230 7231 7232
f 7167 7169 7233
f 7233 7169 7234
f 7233 7234 7235
f 7236 7237 7238
f 7238 7237 7239
f 7238 7239 7240
f 7240 7239 7241
f 7240 7241 7242
f 7243 7244 7245
f 7245 7244 7246
f 7245 7246 7247
f 7247 7246 7248
f 7247 7248 7249
f 7249 7248 7250
f 7249 7250 7251
f 7251 7250 7252
f 7251 7252 7253
f 7253 7252 7254
f 7253 7254 7255
f 7184 7256 7185
f 7185 7256 7257
f 7185 7257 7258
f 7258 7257 7259
f 7258 7259 7260
f 7260 7259 7261
f 7260 7261 7262
f 7262 7261 7263
f 7262 7263 7264
f 7264 7263 7265
f 7264 7265 7266
f 7266 7265 7267
f 7266 7267 7243
f 7243 7267 7268
f 7243 7268 7244
f 7231 7269 7232
f 7232 7269 7270
f 7232 7270 7271
f 7271 7270 7272
f 7273 7274 7275
f 7275 7274 7276
f 7275 7276 7202
f 7202 7276 7277
f 7202 7277 7200
f 7234 7278 7235
f 7235 7278 7279
f 7235 7279 7280
f 7280 7279 7281
f 7280 7281 7282
f 7282 7281 7283
f 7282 7283 7273
f 7273 7283 7284
f 7273 7284 7274
f 7168 7285 7169
f 7169 7285 7286
f 7169 7286 7287
f 7287 7286 7288
f 7287 7288 7289
f 7208 7290 7209
f 7209 7290 7291
f 7209 7291 7292
f 7292 7291 7293
f 7292 7293 7236
f 7236 7293 7294
f 7236 7294 7237
f 7198 7197 7295
f 7295 7197 7296
f 7295 7296 7297
f 7200 7298 7201
f 7201 7298 7299
f 7201 7299 7300
f 7300 7299 7301
f 7300 7301 7302
f 7302 7301 7303
f 7302 7303 7304
f 7304 7303 7305
f 7304 7305 7306
f 7306 7305 7307
f 7306 7307 7272
f 7272 7307 7308
f 7272 7308 7271
f 7254 7309 7255
f 7255 7309 7310
f 7255 7310 7311
f 7311 7310 7312
f 7311 7312 7313
f 7313 7312 7297
f 7313 7297 7314
f 7314 7297 7296
f 7289 7315 7287
f 7287 7315 7316
f 7287 7316 7317
f 7317 7316 7242
f 7317 7242 7318
f 7318 7242 7241
f 7319 7320 7321
f 7321 7320 7322
f 7321 7322 7323
f 7323 7322 7324
f 7323 7324 7325
f 7325 7324 7326
f 7325 7326 7327
f 7328 7329 7330
f 7330 7329 7331
f 7330 7331 7332
f 7332 7331 7333
f 7332 7333 7334
f 7334 7333 7335
f 7334 7335 7319
f 7319 7335 7336
f 7319 7336 7320
f 7326 7337 7327
f 7327 7337 7338
f 7327 7338 7339
f 7339 7338 7340
f 7339 7340 7341
f 7341 7340 7342
f 7341 7342 7343
f 7343 7342 7344
f 7343 7344 7345
f 7345 7344 7346
f 7345 7346 7347
f 7347 7346 7348
f 7347 7348 7349
f 7349 7348 7350
f 7349 7350 7351
f 7351 7350 7352
f 7351 7352 7353
f 7353 7352 7354
f 7353 7354 7355
f 7356 7357 7358
f 7358 7357 7359
f 7358 7359 7360
f 7360 7359 7361
f 7360 7361 7362
f 7362 7361 7363
f 7362 7363 7364
f 7354 7365 7355
f 7355 7365 7366
f 7355 7366 7367
f 7367 7366 7368
f 7367 7368 7369
f 7369 7368 7370
f 7369 7370 7371
f 7371 7370 7372
f 7371 7372 7356
f 7356 7372 7373
f 7356 7373 7357
f 7374 7375 7376
f 7376 7375 7377
f 7376 7377 7378
f 7378 7377 7379
f 7378 7379 7380
f 7380 7379 7381
f 7380 7381 7382
f 7383 7384 7385
f 7385 7384 7386
f 7385 7386 7387
f 7387 7386 7388
f 7387 7388 7389
f 7389 7388 7390
f 7389 7390 7374
f 7374 7390 7391
f 7374 7391 7375
f 7392 7393 7394
f 7394 7393 7395
f 7394 7395 7396
f 7396 7395 7397
f 7396 7397 7398
f 7398 7397 7399
f 7398 7399 7400
f 7401 7402 7403
f 7403 7402 7404
f 7403 7404 7405
f 7405 7404 7406
f 7405 7406 7407
f 7407 7406 7408
f 7407 7408 7392
f 7392 7408 7409
f 7392 7409 7393
f 7363 7410 7364
f 7364 7410 7411
f 7364 7411 7412
f 7412 7411 7413
f 7412 7413 7414
f 7414 7413 7415
f 7414 7415 7416
f 7416 7415 7417
f 7416 7417 7418
f 7418 7417 7419
f 7418 7419 7420
f 7420 7419 7421
f 7420 7421 7422
f 7422 7421 7423
f 7422 7423 7424
f 7424 7423 7425
f 7424 7425 7426
f 7426 7425 7427
f 7426 7427 7401
f 7401 7427 7428
f 7401 7428 7402
f 7381 7429 7382
f 7382 7429 7430
f 7382 7430 7431
f 7431 7430 7432
f 7431 7432 7433
f 7433 7432 7434
f 7433 7434 7435
f 7435 7434 7436
f 7435 7436 7437
f 7437 7436 7438
f 7437 7438 7439
f 7439 7438 7440
f 7439 7440 7441
f 7441 7440 7442
f 7441 7442 7443
f 7443 7442 7444
f 7443 7444 7445
f 7445 7444 7446
f 7445 7446 7328
f 7328 7446 7447
f 7328 7447 7329
f 7399 7448 7400
f 7400 7448 7449
f 7400 7449 7450
f 7450 7449 7451
f 7450 7451 7452
f 7452 7451 7453
f 7452 7453 7454
f 7454 7453 7455
f 7454 7455 7456
f 7456 7455 7457
f 7456 7457 7458
f 7458 7457 7459
f 7458 7459 7460
f 7460 7459 7461
f 7460 7461 7462
f 7462 7461 7463
f 7462 7463 7464
f 7464 7463 7465
f 7464 7465 7383
f 7383 7465 7466
f 7383 7466 7384
f 7467 7468 7469
f 7470 7471 7472
f 7473 7474 7469
f 7469 7474 7475
f 7469 7475 7467
f 7476 7477 7472
f 7472 7477 7478
f 7479 7480 7481
f 7481 7480 7482
f 7481 7482 7483
f 7483 7482 7469
f 7483 7469 7484
f 7484 7469 7468
f 7484 7468 7485
f 7485 7468 7472
f 7485 7472 7486
f 7486 7472 7471
f 7478 7487 7472
f 7472 7487 7488
f 7472 7488 7470
f 7476 7472 7489
f 7489 7472 7490
f 7489 7490 7491
f 7491 7492 7489
f 7489 7492 7493
f 7489 7493 7494
f 7468 7467 7495
f 7495 7467 7496
f 7497 7473 7498
f 7498 7473 7469
f 7498 7469 7499
f 7497 7500 7473
f 7473 7500 7501
f 7473 7501 7474
f 7501 7502 7474
f 7474 7502 7503
f 7474 7503 7504
f 7504 7505 7474
f 7474 7505 7506
f 7474 7506 7475
f 7496 7467 7507
f 7507 7467 7475
f 7507 7475 7508
f 7508 7475 7506
f 7499 7469 7509
f 7509 7469 7482
f 7510 7481 7511
f 7511 7481 7483
f 7511 7483 7512
f 7510 7513 7481
f 7481 7513 7514
f 7481 7514 7479
f 7514 7515 7479
f 7479 7515 7516
f 7479 7516 7517
f 7517 7518 7479
f 7479 7518 7519
f 7479 7519 7480
f 7509 7482 7520
f 7520 7482 7480
f 7520 7480 7521
f 7521 7480 7519
f 7483 7484 7512
f 7512 7484 7522
f 7522 7484 7523
f 7523 7484 7485
f 7523 7485 7524
f 7524 7485 7525
f 7525 7485 7486
f 7525 7486 7526
f 7526 7486 7527
f 7527 7486 7471
f 7527 7471 7528
f 7528 7471 7529
f 7529 7471 7470
f 7529 7470 7530
f 7530 7470 7531
f 7531 7470 7488
f 7531 7488 7532
f 7532 7488 7533
f 7533 7488 7487
f 7533 7487 7534
f 7534 7487 7535
f 7535 7487 7478
f 7535 7478 7536
f 7536 7478 7537
f 7537 7478 7477
f 7537 7477 7538
f 7538 7477 7539
f 7539 7477 7476
f 7539 7476 7540
f 7540 7476 7541
f 7541 7476 7489
f 7541 7489 7542
f 7542 7489 7543
f 7543 7489 7494
f 7543 7494 7544
f 7544 7494 7545
f 7545 7494 7493
f 7545 7493 7546
f 7546 7493 7547
f 7547 7493 7492
f 7547 7492 7548
f 7548 7492 7549
f 7549 7492 7491
f 7549 7491 7550
f 7550 7491 7551
f 7551 7491 7490
f 7551 7490 7552
f 7552 7490 7553
f 7553 7490 7472
f 7553 7472 7554
f 7554 7472 7555
f 7555 7472 7468
f 7555 7468 7495
f 7556 7557 7496
f 7496 7557 7495
f 7499 7558 7559
f 7499 7559 7498
f 7498 7559 7560
f 7498 7560 7497
f 7497 7560 7561
f 7497 7561 7500
f 7500 7561 7562
f 7500 7562 7501
f 7562 7563 7501
f 7501 7563 7564
f 7501 7564 7502
f 7502 7564 7565
f 7502 7565 7503
f 7503 7565 7566
f 7503 7566 7504
f 7504 7566 7567
f 7504 7567 7505
f 7505 7567 7568
f 7505 7568 7506
f 7506 7568 7569
f 7506 7569 7508
f 7508 7569 7570
f 7508 7570 7507
f 7507 7570 7571
f 7507 7571 7496
f 7496 7571 7556
f 7499 7509 7558
f 7558 7509 7572
f 7512 7573 7574
f 7512 7574 7511
f 7511 7574 7575
f 7511 7575 7510
f 7510 7575 7576
f 7510 7576 7513
f 7513 7576 7577
f 7513 7577 7514
f 7577 7578 7514
f 7514 7578 7579
f 7514 7579 7515
f 7515 7579 7580
f 7515 7580 7516
f 7516 7580 7581
f 7516 7581 7517
f 7517 7581 7582
f 7517 7582 7518
f 7518 7582 7583
f 7518 7583 7519
f 7519 7583 7584
f 7519 7584 7521
f 7521 7584 7585
f 7521 7585 7520
f 7520 7585 7586
f 7520 7586 7509
f 7509 7586 7572
f 7587 7573 7522
f 7522 7573 7512
f 7588 7587 7522
f 7522 7523 7588
f 7588 7523 7524
f 7588 7524 7589
f 7524 7525 7589
f 7589 7525 7526
f 7589 7526 7590
f 7526 7527 7590
f 7590 7527 7528
f 7590 7528 7591
f 7528 7529 7591
f 7591 7529 7530
f 7591 7530 7592
f 7530 7531 7592
f 7592 7531 7532
f 7592 7532 7593
f 7532 7533 7593
f 7593 7533 7534
f 7593 7534 7594
f 7534 7535 7594
f 7594 7535 7536
f 7594 7536 7595
f 7536 7537 7595
f 7595 7537 7538
f 7595 7538 7596
f 7596 7538 7539
f 7596 7539 7597
f 7539 7540 7597
f 7597 7540 7541
f 7597 7541 7598
f 7541 7542 7598
f 7598 7542 7543
f 7598 7543 7599
f 7543 7544 7599
f 7599 7544 7545
f 7599 7545 7600
f 7545 7546 7600
f 7600 7546 7547
f 7600 7547 7601
f 7547 7548 7601
f 7601 7548 7549
f 7601 7549 7602
f 7549 7550 7602
f 7602 7550 7551
f 7602 7551 7603
f 7551 7552 7603
f 7603 7552 7553
f 7603 7553 7604
f 7495 7557 7555
f 7555 7557 7604
f 7555 7604 7554
f 7554 7604 7553
f 7559 7558 7605
f 7606 7607 7591
f 7591 7607 7590
f 7608 7609 7594
f 7594 7609 7593
f 7608 7594 7610
f 7610 7594 7595
f 7610 7595 7611
f 7612 7613 7600
f 7600 7613 7599
f 7607 7614 7590
f 7590 7614 7615
f 7590 7615 7589
f 7606 7591 7616
f 7616 7591 7592
f 7616 7592 7617
f 7609 7618 7593
f 7593 7618 7619
f 7593 7619 7592
f 7592 7619 7620
f 7592 7620 7617
f 7621 7598 7622
f 7622 7598 7599
f 7622 7599 7623
f 7623 7599 7613
f 7601 7602 7624
f 7625 7626 7603
f 7603 7626 7627
f 7603 7627 7602
f 7602 7627 7628
f 7602 7628 7624
f 7615 7629 7589
f 7589 7629 7630
f 7589 7630 7588
f 7596 7631 7595
f 7595 7631 7632
f 7595 7632 7611
f 7597 7633 7596
f 7596 7633 7634
f 7596 7634 7631
f 7621 7635 7598
f 7598 7635 7636
f 7598 7636 7597
f 7597 7636 7637
f 7597 7637 7633
f 7624 7638 7601
f 7601 7638 7639
f 7601 7639 7600
f 7600 7639 7640
f 7600 7640 7612
f 7625 7603 7641
f 7641 7603 7604
f 7641 7604 7642
f 7642 7604 7643
f 7643 7604 7557
f 7643 7557 7644
f 7644 7557 7605
f 7605 7557 7556
f 7605 7556 7571
f 7571 7570 7605
f 7605 7570 7569
f 7605 7569 7568
f 7572 7586 7645
f 7645 7586 7585
f 7645 7585 7584
f 7568 7567 7605
f 7605 7567 7566
f 7605 7566 7565
f 7584 7583 7645
f 7645 7583 7582
f 7645 7582 7581
f 7565 7564 7605
f 7605 7564 7563
f 7605 7563 7562
f 7562 7561 7605
f 7605 7561 7560
f 7605 7560 7559
f 7581 7580 7645
f 7645 7580 7579
f 7645 7579 7578
f 7578 7577 7645
f 7645 7577 7576
f 7645 7576 7575
f 7587 7646 7573
f 7573 7646 7645
f 7573 7645 7574
f 7574 7645 7575
f 7630 7647 7588
f 7588 7647 7648
f 7588 7648 7587
f 7587 7648 7649
f 7587 7649 7646
f 7650 7651 7652
f 7651 7653 7654
f 7655 7656 7657
f 7657 7656 7652
f 7654 7658 7651
f 7651 7658 7659
f 7651 7659 7652
f 7652 7659 7660
f 7652 7660 7657
f 7652 7661 7650
f 7650 7661 7662
f 7650 7662 7663
f 7663 7662 7664
f 7663 7664 7665
f 7665 7666 7663
f 7663 7666 7667
f 7663 7667 7668
f 7668 7669 7663
f 7663 7669 7670
f 7663 7670 7671
f 7672 7673 7671
f 7671 7673 7674
f 7671 7674 7675
f 7675 7676 7671
f 7671 7676 7677
f 7671 7677 7663
f 7678 7660 7679
f 7679 7660 7659
f 7680 7653 7681
f 7681 7653 7651
f 7681 7651 7682
f 7680 7683 7653
f 7653 7683 7684
f 7653 7684 7654
f 7684 7685 7654
f 7654 7685 7686
f 7654 7686 7687
f 7687 7688 7654
f 7654 7688 7689
f 7654 7689 7658
f 7679 7659 7690
f 7690 7659 7658
f 7690 7658 7691
f 7691 7658 7689
f 7651 7650 7682
f 7682 7650 7692
f 7692 7650 7693
f 7693 7650 7663
f 7693 7663 7694
f 7694 7663 7695
f 7695 7663 7677
f 7695 7677 7696
f 7696 7677 7697
f 7697 7677 7676
f 7697 7676 7698
f 7698 7676 7699
f 7699 7676 7675
f 7699 7675 7700
f 7700 7675 7701
f 7701 7675 7674
f 7701 7674 7702
f 7702 7674 7703
f 7703 7674 7673
f 7703 7673 7704
f 7704 7673 7705
f 7705 7673 7672
f 7705 7672 7706
f 7706 7672 7707
f 7707 7672 7671
f 7707 7671 7708
f 7708 7671 7709
f 7709 7671 7670
f 7709 7670 7710
f 7710 7670 7711
f 7711 7670 7669
f 7711 7669 7712
f 7712 7669 7713
f 7713 7669 7668
f 7713 7668 7714
f 7714 7668 7715
f 7715 7668 7667
f 7715 7667 7716
f 7716 7667 7717
f 7717 7667 7666
f 7717 7666 7718
f 7718 7666 7719
f 7719 7666 7665
f 7719 7665 7720
f 7720 7665 7721
f 7721 7665 7664
f 7721 7664 7722
f 7722 7664 7723
f 7723 7664 7662
f 7723 7662 7724
f 7724 7662 7725
f 7725 7662 7661
f 7725 7661 7726
f 7661 7652 7726
f 7726 7652 7727
f 7728 7657 7729
f 7729 7657 7660
f 7729 7660 7678
f 7728 7730 7657
f 7657 7730 7731
f 7657 7731 7655
f 7731 7732 7655
f 7655 7732 7733
f 7655 7733 7734
f 7734 7735 7655
f 7655 7735 7736
f 7655 7736 7656
f 7727 7652 7737
f 7737 7652 7656
f 7737 7656 7738
f 7738 7656 7736
f 7678 7679 7739
f 7739 7679 7740
f 7682 7741 7742
f 7682 7742 7681
f 7681 7742 7743
f 7681 7743 7680
f 7680 7743 7744
f 7680 7744 7683
f 7683 7744 7745
f 7683 7745 7684
f 7745 7746 7684
f 7684 7746 7747
f 7684 7747 7685
f 7685 7747 7748
f 7685 7748 7686
f 7686 7748 7749
f 7686 7749 7687
f 7687 7749 7750
f 7687 7750 7688
f 7688 7750 7751
f 7688 7751 7689
f 7689 7751 7752
f 7689 7752 7691
f 7691 7752 7753
f 7691 7753 7690
f 7690 7753 7754
f 7690 7754 7679
f 7679 7754 7740
f 7755 7741 7692
f 7692 7741 7682
f 7756 7755 7692
f 7692 7693 7756
f 7756 7693 7694
f 7756 7694 7757
f 7694 7695 7757
f 7757 7695 7696
f 7757 7696 7758
f 7696 7697 7758
f 7758 7697 7698
f 7758 7698 7759
f 7698 7699 7759
f 7759 7699 7700
f 7759 7700 7760
f 7700 7701 7760
f 7760 7701 7702
f 7760 7702 7761
f 7702 7703 7761
f 7761 7703 7704
f 7761 7704 7762
f 7704 7705 7762
f 7762 7705 7706
f 7762 7706 7763
f 7706 7707 7763
f 7763 7707 7708
f 7763 7708 7764
f 7764 7708 7709
f 7764 7709 7765
f 7709 7710 7765
f 7765 7710 7711
f 7765 7711 7766
f 7711 7712 7766
f 7766 7712 7713
f 7766 7713 7767
f 7713 7714 7767
f 7767 7714 7715
f 7767 7715 7768
f 7715 7716 7768
f 7768 7716 7717
f 7768 7717 7769
f 7717 7718 7769
f 7769 7718 7719
f 7769 7719 7770
f 7719 7720 7770
f 7770 7720 7721
f 7770 7721 7771
f 7721 7722 7771
f 7771 7722 7723
f 7771 7723 7772
f 7726 7773 7725
f 7725 7773 7772
f 7725 7772 7724
f 7724 7772 7723
f 7774 7773 7727
f 7727 7773 7726
f 7678 7739 7775
f 7678 7775 7729
f 7729 7775 7776
f 7729 7776 7728
f 7728 7776 7777
f 7728 7777 7730
f 7730 7777 7778
f 7730 7778 7731
f 7778 7779 7731
f 7731 7779 7780
f 7731 7780 7732
f 7732 7780 7781
f 7732 7781 7733
f 7733 7781 7782
f 7733 7782 7734
f 7734 7782 7783
f 7734 7783 7735
f 7735 7783 7784
f 7735 7784 7736
f 7736 7784 7785
f 7736 7785 7738
f 7738 7785 7786
f 7738 7786 7737
f 7737 7786 7787
f 7737 7787 7727
f 7727 7787 7774
f 7775 7739 7788
f 7758 7789 7790
f 7758 7790 7757
f 7790 7791 7757
f 7757 7791 7792
f 7757 7792 7756
f 7793 7794 7768
f 7768 7794 7767
f 7795 7763 7796
f 7796 7763 7764
f 7796 7764 7797
f 7797 7764 7798
f 7798 7764 7765
f 7798 7765 7799
f 7769 7770 7800
f 7801 7802 7771
f 7771 7802 7803
f 7771 7803 7770
f 7770 7803 7804
f 7770 7804 7800
f 7789 7758 7805
f 7805 7758 7759
f 7805 7759 7806
f 7807 7761 7762
f 7799 7765 7808
f 7808 7765 7766
f 7808 7766 7809
f 7794 7810 7767
f 7767 7810 7811
f 7767 7811 7766
f 7766 7811 7812
f 7766 7812 7809
f 7800 7813 7769
f 7769 7813 7814
f 7769 7814 7768
f 7768 7814 7815
f 7768 7815 7793
f 7740 7754 7816
f 7816 7754 7753
f 7816 7753 7752
f 7795 7817 7763
f 7763 7817 7818
f 7763 7818 7762
f 7762 7818 7819
f 7762 7819 7807
f 7801 7771 7820
f 7820 7771 7772
f 7820 7772 7821
f 7752 7751 7816
f 7816 7751 7750
f 7816 7750 7749
f 7806 7759 7822
f 7822 7759 7760
f 7822 7760 7823
f 7807 7824 7761
f 7761 7824 7825
f 7761 7825 7760
f 7760 7825 7826
f 7760 7826 7823
f 7821 7772 7827
f 7827 7772 7773
f 7827 7773 7828
f 7828 7773 7788
f 7788 7773 7774
f 7788 7774 7787
f 7749 7748 7816
f 7816 7748 7747
f 7816 7747 7746
f 7746 7745 7816
f 7816 7745 7744
f 7816 7744 7743
f 7787 7786 7788
f 7788 7786 7785
f 7788 7785 7784
f 7784 7783 7788
f 7788 7783 7782
f 7788 7782 7781
f 7755 7829 7741
f 7741 7829 7816
f 7741 7816 7742
f 7742 7816 7743
f 7781 7780 7788
f 7788 7780 7779
f 7788 7779 7778
f 7778 7777 7788
f 7788 7777 7776
f 7788 7776 7775
f 7792 7830 7756
f 7756 7830 7831
f 7756 7831 7755
f 7755 7831 7832
f 7755 7832 7829

