# https://github.com/mikedh/trimesh

o yh_Link.STL
v -4.80400959 -7.55782250 -2.62764765
v -4.77718279 -7.54554189 -2.57826897
v -4.77718279 -7.15000002 -2.57826897
v -4.83090798 -7.57225762 -2.67715824
v -4.94391134 -7.15000002 -2.88515783
v -4.85757002 -7.58870497 -2.72623373
v -4.94391134 -7.64999996 -2.88515783
v -4.93613475 -7.64999996 -2.87084382
v -4.91018353 -7.62758712 -2.82307675
v -4.89035717 -7.61191725 -2.78658334
v -4.88399531 -7.60715186 -2.77487335
v -4.66767711 -7.53733321 -2.48503112
v -4.64874888 -7.53955200 -2.47942056
v -4.64985909 -7.15000002 -2.47969416
v -4.62667183 -7.54299919 -2.47534309
v -4.60891233 -7.54641063 -2.47388508
v -4.60891233 -7.15000002 -2.47388508
v -4.62935344 -7.54253297 -2.47570255
v -4.68873564 -7.15000002 -2.49380081
v -4.69042261 -7.53565702 -2.49462896
v -4.68609913 -7.53588612 -2.49254550
v -4.75513334 -7.53912564 -2.54576306
v -4.74181322 -7.53704227 -2.53128011
v -4.75378831 -7.15000002 -2.54416501
v -4.73876489 -7.53669507 -2.52833960
v -4.72387963 -7.15000002 -2.51560181
v -4.72370996 -7.53555271 -2.51547056
v -4.70757869 -7.53520961 -2.50423043
v -4.76693390 -7.54195928 -2.56143792
v -4.26817995 -7.15000002 -2.46115232
v -4.55156330 -7.55942195 -2.47174201
v -4.49469833 -7.57450826 -2.46961704
v -4.28436504 -7.64999996 -2.46175712
v -4.26817995 -7.64999996 -2.46115232
v -4.32672084 -7.63223051 -2.46333992
v -4.38230641 -7.61090490 -2.46541705
v -4.46868257 -7.58214771 -2.46864485
v -4.43828910 -7.59166769 -2.46750908
v -4.30939685 -7.64999996 -2.53427320
v -4.30939685 -7.15000002 -2.53427320
v -4.35842395 -7.64999996 -2.60240419
v -4.35842395 -7.15000002 -2.60240419
v -4.41466363 -7.64999996 -2.66471466
v -4.41466363 -7.15000002 -2.66471466
v -4.47743012 -7.64999996 -2.72044495
v -4.47743012 -7.15000002 -2.72044495
v -4.54595823 -7.64999996 -2.76891550
v -4.54595823 -7.15000002 -2.76891550
v -4.61941238 -7.64999996 -2.80953546
v -4.61941238 -7.15000002 -2.80953546
v -4.69689709 -7.64999996 -2.84180951
v -4.69689709 -7.15000002 -2.84180951
v -4.77746763 -7.64999996 -2.86534422
v -4.77746763 -7.15000002 -2.86534422
v -4.86014170 -7.64999996 -2.87985259
v -4.86014170 -7.15000002 -2.87985259
v -4.31025492 -7.64999996 -2.50866846
v -4.34224543 -7.64999996 -2.55756171
v -4.37796449 -7.64999996 -2.60380127
v -4.41719296 -7.64999996 -2.64710339
v -4.88263299 -7.64999996 -2.86792459
v -4.82469405 -7.64999996 -2.86037314
v -4.45969024 -7.64999996 -2.68720242
v -4.50519545 -7.64999996 -2.72385238
v -4.55342958 -7.64999996 -2.75682837
v -4.60409660 -7.64999996 -2.78592820
v -4.65688571 -7.64999996 -2.81097323
v -4.71147308 -7.64999996 -2.83180985
v -4.76752384 -7.64999996 -2.84831023
v -4.82718584 -7.64270920 -2.84574961
v -4.77115254 -7.64270920 -2.83392656
v -4.78772143 -7.61154193 -2.76824974
v -4.51404078 -7.64270920 -2.71194365
v -4.56131571 -7.64270920 -2.74426395
v -4.55114337 -7.61127203 -2.65433320
v -4.55735324 -7.61273141 -2.66310976
v -4.49619897 -7.58229430 -2.50483749
v -4.78385144 -7.55655795 -2.61733628
v -4.83856370 -7.61154193 -2.77897741
v -4.76077439 -7.58229430 -2.68571877
v -4.74582797 -7.55655795 -2.60282231
v -4.70905712 -7.55655795 -2.58537692
v -4.67376442 -7.55655795 -2.56510715
v -4.64016644 -7.55655795 -2.54213729
v -4.60846923 -7.55655795 -2.51660838
v -4.44128097 -7.61154193 -2.55080455
v -4.38106594 -7.61154193 -2.46620162
v -4.40951551 -7.61154193 -2.50968309
v -4.60339021 -7.60892789 -2.68355406
v -4.61029068 -7.60716043 -2.68295647
v -4.64238334 -7.61154193 -2.71277253
v -4.59960103 -7.60978508 -2.68353422
v -4.62038876 -7.60407440 -2.68054439
v -4.62703617 -7.60168555 -2.67785338
v -4.63030353 -7.60039251 -2.67616299
v -4.63841737 -7.59677320 -2.67069994
v -4.64631264 -7.59249526 -2.66303716
v -4.67559160 -7.58229430 -2.64932045
v -4.64750894 -7.59175430 -2.66158797
v -4.65356463 -7.58738565 -2.65233221
v -4.65704813 -7.58400626 -2.64431539
v -4.57145565 -7.61343978 -2.67508926
v -4.56285382 -7.61331703 -2.66872558
v -4.55939237 -7.61300727 -2.66537091
v -4.57942365 -7.61294413 -2.67912622
v -4.58961095 -7.61165648 -2.68229127
v -4.59732446 -7.61154193 -2.68689364
v -4.56615275 -7.58325133 -2.57869072
v -4.56011719 -7.58633773 -2.58402934
v -4.56103271 -7.58229430 -2.57100037
v -4.55314818 -7.59068533 -2.59259159
v -4.51396078 -7.61154193 -2.62497433
v -4.55037204 -7.59280707 -2.59719447
v -4.54871201 -7.59425732 -2.60050234
v -4.54503254 -7.59848907 -2.61094745
v -4.54362149 -7.60142087 -2.61896064
v -4.54347891 -7.60196104 -2.62051739
v -4.54350419 -7.60503291 -2.62994499
v -4.54460706 -7.60720792 -2.63736670
v -4.54666496 -7.60911416 -2.64462626
v -4.60794364 -7.57007833 -2.56689724
v -4.59767988 -7.57231686 -2.56671941
v -4.58809974 -7.57493890 -2.56820128
v -4.58707787 -7.57525034 -2.56845725
v -4.57713874 -7.57863029 -2.57202697
v -4.56773709 -7.58251484 -2.57751502
v -4.63490254 -7.56724580 -2.57683902
v -4.62706206 -7.56754364 -2.57230860
v -4.61842115 -7.56840698 -2.56898429
v -4.61241012 -7.56928764 -2.56754381
v -4.65166427 -7.56916023 -2.59447915
v -4.64948682 -7.56858989 -2.59118534
v -4.64248641 -7.56754010 -2.58303771
v -4.63626301 -7.56725065 -2.57780135
v -4.65790262 -7.58295535 -2.64165958
v -4.65968072 -7.57994718 -2.63358301
v -4.66029945 -7.57726516 -2.62569629
v -4.65979870 -7.57470961 -2.61741204
v -4.65939099 -7.57395617 -2.61478664
v -4.65761747 -7.57202777 -2.60755427
v -4.65343160 -7.56975590 -2.59756625
v -4.38933995 -7.64270920 -2.59427985
v -4.35433116 -7.64270920 -2.54895988
v -4.32297683 -7.64270920 -2.50103886
v -4.46944044 -7.64270920 -2.67602254
v -4.54786469 -7.60985586 -2.64772687
v -4.88397264 -7.64270920 -2.85315088
v -4.61097521 -7.64270920 -2.77278505
v -4.80523997 -7.58229430 -2.69880870
v -4.57886733 -7.55655795 -2.48867695
v -4.52731930 -7.58229430 -2.53918946
v -4.47616743 -7.61154193 -2.58931371
v -4.42778834 -7.64270920 -2.63672092
v -4.73787475 -7.61154193 -2.75357568
v -4.71621643 -7.64270920 -2.81775429
v -4.71746973 -7.58229430 -2.66918892
v -4.68932942 -7.61154193 -2.73504544
v -4.66271455 -7.64270920 -2.79733201
v -4.63490370 -7.55000013 -2.57683976
v -4.65790518 -7.55000013 -2.64165097
v -4.64631264 -7.55000013 -2.66303716
v -4.65979695 -7.55000013 -2.61739863
v -4.65166085 -7.55000013 -2.59447361
v -4.61242295 -7.55000013 -2.56754619
v -4.58810572 -7.55000013 -2.56819984
v -4.56615670 -7.55000013 -2.57868769
v -4.55037107 -7.55000013 -2.59719628
v -4.54347825 -7.55000013 -2.62052536
v -4.54667022 -7.55000013 -2.64464102
v -4.55939488 -7.55000013 -2.66537352
v -4.57945213 -7.55000013 -2.67913800
v -4.62702380 -7.55000013 -2.67785925
v -4.60337387 -7.55000013 -2.68355447
v -4.60180191 -7.55000013 -2.62507482
v -5.32768094 -7.54554189 -2.42942672
v -5.32768094 -7.15000002 -2.42942672
v -5.38697776 -7.55880411 -2.41842107
v -5.67107152 -7.15000002 -2.36569236
v -5.44154004 -7.57315952 -2.40829412
v -5.49562953 -7.58946809 -2.39825493
v -5.67107152 -7.64999996 -2.36569236
v -5.65505501 -7.64999996 -2.36866509
v -5.60238723 -7.62789893 -2.37844037
v -5.56070537 -7.61189248 -2.38617666
v -5.54924540 -7.60771829 -2.38830366
v -5.20534176 -7.53730658 -2.50453248
v -5.19428368 -7.53947674 -2.52054192
v -5.19458554 -7.15000002 -2.52005749
v -5.18328217 -7.54299919 -2.54076535
v -5.17640754 -7.54641063 -2.55720511
v -5.17640754 -7.15000002 -2.55720511
v -5.18483292 -7.54238713 -2.53755145
v -5.25160935 -7.15000002 -2.46075585
v -5.23619580 -7.53520831 -2.47237883
v -5.22001528 -7.15000002 -2.48744288
v -5.22192789 -7.53562107 -2.48548093
v -5.21800667 -7.53588612 -2.48956245
v -5.29048345 -7.53919753 -2.44014079
v -5.27282933 -7.53711752 -2.44814882
v -5.28801685 -7.15000002 -2.44113749
v -5.26832349 -7.53669507 -2.45053531
v -5.25166896 -7.53556351 -2.46071527
v -5.30878122 -7.54200603 -2.43389357
v -5.05900584 -7.15000002 -2.87732615
v -5.15693301 -7.55921836 -2.61030656
v -5.13762053 -7.57404129 -2.66296619
v -5.06458253 -7.64999996 -2.86212012
v -5.05900584 -7.64999996 -2.87732615
v -5.08056089 -7.63061355 -2.81855164
v -5.09944416 -7.60973199 -2.76706235
v -5.12899560 -7.58135515 -2.68648404
v -5.11846082 -7.59087774 -2.71520938
v -5.14128468 -7.64999996 -2.86072220
v -5.14128468 -7.15000002 -2.86072220
v -5.22123133 -7.64999996 -2.83514827
v -5.22123133 -7.15000002 -2.83514827
v -5.29787112 -7.64999996 -2.80091616
v -5.29787112 -7.15000002 -2.80091616
v -5.37026965 -7.64999996 -2.75844329
v -5.37026965 -7.15000002 -2.75844329
v -5.43754425 -7.64999996 -2.70824742
v -5.43754425 -7.15000002 -2.70824742
v -5.49887473 -7.64999996 -2.65094058
v -5.49887473 -7.15000002 -2.65094058
v -5.55351328 -7.64999996 -2.58722149
v -5.55351328 -7.15000002 -2.58722149
v -5.60079373 -7.64999996 -2.51786697
v -5.60079373 -7.15000002 -2.51786697
v -5.64013974 -7.64999996 -2.44372259
v -5.64013974 -7.15000002 -2.44372259
v -5.11719830 -7.64999996 -2.85199380
v -5.17358417 -7.64999996 -2.83667788
v -5.22859837 -7.64999996 -2.81699577
v -5.28190339 -7.64999996 -2.79306842
v -5.33317221 -7.64999996 -2.76504241
v -5.38209027 -7.64999996 -2.73308980
v -5.42835750 -7.64999996 -2.69740664
v -5.63574571 -7.64999996 -2.41864615
v -5.61065975 -7.64999996 -2.47141586
v -5.47169003 -7.64999996 -2.65821174
v -5.51182202 -7.64999996 -2.61574562
v -5.54850723 -7.64999996 -2.57026882
v -5.58152066 -7.64999996 -2.52206030
v -5.59392360 -7.64074168 -2.46264029
v -5.56552268 -7.64074168 -2.51200178
v -5.50898996 -7.61019505 -2.47645758
v -5.37114435 -7.64074168 -2.71768540
v -5.41623950 -7.64074168 -2.68290613
v -5.14790535 -7.61019505 -2.75494105
v -5.36605118 -7.55620926 -2.43452776
v -5.53478238 -7.61019505 -2.43162967
v -5.42312616 -7.58149746 -2.47698960
v -5.34054952 -7.55620926 -2.46614090
v -5.31265182 -7.55620926 -2.49566112
v -5.28252931 -7.55620926 -2.52290738
v -5.25036673 -7.55620926 -2.54771246
v -5.21636145 -7.55620926 -2.56992427
v -5.19660111 -7.61019505 -2.73751950
v -5.17023488 -7.58149746 -2.67202978
v -5.32262335 -7.60980147 -2.66900549
v -5.33171061 -7.61153187 -2.66755920
v -5.33910066 -7.61257942 -2.66525063
v -5.34458913 -7.61312238 -2.66279692
v -5.34856830 -7.61337235 -2.66056692
v -5.35498492 -7.61347070 -2.65601401
v -5.36251094 -7.61294152 -2.64864999
v -5.36375975 -7.61276047 -2.64713506
v -5.36954825 -7.61135957 -2.63834901
v -5.37341775 -7.61019505 -2.63166523
v -5.37360411 -7.60932165 -2.62886889
v -5.26214955 -7.58240103 -2.62809575
v -5.26630513 -7.58652437 -2.63807301
v -5.25290161 -7.58149746 -2.63096013
v -5.27155237 -7.59035061 -2.64625361
v -5.28916456 -7.61019505 -2.69153302
v -5.27897971 -7.59465500 -2.65427369
v -5.28003581 -7.59519908 -2.65519659
v -5.28591453 -7.59799957 -2.65960440
v -5.29552675 -7.60191783 -2.66469957
v -5.29995300 -7.60349903 -2.66633511
v -5.30303603 -7.60452758 -2.66724222
v -5.31365488 -7.60764844 -2.66902687
v -5.26234545 -7.57136020 -2.59266303
v -5.26122412 -7.57231984 -2.59658748
v -5.25960692 -7.57523488 -2.60714355
v -5.25968387 -7.57781408 -2.61532932
v -5.25993205 -7.57864314 -2.61778876
v -5.29909446 -7.56840083 -2.55532598
v -5.29180840 -7.56763174 -2.55837769
v -5.28282675 -7.56724543 -2.56394188
v -5.27620069 -7.56749354 -2.56975920
v -5.27348449 -7.56777815 -2.57273123
v -5.26953792 -7.56846267 -2.57791958
v -5.26467800 -7.57002785 -2.58662354
v -5.32765442 -7.57442351 -2.55298892
v -5.31695190 -7.57164351 -2.55219627
v -5.31337795 -7.57085282 -2.55236973
v -5.30942001 -7.57005784 -2.55281951
v -5.37596655 -7.60662063 -2.61857801
v -5.41177348 -7.61019505 -2.59697188
v -5.37643202 -7.60332748 -2.60784647
v -5.37631687 -7.60272994 -2.60604892
v -5.37493758 -7.59961317 -2.59725310
v -5.37169727 -7.59574427 -2.58747174
v -5.35596803 -7.58528105 -2.56618152
v -5.35242970 -7.58356239 -2.56339114
v -5.36240132 -7.58149746 -2.54650938
v -5.34525121 -7.58045363 -2.55892153
v -5.33522629 -7.57677789 -2.55478050
v -5.37010439 -7.59429476 -2.58408871
v -5.36648061 -7.59149111 -2.57794627
v -5.36062133 -7.58778407 -2.57061536
v -5.22154081 -7.64074168 -2.79946586
v -5.16792024 -7.64074168 -2.81864929
v -5.11296273 -7.64074168 -2.83357727
v -5.32346550 -7.64074168 -2.74882855
v -5.32117661 -7.60948370 -2.66910216
v -5.61837408 -7.64074168 -2.41120737
v -5.45847433 -7.64074168 -2.64470417
v -5.44922359 -7.58149746 -2.43888025
v -5.18072201 -7.55620926 -2.58940647
v -5.21237306 -7.58149746 -2.65311494
v -5.24378401 -7.61019505 -2.71634015
v -5.27349546 -7.64074168 -2.77614456
v -5.47976813 -7.61019505 -2.51912929
v -5.53334558 -7.64074168 -2.55898906
v -5.39412613 -7.58149746 -2.51293948
v -5.44729627 -7.61019505 -2.55938305
v -5.49758969 -7.64074168 -2.60331386
v -5.36251094 -7.55000013 -2.64864999
v -5.37365040 -7.55000013 -2.62872682
v -5.37631752 -7.55000013 -2.60605726
v -5.37010644 -7.55000013 -2.58409272
v -5.33603942 -7.55000013 -2.55503755
v -5.35596263 -7.55000013 -2.56617696
v -5.31336987 -7.55000013 -2.55237038
v -5.29140530 -7.55000013 -2.55858151
v -5.27348956 -7.55000013 -2.57272532
v -5.26235018 -7.55000013 -2.59264854
v -5.25968299 -7.55000013 -2.61531805
v -5.26589412 -7.55000013 -2.63728264
v -5.28003790 -7.55000013 -2.65519836
v -5.29996113 -7.55000013 -2.66633777
v -5.32263064 -7.55000013 -2.66900493
v -5.34459523 -7.55000013 -2.66279385
v -5.31800026 -7.55000013 -2.61068766
v -5.37888606 -7.59043145 -1.68749907
v -5.37185606 -7.57430094 -1.74100280
v -5.40173536 -7.15000002 -1.51359828
v -5.36476572 -7.56005115 -1.79496585
v -5.35623685 -7.15000002 -1.85987710
v -5.35761516 -7.54769455 -1.84938691
v -5.35623685 -7.54554189 -1.85987710
v -5.40173536 -7.64999996 -1.51359828
v -5.39961325 -7.64999996 -1.52974946
v -5.39276468 -7.62829083 -1.58187223
v -5.38710037 -7.61185988 -1.62498190
v -5.38585561 -7.60843150 -1.63445540
v -5.38965741 -7.53727361 -1.99914044
v -5.40120805 -7.53938343 -2.01435140
v -5.40130309 -7.15000002 -2.01446480
v -5.41750451 -7.54299919 -2.03161403
v -5.43101526 -7.54641063 -2.04323236
v -5.43101526 -7.15000002 -2.04323236
v -5.41415394 -7.54220627 -2.02838827
v -5.36252519 -7.15000002 -1.94190673
v -5.36240477 -7.53557748 -1.94149197
v -5.36855131 -7.53520775 -1.95949130
v -5.37814296 -7.15000002 -1.98020123
v -5.37637479 -7.53557786 -1.97681543
v -5.37814324 -7.53574121 -1.98020168
v -5.37953813 -7.53588612 -1.98276650
v -5.35796981 -7.53669507 -1.92285234
v -5.35511754 -7.15000002 -1.90121876
v -5.35692273 -7.53721400 -1.91675995
v -5.35465710 -7.54206489 -1.87887356
v -5.35488783 -7.53928880 -1.89784896
v -5.35511712 -7.53886878 -1.90121313
v -5.69918941 -7.15000002 -2.25381085
v -5.47468120 -7.55896337 -2.07752018
v -5.51799031 -7.57345773 -2.11152783
v -5.68645087 -7.64999996 -2.24380818
v -5.69918941 -7.64999996 -2.25381085
v -5.64598090 -7.62859966 -2.21202994
v -5.60361927 -7.60826945 -2.17876629
v -5.53671413 -7.58036441 -2.12623036
v -5.56096274 -7.58989184 -2.14527109
v -5.70882361 -7.64999996 -2.17042815
v -5.70882361 -7.15000002 -2.17042815
v -5.70920625 -7.64999996 -2.08649157
v -5.70920625 -7.15000002 -2.08649157
v -5.70033256 -7.64999996 -2.00302451
v -5.70033256 -7.15000002 -2.00302451
v -5.68231081 -7.64999996 -1.92104452
v -5.68231081 -7.15000002 -1.92104452
v -5.65536071 -7.64999996 -1.84155121
v -5.65536071 -7.15000002 -1.84155121
v -5.61981083 -7.64999996 -1.76551370
v -5.61981083 -7.15000002 -1.76551370
v -5.57609459 -7.64999996 -1.69385912
v -5.57609459 -7.15000002 -1.69385912
v -5.52474500 -7.64999996 -1.62746094
v -5.52474500 -7.15000002 -1.62746094
v -5.46638810 -7.64999996 -1.56712879
v -5.46638810 -7.15000002 -1.56712879
v -5.69307933 -7.64999996 -2.19063842
v -5.69593714 -7.64999996 -2.13227938
v -5.69421875 -7.64999996 -2.07387567
v -5.68793461 -7.64999996 -2.01578558
v -5.67712325 -7.64999996 -1.95836555
v -5.66185105 -7.64999996 -1.90196782
v -5.64221165 -7.64999996 -1.84693835
v -5.61832560 -7.64999996 -1.79361480
v -5.59033936 -7.64999996 -1.74232426
v -5.55842470 -7.64999996 -1.69338139
v -5.44118116 -7.64999996 -1.56355871
v -5.48361617 -7.64999996 -1.60372362
v -5.52277740 -7.64999996 -1.64708651
v -5.45399825 -7.60851382 -1.70447447
v -5.48536501 -7.60851382 -1.74521022
v -5.42882800 -7.58050169 -1.78531776
v -5.53569741 -7.58050169 -2.08476534
v -5.46166485 -7.55577265 -2.04927354
v -5.42753938 -7.63986401 -1.57915189
v -5.46879580 -7.63986401 -1.61820126
v -5.40077368 -7.58050169 -1.74888389
v -5.39399486 -7.55577265 -1.85966247
v -5.41339976 -7.55577265 -1.89522603
v -5.42996175 -7.55577265 -1.93219922
v -5.44357922 -7.55577265 -1.97035520
v -5.45416854 -7.55577265 -2.00945997
v -5.53075180 -7.58050169 -2.03904865
v -5.67244145 -7.63986401 -2.18881543
v -5.52224329 -7.58050169 -1.99385930
v -5.52378747 -7.58197877 -1.98356832
v -5.53027334 -7.58441194 -1.98341332
v -5.53436799 -7.58599798 -1.98294196
v -5.54415302 -7.58995201 -1.98058919
v -5.58981018 -7.60851382 -1.97837505
v -5.55222815 -7.59340870 -1.97720366
v -5.55397405 -7.59418226 -1.97627508
v -5.56249137 -7.59811915 -1.97052724
v -5.57014544 -7.60196365 -1.96305906
v -5.57591992 -7.60518658 -1.95499224
v -5.48768209 -7.57038976 -1.96961569
v -5.49354491 -7.57199331 -1.97401079
v -5.50313357 -7.57488917 -1.97909710
v -5.50761067 -7.57633551 -1.98075166
v -5.51309481 -7.57817823 -1.98223771
v -5.46992782 -7.56725176 -1.94295967
v -5.46764864 -7.56770755 -1.93283963
v -5.46731705 -7.56798490 -1.92972196
v -5.46713469 -7.56854835 -1.92480194
v -5.47329954 -7.56743523 -1.95123800
v -5.47872133 -7.56830733 -1.96004632
v -5.48542908 -7.56981700 -1.96759197
v -5.47849371 -7.57716644 -1.89045474
v -5.48113322 -7.57857516 -1.88712357
v -5.47596973 -7.58050169 -1.86420109
v -5.47420404 -7.57470570 -1.89721792
v -5.47003530 -7.57191769 -1.90690197
v -5.46811798 -7.57024448 -1.91441169
v -5.53807293 -7.60851382 -1.83340758
v -5.56104135 -7.60958224 -1.87852716
v -5.55227364 -7.60700117 -1.87301298
v -5.54366534 -7.60422937 -1.86944380
v -5.54211166 -7.60370801 -1.86896422
v -5.53182171 -7.60011013 -1.86692397
v -5.49904385 -7.58706379 -1.87298844
v -5.49232995 -7.58404370 -1.87700165
v -5.48555854 -7.58081778 -1.88247932
v -5.52127038 -7.59617659 -1.86675890
v -5.51076497 -7.59201824 -1.86851723
v -5.50166902 -7.58820559 -1.87173016
v -5.58390983 -7.61278003 -1.91996277
v -5.58261250 -7.61335577 -1.91183474
v -5.64208047 -7.63986401 -1.90816219
v -5.57503591 -7.61286496 -1.89376194
v -5.56876173 -7.61157098 -1.88556938
v -5.62298654 -7.63986401 -1.85466108
v -5.57773898 -7.61326450 -1.89849790
v -5.57938300 -7.61342599 -1.90199975
v -5.59976388 -7.63986401 -1.80281850
v -5.56358735 -7.61027347 -1.88057767
v -5.57946756 -7.60743573 -1.94799583
v -5.58127959 -7.60875168 -1.94315200
v -5.65692850 -7.63986401 -1.96299355
v -5.58269520 -7.60995942 -1.93799833
v -5.58389800 -7.61141285 -1.93036334
v -5.66743960 -7.63986401 -2.01881888
v -5.67354921 -7.63986401 -2.07529555
v -5.67521991 -7.63986401 -2.13207721
v -5.50686939 -7.63986401 -1.66035986
v -5.54152665 -7.63986401 -1.70536896
v -5.60636495 -7.60851382 -2.13140526
v -5.60485286 -7.60851382 -2.08001466
v -5.59932331 -7.60851382 -2.02890008
v -5.41953945 -7.60851382 -1.66631856
v -5.37186608 -7.55577265 -1.82572675
v -5.45394470 -7.58050169 -1.82383563
v -5.51344736 -7.60851382 -1.78827599
v -5.57255496 -7.63986401 -1.75295246
v -5.49903980 -7.55000013 -1.87299051
v -5.57014544 -7.55000013 -1.96305906
v -5.58128485 -7.55000013 -1.94313581
v -5.58395202 -7.55000013 -1.92046631
v -5.57774094 -7.55000013 -1.89850172
v -5.56359708 -7.55000013 -1.88058599
v -5.54367390 -7.55000013 -1.86944658
v -5.52100435 -7.55000013 -1.86677941
v -5.48112404 -7.55000013 -1.88713435
v -5.46998463 -7.55000013 -1.90705755
v -5.46731747 -7.55000013 -1.92972707
v -5.47352860 -7.55000013 -1.95169164
v -5.48767241 -7.55000013 -1.96960740
v -5.50759563 -7.55000013 -1.98074678
v -5.53026514 -7.55000013 -1.98341397
v -5.55222973 -7.55000013 -1.97720284
v -5.52563474 -7.55000013 -1.92509669
v -4.31197139 -7.60692946 -2.26258984
v -4.35028759 -7.58840564 -2.22219235
v -4.22516542 -7.15000002 -2.35411099
v -4.38894907 -7.57190447 -2.18143083
v -4.46551217 -7.15000002 -2.10070889
v -4.42795519 -7.55743898 -2.14030592
v -4.46551217 -7.54554189 -2.10070889
v -4.22516542 -7.64999996 -2.35411099
v -4.23637580 -7.64999996 -2.34229174
v -4.27400081 -7.62746456 -2.30262301
v -4.52035007 -7.53734364 -1.96763764
v -4.51981726 -7.53958180 -1.94779036
v -4.51991714 -7.15000002 -1.94915554
v -4.51688997 -7.54299919 -1.92575858
v -4.51278866 -7.54641063 -1.90841775
v -4.51278866 -7.15000002 -1.90841775
v -4.51731768 -7.54259071 -1.92808546
v -4.51851448 -7.15000002 -1.99048856
v -4.51829748 -7.53567173 -1.99201353
v -4.51889362 -7.53588612 -1.98759317
v -4.48973326 -7.53909751 -2.06950326
v -4.49942325 -7.53701302 -2.05224584
v -4.49071767 -7.15000002 -2.06792070
v -4.50112603 -7.53669507 -2.04874224
v -4.50864055 -7.15000002 -2.03064935
v -4.50875091 -7.53554861 -2.03034119
v -4.51447259 -7.53521017 -2.01141407
v -4.47842137 -7.54194102 -2.08567162
v -4.41960616 -7.15000002 -1.58042733
v -4.49701583 -7.55950223 -1.85289942
v -4.48137687 -7.57469247 -1.79785227
v -4.42403241 -7.64999996 -1.59600719
v -4.41960616 -7.64999996 -1.58042733
v -4.43518337 -7.63286996 -1.63525713
v -4.45046879 -7.61136851 -1.68905982
v -4.47415666 -7.58246063 -1.77243804
v -4.46586388 -7.59197968 -1.74324859
v -4.36280079 -7.64999996 -1.64222254
v -4.36280079 -7.15000002 -1.64222254
v -4.31315459 -7.64999996 -1.70990375
v -4.31315459 -7.15000002 -1.70990375
v -4.27127283 -7.64999996 -1.78264584
v -4.27127283 -7.15000002 -1.78264584
v -4.23766610 -7.64999996 -1.85956194
v -4.23766610 -7.15000002 -1.85956194
v -4.21274414 -7.64999996 -1.93971425
v -4.21274414 -7.15000002 -1.93971425
v -4.19681094 -7.64999996 -2.02212557
v -4.19681094 -7.15000002 -2.02212557
v -4.19006052 -7.64999996 -2.10579116
v -4.19006052 -7.15000002 -2.10579116
v -4.19257537 -7.64999996 -2.18969091
v -4.19257537 -7.15000002 -2.18969091
v -4.20432480 -7.64999996 -2.27280195
v -4.20432480 -7.15000002 -2.27280195
v -4.38741751 -7.64999996 -1.63512633
v -4.35080284 -7.64999996 -1.68065999
v -4.31786424 -7.64999996 -1.72891964
v -4.28880377 -7.64999996 -1.77960924
v -4.26379966 -7.64999996 -1.83241777
v -4.24300537 -7.64999996 -1.88702131
v -4.22654848 -7.64999996 -1.94308482
v -4.21452991 -7.64999996 -2.00026435
v -4.20702335 -7.64999996 -2.05820914
v -4.20407502 -7.64999996 -2.11656367
v -4.22261919 -7.64999996 -2.29050648
v -4.21189692 -7.64999996 -2.23306976
v -4.20570283 -7.64999996 -2.17497002
v -4.28686643 -7.61207408 -2.16952090
v -4.28541608 -7.61207408 -2.11748367
v -4.35742906 -7.58260871 -2.11829810
v -4.44782449 -7.58260871 -1.81034948
v -4.35872225 -7.58260871 -2.16469669
v -4.43205813 -7.55669541 -2.07843894
v -4.43729100 -7.55669541 -2.03804461
v -4.44566936 -7.55669541 -1.99818375
v -4.45714177 -7.55669541 -1.95910090
v -4.47163780 -7.55669541 -1.92103584
v -4.38679692 -7.61207408 -1.77211112
v -4.44876559 -7.61207408 -1.68854569
v -4.41614364 -7.61207408 -1.72911405
v -4.41676088 -7.56797354 -1.97881247
v -4.42037823 -7.56740730 -1.97186762
v -4.42290448 -7.56724580 -1.96495262
v -4.36573455 -7.58260871 -2.02590864
v -4.37865861 -7.57921516 -2.00566213
v -4.38641340 -7.57654711 -2.00349104
v -4.39200683 -7.57471091 -2.00116794
v -4.39638247 -7.57333311 -1.99884642
v -4.40350736 -7.57122087 -1.99392802
v -4.41131222 -7.56915911 -1.98633791
v -4.31192185 -7.60875504 -1.96863806
v -4.31641040 -7.60595082 -1.97809225
v -4.29473089 -7.61207408 -2.01386641
v -4.31167118 -7.60893068 -1.96794577
v -4.32276794 -7.60251480 -1.98689038
v -4.32440092 -7.60168704 -1.98868110
v -4.33023565 -7.59885210 -1.99404049
v -4.33945072 -7.59465984 -2.00008899
v -4.34445392 -7.59249433 -2.00243971
v -4.34820482 -7.59091350 -2.00384184
v -4.35906917 -7.58651822 -2.00636312
v -4.36762071 -7.58323400 -2.00687064
v -4.36837029 -7.58295312 -2.00685533
v -4.31537123 -7.61300746 -1.92049590
v -4.31138145 -7.61347405 -1.92964161
v -4.25554922 -7.64348685 -1.89124362
v -4.31575387 -7.61294152 -1.91980137
v -4.31988479 -7.61209979 -1.91343033
v -4.32010119 -7.61207408 -1.91297224
v -4.32713747 -7.61026080 -1.90537425
v -4.30924900 -7.61333472 -1.93788478
v -4.23938430 -7.64348685 -1.94631243
v -4.30847726 -7.61294096 -1.94383379
v -4.30830105 -7.61245872 -1.94857960
v -4.30543886 -7.61207408 -1.96292215
v -4.30914176 -7.61101685 -1.95825995
v -4.40487501 -7.58260871 -1.89256950
v -4.39989826 -7.58325170 -1.90013710
v -4.39829321 -7.58397832 -1.89907430
v -4.38844969 -7.58827134 -1.89402760
v -4.37956897 -7.59194466 -1.89128497
v -4.33862794 -7.61207408 -1.86432307
v -4.37742558 -7.59280651 -1.89084753
v -4.36850575 -7.59629674 -1.88989958
v -4.36018429 -7.59941611 -1.89025020
v -4.35311918 -7.60195880 -1.89149729
v -4.34934402 -7.60327532 -1.89254023
v -4.34226881 -7.60565560 -1.89526721
v -4.33279423 -7.60863303 -1.90077459
v -4.33116129 -7.60911639 -1.90198459
v -4.42377839 -7.56729405 -1.96164133
v -4.42512741 -7.56777982 -1.95289571
v -4.42497030 -7.56905592 -1.94215181
v -4.42479563 -7.56928652 -1.94069287
v -4.42307119 -7.57087554 -1.93237360
v -4.41918115 -7.57347430 -1.92232337
v -4.41665163 -7.57494207 -1.91776008
v -4.41367736 -7.57655754 -1.91337562
v -4.40637016 -7.58022658 -1.90528655
v -4.32907988 -7.64348685 -1.73594710
v -4.36143412 -7.64348685 -1.68854368
v -4.39739914 -7.64348685 -1.64381794
v -4.21730958 -7.64348685 -2.11671336
v -4.21890857 -7.64348685 -2.17408341
v -4.22499271 -7.64348685 -2.23115233
v -4.23552476 -7.64348685 -2.28756998
v -4.27597456 -7.64348685 -1.83760892
v -4.22757899 -7.64348685 -2.00247746
v -4.29238503 -7.61207408 -2.22128505
v -4.30193807 -7.61207408 -2.27245847
v -4.48906862 -7.55669541 -1.88422210
v -4.42473854 -7.58260871 -1.85061784
v -4.36090541 -7.61207408 -1.81727316
v -4.30053498 -7.64348685 -1.78573732
v -4.43000270 -7.55669541 -2.11911890
v -4.35977134 -7.58260871 -2.07194062
v -4.28804292 -7.61207408 -2.06549250
v -4.22020567 -7.64348685 -2.05939417
v -4.36837345 -7.55000013 -2.00685526
v -4.32439444 -7.55000013 -1.98867429
v -4.42290476 -7.55000013 -1.96495176
v -4.41131222 -7.55000013 -1.98633791
v -4.42479651 -7.55000013 -1.94069943
v -4.41666043 -7.55000013 -1.91777439
v -4.39990324 -7.55000013 -1.90014052
v -4.37742251 -7.55000013 -1.89084697
v -4.35310530 -7.55000013 -1.89150062
v -4.33115627 -7.55000013 -1.90198848
v -4.31537063 -7.55000013 -1.92049707
v -4.30847786 -7.55000013 -1.94382612
v -4.31166974 -7.55000013 -1.96794177
v -4.34445173 -7.55000013 -2.00243880
v -4.39202336 -7.55000013 -2.00116005
v -4.36680147 -7.55000013 -1.94837556
v -6.49114598 -6.84999998 -0.68010341
v -6.49114598 -7.34999996 -0.68010341
v -6.57916090 -7.34999996 -0.78012392
v -6.80041856 -6.84999998 -3.14421931
v -6.80041856 -7.34999996 -3.14421931
v -6.77097591 -7.34999996 -3.19593584
v -4.44825974 -6.94999999 -4.17709982
v -4.44825974 -7.34999996 -4.17709982
v -4.21154339 -7.34999996 -4.10427728
v -3.27744263 -5.85026249 -3.41550715
v -3.32083910 -5.85026249 -3.46987608
v -3.11723391 -6.91173167 -3.17563086
v -2.85389780 -6.84999998 -2.38808300
v -2.85389780 -7.34999996 -2.38808300
v -2.83752068 -7.34999996 -2.10803043
v -4.05206199 -6.84999998 -0.21278558
v -4.05206199 -7.34999996 -0.21278558
v -4.24343583 -7.34999996 -0.13411490
v -3.34265477 -7.34999996 -0.75412502
v -3.37933416 -7.34999996 -0.71224894
v -3.37933416 -6.84999998 -0.71224894
v -2.86666735 -6.84999998 -2.47511636
v -2.86666735 -5.85026249 -2.47511636
v -2.87271424 -5.85026249 -2.50937021
v -2.90510955 -6.84999998 -2.65535845
v -2.93275512 -5.85026249 -2.75235947
v -2.95911490 -6.84999998 -2.83156417
v -3.11205446 -5.85026249 -3.16654348
v -3.11284180 -6.89501192 -3.16793171
v -3.10654941 -6.87928933 -3.15676869
v -3.09091884 -6.85761205 -3.12833132
v -3.07303651 -6.84999998 -3.09446629
v -3.02111397 -5.85026249 -2.98654202
v -2.95911490 -5.85026249 -2.83156417
v -3.32083910 -7.34999996 -3.46987608
v -3.12103148 -7.34999996 -3.18222779
v -3.12103148 -6.94999999 -3.18222779
v -3.13654973 -5.85026249 -3.20863060
v -4.47976923 -6.84337408 -4.18454853
v -4.46048815 -6.88187422 -4.18005099
v -4.21154339 -5.85026249 -4.10427728
v -4.54616032 -6.77953211 -4.19858859
v -4.52565488 -6.79348686 -4.19448984
v -4.49433027 -6.82361402 -4.18781878
v -4.45340455 -6.90541163 -4.17835096
v -4.65444276 -6.74999996 -4.21677025
v -4.61032347 -6.75456838 -4.21006044
v -4.56646008 -5.85026249 -4.20243924
v -4.79339391 -6.74999996 -4.23173474
v -4.77323134 -5.85026249 -4.23013882
v -4.93303043 -6.74999996 -4.23747932
v -4.28370901 -5.85026249 -4.12972269
v -4.52549055 -5.85026249 -4.19445613
v -4.56599144 -6.76913547 -4.20235263
v -4.58606086 -6.76118412 -4.20596262
v -4.93303043 -5.85026249 -4.23747932
v -5.02345349 -5.85026249 -4.23627009
v -5.11720968 -6.74999996 -4.23091964
v -5.27264444 -5.85026249 -4.21276370
v -5.30011636 -6.74999996 -4.20833265
v -5.65656417 -7.34999996 -4.11588510
v -5.39030105 -7.34999996 -4.19115385
v -5.39030105 -6.74999996 -4.19115385
v -5.30011636 -5.85026249 -4.20833265
v -5.51730635 -5.85026249 -4.15994970
v -5.65656417 -5.85026249 -4.11588510
v -6.92927728 -6.84999998 -2.86345661
v -6.93409781 -5.85026249 -2.85040492
v -6.98610621 -6.84999998 -2.68814124
v -7.00596760 -5.85026249 -2.61064789
v -7.02743924 -6.84999998 -2.50853992
v -7.06247932 -7.34999996 -2.14196957
v -7.05108962 -7.34999996 -2.34472540
v -7.05108962 -6.84999998 -2.34472540
v -7.02743924 -5.85026249 -2.50853992
v -7.04897608 -5.85026249 -2.36407330
v -7.06247932 -5.85026249 -2.14196957
v -5.68845661 -7.34999996 -0.14572272
v -5.80824365 -7.34999996 -0.19464397
v -5.80824365 -6.84999998 -0.19464397
v -6.55734523 -7.34999996 -3.49587498
v -6.29487608 -7.34999996 -3.75416090
v -6.38392570 -5.85026249 -3.67635877
v -5.99154348 -7.34999996 -3.96294554
v -6.19037685 -5.85026249 -3.83506490
v -6.29487608 -5.85026249 -3.75416090
v -5.75400445 -5.85026249 -4.07856943
v -5.97941599 -5.85026249 -3.96976543
v -5.99154348 -5.85026249 -3.96294554
v -4.05128070 -5.85026249 -4.03684748
v -3.87906416 -7.34999996 -3.94597591
v -3.57912502 -5.85026249 -3.73234523
v -3.62735803 -5.85026249 -3.77226283
v -3.57912502 -7.34999996 -3.73234523
v -3.83146855 -5.85026249 -3.91713397
v -3.87906416 -5.85026249 -3.94597591
v -3.44181455 -5.85026249 -3.60426779
v -2.84183382 -5.85026249 -2.26098521
v -2.83752068 -5.85026249 -2.10803043
v -2.84054748 -5.85026249 -2.01069121
v -2.87256076 -7.34999996 -1.74146008
v -2.86887309 -5.85026249 -1.76200187
v -2.97072272 -7.34999996 -1.38654339
v -2.92641318 -5.85026249 -1.51840823
v -2.87256076 -5.85026249 -1.74146008
v -3.12902409 -7.34999996 -1.05406416
v -3.01236010 -5.85026249 -1.28332989
v -2.97072272 -5.85026249 -1.38654339
v -3.60512392 -6.84999998 -0.49583910
v -3.42668922 -5.85026249 -0.66131249
v -3.34265477 -5.85026249 -0.75412502
v -3.26426628 -5.85026249 -0.85175277
v -3.12550741 -5.85026249 -1.06006672
v -4.59988364 -5.85026249 -0.04166735
v -4.50424168 -5.85026249 -0.06001664
v -4.59988364 -7.34999996 -0.04166735
v -4.26313829 -5.85026249 -0.12723168
v -4.24343583 -5.85026249 -0.13411490
v -4.03167692 -5.85026249 -0.22249126
v -3.90845652 -6.84999998 -0.28705446
v -3.90845652 -5.85026249 -0.28705446
v -3.75223237 -6.84999998 -0.38482489
v -3.81310678 -5.85026249 -0.34445783
v -3.61049625 -5.85026249 -0.49141923
v -4.75160259 -5.85026249 -0.02178939
v -4.96696957 -7.34999996 -0.01252068
v -4.96696957 -5.85026249 -0.01252068
v -5.00174848 -5.85026249 -0.01308655
v -5.33353992 -7.34999996 -0.04756076
v -5.25116793 -5.85026249 -0.03403032
v -6.02093584 -5.85026249 -0.30402409
v -5.96039987 -5.85026249 -0.26975104
v -6.02093584 -6.84999998 -0.30402409
v -5.73388182 -5.85026249 -0.16326958
v -5.68845661 -5.85026249 -0.14572272
v -5.49635969 -5.85026249 -0.08432677
v -5.33353992 -5.85026249 -0.04756076
v -6.17273415 -5.85026249 -0.40227601
v -6.17556901 -6.84999998 -0.40429176
v -6.32087498 -5.85026249 -0.51765477
v -6.32087498 -6.84999998 -0.51765477
v -6.36790397 -5.85026249 -0.55898426
v -6.47422972 -6.84999998 -0.66226961
v -6.54316938 -5.85026249 -0.73767610
v -6.57916090 -5.85026249 -0.78012392
v -6.69607038 -5.85026249 -0.93584263
v -6.78794554 -7.34999996 -1.08345652
v -6.78794554 -5.85026249 -1.08345652
v -6.82446028 -5.85026249 -1.15070257
v -6.94088510 -7.34999996 -1.41843583
v -6.92653696 -5.85026249 -1.37923935
v -7.03333265 -7.34999996 -1.77488364
v -7.00086712 -5.85026249 -1.61824513
v -6.94088510 -5.85026249 -1.41843583
v -7.06251955 -5.85026249 -2.11414264
v -7.04640786 -5.85026249 -1.86436456
v -7.03333265 -5.85026249 -1.77488364
v -6.55734523 -5.85026249 -3.49587498
v -6.70820105 -5.85026249 -3.29614717
v -6.77097591 -5.85026249 -3.19593584
v -6.83437570 -5.85026249 -3.07997891
v -6.92927728 -5.85026249 -2.86345661
v -4.05206199 -7.37000002 -0.21278558
v -4.05206199 -7.55000013 -0.21278558
v -4.21910792 -7.55000013 -0.14291683
v -4.39152324 -7.37000002 -0.08760931
v -4.39152324 -7.55000013 -0.08760931
v -4.56804133 -7.55000013 -0.04726944
v -4.74736542 -7.37000002 -0.02219339
v -4.74736542 -7.55000013 -0.02219339
v -4.92817825 -7.55000013 -0.01256538
v -5.10915126 -7.37000002 -0.01845600
v -5.10915126 -7.55000013 -0.01845600
v -5.28895520 -7.55000013 -0.03982240
v -5.46626903 -7.37000002 -0.07650701
v -5.46626903 -7.55000013 -0.07650701
v -5.80824365 -7.37000002 -0.19464397
v -5.63979007 -7.55000013 -0.12824105
v -5.80824365 -7.55000013 -0.19464397
v -6.71509470 -7.37000002 -0.96426874
v -6.49114598 -7.37000002 -0.68010341
v -6.49114598 -7.55000013 -0.68010341
v -6.60921506 -7.55000013 -0.81738297
v -6.71509470 -7.55000013 -0.96426874
v -6.88727054 -7.37000002 -1.28248015
v -6.80800754 -7.55000013 -1.11968170
v -6.88727054 -7.55000013 -1.28248015
v -7.00262285 -7.37000002 -1.62540397
v -6.95230163 -7.55000013 -1.45146803
v -7.00262285 -7.55000013 -1.62540397
v -7.03786465 -7.55000013 -1.80301021
v -7.05776851 -7.37000002 -1.98298190
v -7.05108962 -7.55000013 -2.34472540
v -7.05108962 -7.37000002 -2.34472540
v -7.06218745 -7.55000013 -2.16399684
v -7.05776851 -7.55000013 -1.98298190
v -6.80041856 -7.37000002 -3.14421931
v -6.80041856 -7.55000013 -3.14421931
v -6.59936539 -7.37000002 -3.44501927
v -6.70634343 -7.55000013 -3.29893136
v -6.59936539 -7.55000013 -3.44501927
v -6.48027046 -7.55000013 -3.58140969
v -6.34993345 -7.37000002 -3.70710080
v -6.34993345 -7.55000013 -3.70710080
v -6.20931213 -7.55000013 -3.82116900
v -6.05943941 -7.37000002 -3.92277667
v -6.05943941 -7.55000013 -3.92277667
v -5.90141614 -7.55000013 -4.01117706
v -5.73640357 -7.37000002 -4.08572087
v -5.73640357 -7.55000013 -4.08572087
v -5.39030105 -7.37000002 -4.19115385
v -5.56561354 -7.55000013 -4.14586028
v -5.39030105 -7.55000013 -4.19115385
v -4.57050004 -6.94999999 -4.09727448
v -4.57050004 -7.34999996 -4.09727448
v -4.55548310 -6.94999999 -4.13502732
v -4.55548310 -7.34999996 -4.13502732
v -4.52668665 -6.94999999 -4.16368970
v -4.52668665 -7.34999996 -4.16368970
v -4.48886429 -6.94999999 -4.17853051
v -4.48886429 -7.34999996 -4.17853051
v -4.12505486 -7.37000002 -4.06981928
v -4.44825974 -7.37000002 -4.17709982
v -4.44825974 -7.55000013 -4.17709982
v -4.28449202 -7.55000013 -4.12998272
v -4.12505486 -7.55000013 -4.06981928
v -3.82328660 -7.37000002 -3.91200127
v -3.97098551 -7.55000013 -3.99700084
v -3.82328660 -7.55000013 -3.91200127
v -3.68291934 -7.55000013 -3.81537376
v -3.55079698 -7.37000002 -3.70774677
v -3.55079698 -7.55000013 -3.70774677
v -3.42777914 -7.55000013 -3.58982103
v -3.31466648 -7.37000002 -3.46236357
v -3.12103148 -7.55000013 -3.18222779
v -3.12103148 -7.37000002 -3.18222779
v -3.21219510 -7.55000013 -3.32620384
v -3.31466648 -7.55000013 -3.46236357
v -4.54630570 -7.58317664 -1.55789375
v -4.51750306 -7.58317664 -1.51091490
v -4.54418252 -7.61227991 -1.52363202
v -4.51047982 -7.56682838 -1.50756717
v -4.56091932 -7.55000013 -1.59256554
v -4.50811631 -7.55000013 -1.50644060
v -5.30401864 -7.55000013 -1.45228331
v -5.24836770 -7.55000013 -1.51747072
v -5.30120887 -7.56348140 -1.45416854
v -5.24743635 -7.56560165 -1.51667565
v -5.29283085 -7.57671680 -1.45978981
v -5.26059072 -7.60121430 -1.48142160
v -5.36100215 -6.84999998 -2.23317687
v -5.33736255 -6.84999998 -2.34373184
v -5.41119136 -6.84999998 -2.14944181
v -5.33878159 -6.84999998 -1.95332044
v -5.35021469 -6.84999998 -1.98198540
v -6.09205237 -6.84999998 -1.11101435
v -5.29083172 -6.84999998 -1.87111278
v -5.11576150 -6.84999998 -1.69393390
v -4.96400808 -6.84999998 -1.70023090
v -5.05817687 -6.84999998 -1.71399785
v -5.27772797 -6.84999998 -1.82418816
v -6.07025235 -6.84999998 -1.08698018
v -6.32128541 -6.84999998 -0.52656231
v -6.30760065 -6.84999998 -0.85753619
v -5.57045129 -6.84999998 -0.72947468
v -6.15931892 -6.84999998 -0.39630828
v -3.68566041 -6.84999998 -1.26832265
v -4.54364668 -6.84999998 -2.00049309
v -4.57337418 -6.84999998 -1.92807878
v -5.57143728 -6.84999998 -0.72726726
v -3.81450656 -6.84999998 -1.10367478
v -5.14692122 -6.84999998 -1.74837418
v -5.22579116 -6.84999998 -1.80163602
v -3.67961659 -6.84999998 -0.44067425
v -3.76658126 -6.84999998 -0.38377994
v -3.85354602 -6.84999998 -0.32688563
v -4.62663602 -6.84999998 -1.84920884
v -4.59125487 -6.84999998 -1.83414468
v -4.69611278 -6.84999998 -1.78416828
v -4.76518444 -6.84999998 -1.72035622
v -4.77832044 -6.84999998 -1.73621841
v -4.86913683 -6.84999998 -1.70776367
v -3.81271190 -6.84999998 -1.10205484
v -6.24030216 -6.84999998 -0.46143530
v -4.30896150 -6.84999998 -0.73881091
v -5.32496174 -6.84999998 -0.64450873
v -5.06862350 -6.84999998 -0.60237756
v -4.80885313 -6.84999998 -0.60430009
v -4.55316652 -6.84999998 -0.65022071
v -3.94255205 -6.84999998 -3.27282369
v -4.12891650 -6.84999998 -3.41273926
v -4.75307878 -6.84999998 -2.50162582
v -3.43356405 -6.84999998 -2.30630791
v -4.56252182 -6.84999998 -2.37630764
v -4.67420884 -6.84999998 -2.44836398
v -4.60916828 -6.84999998 -2.37888722
v -4.56121841 -6.84999998 -2.29667956
v -4.50804977 -6.84999998 -2.17572823
v -4.53276367 -6.84999998 -2.20586317
v -4.52523090 -6.84999998 -2.11099192
v -3.65783864 -6.84999998 -1.31089322
v -3.53855670 -6.84999998 -1.54166615
v -4.53899785 -6.84999998 -2.01682313
v -3.46011168 -6.84999998 -1.78931656
v -3.42477330 -6.84999998 -2.04667922
v -2.90106873 -6.84999998 -2.61214187
v -2.95554086 -6.84999998 -2.81272119
v -2.92830489 -6.84999998 -2.71243153
v -3.73564999 -6.84999998 -3.05117739
v -3.58057444 -6.84999998 -2.80110964
v -3.57563480 -6.84999998 -2.80394137
v -4.46576409 -6.84999998 -3.57343571
v -4.75252010 -6.84999998 -3.63941488
v -4.18916357 -6.84999998 -3.44922755
v -4.66843341 -6.84999998 -4.11775371
v -4.78472500 -6.84999998 -4.13074975
v -4.86167526 -6.84999998 -2.56099554
v -5.12167956 -6.84999998 -2.51378159
v -5.03086317 -6.84999998 -2.54223633
v -5.06927043 -6.84999998 -2.57117197
v -4.93599192 -6.84999998 -2.54976910
v -4.87193313 -6.84999998 -2.54276854
v -4.84182313 -6.84999998 -2.53600215
v -5.28354317 -6.84999998 -4.10971565
v -5.36945893 -6.84999998 -4.09334989
v -5.26881335 -6.84999998 -3.62106122
v -5.26831353 -6.84999998 -3.61869575
v -5.51686052 -6.84999998 -3.54313951
v -5.74900660 -6.84999998 -3.42655254
v -5.95803524 -6.84999998 -3.27230801
v -4.99250782 -6.84999998 -4.13709839
v -5.10929460 -6.84999998 -4.13123348
v -6.47135752 -6.84999998 -2.28409881
v -6.47390031 -6.84999998 -2.02411281
v -6.46895341 -6.84999998 -2.28384319
v -6.96778375 -6.84999998 -2.74093549
v -6.43475664 -6.84999998 -1.76730142
v -5.36723633 -6.84999998 -2.04413683
v -6.35265478 -6.84999998 -1.52083922
v -6.22997017 -6.84999998 -1.29185708
v -6.13789850 -6.84999998 -3.08486864
v -6.28339260 -6.84999998 -2.86965754
v -6.89395483 -6.84999998 -2.93522549
v -6.93086947 -6.84999998 -2.83808054
v -5.37476910 -6.84999998 -2.13900808
v -5.32662582 -6.84999998 -2.32192122
v -5.27336398 -6.84999998 -2.40079116
v -5.20388722 -6.84999998 -2.46583172
v -4.99095546 -6.84486653 -4.16876522
v -4.99005397 -6.83660411 -4.18715587
v -5.11325214 -6.83660253 -4.18107656
v -4.86299399 -6.78800360 -4.22824582
v -4.78014480 -6.78547078 -4.22418451
v -4.93781028 -6.78299132 -4.23191337
v -4.98774002 -6.77369970 -4.23436088
v -4.98825773 -6.80000109 -4.22380061
v -4.98950342 -6.82907269 -4.19838817
v -4.98838987 -6.80440270 -4.22110276
v -5.11614925 -6.79999997 -4.21756429
v -4.78258109 -6.83991496 -4.17448504
v -4.66307935 -6.84238800 -4.15564568
v -4.78227563 -6.83660281 -4.18071614
v -4.66143808 -6.83660253 -4.16726188
v -4.78124328 -6.82034583 -4.20177595
v -4.65854053 -6.82071072 -4.18776886
v -4.78048257 -6.80000043 -4.21729384
v -4.65631714 -6.79999997 -4.20350449
v -4.78029870 -6.79284425 -4.22104576
v -4.65550768 -6.78826838 -4.20923305
v -5.29789604 -6.79999997 -4.19512054
v -5.38750880 -6.79999997 -4.17805051
v -5.29182984 -6.83660253 -4.15902434
v -5.37988001 -6.83660253 -4.14225177
v -3.77946787 -7.64999996 -0.14513766
v -3.94696168 -7.64999996 -0.05523821
v -3.75261095 -7.64999996 -0.32264271
v -6.92986234 -7.64999996 -0.95446787
v -6.71186189 -7.64999996 -0.76538918
v -6.82643841 -7.64999996 -0.79497013
v -4.52879130 -7.64999996 -1.34884215
v -4.60137753 -7.64999996 -1.40016603
v -4.57002591 -7.64999996 -1.41609826
v -3.75648404 -7.64999996 -0.69015564
v -3.57278793 -7.64999996 -0.53348446
v -3.62377616 -7.64999996 -0.47370100
v -5.75355043 -7.64999996 -2.08994835
v -6.06995712 -7.64999996 -2.29906452
v -5.75316830 -7.64999996 -2.16792646
v -2.76962857 -7.64999996 -2.50096123
v -2.87003483 -7.64999996 -2.57691189
v -2.94343273 -7.64999996 -2.88234551
v -3.57563480 -7.64999996 -2.80394137
v -2.98636745 -7.64999996 -3.14456502
v -3.76995227 -7.64999996 -3.99659125
v -3.92464262 -7.64999996 -4.08561432
v -3.76587476 -7.64999996 -4.09676244
v -4.42450925 -7.64999996 -4.27423844
v -4.50571834 -7.64999996 -4.27710002
v -4.47026419 -7.64999996 -4.37441187
v -4.65765766 -7.64999996 -4.40634524
v -4.58136294 -7.64999996 -4.24741858
v -4.84704820 -7.64999996 -4.42269461
v -4.25298943 -7.64999996 -4.22489101
v -4.28614782 -7.64999996 -4.32711260
v -4.08600506 -7.64999996 -4.16187958
v -4.10656606 -7.64999996 -4.26477098
v -3.93274597 -7.64999996 -4.18781226
v -3.31806972 -7.64999996 -3.74574156
v -3.48456402 -7.64999996 -3.78266794
v -3.45748321 -7.64999996 -3.87496965
v -3.62294058 -7.64999996 -3.89538964
v -3.60709236 -7.64999996 -3.99224365
v -2.80447717 -7.64999996 -2.95369288
v -2.88023821 -7.64999996 -3.12803832
v -2.97013766 -7.64999996 -3.29553213
v -3.03445498 -7.64999996 -3.23227297
v -3.07356159 -7.64999996 -3.45502987
v -3.12993399 -7.64999996 -3.38306425
v -3.18980369 -7.64999996 -3.60544219
v -3.23725606 -7.64999996 -3.52566929
v -3.35572309 -7.64999996 -3.65916004
v -4.11872941 -7.64999996 -2.71093890
v -4.00701093 -7.64999996 -2.69814583
v -4.27499169 -7.64999996 -2.56236226
v -3.89460598 -7.64999996 -2.70127060
v -3.78377086 -7.64999996 -2.72025059
v -3.67673089 -7.64999996 -2.75470477
v -4.22751822 -7.64999996 -2.73939318
v -4.32051684 -7.64999996 -2.62567254
v -4.33119357 -7.64999996 -2.78293716
v -4.41574573 -7.64999996 -2.72624402
v -4.42767393 -7.64999996 -2.84069695
v -4.52681685 -7.64999996 -2.80898686
v -4.51502253 -7.64999996 -2.91151281
v -4.59148565 -7.64999996 -2.99396308
v -4.65043662 -7.64999996 -2.87144741
v -4.65552835 -7.64999996 -3.08639247
v -4.78293934 -7.64999996 -2.91177358
v -4.84072352 -7.64999996 -2.92185673
v -4.70586480 -7.64999996 -3.18694541
v -4.74148451 -7.64999996 -3.29360326
v -4.73704916 -7.64999996 -4.24281282
v -4.63895591 -7.64999996 -4.19009344
v -4.66898985 -7.64999996 -4.11458796
v -5.03714190 -7.64999996 -4.42334858
v -5.05021495 -7.64999996 -4.26739154
v -5.22664045 -7.64999996 -4.40830251
v -5.46973932 -7.64999996 -2.73883462
v -5.56734356 -7.64999996 -2.64056667
v -5.66564591 -7.64999996 -2.73449177
v -5.88452809 -7.64999996 -2.68534555
v -5.77334178 -7.64999996 -2.70214581
v -5.67408752 -7.64999996 -2.47517037
v -4.75444934 -7.64999996 -3.62844027
v -4.76602312 -7.64999996 -3.51658899
v -4.76167236 -7.64999996 -3.40422464
v -5.64664163 -7.64999996 -2.52701056
v -5.56360267 -7.64999996 -2.78173399
v -5.46926058 -7.64999996 -2.84292412
v -5.35672342 -7.64999996 -2.81890065
v -5.38451376 -7.64999996 -2.91683374
v -5.23164687 -7.64999996 -2.87839037
v -5.31106340 -7.64999996 -3.00197897
v -5.15736717 -7.64999996 -2.90212340
v -5.25038424 -7.64999996 -3.09665043
v -5.20369441 -7.64999996 -3.19894764
v -5.17193126 -7.64999996 -3.30681678
v -5.15573235 -7.64999996 -3.41809241
v -5.99697291 -7.64999996 -2.68442829
v -6.01475530 -7.64999996 -2.61619340
v -6.10841851 -7.64999996 -2.69941238
v -5.15542303 -7.64999996 -3.53054039
v -5.17100946 -7.64999996 -3.64190338
v -5.31286819 -7.64999996 -4.30758873
v -5.41424912 -7.64999996 -4.37765902
v -5.41114326 -7.64999996 -4.28895762
v -5.59868666 -7.64999996 -4.33162765
v -5.59475439 -7.64999996 -4.24152033
v -5.77362890 -7.64999996 -4.17853405
v -5.77869288 -7.64999996 -4.27052283
v -5.94645257 -7.64999996 -4.10046147
v -6.93494196 -7.64999996 -3.10243105
v -7.01281226 -7.64999996 -3.14225403
v -6.88801038 -7.64999996 -3.19246526
v -6.92176244 -7.64999996 -3.30912524
v -6.78948204 -7.64999996 -3.35450086
v -6.81724365 -7.64999996 -3.46790764
v -6.67744002 -7.64999996 -3.50750394
v -6.69996965 -7.64999996 -3.61751679
v -6.55270762 -7.64999996 -3.65035057
v -6.57074156 -7.64999996 -3.75693028
v -6.41620106 -7.64999996 -3.78199143
v -6.43044219 -7.64999996 -3.88519631
v -6.26892329 -7.64999996 -3.90145925
v -6.28002987 -7.64999996 -4.00143841
v -6.11195604 -7.64999996 -4.00787664
v -6.12053213 -7.64999996 -4.10486234
v -5.95303832 -7.64999996 -4.19476179
v -6.04978076 -7.64999996 -2.21559033
v -6.14255511 -7.64999996 -2.27913235
v -5.96691838 -7.64999996 -2.13957409
v -5.89563123 -7.64999996 -2.05260964
v -6.97897340 -7.64999996 -1.24259850
v -6.89595847 -7.64999996 -1.07209364
v -6.79864774 -7.64999996 -0.90932406
v -6.68775591 -7.64999996 -0.75548540
v -6.56409788 -7.64999996 -0.61170764
v -6.24337870 -7.64999996 -2.32892439
v -6.35022757 -7.64999996 -2.36396697
v -7.01850357 -7.64999996 -2.69172520
v -6.46095651 -7.64999996 -2.38355650
v -7.19941187 -7.64999996 -2.60473581
v -7.13789764 -7.64999996 -2.45434886
v -7.23134524 -7.64999996 -2.41734234
v -7.15054723 -7.64999996 -2.35512639
v -7.24769461 -7.64999996 -2.22795180
v -7.16217033 -7.64999996 -2.16584281
v -7.24834858 -7.64999996 -2.03785810
v -7.15754202 -7.64999996 -1.97625930
v -7.23330251 -7.64999996 -1.84835955
v -7.13669642 -7.64999996 -1.78776844
v -7.20265902 -7.64999996 -1.66075088
v -7.09978624 -7.64999996 -1.60175499
v -7.15662765 -7.64999996 -1.47631334
v -7.04708288 -7.64999996 -1.41958559
v -7.09552283 -7.64999996 -1.29630712
v -7.01976179 -7.64999996 -1.12196168
v -5.83735074 -7.64999996 -1.95644292
v -5.73562312 -7.64999996 -1.95261014
v -5.79324684 -7.64999996 -1.85300456
v -5.69439975 -7.64999996 -1.82038383
v -5.76420485 -7.64999996 -1.74437112
v -5.63110265 -7.64999996 -1.69719027
v -5.75080787 -7.64999996 -1.63272356
v -5.85426970 -7.64999996 -1.20078174
v -5.80558034 -7.64999996 -1.30214251
v -5.50678715 -7.64999996 -1.54456047
v -5.77170544 -7.64999996 -1.40936722
v -5.75332486 -7.64999996 -1.52030334
v -5.54760883 -7.64999996 -1.58668261
v -5.91679591 -7.64999996 -1.10731979
v -6.36710006 -7.64999996 -0.53682269
v -5.99190372 -7.64999996 -1.02363310
v -6.13412524 -7.64999996 -0.15323756
v -6.29290764 -7.64999996 -0.25775635
v -6.27521428 -7.64999996 -0.39298048
v -6.44251679 -7.64999996 -0.37503035
v -6.49297296 -7.64999996 -0.53925084
v -6.58193028 -7.64999996 -0.50425844
v -6.71019631 -7.64999996 -0.64455781
v -5.66281306 -7.64999996 -0.76789332
v -5.93932683 -7.64999996 -0.14596020
v -6.12819048 -7.64999996 -0.33286398
v -5.05295180 -7.64999996 0.17269461
v -5.24234234 -7.64999996 0.15634524
v -5.30500012 -7.64999996 0.05888215
v -5.23901815 -7.64999996 -1.37440658
v -5.54361965 -7.64999996 -0.95793984
v -5.60996516 -7.64999996 -0.86714930
v -5.27810583 -7.64999996 -1.16235686
v -5.37600748 -7.64999996 -1.10704030
v -5.46510832 -7.64999996 -1.03844225
v -5.49070721 -7.64999996 0.02046062
v -5.42973581 -7.64999996 0.12441187
v -5.67244210 -7.64999996 -0.03372205
v -5.61385218 -7.64999996 0.07711260
v -5.84886971 -7.64999996 -0.10326819
v -5.79343394 -7.64999996 0.01477098
v -4.35045089 -7.64999996 -0.97938932
v -4.28088501 -7.64999996 -0.89104201
v -4.18825064 -7.64999996 -0.79339964
v -4.22450381 -7.64999996 -0.79374954
v -4.06076352 -7.64999996 -0.58546045
v -4.43180486 -7.64999996 -1.05701776
v -4.52331372 -7.64999996 -1.12236904
v -4.62314028 -7.64999996 -1.17413101
v -4.67864613 -7.64999996 -1.36784145
v -4.72928055 -7.64999996 -1.21126471
v -5.17336878 -7.64999996 -1.20328141
v -5.19625568 -7.64999996 -1.35931068
v -5.06389916 -7.64999996 -1.22899234
v -5.11628563 -7.64999996 -1.33806223
v -4.95189456 -7.64999996 -1.23897342
v -5.00637778 -7.64999996 -1.32266374
v -4.83960355 -7.64999996 -1.23302441
v -4.89539655 -7.64999996 -1.32254099
v -4.78545496 -7.64999996 -1.33769640
v -3.91866772 -7.64999996 -0.16752200
v -3.60965825 -7.64999996 -0.45067368
v -3.87746164 -7.64999996 -0.28648393
v -4.16705220 -7.64999996 -0.67611204
v -5.11668496 -7.64999996 0.08125978
v -4.92714524 -7.64999996 0.08742942
v -4.86285810 -7.64999996 0.17334858
v -4.67335955 -7.64999996 0.15830251
v -4.73777352 -7.64999996 0.07734562
v -4.48575088 -7.64999996 0.12765902
v -4.54996087 -7.64999996 0.05108251
v -4.30131334 -7.64999996 0.08162765
v -4.36508700 -7.64999996 0.00883287
v -4.12130712 -7.64999996 0.02052283
v -4.18451031 -7.64999996 -0.04909260
v -4.00955698 -7.64999996 -0.12226848
v -3.43914631 -7.64999996 -0.41950399
v -3.37354003 -7.64999996 -0.57253733
v -3.20677760 -7.64999996 -0.76245039
v -2.93289165 -7.64999996 -1.21580248
v -2.88718774 -7.64999996 -1.10774597
v -3.05621962 -7.64999996 -0.98090104
v -2.97823756 -7.64999996 -0.94087476
v -3.97388239 -7.64999996 -1.04474553
v -3.87958617 -7.64999996 -1.02770550
v -4.16871908 -7.64999996 -1.93389248
v -4.06756646 -7.64999996 -1.95435765
v -4.10792411 -7.64999996 -1.84940088
v -4.21308934 -7.64999996 -1.80268863
v -4.13304281 -7.64999996 -1.73979388
v -4.27931117 -7.64999996 -1.68104225
v -4.14241825 -7.64999996 -1.62773689
v -4.32545476 -7.64999996 -1.61818129
v -4.13586221 -7.64999996 -1.51547974
v -4.11350637 -7.64999996 -1.40527596
v -4.07579935 -7.64999996 -1.29933802
v -4.02349842 -7.64999996 -1.19979277
v -3.95765335 -7.64999996 -1.10863855
v -3.45971494 -7.64999996 -2.40360890
v -3.56966828 -7.64999996 -2.38005219
v -4.15837590 -7.64999996 -2.26731417
v -3.67518852 -7.64999996 -2.34119189
v -3.77415738 -7.64999996 -2.28780822
v -3.86458796 -7.64999996 -2.22097277
v -3.94466466 -7.64999996 -2.14202738
v -4.01278001 -7.64999996 -2.05255693
v -4.14751612 -7.64999996 -2.07076324
v -4.15010921 -7.64999996 -2.20924228
v -2.77460146 -7.64999996 -1.72125849
v -2.70058813 -7.64999996 -1.64526419
v -2.83856693 -7.64999996 -1.46377680
v -2.74788740 -7.64999996 -1.46114782
v -2.81022902 -7.64999996 -1.28156606
v -2.74337235 -7.64999996 -2.77368666
v -2.69734098 -7.64999996 -2.58924912
v -2.66669749 -7.64999996 -2.40164045
v -2.74097792 -7.64999996 -2.24985203
v -2.65165142 -7.64999996 -2.21214190
v -2.74191520 -7.64999996 -1.98454548
v -2.65230539 -7.64999996 -2.02204820
v -2.66865476 -7.64999996 -1.83265766
v -7.15211260 -7.64999996 -2.78885218
v -7.08977098 -7.64999996 -2.96843394
v -6.89835439 -7.64999996 -2.98196848
v -6.84453885 -7.64999996 -2.95969097
v -6.82058467 -7.64999996 -2.94977489
v -6.31942817 -7.64999996 -2.77556831
v -6.21662767 -7.64999996 -2.72999706
v -5.96725403 -7.64999996 -0.06218774
v -3.61997013 -7.64999996 -0.24856159
v -3.08275635 -7.64999996 -0.78209236
v -3.20003035 -7.64999996 -0.63248321
v -3.32925844 -7.64999996 -0.49306972
v -3.46955781 -7.64999996 -0.36480369
v -3.62567997 -6.94999999 -2.89051787
v -3.62567997 -7.55000013 -2.89051787
v -3.71403753 -6.94999999 -2.84748518
v -3.71403753 -7.55000013 -2.84748518
v -3.80759009 -6.94999999 -2.81737244
v -3.80759009 -7.55000013 -2.81737244
v -3.90445956 -6.94999999 -2.80078396
v -3.90445956 -7.55000013 -2.80078396
v -4.00270124 -6.94999999 -2.79805285
v -4.00270124 -7.55000013 -2.79805285
v -4.10034259 -6.94999999 -2.80923399
v -4.10034259 -7.55000013 -2.80923399
v -4.19542364 -6.94999999 -2.83410291
v -4.19542364 -7.55000013 -2.83410291
v -4.28603550 -6.94999999 -2.87216029
v -4.28603550 -7.55000013 -2.87216029
v -4.37035903 -6.94999999 -2.92264202
v -4.37035903 -7.55000013 -2.92264202
v -4.44670136 -6.94999999 -2.98453483
v -4.44670136 -7.55000013 -2.98453483
v -4.51352985 -6.94999999 -3.05659610
v -4.51352985 -7.55000013 -3.05659610
v -4.56950288 -6.94999999 -3.13737902
v -4.56950288 -7.55000013 -3.13737902
v -4.61349681 -6.94999999 -3.22526188
v -4.61349681 -7.55000013 -3.22526188
v -4.64462827 -6.94999999 -3.31848047
v -4.64462827 -7.55000013 -3.31848047
v -4.66227241 -6.94999999 -3.41516321
v -4.66227241 -7.55000013 -3.41516321
v -4.66607497 -6.94999999 -3.51336913
v -4.66607497 -7.55000013 -3.51336913
v -4.65595958 -6.94999999 -3.61112671
v -4.65595958 -7.55000013 -3.61112671
v -3.28623692 -7.37000002 -3.08673156
v -3.28623692 -7.34999996 -3.08673156
v -4.58551746 -7.34999996 -4.01184594
v -4.58551746 -7.37000002 -4.01184594
v -4.57050004 -7.37000002 -4.09727448
v -4.57050004 -7.55000013 -4.09727448
v -5.25546119 -6.87000004 -3.42545116
v -5.26831353 -6.87000004 -3.61869575
v -5.25519087 -7.55000013 -3.52373028
v -5.26881335 -7.55000013 -3.62106122
v -5.25546119 -7.55000013 -3.42545116
v -5.26961901 -7.55000013 -3.32819678
v -5.29737990 -6.87000004 -3.23391955
v -5.29737990 -7.55000013 -3.23391955
v -5.33818668 -7.55000013 -3.14451212
v -5.39122003 -6.87000004 -3.06176960
v -5.39122003 -7.55000013 -3.06176960
v -5.45541535 -7.55000013 -2.98735302
v -5.52948376 -6.87000004 -2.92275630
v -5.52948376 -7.55000013 -2.92275630
v -5.61193836 -7.55000013 -2.86927631
v -5.70112381 -6.87000004 -2.82798677
v -5.70112381 -7.55000013 -2.82798677
v -5.79524956 -7.55000013 -2.79971657
v -5.89242608 -6.87000004 -2.78503324
v -5.89242608 -7.55000013 -2.78503324
v -5.99070231 -7.55000013 -2.78423152
v -6.08810543 -6.87000004 -2.79732759
v -6.27252704 -7.55000013 -2.86388754
v -6.27252704 -6.87000004 -2.86388754
v -6.18267993 -7.55000013 -2.82405845
v -6.08810543 -7.55000013 -2.79732759
v -5.35052999 -7.37000002 -4.00452407
v -5.35052999 -7.34999996 -4.00452407
v -6.28339260 -6.87000004 -2.86965754
v -6.63186575 -7.37000002 -3.05471092
v -6.63186575 -7.34999996 -3.05471092
v -6.28119524 -6.87000004 -2.23635065
v -6.46895341 -6.87000004 -2.28384319
v -6.37458072 -7.55000013 -2.26697768
v -6.47135752 -7.55000013 -2.28409881
v -6.28119524 -7.55000013 -2.23635065
v -6.19307582 -7.55000013 -2.19283254
v -6.11199143 -6.87000004 -2.13729708
v -6.11199143 -7.55000013 -2.13729708
v -6.03956993 -7.55000013 -2.07085916
v -5.97726528 -6.87000004 -1.99485257
v -5.97726528 -7.55000013 -1.99485257
v -5.92632837 -7.55000013 -1.91080317
v -5.88778158 -6.87000004 -1.82039845
v -5.88778158 -7.55000013 -1.82039845
v -5.86239912 -7.55000013 -1.72545321
v -5.85069016 -6.87000004 -1.62787365
v -5.85069016 -7.55000013 -1.62787365
v -5.85289013 -7.55000013 -1.52961875
v -5.86895461 -6.87000004 -1.43266099
v -5.86895461 -7.55000013 -1.43266099
v -5.89856108 -7.55000013 -1.33894708
v -5.94111544 -6.87000004 -1.25035809
v -6.06140711 -7.55000013 -1.09553083
v -6.06140711 -6.87000004 -1.09553083
v -5.99576312 -7.55000013 -1.16867272
v -5.94111544 -7.55000013 -1.25035809
v -6.86130433 -7.37000002 -2.32487826
v -6.86130433 -7.34999996 -2.32487826
v -6.35393274 -7.34999996 -0.81274703
v -6.35393274 -7.37000002 -0.81274703
v -6.07025235 -6.87000004 -1.08698018
v -5.46726270 -6.87000004 -0.89336725
v -5.57045129 -6.87000004 -0.72947468
v -5.52524848 -7.55000013 -0.81401670
v -5.57143728 -7.55000013 -0.72726726
v -5.46726270 -7.55000013 -0.89336725
v -5.39864411 -7.55000013 -0.96372615
v -5.32077030 -6.87000004 -1.02368051
v -5.32077030 -7.55000013 -1.02368051
v -5.23520462 -7.55000013 -1.07202695
v -5.14366485 -6.87000004 -1.10779486
v -5.14366485 -7.55000013 -1.10779486
v -5.04798876 -7.55000013 -1.13026609
v -4.95009715 -6.87000004 -1.13898961
v -4.95009715 -7.55000013 -1.13898961
v -4.85195527 -7.55000013 -1.13379012
v -4.75553337 -6.87000004 -1.11477224
v -4.75553337 -7.55000013 -1.11477224
v -4.66276717 -7.55000013 -1.08231760
v -4.57551908 -6.87000004 -1.03707777
v -4.57551908 -7.55000013 -1.03707777
v -4.49554071 -7.55000013 -0.97996106
v -4.42443758 -6.87000004 -0.91211402
v -4.31436033 -7.55000013 -0.74986552
v -4.31436033 -6.87000004 -0.74986552
v -4.36363726 -7.55000013 -0.83489881
v -4.42443758 -7.55000013 -0.91211402
v -5.73072106 -7.37000002 -0.36900730
v -5.73072106 -7.34999996 -0.36900730
v -4.30896150 -6.87000004 -0.73881091
v -4.13581238 -7.37000002 -0.38427224
v -4.13581238 -7.34999996 -0.38427224
v -3.93849064 -6.87000004 -1.25245850
v -3.81450656 -6.87000004 -1.10367478
v -3.88094227 -7.55000013 -1.17279000
v -3.81271190 -7.55000013 -1.10205484
v -3.93849064 -7.55000013 -1.25245850
v -3.98420154 -7.55000013 -1.33946070
v -4.01715723 -6.87000004 -1.43205009
v -4.01715723 -7.55000013 -1.43205009
v -4.03669619 -7.55000013 -1.52836770
v -4.04242615 -6.87000004 -1.62648007
v -4.04242615 -7.55000013 -1.62648007
v -4.03423200 -7.55000013 -1.72441744
v -4.01227840 -6.87000004 -1.82021363
v -4.01227840 -7.55000013 -1.82021363
v -3.97700596 -7.55000013 -1.91194541
v -3.92912275 -6.87000004 -1.99777122
v -3.92912275 -7.55000013 -1.99777122
v -3.86959028 -7.55000013 -2.07596810
v -3.79960353 -6.87000004 -2.14496607
v -3.79960353 -7.55000013 -2.14496607
v -3.72056759 -7.55000013 -2.20338003
v -3.63406914 -6.87000004 -2.25003715
v -3.44574594 -7.55000013 -2.30458928
v -3.44574594 -6.87000004 -2.30458928
v -3.54184483 -7.55000013 -2.28400092
v -3.63406914 -7.55000013 -2.25003715
v -3.37933416 -7.37000002 -0.71224894
v -3.37933416 -7.55000013 -0.71224894
v -3.52120784 -7.37000002 -0.83985867
v -3.52120784 -7.34999996 -0.83985867
v -3.43356405 -6.87000004 -2.30630791
v -3.04287153 -7.37000002 -2.36142399
v -3.04287153 -7.34999996 -2.36142399
v -2.85389780 -7.37000002 -2.38808300
v -2.85389780 -7.55000013 -2.38808300
v -5.54138197 -5.86794504 -4.24630994
v -4.76572950 -5.86794504 -4.31947799
v -4.01314043 -5.86794504 -4.11798337
v -3.37780940 -5.86794504 -3.66704573
v -2.93925463 -5.86794504 -3.02310472
v -2.75236632 -5.86794504 -2.26675619
v -2.84053537 -5.86794504 -1.49266545
v -3.99270470 -5.86794504 -0.14175174
v -4.74318285 -5.86794504 0.06746782
v -5.51954646 -5.86794504 0.00227655
v -6.22462521 -5.86794504 -0.32916626
v -6.77017107 -5.86794504 -0.88537668
v -7.08790312 -5.86794504 -1.59673917
v -7.13805354 -5.86794504 -2.37421922
v -5.81472305 -6.14999999 -4.36380634
v -5.86340458 -6.14999999 -4.34438994
v -5.85810796 -6.05968550 -4.33151999
v -5.43443391 -6.14999999 -4.47560081
v -5.59449925 -6.14999999 -4.43684363
v -5.59076185 -6.05968550 -4.42343743
v -5.04093081 -6.14999999 -4.52327670
v -5.31654649 -6.14999999 -4.49684390
v -5.31442089 -6.05968550 -4.48308995
v -4.64494715 -6.14999999 -4.50553408
v -4.74917854 -6.14999999 -4.51658329
v -4.75034309 -6.05968550 -4.50271478
v -3.88851765 -6.14999999 -4.27749974
v -3.92899274 -6.14999999 -4.29699083
v -3.93491353 -6.05968550 -4.28439563
v -3.54870505 -6.14999999 -4.07342815
v -3.67927088 -6.14999999 -4.16098812
v -3.68663969 -6.05968550 -4.14918175
v -3.24711616 -6.14999999 -3.81620859
v -3.44738730 -6.14999999 -3.99640442
v -3.45610076 -6.05968550 -3.98555247
v -2.99197755 -6.14999999 -3.51285718
v -3.04985925 -6.14999999 -3.59110532
v -3.06087791 -6.05968550 -3.58260346
v -2.64743197 -6.14999999 -2.80189037
v -2.65827033 -6.14999999 -2.83772389
v -2.67155993 -6.05968550 -2.83359082
v -2.56742353 -6.14999999 -2.41366816
v -2.59005970 -6.14999999 -2.56167117
v -2.60374474 -6.05968550 -2.55913891
v -2.55240559 -6.14999999 -2.01757200
v -2.55497734 -6.14999999 -2.27948857
v -2.56886578 -6.05968550 -2.27859273
v -2.60278772 -6.14999999 -1.62440611
v -2.58569608 -6.14999999 -1.71260911
v -2.59940627 -6.05968550 -1.71500042
v -2.89250857 -6.14999999 -0.88939106
v -2.87725015 -6.14999999 -0.91516215
v -2.88926962 -6.05968550 -0.92217771
v -3.12394465 -6.14999999 -0.56759117
v -3.03488991 -6.14999999 -0.67850303
v -3.04599537 -6.05968550 -0.68689117
v -3.40519075 -6.14999999 -0.28827337
v -3.21941360 -6.14999999 -0.46214981
v -3.22944916 -6.05968550 -0.47179235
v -3.72857529 -6.14999999 -0.05905682
v -3.65841065 -6.14999999 -0.10218097
v -3.66590054 -6.05968550 -0.11391097
v -4.46556609 -6.14999999 0.22560081
v -4.44358781 -6.14999999 0.22096394
v -4.44652446 -6.05968550 0.20735992
v -4.85906919 -6.14999999 0.27327670
v -4.72460676 -6.14999999 0.26439282
v -4.72591382 -6.05968550 0.25053697
v -5.64271536 -6.14999999 0.17285666
v -5.57070237 -6.14999999 0.19334594
v -5.56710300 -6.05968550 0.17990230
v -6.35129495 -6.14999999 -0.17657185
v -6.33911055 -6.14999999 -0.16786659
v -6.33105517 -6.05968550 -0.17921568
v -6.65288384 -6.14999999 -0.43379141
v -6.56083695 -6.14999999 -0.34589784
v -6.55149578 -6.05968550 -0.35621466
v -7.10975139 -6.14999999 -1.07835129
v -7.07951656 -6.14999999 -1.01813066
v -7.06716760 -6.05968550 -1.02454934
v -7.33257647 -6.14999999 -1.83633184
v -7.33166433 -6.14999999 -1.82890019
v -7.31785319 -6.05968550 -1.83061711
v -7.34759441 -6.14999999 -2.23242800
v -7.34996836 -6.14999999 -2.11266538
v -7.33605123 -6.05968550 -2.11273686
v -7.18280434 -6.14999999 -3.00510486
v -7.20407239 -6.14999999 -2.94911012
v -7.19100128 -6.05968550 -2.94433122
v -7.09078128 -6.14999999 -3.20992216
v -7.33458198 -6.14999999 -2.39660381
v -7.19548262 -6.14999999 -1.27776440
v -6.75995073 -6.14999999 -0.54890399
v -5.84054387 -6.14999999 0.10366144
v -5.00878989 -6.14999999 0.27427992
v -3.90672156 -6.14999999 0.03638139
v -2.65106561 -6.14999999 -1.43586991
v -2.88979507 -6.14999999 -3.35607918
v -4.46772792 -6.14999999 -4.47604524
v -6.49480925 -6.14999999 -3.96172663
v -6.56959212 -6.05968550 -3.87723053
v -6.35915401 -6.14999999 -4.06775193
v -6.35098240 -6.05968550 -4.05648609
v -6.17142471 -6.14999999 -4.19094318
v -6.11270604 -6.05968550 -4.20862788
v -6.11948774 -6.14999999 -4.22078108
v -6.57903871 -6.14999999 -3.88745086
v -6.77605535 -6.14999999 -3.68240883
v -6.76546621 -6.05968550 -3.67337761
v -6.94743807 -6.14999999 -3.45550410
v -6.93585503 -6.05968550 -3.44778865
v -7.00749143 -6.14999999 -3.36060894
v -7.07836694 -6.05968550 -3.20363070
v -7.04227633 -5.97775053 -3.18534046
v -6.90218101 -5.97775053 -3.42535821
v -6.73468134 -5.97775053 -3.64712176
v -6.54212872 -5.97775053 -3.84751798
v -6.32722595 -5.97775053 -4.02373390
v -6.09299012 -5.97775053 -4.17329592
v -6.98585774 -5.91179730 -3.15674821
v -6.84954005 -5.91179730 -3.39029383
v -6.68655711 -5.91179730 -3.60607745
v -6.49919662 -5.91179730 -3.80107013
v -6.29008881 -5.91179730 -3.97253425
v -6.06216921 -5.91179730 -4.11806309
v -6.91434576 -5.86794504 -3.12050681
v -6.78281656 -5.86794504 -3.34584888
v -7.28572144 -6.14999999 -2.67672951
v -7.29721228 -6.14999999 -2.62559389
v -7.27217684 -6.05968550 -2.67353014
v -7.32075407 -6.05968550 -2.39502883
v -7.23279978 -5.97775053 -2.66422874
v -7.28055335 -5.97775053 -2.39044991
v -7.17124364 -5.91179730 -2.64968833
v -7.21770956 -5.91179730 -2.38329207
v -7.09321986 -5.86794504 -2.63125796
v -7.27992694 -6.14999999 -1.54929140
v -7.26641587 -6.05968550 -1.55262987
v -7.27770164 -5.97775053 -1.83560902
v -7.22713659 -5.97775053 -1.56233560
v -7.21493478 -5.91179730 -1.84341248
v -7.16573319 -5.91179730 -1.57750787
v -7.13537636 -5.86794504 -1.85330354
v -6.93365673 -6.14999999 -0.77403502
v -6.92215360 -6.05968550 -0.78186921
v -7.03126698 -5.97775053 -1.04320969
v -6.88871185 -5.97775053 -0.80464461
v -6.97514529 -5.91179730 -1.07238020
v -6.83643411 -5.91179730 -0.84024824
v -6.90400957 -5.86794504 -1.10935483
v -6.52433935 -5.97775053 -0.38620790
v -6.30763679 -5.97775053 -0.21221021
v -6.48188696 -5.91179730 -0.43309478
v -6.27102789 -5.91179730 -0.26378890
v -6.42807775 -5.86794504 -0.49252489
v -6.01148235 -6.14999999 0.02749974
v -5.83537978 -6.05968550 0.09073766
v -5.82036649 -5.97775053 0.05316550
v -5.55663894 -5.97775053 0.14081804
v -5.79689688 -5.91179730 -0.00556910
v -5.54028068 -5.91179730 0.07971993
v -5.76714867 -5.86794504 -0.08001661
v -5.25505285 -6.14999999 0.25553408
v -5.00844890 -6.05968550 0.26036671
v -5.00745780 -5.97775053 0.21991806
v -4.72971364 -5.97775053 0.21025485
v -5.00590844 -5.91179730 0.15668704
v -4.73565366 -5.91179730 0.14728459
v -5.00394461 -5.86794504 0.07654002
v -4.16967764 -6.14999999 0.14460275
v -4.08527695 -6.14999999 0.11380634
v -4.17420257 -6.05968550 0.13144168
v -3.91277143 -6.05968550 0.02384784
v -4.18735783 -5.97775053 0.09317922
v -3.93035955 -5.97775053 -0.01258997
v -4.20792250 -5.91179730 0.03336577
v -3.95785433 -5.91179730 -0.06955152
v -4.23398887 -5.86794504 -0.04244947
v -3.42823111 -6.14999999 -0.26913935
v -3.43705558 -6.05968550 -0.27990115
v -3.46271054 -5.97775053 -0.31118838
v -3.25862451 -5.97775053 -0.49982590
v -3.50281552 -5.91179730 -0.36009809
v -3.30423268 -5.91179730 -0.54364891
v -3.55364962 -5.86794504 -0.42209250
v -3.36204230 -5.86794504 -0.59919579
v -3.07828153 -5.97775053 -0.71127720
v -2.92421359 -5.97775053 -0.94257405
v -3.12875288 -5.91179730 -0.74939847
v -2.97883919 -5.91179730 -0.97445825
v -3.19272636 -5.86794504 -0.79771809
v -3.04807856 -5.86794504 -1.01487243
v -2.74870715 -6.14999999 -1.16880450
v -2.76147223 -6.05968550 -1.17434941
v -2.79858301 -5.97775053 -1.19046958
v -2.85659621 -5.91179730 -1.21566930
v -2.93012953 -5.86794504 -1.24761060
v -2.71719566 -6.14999999 -1.24489514
v -2.66439694 -6.05968550 -1.43986608
v -2.70315374 -5.97775053 -1.45148381
v -2.76374019 -5.91179730 -1.46964530
v -2.55351609 -6.14999999 -1.99513739
v -2.56741292 -6.05968550 -1.99589045
v -2.60781444 -5.97775053 -1.99807963
v -2.60924290 -5.97775053 -2.27598823
v -2.67097189 -5.91179730 -2.00150207
v -2.67236161 -5.91179730 -2.27191681
v -2.75102540 -5.86794504 -2.00584011
v -2.75865200 -6.14999999 -3.10377132
v -2.77135934 -6.05968550 -3.09809556
v -2.71019529 -5.97775053 -2.82157522
v -2.80830248 -5.97775053 -3.08159494
v -2.77059193 -5.91179730 -2.80279198
v -2.86605361 -5.91179730 -3.05580010
v -2.84714627 -5.86794504 -2.77898375
v -3.23659706 -6.14999999 -3.80555054
v -3.24653297 -6.05968550 -3.79580518
v -3.09291168 -5.97775053 -3.55788709
v -3.27541849 -5.97775053 -3.76747341
v -3.14298834 -5.91179730 -3.51924903
v -3.32057386 -5.91179730 -3.72318400
v -3.20646169 -5.86794504 -3.47027441
v -3.70806253 -5.97775053 -4.11485767
v -3.95212632 -5.97775053 -4.24777882
v -3.74155150 -5.91179730 -4.06120082
v -3.97903419 -5.91179730 -4.19053768
v -3.78399978 -5.86794504 -3.99318950
v -4.25728464 -6.14999999 -4.42285666
v -4.47052454 -6.05968550 -4.46241179
v -4.47865504 -5.97775053 -4.42277638
v -4.75372873 -5.97775053 -4.46239596
v -4.49136498 -5.91179730 -4.36081642
v -4.75902113 -5.91179730 -4.39936759
v -4.50747505 -5.86794504 -4.28228078
v -5.30824145 -5.97775053 -4.44310380
v -5.57989644 -5.97775053 -4.38446289
v -5.29858140 -5.91179730 -4.38059585
v -5.56291126 -5.91179730 -4.32353614
v -5.28633709 -5.86794504 -4.30136526
v -6.62555865 -5.86794504 -3.55405293
v -6.44477925 -5.86794504 -3.74219602
v -6.24301669 -5.86794504 -3.90763746
v -6.02310293 -5.86794504 -4.04805446
v -7.01829999 -5.86794504 -2.88119007
v -7.09359630 -5.91179730 -2.90871912
v -7.15300071 -5.97775053 -2.93043784
v -7.15217183 -5.86794504 -2.11368197
v -7.23234176 -5.91179730 -2.11326990
v -7.29559085 -5.97775053 -2.11294485
v -7.01041820 -5.86794504 -1.34759045
v -7.08542748 -5.91179730 -1.31928891
v -7.14460558 -5.97775053 -1.29696063
v -7.18246124 -6.05968550 -1.28267740
v -7.25256803 -6.14999999 -1.44810963
v -6.61078117 -5.86794504 -0.67880002
v -6.67124188 -5.91179730 -0.62615115
v -6.71894162 -5.97775053 -0.58461453
v -6.74945510 -6.05968550 -0.55804362
v -6.90802245 -6.14999999 -0.73714282
v -6.00327982 -5.86794504 -0.19101685
v -6.04162433 -5.91179730 -0.12061035
v -6.07187602 -5.97775053 -0.06506385
v -6.09122760 -6.05968550 -0.02953110
v -6.09788413 -6.14999999 -0.01730898
v -5.26394907 -5.86794504 0.05470740
v -5.27537838 -5.91179730 0.13405962
v -5.28439540 -5.97775053 0.19666350
v -5.29016357 -6.05968550 0.23671111
v -5.29214768 -6.14999999 0.25048631
v -4.48532433 -5.86794504 0.02761821
v -4.46840783 -5.91179730 0.10598416
v -4.45506170 -5.97775053 0.16781019
v -3.76485868 -5.86794504 -0.26889423
v -3.72171377 -5.91179730 -0.20132267
v -3.68767495 -5.97775053 -0.14801303
v -2.78055317 -5.86794504 -1.74659675
v -2.70157459 -5.91179730 -1.73282100
v -2.63926520 -5.97775053 -1.72195283
v -2.78455729 -5.86794504 -2.52568231
v -2.70572438 -5.91179730 -2.54026910
v -2.64353010 -5.97775053 -2.55177722
v -3.05958952 -5.86794504 -3.25461829
v -2.99076944 -5.91179730 -3.29574195
v -2.93647426 -5.97775053 -3.32818606
v -2.90174208 -6.05968550 -3.34894031
v -2.79024861 -6.14999999 -3.17164871
v -3.57122703 -5.86794504 -3.84217033
v -3.52103294 -5.91179730 -3.90468368
v -3.48143282 -5.97775053 -3.95400298
v -4.25543262 -5.86794504 -4.21480013
v -4.23014688 -5.91179730 -4.29087931
v -4.21019809 -5.97775053 -4.35090100
v -4.19743692 -6.05968550 -4.38929664
v -4.19304737 -6.14999999 -4.40250372
v -5.02657072 -5.86794504 -4.32586928
v -5.02935829 -5.91179730 -4.40599171
v -5.03155752 -5.97775053 -4.46920355
v -5.03296428 -6.05968550 -4.50963990
v -5.03344832 -6.14999999 -4.52354883
v -5.78812512 -5.86794504 -4.16147595
v -5.81863711 -5.91179730 -4.23561388
v -5.84270920 -5.97775053 -4.29410411
v -4.94845215 -7.51999995 -2.82730155
v -4.94845215 -7.15000002 -2.82730155
v -4.84456696 -7.15000002 -4.15094381
v -4.95193323 -7.54871472 -2.78294778
v -4.95193323 -7.51999995 -2.78294778
v -4.95181577 -7.55000013 -2.78444442
v -4.84456696 -7.55000013 -4.15094381
v -5.06571223 -7.51999995 -2.79187763
v -5.06571223 -7.55000013 -2.79187763
v -5.06365847 -7.51999995 -2.81804518
v -4.95834597 -7.55000013 -4.15987370
v -5.06365847 -7.15000002 -2.81804518
v -4.95834597 -7.15000002 -4.15987370
v -4.28159319 -7.51999995 -2.34055100
v -4.28159319 -7.15000002 -2.34055100
v -2.99063234 -7.15000002 -2.65077825
v -4.32485186 -7.54871472 -2.33015565
v -4.32485186 -7.51999995 -2.33015565
v -4.32339220 -7.55000013 -2.33050643
v -2.99063234 -7.55000013 -2.65077825
v -4.35151875 -7.51999995 -2.44112539
v -4.35151875 -7.55000013 -2.44112539
v -4.32599730 -7.51999995 -2.44725838
v -3.01729909 -7.55000013 -2.76174808
v -4.32599730 -7.15000002 -2.44725838
v -3.01729909 -7.15000002 -2.76174808
v -5.61745016 -7.51999995 -2.34349524
v -5.61745016 -7.15000002 -2.34349524
v -6.84420655 -7.15000002 -2.85132390
v -5.57634288 -7.54871472 -2.32647841
v -5.57634288 -7.51999995 -2.32647841
v -5.57773000 -7.55000013 -2.32705267
v -6.84420655 -7.55000013 -2.85132390
v -5.61999537 -7.51999995 -2.22102767
v -5.61999537 -7.55000013 -2.22102767
v -5.64424752 -7.51999995 -2.23106712
v -6.88785895 -7.55000013 -2.74587309
v -5.64424752 -7.15000002 -2.23106712
v -6.88785895 -7.15000002 -2.74587309
v -5.36405475 -7.51999995 -1.55773594
v -5.36405475 -7.15000002 -1.55773594
v -6.22611710 -7.15000002 -0.54794902
v -5.33516799 -7.54871472 -1.59157275
v -5.33516799 -7.51999995 -1.59157275
v -5.33614273 -7.55000013 -1.59043099
v -6.22611710 -7.55000013 -0.54794902
v -6.13931681 -7.55000013 -0.47384685
v -6.13931681 -7.15000002 -0.47384685
v -5.24836770 -7.51999995 -1.51747072
v -5.26541011 -7.51999995 -1.49750786
v -5.26541011 -7.15000002 -1.49750786
v -3.84447717 -7.15000002 -0.42400507
v -3.84447717 -7.55000013 -0.42400507
v -4.56170400 -7.54871472 -1.59384541
v -4.56170400 -7.51999995 -1.59384541
v -4.53844976 -7.51999995 -1.55591632
v -4.53844976 -7.15000002 -1.55591632
v -4.46440603 -7.51999995 -1.65349862
v -4.46440603 -7.55000013 -1.65349862
v -4.45068663 -7.51999995 -1.63112145
v -3.74717920 -7.55000013 -0.48365814
v -4.45068663 -7.15000002 -1.63112145
v -3.74717920 -7.15000002 -0.48365814
v -3.40519075 -7.55000013 -0.28827337
v -3.56214282 -7.55000013 -0.16697755
v -3.72857529 -7.55000013 -0.05905682
v -3.90335129 -7.55000013 0.03475139
v -4.08527695 -7.55000013 0.11380634
v -4.27310963 -7.55000013 0.17756803
v -4.46556609 -7.55000013 0.22560081
v -4.66133184 -7.55000013 0.25757647
v -4.85906919 -7.55000013 0.27327670
v -5.05742800 -7.55000013 0.27259441
v -5.25505285 -7.55000013 0.25553408
v -5.45059389 -7.55000013 0.22221228
v -5.64271536 -7.55000013 0.17285666
v -5.83010486 -7.55000013 0.10780434
v -6.01148235 -7.55000013 0.02749974
v -6.18560894 -7.55000013 -0.06750857
v -6.35129495 -7.55000013 -0.17657185
v -6.50740883 -7.55000013 -0.29894465
v -6.65288384 -7.55000013 -0.43379141
v -6.78672663 -7.55000013 -0.58019075
v -6.90802245 -7.55000013 -0.73714282
v -7.01594318 -7.55000013 -0.90357529
v -7.10975139 -7.55000013 -1.07835129
v -7.18880634 -7.55000013 -1.26027695
v -7.25256803 -7.55000013 -1.44810963
v -7.30060081 -7.55000013 -1.64056609
v -7.33257647 -7.55000013 -1.83633184
v -7.34827670 -7.55000013 -2.03406919
v -7.34759441 -7.55000013 -2.23242800
v -7.33053408 -7.55000013 -2.43005285
v -7.29721228 -7.55000013 -2.62559389
v -7.24785666 -7.55000013 -2.81771536
v -7.18280434 -7.55000013 -3.00510486
v -7.10249974 -7.55000013 -3.18648235
v -7.00749143 -7.55000013 -3.36060894
v -6.89842815 -7.55000013 -3.52629495
v -6.77605535 -7.55000013 -3.68240883
v -6.64120859 -7.55000013 -3.82788384
v -6.49480925 -7.55000013 -3.96172663
v -6.33785718 -7.55000013 -4.08302245
v -6.17142471 -7.55000013 -4.19094318
v -5.99664871 -7.55000013 -4.28475139
v -5.81472305 -7.55000013 -4.36380634
v -5.62689037 -7.55000013 -4.42756803
v -5.43443391 -7.55000013 -4.47560081
v -5.23866816 -7.55000013 -4.50757647
v -5.04093081 -7.55000013 -4.52327670
v -4.84257200 -7.55000013 -4.52259441
v -4.64494715 -7.55000013 -4.50553408
v -4.44940611 -7.55000013 -4.47221228
v -4.25728464 -7.55000013 -4.42285666
v -4.06989514 -7.55000013 -4.35780434
v -3.88851765 -7.55000013 -4.27749974
v -3.71439106 -7.55000013 -4.18249143
v -3.54870505 -7.55000013 -4.07342815
v -3.39259117 -7.55000013 -3.95105535
v -3.24711616 -7.55000013 -3.81620859
v -3.11327337 -7.55000013 -3.66980925
v -2.99197755 -7.55000013 -3.51285718
v -2.88405682 -7.55000013 -3.34642471
v -2.79024861 -7.55000013 -3.17164871
v -2.71119366 -7.55000013 -2.98972305
v -2.64743197 -7.55000013 -2.80189037
v -2.59939919 -7.55000013 -2.60943391
v -2.56742353 -7.55000013 -2.41366816
v -2.55172330 -7.55000013 -2.21593081
v -2.55240559 -7.55000013 -2.01757200
v -2.56946592 -7.55000013 -1.81994715
v -2.60278772 -7.55000013 -1.62440611
v -2.65214334 -7.55000013 -1.43228464
v -2.71719566 -7.55000013 -1.24489514
v -2.79750026 -7.55000013 -1.06351765
v -2.89250857 -7.55000013 -0.88939106
v -3.00157185 -7.55000013 -0.72370505
v -3.12394465 -7.55000013 -0.56759117
v -3.25879141 -7.55000013 -0.42211616
v -2.83974766 -7.55000013 -2.02655470
v -2.83974766 -7.37000002 -2.02655470
v -2.84081868 -7.55000013 -2.24420913
v -2.84171349 -7.55000013 -1.99089361
v -2.87292230 -7.55000013 -1.73950628
v -2.88749433 -7.37000002 -1.66791387
v -2.99573804 -7.55000013 -1.32268013
v -2.99573804 -7.37000002 -1.32268013
v -2.93399676 -7.55000013 -1.49366183
v -2.88749433 -7.55000013 -1.66791387
v -3.02405844 -7.55000013 -1.25689523
v -3.14181245 -7.55000013 -1.03261068
v -3.16130335 -7.37000002 -1.00097989
v -3.16130335 -7.55000013 -1.00097989
v -3.28556563 -7.55000013 -0.82403326
v -4.73272051 -7.51999995 -2.70875220
v -4.85998837 -7.51999995 -2.74133992
v -4.79799305 -7.61889993 -2.84087800
v -4.32800886 -7.51999995 -2.09177292
v -4.33487448 -7.51999995 -2.22296713
v -4.22218682 -7.61889993 -2.20165124
v -5.62341090 -7.60000005 -2.36046275
v -5.63566808 -7.61889993 -2.38082560
v -5.58386769 -7.61889993 -2.49078567
v -4.62451524 -7.54229008 -1.56192358
v -4.43506453 -7.60000005 -1.63127298
v -4.46336207 -7.56560165 -1.65413867
v -4.46853543 -7.51999995 -1.72981790
v -4.46438806 -7.56533194 -1.65350961
v -4.56212908 -7.51999995 -1.63762628
v -4.55097093 -7.54969466 -1.60042585
v -4.65495524 -7.51999995 -1.57643317
v -4.32779442 -7.54969503 -2.34240056
v -4.36910375 -7.51999995 -2.34980334
v -4.24491235 -7.61889993 -2.32105830
v -4.26679759 -7.60000005 -2.33032764
v -4.32131386 -7.60000005 -2.46216268
v -4.35180490 -7.56560165 -2.44231604
v -4.42917406 -7.51999995 -2.46663923
v -4.35152452 -7.56533287 -2.44114944
v -4.33302175 -7.55195144 -2.36415307
v -4.96448808 -7.54969503 -2.78393307
v -4.99126035 -7.51999995 -2.74650992
v -4.91857847 -7.61889993 -2.85616352
v -4.93415705 -7.60000005 -2.83821381
v -5.07638605 -7.60000005 -2.82710509
v -5.06693303 -7.56560165 -2.79197341
v -5.12069690 -7.51999995 -2.72403217
v -5.06573685 -7.56533287 -2.79187954
v -4.99435597 -7.55286711 -2.78627731
v -5.55551558 -7.51999995 -2.27104068
v -5.58115829 -7.54969466 -2.31484601
v -5.51141717 -7.51999995 -2.39479202
v -5.65679705 -7.60000005 -2.22176209
v -5.62046373 -7.56560165 -2.21989621
v -5.57267776 -7.51999995 -2.14079275
v -5.62000338 -7.56533194 -2.22100822
v -5.59552324 -7.55386046 -2.28014467
v -5.37499942 -7.51999995 -1.66964021
v -5.38203379 -7.60000005 -1.55731018
v -5.24616421 -7.58657354 -1.49110116
v -5.32465889 -7.54980139 -1.58260113
v -5.27004013 -7.51999995 -1.59062997
v -5.16993937 -7.51999995 -1.54224474
v -4.21982736 -7.61889993 -2.07565048
v -4.23911976 -7.61889993 -1.95111305
v -4.31046931 -7.55000013 -1.96415623
v -4.67743005 -7.61889993 -2.80418561
v -4.56494957 -7.61889993 -2.74735328
v -4.59940264 -7.55000013 -2.68352639
v -4.41502401 -7.61889993 -1.62561226
v -4.38431257 -7.61889993 -1.66068848
v -4.33974641 -7.61889993 -1.72104698
v -4.39635965 -7.51999995 -1.83958912
v -4.27949180 -7.61889993 -1.83173185
v -4.34881242 -7.51999995 -1.96205678
v -4.31351692 -7.55000013 -1.95249042
v -4.32869026 -7.55000013 -1.90399226
v -4.31505854 -7.55646519 -1.92108066
v -4.30860913 -7.55646519 -1.94237601
v -4.51241320 -7.51999995 -2.56827737
v -4.46388701 -7.61889993 -2.67206638
v -4.37723908 -7.61889993 -2.58055728
v -4.30973734 -7.61889993 -2.47947313
v -4.61511831 -7.51999995 -2.65019636
v -4.59545753 -7.55000013 -2.68103045
v -4.54781384 -7.55000013 -2.64760552
v -4.55985349 -7.55646519 -2.66585064
v -4.57811361 -7.55646519 -2.67856505
v -5.08927192 -7.61889993 -2.84346414
v -5.20626789 -7.61889993 -2.81050291
v -5.29371421 -7.61889993 -2.77110215
v -5.24253999 -7.51999995 -2.67490668
v -5.32007383 -7.61889993 -2.75637375
v -5.36155242 -7.55646519 -2.64974597
v -5.42290605 -7.61889993 -2.68352248
v -5.34381767 -7.55646519 -2.66318342
v -5.32274503 -7.55000013 -2.66899571
v -5.34824997 -7.55000013 -2.65061127
v -5.35136958 -7.51999995 -2.60131869
v -5.37284965 -7.55000013 -2.63103207
v -5.44234428 -7.51999995 -2.50654174
v -5.51171515 -7.61889993 -2.59410932
v -5.62484705 -7.61889993 -1.84185887
v -5.62732241 -7.61889993 -1.84783256
v -5.57623979 -7.55646519 -1.89574582
v -5.67633745 -7.61889993 -2.21456214
v -5.68114312 -7.61889993 -2.09310684
v -5.66922233 -7.61889993 -1.98969768
v -5.56214026 -7.51999995 -2.00984227
v -5.66483119 -7.61889993 -1.96814407
v -5.58353921 -7.55646519 -1.91676500
v -5.58255522 -7.55000013 -1.93860233
v -5.57295203 -7.55000013 -1.90866462
v -5.52437187 -7.51999995 -1.88401456
v -5.56193281 -7.55000013 -1.87921862
v -5.56972900 -7.61889993 -1.73573988
v -5.46105265 -7.51999995 -1.76890704
v -5.40518768 -7.61889993 -1.55194535
v -5.49375874 -7.61889993 -1.63518994
v -5.55045137 -7.61889993 -1.70661549
v -5.06064528 -7.51999995 -2.21936732
v -5.09300528 -7.51999995 -2.15140185
v -5.02087622 -7.51999995 -1.64225975
v -4.83935472 -7.51999995 -2.03063268
v -4.80699472 -7.51999995 -2.09859815
v -4.99863797 -7.51999995 -2.26204713
v -5.04436732 -7.51999995 -2.01435472
v -5.08704713 -7.51999995 -2.07636203
v -4.82338724 -7.51999995 -1.65671834
v -4.92404671 -7.51999995 -1.67564543
v -4.97640185 -7.51999995 -1.98199472
v -4.81295287 -7.51999995 -2.17363797
v -4.85563268 -7.51999995 -2.23564528
v -4.90136203 -7.51999995 -1.98795287
v -4.92359815 -7.51999995 -2.26800528
v -3.61897520 -6.89999999 -2.87891880
v -3.61102207 -6.87928933 -2.86516019
v -3.60065748 -6.86339743 -2.84722957
v -3.69911485 -6.87000004 -2.81037304
v -3.70903940 -6.89999999 -2.83505500
v -3.80439891 -6.89999999 -2.80436056
v -3.79806247 -6.87000004 -2.77852367
v -3.90313941 -6.89999999 -2.78745170
v -3.90051811 -6.87000004 -2.76097863
v -4.00327857 -6.89999999 -2.78466789
v -4.00442512 -6.87000004 -2.75809004
v -4.10280594 -6.89999999 -2.79606499
v -4.10769733 -6.87000004 -2.76991602
v -4.19972351 -6.89999999 -2.82141424
v -4.20826145 -6.87000004 -2.79621903
v -4.29208556 -6.89999999 -2.86020662
v -4.30409874 -6.87000004 -2.83647103
v -4.37803774 -6.89999999 -2.91166350
v -4.39328498 -6.87000004 -2.88986403
v -4.45585463 -6.89999999 -2.97475176
v -4.47402981 -6.87000004 -2.95532604
v -4.52397394 -6.89999999 -3.04820489
v -4.54471216 -6.87000004 -3.03154287
v -4.58102811 -6.89999999 -3.13054805
v -4.60391308 -6.87000004 -3.11698436
v -4.62587171 -6.89999999 -3.22012853
v -4.65044396 -6.87000004 -3.20993539
v -4.65760455 -6.89999999 -3.31514755
v -4.68337075 -6.87000004 -3.30852966
v -4.67558948 -6.89999999 -3.41369778
v -4.70203236 -6.87000004 -3.41078786
v -4.67946548 -6.89999999 -3.51380052
v -4.70605418 -6.87000004 -3.51465715
v -4.66915472 -6.89999999 -3.61344635
v -4.69535550 -6.87000004 -3.61805211
v -3.59487387 -6.85512421 -2.82933216
v -3.60821144 -6.87000004 -2.85442036
v -3.60346178 -6.86339650 -2.84561475
v -3.07127817 -7.62734535 -3.16869596
v -3.05285736 -7.63675804 -3.16357107
v -3.60065748 -7.63660251 -2.84722957
v -3.03041900 -7.64438967 -3.15724562
v -2.98697467 -7.64999903 -3.14474225
v -3.07629204 -7.62415203 -3.17008037
v -3.61897520 -7.60000005 -2.87891880
v -3.10339521 -7.59918812 -3.17748336
v -3.11625491 -7.57621779 -3.18094853
v -4.70520445 -7.63660251 -3.61978344
v -4.71604900 -7.63660251 -3.51497911
v -4.66915472 -7.60000005 -3.61344635
v -4.67946548 -7.60000005 -3.51380052
v -4.67558948 -7.60000005 -3.41369778
v -4.65760455 -7.60000005 -3.31514755
v -4.62587171 -7.60000005 -3.22012853
v -4.58102811 -7.60000005 -3.13054805
v -4.52397394 -7.60000005 -3.04820489
v -4.45585463 -7.60000005 -2.97475176
v -4.37803774 -7.60000005 -2.91166350
v -4.29208556 -7.60000005 -2.86020662
v -4.19972351 -7.60000005 -2.82141424
v -4.10280594 -7.60000005 -2.79606499
v -4.00327857 -7.60000005 -2.78466789
v -3.90313941 -7.60000005 -2.78745170
v -3.80439891 -7.60000005 -2.80436056
v -3.70903940 -7.60000005 -2.83505500
v -4.71197239 -7.63660251 -3.40969393
v -4.69305639 -7.63660251 -3.30604182
v -4.65968077 -7.63660251 -3.20610365
v -4.61251561 -7.63660251 -3.11188575
v -4.55250775 -7.63660251 -3.02527954
v -4.48086190 -7.63660251 -2.94802382
v -4.39901648 -7.63660251 -2.88166951
v -4.30861449 -7.63660251 -2.82754877
v -4.21147093 -7.63660251 -2.78674804
v -4.10953595 -7.63660251 -2.76008651
v -4.00485613 -7.63660251 -2.74809932
v -3.89953277 -7.63660251 -2.75102726
v -3.79568052 -7.63660251 -2.76881151
v -3.69538416 -7.63660251 -2.80109502
v -4.69316971 -6.87000004 -3.63048629
v -4.64733306 -6.85228424 -4.11504076
v -4.72686750 -6.85340769 -3.63584829
v -4.63576229 -6.85559211 -4.11316620
v -4.70303309 -6.86339743 -3.63213567
v -4.61678559 -6.86476610 -4.10948766
v -4.60705844 -6.87174348 -4.10730669
v -4.59223204 -6.88680706 -4.10359108
v -4.57292251 -6.92770581 -4.09803072
v -4.57625969 -6.91593715 -4.09905089
v -4.58342100 -6.89999924 -4.10115623
v -4.58535389 -6.89668700 -4.10170497
v -3.10943241 -7.60000005 -3.18893266
v -3.07774323 -7.63660251 -3.20725038
v -3.20117420 -7.60000005 -3.33382168
v -3.30429545 -7.60000005 -3.47084494
v -3.41812543 -7.60000005 -3.59911069
v -3.54192343 -7.60000005 -3.71778437
v -3.67488379 -7.60000005 -3.82609365
v -3.81614112 -7.60000005 -3.92333435
v -3.96477676 -7.60000005 -4.00887278
v -4.11982306 -7.60000005 -4.08215316
v -4.28027145 -7.60000005 -4.14269806
v -4.44507774 -7.60000005 -4.19011393
v -3.17106455 -7.63660251 -3.35463414
v -3.27596127 -7.63660251 -3.49401643
v -3.39175102 -7.63660251 -3.62449063
v -3.51768046 -7.63660251 -3.74520735
v -3.65292991 -7.63660251 -3.85538170
v -3.79661948 -7.63660251 -3.95429616
v -3.94781402 -7.63660251 -4.04130758
v -4.10552987 -7.63660251 -4.11584952
v -4.26874075 -7.63660251 -4.17743696
v -4.43638440 -7.63660251 -4.22566903
v -4.58369521 -7.60000005 -4.09959422
v -4.61974494 -7.63660251 -4.10593131
v -4.49293687 -6.91427670 -4.17946165
v -4.55804316 -6.92642124 -4.13570812
v -4.56158503 -6.91391665 -4.13663311
v -4.59979873 -6.79730621 -4.20064048
v -4.61406771 -6.82793108 -4.18113710
v -4.56738898 -6.81233990 -4.19487429
v -4.58829236 -6.84009266 -4.17660826
v -4.55079854 -6.82375642 -4.19170240
v -4.57515519 -6.84931537 -4.17410394
v -4.52557870 -6.84830088 -4.18659316
v -4.55529059 -6.86906890 -4.17006181
v -4.51391938 -6.86431953 -4.18411342
v -4.54616084 -6.88190300 -4.16809933
v -4.49855652 -6.89537215 -4.18073123
v -4.53419404 -6.90666733 -4.16542606
v -4.52983689 -6.92168556 -4.16442396
v -4.57131840 -6.89330210 -4.13907708
v -4.57874975 -6.88262142 -4.14084846
v -4.59493448 -6.86618618 -4.14443293
v -4.60564928 -6.85851423 -4.14660515
v -4.62669621 -6.84839792 -4.15042078
v -4.63958045 -6.84477153 -4.15246782
v -4.62982848 -6.82357221 -4.18365763
v -4.61955655 -6.79190268 -4.20387795
v -4.49729122 -7.63660251 -4.22781536
v -4.49112223 -7.60000005 -4.19173648
v -4.48886429 -7.55000013 -4.17853051
v -4.52668665 -7.55000013 -4.16368970
v -4.53401178 -7.60000005 -4.17490730
v -4.55548310 -7.55000013 -4.13502732
v -4.56666630 -7.60000005 -4.14240470
v -4.55402474 -7.63660251 -4.20555414
v -4.59721946 -7.63660251 -4.16256038
v -4.55548310 -7.37000002 -4.13502732
v -4.52668665 -7.37000002 -4.16368970
v -4.48886429 -7.37000002 -4.17853051
v -6.60597517 -7.63660251 -3.79240716
v -6.46262563 -7.63660251 -3.92346138
v -6.30894353 -7.63660251 -4.04223052
v -6.14597837 -7.63660251 -4.14790267
v -5.97484347 -7.63660251 -4.23975659
v -5.79670791 -7.63660251 -4.31716458
v -5.61278856 -7.63660251 -4.37959784
v -5.42434159 -7.63660251 -4.42662982
v -5.23265435 -7.63660251 -4.45793939
v -5.03903629 -7.63660251 -4.47331274
v -4.84481005 -7.63660251 -4.47264460
v -4.65130236 -7.63660251 -4.45593966
v -4.45983520 -7.63660251 -4.42331208
v -4.27171628 -7.63660251 -4.37498463
v -4.08823064 -7.63660251 -4.31128757
v -3.91063181 -7.63660251 -4.23265600
v -3.74013291 -7.63660251 -4.13962694
v -3.57789866 -7.63660251 -4.03283590
v -3.42503724 -7.63660251 -3.91301231
v -3.28259284 -7.63660251 -3.78097517
v -3.15153862 -7.63660251 -3.63762563
v -3.03276948 -7.63660251 -3.48394353
v -2.92709733 -7.63660251 -3.32097837
v -2.83524341 -7.63660251 -3.14984347
v -2.75783542 -7.63660251 -2.97170791
v -2.69540216 -7.63660251 -2.78778856
v -2.64837018 -7.63660251 -2.59934159
v -2.61706061 -7.63660251 -2.40765435
v -2.60168726 -7.63660251 -2.21403629
v -2.60235540 -7.63660251 -2.01981005
v -2.61906034 -7.63660251 -1.82630236
v -2.65168792 -7.63660251 -1.63483520
v -2.70001537 -7.63660251 -1.44671628
v -2.76371243 -7.63660251 -1.26323064
v -2.84234400 -7.63660251 -1.08563181
v -2.93537306 -7.63660251 -0.91513291
v -3.04216410 -7.63660251 -0.75289866
v -3.16198769 -7.63660251 -0.60003724
v -3.29402483 -7.63660251 -0.45759284
v -3.43737437 -7.63660251 -0.32653862
v -3.59105647 -7.63660251 -0.20776948
v -3.75402163 -7.63660251 -0.10209733
v -3.92515653 -7.63660251 -0.01024341
v -4.10329209 -7.63660251 0.06716458
v -4.28721144 -7.63660251 0.12959784
v -4.47565841 -7.63660251 0.17662982
v -4.66734565 -7.63660251 0.20793939
v -4.86096371 -7.63660251 0.22331274
v -5.05518995 -7.63660251 0.22264460
v -5.24869764 -7.63660251 0.20593966
v -5.44016480 -7.63660251 0.17331208
v -5.62828372 -7.63660251 0.12498463
v -5.81176936 -7.63660251 0.06128757
v -5.98936819 -7.63660251 -0.01734400
v -6.15986709 -7.63660251 -0.11037306
v -6.32210134 -7.63660251 -0.21716410
v -6.47496276 -7.63660251 -0.33698769
v -6.61740716 -7.63660251 -0.46902483
v -6.74846138 -7.63660251 -0.61237437
v -6.86723052 -7.63660251 -0.76605647
v -6.97290267 -7.63660251 -0.92902163
v -7.06475659 -7.63660251 -1.10015653
v -7.14216458 -7.63660251 -1.27829209
v -7.20459784 -7.63660251 -1.46221144
v -7.25162982 -7.63660251 -1.65065841
v -7.28293939 -7.63660251 -1.84234565
v -7.29831274 -7.63660251 -2.03596371
v -7.29764460 -7.63660251 -2.23018995
v -7.28093966 -7.63660251 -2.42369764
v -7.24831208 -7.63660251 -2.61516480
v -7.19998463 -7.63660251 -2.80328372
v -7.13628757 -7.63660251 -2.98676936
v -7.05765600 -7.63660251 -3.16436819
v -6.96462694 -7.63660251 -3.33486709
v -6.85783590 -7.63660251 -3.49710134
v -6.73801231 -7.63660251 -3.64996276
v -6.63176778 -7.60000005 -3.81837802
v -6.48618576 -7.60000005 -3.95147351
v -6.33010979 -7.60000005 -4.07209226
v -6.16460650 -7.60000005 -4.17941061
v -5.99080606 -7.60000005 -4.27269524
v -5.80989591 -7.60000005 -4.35130873
v -5.62311181 -7.60000005 -4.41471448
v -5.43172963 -7.60000005 -4.46247903
v -5.23705681 -7.60000005 -4.49427625
v -5.04042313 -7.60000005 -4.50988894
v -4.84317175 -7.60000005 -4.50921038
v -4.64665003 -7.60000005 -4.49224541
v -4.45220054 -7.60000005 -4.45910951
v -4.26115154 -7.60000005 -4.41002955
v -4.07480805 -7.60000005 -4.34534026
v -3.89444309 -7.60000005 -4.26548382
v -3.72128853 -7.60000005 -4.17100599
v -3.55652741 -7.60000005 -4.06255142
v -3.40128506 -7.60000005 -3.94086184
v -3.25662198 -7.60000005 -3.80676778
v -3.12352649 -7.60000005 -3.66118576
v -3.00290774 -7.60000005 -3.50510979
v -2.89558939 -7.60000005 -3.33960650
v -2.80230476 -7.60000005 -3.16580606
v -2.72369127 -7.60000005 -2.98489591
v -2.66028552 -7.60000005 -2.79811181
v -2.61252097 -7.60000005 -2.60672963
v -2.58072375 -7.60000005 -2.41205681
v -2.56511106 -7.60000005 -2.21542313
v -2.56578962 -7.60000005 -2.01817175
v -2.58275459 -7.60000005 -1.82165003
v -2.61589049 -7.60000005 -1.62720054
v -2.66497045 -7.60000005 -1.43615154
v -2.72965974 -7.60000005 -1.24980805
v -2.80951618 -7.60000005 -1.06944309
v -2.90399401 -7.60000005 -0.89628853
v -3.01244858 -7.60000005 -0.73152741
v -3.13413816 -7.60000005 -0.57628506
v -3.26823222 -7.60000005 -0.43162198
v -3.41381424 -7.60000005 -0.29852649
v -3.56989021 -7.60000005 -0.17790774
v -3.73539350 -7.60000005 -0.07058939
v -3.90919394 -7.60000005 0.02269524
v -4.09010409 -7.60000005 0.10130873
v -4.27688819 -7.60000005 0.16471448
v -4.46827037 -7.60000005 0.21247903
v -4.66294319 -7.60000005 0.24427625
v -4.85957687 -7.60000005 0.25988894
v -5.05682825 -7.60000005 0.25921038
v -5.25334997 -7.60000005 0.24224541
v -5.44779946 -7.60000005 0.20910951
v -5.63884846 -7.60000005 0.16002955
v -5.82519195 -7.60000005 0.09534026
v -6.00555691 -7.60000005 0.01548382
v -6.17871147 -7.60000005 -0.07899401
v -6.34347259 -7.60000005 -0.18744858
v -6.49871494 -7.60000005 -0.30913816
v -6.64337802 -7.60000005 -0.44323222
v -6.77647351 -7.60000005 -0.58881424
v -6.89709226 -7.60000005 -0.74489021
v -7.00441061 -7.60000005 -0.91039350
v -7.09769524 -7.60000005 -1.08419394
v -7.17630873 -7.60000005 -1.26510409
v -7.23971448 -7.60000005 -1.45188819
v -7.28747903 -7.60000005 -1.64327037
v -7.31927625 -7.60000005 -1.83794319
v -7.33488894 -7.60000005 -2.03457687
v -7.33421038 -7.60000005 -2.23182825
v -7.31724541 -7.60000005 -2.42834997
v -7.28410951 -7.60000005 -2.62279946
v -7.23502955 -7.60000005 -2.81384846
v -7.17034026 -7.60000005 -3.00019195
v -7.09048382 -7.60000005 -3.18055691
v -6.99600599 -7.60000005 -3.35371147
v -6.88755142 -7.60000005 -3.51847259
v -6.76586184 -7.60000005 -3.67371494
v -5.36205687 -7.62734535 -4.23429047
v -5.35147342 -7.63677071 -4.25025167
v -5.21991137 -7.63660251 -3.63148225
v -5.31322442 -7.64999903 -4.30706570
v -5.33854075 -7.64438967 -4.26961144
v -5.25571008 -7.60000005 -3.62385351
v -5.38760836 -7.57621779 -4.19530121
v -5.38033883 -7.59918812 -4.20646069
v -5.36492279 -7.62415203 -4.22994976
v -6.29597765 -7.63660251 -2.81972790
v -6.19965385 -7.63660251 -2.77702778
v -6.27881058 -7.60000005 -2.85205499
v -6.18722805 -7.60000005 -2.81145664
v -6.09082685 -7.60000005 -2.78420940
v -5.99154246 -7.60000005 -2.77086042
v -5.89136791 -7.60000005 -2.77167761
v -5.79231449 -7.60000005 -2.78664453
v -5.69637067 -7.60000005 -2.81546081
v -5.60546259 -7.60000005 -2.85754788
v -5.52141539 -7.60000005 -2.91206080
v -5.44591628 -7.60000005 -2.97790512
v -5.38048109 -7.60000005 -3.05375920
v -5.32642338 -7.60000005 -3.13809987
v -5.28482846 -7.60000005 -3.22923416
v -5.25653130 -7.60000005 -3.32533240
v -5.24210008 -7.60000005 -3.42446526
v -5.24182450 -7.60000005 -3.52464269
v -6.09826197 -7.63660251 -2.74836996
v -5.99383761 -7.63660251 -2.73432990
v -5.88847709 -7.63660251 -2.73518942
v -5.78429571 -7.63660251 -2.75093124
v -5.68338491 -7.63660251 -2.78123932
v -5.58777049 -7.63660251 -2.82550517
v -5.49937219 -7.63660251 -2.88284018
v -5.41996456 -7.63660251 -2.95209333
v -5.35114173 -7.63660251 -3.03187424
v -5.29428544 -7.63660251 -3.12058122
v -5.25053714 -7.63660251 -3.21643350
v -5.22077510 -7.63660251 -3.31750678
v -5.20559680 -7.63660251 -3.42177169
v -5.20530690 -7.63660251 -3.52713538
v -6.86858243 -7.63677350 -3.12346786
v -6.89063224 -7.64430418 -3.11656816
v -6.93434014 -7.64999903 -3.10262560
v -6.81786707 -7.59895231 -3.13899114
v -6.84478360 -7.62391715 -3.13081283
v -6.84421456 -7.63660251 -3.16834233
v -6.84993959 -7.62722149 -3.12923060
v -5.39309343 -7.60000005 -4.20425700
v -5.40072217 -7.63660251 -4.24005573
v -5.56951773 -7.60000005 -4.15867639
v -5.74139071 -7.60000005 -4.09815551
v -5.90744990 -7.60000005 -4.02313897
v -6.06647528 -7.60000005 -3.93417792
v -6.21729859 -7.60000005 -3.83192597
v -6.35881166 -7.60000005 -3.71713413
v -6.48997513 -7.60000005 -3.59064599
v -6.60982544 -7.60000005 -3.45339056
v -6.71748186 -7.60000005 -3.30637626
v -6.81215360 -7.60000005 -3.15068297
v -6.80514931 -7.57609840 -3.14280752
v -6.74791264 -7.63660251 -3.32671607
v -6.63840270 -7.63660251 -3.47626151
v -6.51648904 -7.63660251 -3.61588018
v -6.38306730 -7.63660251 -3.74454612
v -6.23911780 -7.63660251 -3.86131422
v -6.08569759 -7.63660251 -3.96532656
v -5.92393440 -7.63660251 -4.05581927
v -5.75501614 -7.63660251 -4.13212737
v -5.58018408 -7.63660251 -4.19369040
v -7.08338714 -7.62734535 -2.38491718
v -7.09527752 -7.63675804 -2.39989078
v -6.46615702 -7.63660251 -2.33382764
v -7.10971228 -7.64438967 -2.41819706
v -7.13751021 -7.64999903 -2.45384842
v -7.08014428 -7.62415203 -2.38085019
v -6.46996398 -7.60000005 -2.29742357
v -7.06256873 -7.59918812 -2.35893019
v -7.05420191 -7.57621779 -2.34856797
v -6.02665546 -7.63660251 -1.05958197
v -5.95627951 -7.63660251 -1.13799626
v -6.05209538 -7.60000005 -1.08589835
v -5.98518348 -7.60000005 -1.16045305
v -5.92948024 -7.60000005 -1.24371608
v -5.88610408 -7.60000005 -1.33401619
v -5.85592559 -7.60000005 -1.42954027
v -5.83955089 -7.60000005 -1.52837068
v -5.83730846 -7.60000005 -1.62852344
v -5.84924354 -7.60000005 -1.72798771
v -5.87511643 -7.60000005 -1.82476684
v -5.91440762 -7.60000005 -1.91691779
v -5.96632839 -7.60000005 -2.00259051
v -6.02983649 -7.60000005 -2.08006520
v -6.10365684 -7.60000005 -2.14778638
v -6.18630725 -7.60000005 -2.20439450
v -6.27612884 -7.60000005 -2.24875313
v -6.37131802 -7.60000005 -2.27997180
v -5.89769252 -7.63660251 -1.22556992
v -5.85207076 -7.63660251 -1.32054470
v -5.82032998 -7.63660251 -1.42101410
v -5.80310750 -7.63660251 -1.52496102
v -5.80074902 -7.63660251 -1.63029863
v -5.81330194 -7.63660251 -1.73491221
v -5.84051425 -7.63660251 -1.83670148
v -5.88183955 -7.63660251 -1.93362308
v -5.93644830 -7.63660251 -2.02373109
v -6.00324415 -7.63660251 -2.10521664
v -6.08088610 -7.63660251 -2.17644370
v -6.16781547 -7.63660251 -2.23598246
v -6.26228706 -7.63660251 -2.28263753
v -6.36240414 -7.63660251 -2.31547230
v -6.49247396 -7.63677350 -0.60886319
v -6.49272579 -7.64430418 -0.58576034
v -6.49297203 -7.64999903 -0.53988339
v -6.49156564 -7.59895231 -0.66189335
v -6.49210515 -7.62391715 -0.63376695
v -6.52762207 -7.63660251 -0.64590543
v -6.49219372 -7.62722149 -0.62837431
v -7.06441442 -7.60000005 -2.34611889
v -7.10081852 -7.63660251 -2.34992588
v -7.07558266 -7.60000005 -2.16424426
v -7.07113559 -7.60000005 -1.98208129
v -7.05110564 -7.60000005 -1.80096822
v -7.01564032 -7.60000005 -1.62223561
v -6.96499984 -7.60000005 -1.44719661
v -6.89955636 -7.60000005 -1.27713697
v -6.81979063 -7.60000005 -1.11330615
v -6.72628882 -7.60000005 -0.95690747
v -6.61973751 -7.60000005 -0.80909028
v -6.50091956 -7.60000005 -0.67094022
v -6.49126519 -7.57609840 -0.67516796
v -6.64848539 -7.63660251 -0.78643409
v -6.75687122 -7.63660251 -0.93679640
v -6.85198310 -7.63660251 -1.09588772
v -6.93312197 -7.63660251 -1.26253923
v -6.99969216 -7.63660251 -1.43552686
v -7.05120454 -7.63660251 -1.61357948
v -7.08728063 -7.63660251 -1.79538932
v -7.10765536 -7.63660251 -1.97962066
v -7.11217898 -7.63660251 -2.16491992
v -5.85644881 -7.62734535 -0.17634721
v -5.87436392 -7.63675804 -0.16966572
v -5.61712517 -7.63660251 -0.74758025
v -5.89623473 -7.64438967 -0.16159450
v -5.93873125 -7.64999903 -0.14617385
v -5.85157883 -7.62415203 -0.17817428
v -5.58367933 -7.60000005 -0.73271010
v -5.82530045 -7.59918812 -0.18811596
v -5.81285993 -7.57621779 -0.19287129
v -4.26943202 -7.63660251 -0.77180748
v -4.32226111 -7.63660251 -0.86297037
v -4.30232187 -7.60000005 -0.75574487
v -4.35255051 -7.60000005 -0.84242055
v -4.41452524 -7.60000005 -0.92112718
v -4.48700169 -7.60000005 -0.99028468
v -4.56852487 -7.60000005 -1.04850463
v -4.65745817 -7.60000005 -1.09461823
v -4.75201614 -7.60000005 -1.12769974
v -4.85030046 -7.60000005 -1.14708503
v -4.95033797 -7.60000005 -1.15238491
v -5.05012037 -7.60000005 -1.14349292
v -5.14764439 -7.60000005 -1.12058760
v -5.24095230 -7.60000005 -1.08412884
v -5.32817068 -7.60000005 -1.03484856
v -5.40754863 -7.60000005 -0.97373619
v -5.47749258 -7.60000005 -0.90201839
v -5.53659837 -7.60000005 -0.82113508
v -4.38744424 -7.63660251 -0.94575163
v -4.46367276 -7.63660251 -1.01848941
v -4.54941641 -7.63660251 -1.07972340
v -4.64295375 -7.63660251 -1.12822435
v -4.74240692 -7.63660251 -1.16301847
v -4.84577943 -7.63660251 -1.18340727
v -4.95099585 -7.63660251 -1.18898151
v -5.05594396 -7.63660251 -1.17962926
v -5.15851686 -7.63660251 -1.15553809
v -5.25665523 -7.63660251 -1.11719191
v -5.34838888 -7.63660251 -1.06536045
v -5.43187622 -7.63660251 -1.00108411
v -5.50544120 -7.63660251 -0.92565359
v -5.56760684 -7.63660251 -0.84058296
v -3.98471889 -7.63677350 -0.18950810
v -3.96282461 -7.64430418 -0.18212942
v -3.91926908 -7.64999903 -0.16771851
v -4.03487285 -7.59895231 -0.20675918
v -4.00828973 -7.62391715 -0.19755436
v -4.03080958 -7.63660251 -0.16752703
v -4.00318851 -7.62722149 -0.19580384
v -5.81368658 -7.60000005 -0.18240193
v -5.82855663 -7.63660251 -0.14895608
v -5.64416459 -7.60000005 -0.11557785
v -5.46954309 -7.60000005 -0.06351599
v -5.29110479 -7.60000005 -0.02659855
v -5.11016065 -7.60000005 -0.00509673
v -4.92803981 -7.60000005 0.00083151
v -4.74608038 -7.60000005 -0.00885760
v -4.56561903 -7.60000005 -0.03409290
v -4.38798142 -7.60000005 -0.07468851
v -4.21447277 -7.60000005 -0.13034677
v -4.04636742 -7.60000005 -0.20065864
v -4.04740491 -7.57609840 -0.21114701
v -4.20180911 -7.63660251 -0.09600481
v -4.37830522 -7.63660251 -0.03938822
v -4.55900107 -7.63660251 0.00190644
v -4.74256953 -7.63660251 0.02757611
v -4.92766177 -7.63660251 0.03743211
v -5.11291813 -7.63660251 0.03140198
v -5.29697761 -7.63660251 0.00952987
v -5.47848817 -7.63660251 -0.02802310
v -5.65611611 -7.63660251 -0.08098164
v -3.37682909 -7.62734535 -0.66074913
v -3.37600953 -7.63677071 -0.64161548
v -3.84614908 -7.63660251 -1.06488017
v -3.37355940 -7.64999903 -0.57316979
v -3.37509311 -7.64438967 -0.61835160
v -3.82167132 -7.60000005 -1.09209388
v -3.37907488 -7.57621779 -0.70731079
v -3.37839651 -7.59918812 -0.69400973
v -3.37706192 -7.62415203 -0.66594535
v -3.45273049 -7.63660251 -2.35409911
v -3.55575646 -7.63660251 -2.33202656
v -3.44761743 -7.60000005 -2.31785545
v -3.54557245 -7.60000005 -2.29686933
v -3.63957810 -7.60000005 -2.26224957
v -3.72774725 -7.60000005 -2.21469122
v -3.80830982 -7.60000005 -2.15514902
v -3.87964838 -7.60000005 -2.08481836
v -3.94033075 -7.60000005 -2.00511115
v -3.98913876 -7.60000005 -1.91762755
v -4.02509256 -7.60000005 -1.82412400
v -4.04747019 -7.60000005 -1.72647752
v -4.05582257 -7.60000005 -1.62664850
v -4.04998197 -7.60000005 -1.52664108
v -4.03006554 -7.60000005 -1.42846301
v -3.99647330 -7.60000005 -1.33408529
v -3.94987951 -7.60000005 -1.24540262
v -3.89121969 -7.60000005 -1.16419538
v -3.65462883 -7.63660251 -2.29561452
v -3.74736248 -7.63660251 -2.24559412
v -3.83209580 -7.63660251 -2.18296942
v -3.90712752 -7.63660251 -2.10899775
v -3.97095143 -7.63660251 -2.02516411
v -4.02228621 -7.63660251 -1.93315154
v -4.06010126 -7.63660251 -1.83480729
v -4.08363736 -7.63660251 -1.73210565
v -4.09242215 -7.63660251 -1.62710848
v -4.08627915 -7.63660251 -1.52192374
v -4.06533184 -7.63660251 -1.41866303
v -4.03000045 -7.63660251 -1.31939936
v -3.98099453 -7.63660251 -1.22612564
v -3.91929786 -7.63660251 -1.14071432
v -2.77000128 -7.64999903 -2.50045012
v -2.79716628 -7.64430418 -2.46347962
v -2.82588585 -7.62391715 -2.42500620
v -2.82264466 -7.62722149 -2.42931682
v -2.77918543 -7.64238808 -2.24769256
v -2.81094949 -7.63677350 -2.44493701
v -2.85090024 -7.57609840 -2.39200592
v -2.83321871 -7.58826836 -2.24463868
v -2.84285474 -7.59895231 -2.40256854
v -3.26248913 -7.62071080 -0.80599596
v -3.23692842 -7.64238808 -0.78601705
v -3.13529710 -7.58826836 -1.02867454
v -3.27956810 -7.58826836 -0.81934545
v -3.01711879 -7.58826836 -1.25376720
v -2.92673263 -7.58826836 -1.49138698
v -2.86543819 -7.58826836 -1.73811722
v -2.83411669 -7.58826836 -1.99041035
v -2.81157608 -7.62071080 -2.24586191
v -2.81248319 -7.62071080 -1.98903431
v -2.84412487 -7.62071080 -1.73416168
v -2.90604609 -7.62071080 -1.48490879
v -2.99735631 -7.62071080 -1.24485938
v -3.11674292 -7.62071080 -1.01746523
v -2.78010632 -7.64238808 -1.98697477
v -2.81222726 -7.64238808 -1.72824164
v -2.87508613 -7.64238808 -1.47521331
v -2.96777955 -7.64238808 -1.23152796
v -3.08897461 -7.64238808 -1.00068951
v -4.84090335 -7.57588196 -4.15407436
v -4.96147632 -7.57588196 -4.16353734
v -4.83016223 -7.60000005 -4.16325198
v -4.97065406 -7.60000005 -4.17427828
v -5.00428053 -7.63660251 -4.21363262
v -4.79080805 -7.63660251 -4.19687831
v -4.89418016 -7.63670813 -2.87743027
v -4.84121641 -7.64999903 -2.92145962
v -4.84588578 -7.64988373 -2.91768636
v -4.88420499 -7.64141503 -2.88593771
v -4.88825421 -7.63964961 -2.88249694
v -5.11054041 -7.63671520 -2.86223299
v -5.09486512 -7.62467488 -2.84844234
v -5.15686665 -7.64999866 -2.90170673
v -5.12306491 -7.64311302 -2.87308788
v -4.27523333 -7.64999866 -2.56175746
v -4.29200612 -7.64311302 -2.52076637
v -4.35137882 -7.64189671 -2.60112581
v -4.29848524 -7.63668503 -2.50544015
v -4.29546221 -7.63997334 -2.51255655
v -4.79112987 -7.64189671 -2.87320006
v -4.66512347 -7.64189671 -2.83485099
v -4.54756448 -7.64189671 -2.77545268
v -4.44193886 -7.64189671 -2.69676654
v -5.21783843 -7.64189671 -2.84145351
v -5.67386209 -7.64999903 -2.47457887
v -5.61248695 -7.64189671 -2.50730098
v -5.65553953 -7.64312252 -2.42804850
v -5.65336298 -7.64141503 -2.42271747
v -5.63749827 -7.62211300 -2.38504249
v -5.64838618 -7.63674165 -2.41067770
v -5.33678276 -7.64189671 -2.78488041
v -5.44425787 -7.64189671 -2.70873986
v -5.53707669 -7.64189671 -2.61528969
v -3.01478228 -7.57588196 -2.76585731
v -3.00740286 -7.60000005 -2.77790499
v -2.98036600 -7.63660251 -2.82204675
v -6.87128047 -7.63660251 -2.91664617
v -6.85146100 -7.60000005 -2.86882690
v -6.84605150 -7.57588196 -2.85577544
v -2.98652298 -7.57588196 -2.64826131
v -2.97447539 -7.60000005 -2.64088211
v -2.93033349 -7.63660251 -2.61384512
v -6.95318135 -7.63660251 -2.71879921
v -6.89231067 -7.57588196 -2.74402800
v -6.90536204 -7.60000005 -2.73861864
v -4.21714702 -7.63670813 -2.30442594
v -4.15890592 -7.64999903 -2.26766020
v -4.16393739 -7.64988373 -2.27093506
v -4.20597347 -7.64141503 -2.29756788
v -4.21049709 -7.63964961 -2.30035565
v -5.75261724 -7.64999866 -2.16827369
v -5.68280036 -7.62467488 -2.21078105
v -5.70075994 -7.63671520 -2.20013450
v -5.71495386 -7.64311302 -2.19157738
v -4.38685080 -7.63668503 -1.62293513
v -4.37914853 -7.63997334 -1.62225913
v -4.37027251 -7.64311302 -1.62150918
v -4.31219333 -7.64189671 -1.70280838
v -4.32610459 -7.64999866 -1.61822422
v -4.18932590 -7.64189671 -2.20511209
v -4.24921823 -7.64189671 -1.81849075
v -4.20702331 -7.64189671 -1.94326199
v -4.18685994 -7.64189671 -2.07342233
v -5.71415441 -7.64189671 -2.09166683
v -5.50615497 -7.64999903 -1.54459204
v -5.43750886 -7.63674165 -1.54907454
v -5.45049722 -7.64141503 -1.54806182
v -5.51830957 -7.64189671 -1.61307494
v -5.45623994 -7.64312252 -1.54763914
v -5.40976373 -7.62211300 -1.55150786
v -5.69710604 -7.64189671 -1.96106201
v -5.65790369 -7.64189671 -1.83531838
v -5.59770989 -7.64189671 -1.71816473
v -3.67841872 -7.63660251 -0.46716610
v -3.72875494 -7.60000005 -0.47923920
v -3.74249334 -7.57588196 -0.48253441
v -6.29660853 -7.63660251 -0.54238585
v -6.24500525 -7.60000005 -0.54645834
v -6.23092095 -7.57588196 -0.54756978
v -3.84560109 -7.57588196 -0.41931903
v -3.84889639 -7.60000005 -0.40558071
v -3.86096950 -7.63660251 -0.35524459
v -6.13893767 -7.57588196 -0.46904308
v -6.13782613 -7.60000005 -0.45495888
v -6.13375355 -7.63660251 -0.40335541
v -4.54976417 -7.63660214 -1.47871191
v -4.56986057 -7.64999903 -1.41670925
v -4.55476519 -7.63973474 -1.47564153
v -4.55596133 -7.64141503 -1.47071516
v -4.56830084 -7.64988373 -1.42250646
v -4.51090585 -7.57590953 -1.50445725
v -4.51910689 -7.60000005 -1.49873484
v -4.53229284 -7.62069683 -1.48986403
v -5.30090842 -7.57593728 -1.45065568
v -5.29178088 -7.60000005 -1.44598393
v -5.27694039 -7.62082516 -1.43871515
v -5.25748651 -7.63660251 -1.42978134
v -5.25186942 -7.63973474 -1.42732395
v -5.23917810 -7.64999866 -1.37503788
v -5.24970258 -7.64311302 -1.41805916
v -5.18274370 -7.63973474 -1.40132376
v -4.62050625 -7.63973474 -1.43993732
v -4.69353521 -7.63973474 -1.40938645
v -4.79448345 -7.63973474 -1.38089543
v -4.89839262 -7.63973474 -1.36657159
v -5.00328436 -7.63973474 -1.36668754
v -5.10716160 -7.63973474 -1.38124118
v -4.85266195 -5.49999998 -2.23912846
v -4.79941318 -5.49999998 -2.41300799
v -4.92276701 -5.49999998 -2.27250717
v -4.93928795 -5.49999998 -2.44982340
v -5.00016911 -5.49999998 -2.26636145
v -5.08128436 -5.49999998 -2.42230357
v -5.06412846 -5.49999998 -2.22233805
v -5.19727832 -5.49999998 -2.33589911
v -5.09750717 -5.49999998 -2.15223299
v -5.26429576 -5.49999998 -2.20772348
v -5.09136145 -5.49999998 -2.07483089
v -5.26906306 -5.49999998 -2.06316347
v -5.04733805 -5.49999998 -2.01087154
v -5.21063602 -5.49999998 -1.93085094
v -5.10058682 -5.49999998 -1.83699201
v -4.97723299 -5.49999998 -1.97749283
v -4.96071205 -5.49999998 -1.80017660
v -4.89983089 -5.49999998 -1.98363855
v -4.81871564 -5.49999998 -1.82769643
v -4.83587154 -5.49999998 -2.02766195
v -4.70272168 -5.49999998 -1.91410089
v -4.80249283 -5.49999998 -2.09776701
v -4.63570424 -5.49999998 -2.04227652
v -4.80863855 -5.49999998 -2.17516911
v -4.63093694 -5.49999998 -2.18683653
v -4.68936398 -5.49999998 -2.31914906
v -5.23800799 -6.74999996 -2.27558682
v -5.26429576 -6.74999996 -2.20772348
v -5.27482340 -6.74999996 -2.13571205
v -5.26906306 -6.74999996 -2.06316347
v -5.24730357 -6.74999996 -1.99371564
v -5.21063602 -6.74999996 -1.93085094
v -5.16089911 -6.74999996 -1.87772168
v -5.10058682 -6.74999996 -1.83699201
v -5.03272348 -6.74999996 -1.81070424
v -4.96071205 -6.74999996 -1.80017660
v -4.88816347 -6.74999996 -1.80593694
v -4.81871564 -6.74999996 -1.82769643
v -4.75585094 -6.74999996 -1.86436398
v -4.70272168 -6.74999996 -1.91410089
v -4.66199201 -6.74999996 -1.97441318
v -4.63570424 -6.74999996 -2.04227652
v -4.62517660 -6.74999996 -2.11428795
v -4.63093694 -6.74999996 -2.18683653
v -4.65269643 -6.74999996 -2.25628436
v -4.68936398 -6.74999996 -2.31914906
v -4.73910089 -6.74999996 -2.37227832
v -4.79941318 -6.74999996 -2.41300799
v -4.86727652 -6.74999996 -2.43929576
v -4.93928795 -6.74999996 -2.44982340
v -5.01183653 -6.74999996 -2.44406306
v -5.08128436 -6.74999996 -2.42230357
v -5.14414906 -6.74999996 -2.38563602
v -5.19727832 -6.74999996 -2.33589911
v -5.06412846 -6.84999998 -2.22233805
v -5.00016911 -6.84999998 -2.26636145
v -4.92276701 -6.84999998 -2.27250717
v -4.85266195 -6.84999998 -2.23912846
v -4.80863855 -6.84999998 -2.17516911
v -4.80249283 -6.84999998 -2.09776701
v -4.83587154 -6.84999998 -2.02766195
v -4.89983089 -6.84999998 -1.98363855
v -4.97723299 -6.84999998 -1.97749283
v -5.04733805 -6.84999998 -2.01087154
v -5.09136145 -6.84999998 -2.07483089
v -5.09750717 -6.84999998 -2.15223299
v -4.95000000 -6.84999998 -2.12500000
v -4.61768308 -6.83660253 -1.95124598
v -4.58735105 -6.83660253 -2.02954983
v -4.57520376 -6.83660253 -2.11263995
v -4.58185031 -6.83660253 -2.19634984
v -4.60695741 -6.83660253 -2.27648196
v -4.64926612 -6.83660253 -2.34901814
v -4.70665489 -6.83660253 -2.41032112
v -4.77624598 -6.83660253 -2.45731692
v -4.85454983 -6.83660253 -2.48764895
v -4.93763995 -6.83660253 -2.49979624
v -5.02134984 -6.83660253 -2.49314969
v -5.10148196 -6.83660253 -2.46804259
v -5.17401814 -6.83660253 -2.42573388
v -5.23532112 -6.83660253 -2.36834511
v -5.28231692 -6.83660253 -2.29875402
v -5.31264895 -6.83660253 -2.22045017
v -5.32479624 -6.83660253 -2.13736005
v -5.31814969 -6.83660253 -2.05365016
v -5.29304259 -6.83660253 -1.97351804
v -5.25073388 -6.83660253 -1.90098186
v -5.19334511 -6.83660253 -1.83967888
v -5.12375402 -6.83660253 -1.79268308
v -5.04545017 -6.83660253 -1.76235105
v -4.96236005 -6.83660253 -1.75020376
v -4.87865016 -6.83660253 -1.75685031
v -4.79851804 -6.83660253 -1.78195741
v -4.72598186 -6.83660253 -1.82426612
v -4.66467888 -6.83660253 -1.88165489
v -4.69252814 -6.79999997 -1.90540701
v -4.65011946 -6.79999997 -1.96820555
v -4.62274803 -6.79999997 -2.03886640
v -4.61178641 -6.79999997 -2.11384636
v -4.61778420 -6.79999997 -2.18938562
v -4.64044069 -6.79999997 -2.26169630
v -4.67861977 -6.79999997 -2.32715246
v -4.73040701 -6.79999997 -2.38247186
v -4.79320555 -6.79999997 -2.42488054
v -4.86386640 -6.79999997 -2.45225197
v -4.93884636 -6.79999997 -2.46321359
v -5.01438562 -6.79999997 -2.45721580
v -5.08669630 -6.79999997 -2.43455931
v -5.15215246 -6.79999997 -2.39638023
v -5.20747186 -6.79999997 -2.34459299
v -5.24988054 -6.79999997 -2.28179445
v -5.27725197 -6.79999997 -2.21113360
v -5.28821359 -6.79999997 -2.13615364
v -5.28221580 -6.79999997 -2.06061438
v -5.25955931 -6.79999997 -1.98830370
v -5.22138023 -6.79999997 -1.92284754
v -5.16959299 -6.79999997 -1.86752814
v -5.10679445 -6.79999997 -1.82511946
v -5.03613360 -6.79999997 -1.79774803
v -4.96115364 -6.79999997 -1.78678641
v -4.88561438 -6.79999997 -1.79278420
v -4.81330370 -6.79999997 -1.81544069
v -4.74784754 -6.79999997 -1.85361977
v -6.89395483 -6.05000002 -2.93522549
v -5.33736255 -6.05000002 -2.34373184
v -6.96778375 -6.05000002 -2.74093549
v -5.41119136 -6.05000002 -2.14944181
v -4.78014480 -6.05000002 -4.22418451
v -4.86167526 -6.05000002 -2.56099554
v -4.98774002 -6.05000002 -4.23436088
v -5.06927043 -6.05000002 -2.57117197
v -2.90106873 -6.05000002 -2.61214187
v -4.50804977 -6.05000002 -2.17572823
v -2.95554086 -6.05000002 -2.81272119
v -4.56252182 -6.05000002 -2.37630764
v -3.85354602 -6.05000002 -0.32688563
v -4.76518444 -6.05000002 -1.72035622
v -3.67961659 -6.05000002 -0.44067425
v -4.59125487 -6.05000002 -1.83414468
v -6.32128541 -6.05000002 -0.52656231
v -5.27772797 -6.05000002 -1.82418816
v -6.15931892 -6.05000002 -0.39630828
v -5.11576150 -6.05000002 -1.69393390
v -4.30860913 -7.55000013 -1.94237601
v -4.31505854 -7.55000013 -1.92108066
v -5.57623979 -7.55000013 -1.89574582
v -5.58353921 -7.55000013 -1.91676500
v -5.36155242 -7.55000013 -2.64974597
v -5.34381767 -7.55000013 -2.66318342
v -4.57811361 -7.55000013 -2.67856505
v -4.55985349 -7.55000013 -2.66585064
v -4.80699472 -7.53999996 -2.09859815
v -4.81295287 -7.53999996 -2.17363797
v -4.85563268 -7.53999996 -2.23564528
v -4.92359815 -7.53999996 -2.26800528
v -4.99863797 -7.53999996 -2.26204713
v -5.06064528 -7.53999996 -2.21936732
v -5.09300528 -7.53999996 -2.15140185
v -5.08704713 -7.53999996 -2.07636203
v -5.04436732 -7.53999996 -2.01435472
v -4.97640185 -7.53999996 -1.98199472
v -4.90136203 -7.53999996 -1.98795287
v -4.83935472 -7.53999996 -2.03063268
v -4.95000000 -7.53999996 -2.12500000
v -4.50811631 -7.64999996 -1.50644060
v -4.82338724 -7.54554189 -1.65671834
v -4.77943389 -7.55606118 -1.63576740
v -4.64964391 -7.59646456 -1.57390146
v -4.52282124 -7.64999996 -1.51344987
v -5.00565149 -7.54299919 -1.65151896
v -5.02087622 -7.54641063 -1.64225975
v -4.93429744 -7.53536589 -1.67462893
v -4.94746248 -7.53588612 -1.67253239
v -4.99546406 -7.54112146 -1.65673520
v -4.87127395 -7.53784451 -1.67250324
v -4.88381574 -7.53669507 -1.67453054
v -4.92403554 -7.53521241 -1.67564626
v -5.30401864 -7.64999996 -1.45228331
v -5.14189862 -7.58379466 -1.56105890
v -5.26042460 -7.63469964 -1.48153303
v -5.29056911 -7.64999996 -1.46130736
v -5.10716160 -7.64999996 -1.38124118
v -4.89839262 -7.64999996 -1.36657159
v -4.69353521 -7.64999996 -1.40938645
v -5.16888327 -7.64999996 -1.41186232
v -5.03559428 -7.64999996 -1.38395417
v -4.63670423 -7.64999996 -1.44800588
v -4.76499586 -7.64999996 -1.40233224
v -4.89945282 -7.64999996 -1.38074185
v -4.88030386 -7.59504113 -1.50476734
v -4.88006039 -7.58688479 -1.52540456
v -4.80170615 -7.58466414 -1.54573082
v -4.69887134 -7.58466414 -1.58234148
v -4.88261828 -7.58296485 -1.53529898
v -4.88651114 -7.57952138 -1.54397411
v -4.89806746 -7.57363598 -1.55873878
v -4.89978319 -7.57302541 -1.56026234
v -4.91319752 -7.56955548 -1.56885909
v -4.92712144 -7.56771445 -1.57329037
v -4.93071202 -7.56747174 -1.57383981
v -4.94952968 -7.56762467 -1.57307026
v -4.96770590 -7.57023703 -1.56602145
v -4.95736417 -7.56841722 -1.57088412
v -4.98227230 -7.57493704 -1.55372766
v -4.99054640 -7.57987435 -1.54098647
v -5.01860985 -7.58466414 -1.53099957
v -4.99529502 -7.58559509 -1.52636001
v -5.12545042 -7.58466414 -1.55336985
v -4.99606798 -7.58788857 -1.52053058
v -4.99415592 -7.59594116 -1.50020828
v -4.99290181 -7.59753111 -1.49622306
v -4.98597357 -7.60298419 -1.48263003
v -4.97574840 -7.60758585 -1.47127544
v -4.97320261 -7.60842460 -1.46922201
v -4.95729451 -7.61198337 -1.46062176
v -4.94840480 -7.61300578 -1.45824079
v -4.93932139 -7.61346045 -1.45728530
v -4.92036758 -7.61256377 -1.45991019
v -4.91817420 -7.61228959 -1.46064109
v -4.90230304 -7.60898712 -1.46923533
v -4.89320723 -7.60562598 -1.47785416
v -4.88804389 -7.60284989 -1.48493515
v -4.99289330 -7.55000013 -1.49619908
v -4.99529016 -7.55000013 -1.52638636
v -4.93776160 -7.55000013 -1.51576533
v -4.98227230 -7.55000013 -1.55372766
v -4.95732781 -7.55000013 -1.57089706
v -4.91819534 -7.55000013 -1.46063359
v -4.94838258 -7.55000013 -1.45823674
v -4.97572395 -7.55000013 -1.47125458
v -4.88262985 -7.55000013 -1.53533153
v -4.88023298 -7.55000013 -1.50514429
v -4.89325086 -7.55000013 -1.47780294
v -4.92714057 -7.55000013 -1.57329391
v -4.89979921 -7.55000013 -1.56027603
v -3.32318175 -7.37000002 -1.10201526
v -3.32318175 -7.34999996 -1.10201526
v -3.17270442 -7.37000002 -1.39407178
v -3.17270442 -7.34999996 -1.39407178
v -3.07417421 -7.37000002 -1.70749200
v -3.07417421 -7.34999996 -1.70749200
v -3.03047079 -7.37000002 -2.03311516
v -3.03047079 -7.34999996 -2.03311516
v -3.47436921 -7.37000002 -3.35607648
v -3.70563150 -7.37000002 -3.58943928
v -3.97326427 -7.37000002 -3.77999914
v -4.26944520 -7.37000002 -3.92218677
v -4.26944520 -7.34999996 -3.92218677
v -3.47436921 -7.34999996 -3.35607648
v -3.70563150 -7.34999996 -3.58943928
v -3.97326427 -7.34999996 -3.77999914
v -5.66482821 -7.37000002 -3.90883160
v -5.66482821 -7.34999996 -3.90883160
v -5.95823352 -7.37000002 -3.76100147
v -5.95823352 -7.34999996 -3.76100147
v -6.22216987 -7.37000002 -3.56535378
v -6.22216987 -7.34999996 -3.56535378
v -6.44892317 -7.37000002 -3.32760734
v -6.44892317 -7.34999996 -3.32760734
v -6.86741884 -7.37000002 -1.99639228
v -6.86741884 -7.34999996 -1.99639228
v -6.81749101 -7.37000002 -1.67166528
v -6.81749101 -7.34999996 -1.67166528
v -6.71298004 -7.37000002 -1.36018826
v -6.71298004 -7.34999996 -1.36018826
v -6.55694029 -7.37000002 -1.07106536
v -6.55694029 -7.34999996 -1.07106536
v -5.42020176 -7.37000002 -0.26168430
v -5.42020176 -7.34999996 -0.26168430
v -5.09593945 -7.37000002 -0.20882224
v -5.09593945 -7.34999996 -0.20882224
v -4.76741161 -7.37000002 -0.21196657
v -4.76741161 -7.34999996 -0.21196657
v -4.44422055 -7.37000002 -0.27102528
v -4.44422055 -7.34999996 -0.27102528
v -3.73564999 -6.87000004 -3.05117739
v -4.18916357 -6.87000004 -3.44922755
v -4.46576409 -6.87000004 -3.57343571
v -3.94255205 -6.87000004 -3.27282369
v -3.42477330 -6.87000004 -2.04667922
v -3.65783864 -6.87000004 -1.31089322
v -3.46011168 -6.87000004 -1.78931656
v -3.53855670 -6.87000004 -1.54166615
v -5.32496174 -6.87000004 -0.64450873
v -5.06862350 -6.87000004 -0.60237756
v -4.80885313 -6.87000004 -0.60430009
v -4.55316652 -6.87000004 -0.65022071
v -6.22997017 -6.87000004 -1.29185708
v -6.47390031 -6.87000004 -2.02411281
v -6.35265478 -6.87000004 -1.52083922
v -6.43475664 -6.87000004 -1.76730142
v -6.13789850 -6.87000004 -3.08486864
v -5.95803524 -6.87000004 -3.27230801
v -5.74900660 -6.87000004 -3.42655254
v -5.51686052 -6.87000004 -3.54313951
f 1 2 3
f 1 3 4
f 4 3 5
f 4 5 6
f 7 8 5
f 5 8 9
f 9 10 5
f 5 10 11
f 5 11 6
f 12 13 14
f 15 16 17
f 14 13 17
f 17 13 18
f 17 18 15
f 19 20 14
f 14 20 21
f 14 21 12
f 22 23 24
f 24 23 25
f 24 25 26
f 26 25 27
f 26 27 19
f 19 27 28
f 19 28 20
f 22 24 29
f 29 24 3
f 29 3 2
f 17 16 30
f 30 16 31
f 30 31 32
f 33 34 35
f 35 34 30
f 35 30 36
f 32 37 30
f 30 37 38
f 30 38 36
f 30 34 39
f 30 39 40
f 40 39 41
f 40 41 42
f 42 41 43
f 42 43 44
f 44 43 45
f 44 45 46
f 46 45 47
f 46 47 48
f 48 47 49
f 48 49 50
f 50 49 51
f 50 51 52
f 52 51 53
f 52 53 54
f 54 53 55
f 54 55 56
f 56 55 7
f 56 7 5
f 5 3 56
f 56 3 54
f 3 46 48
f 30 40 17
f 17 40 42
f 48 50 3
f 3 50 52
f 3 52 54
f 3 24 46
f 46 24 26
f 46 26 19
f 19 14 46
f 46 14 17
f 46 17 44
f 44 17 42
f 39 34 33
f 33 57 39
f 39 57 58
f 39 58 41
f 41 58 59
f 41 59 43
f 43 59 60
f 43 60 45
f 8 7 61
f 61 7 55
f 61 55 62
f 62 55 53
f 60 63 45
f 45 63 64
f 45 64 47
f 47 64 65
f 47 65 49
f 65 66 49
f 49 66 67
f 49 67 51
f 51 67 68
f 51 68 53
f 53 68 69
f 53 69 62
f 70 71 72
f 73 74 65
f 75 76 73
f 32 31 77
f 1 78 2
f 6 11 79
f 79 11 10
f 78 1 80
f 22 29 81
f 81 29 2
f 25 23 82
f 82 23 22
f 25 82 27
f 27 82 83
f 27 83 28
f 28 83 20
f 20 83 84
f 20 84 21
f 16 15 85
f 15 18 85
f 85 18 13
f 85 13 84
f 84 13 12
f 84 12 21
f 32 77 37
f 37 77 86
f 37 86 38
f 35 36 87
f 87 36 38
f 87 38 88
f 88 38 86
f 89 90 91
f 89 91 92
f 90 93 91
f 91 93 94
f 91 94 95
f 95 96 91
f 91 96 97
f 91 97 98
f 97 99 98
f 98 99 100
f 98 100 101
f 102 74 103
f 103 74 73
f 103 73 104
f 104 73 76
f 102 105 74
f 74 105 106
f 74 106 107
f 107 106 92
f 108 109 110
f 110 109 111
f 110 111 112
f 112 111 113
f 112 113 114
f 114 115 112
f 112 115 116
f 112 116 117
f 117 118 112
f 112 118 119
f 112 119 120
f 121 122 85
f 85 122 123
f 123 124 85
f 85 124 125
f 85 125 110
f 110 125 126
f 110 126 108
f 127 128 84
f 84 128 129
f 84 129 85
f 85 129 130
f 85 130 121
f 131 132 83
f 83 132 133
f 83 133 84
f 84 133 134
f 84 134 127
f 101 135 98
f 98 135 136
f 98 136 82
f 82 136 137
f 82 137 138
f 138 139 82
f 82 139 140
f 82 140 83
f 83 140 141
f 83 141 131
f 142 59 143
f 143 59 58
f 143 58 144
f 144 58 57
f 64 63 145
f 120 146 112
f 112 146 75
f 112 75 145
f 145 75 73
f 145 73 64
f 64 73 65
f 69 71 62
f 62 71 70
f 62 70 61
f 61 70 147
f 61 147 8
f 86 142 88
f 88 142 143
f 88 143 87
f 87 143 144
f 87 144 35
f 35 144 57
f 35 57 33
f 92 91 107
f 107 91 148
f 107 148 74
f 74 148 66
f 74 66 65
f 1 4 149
f 149 4 6
f 149 6 72
f 72 6 79
f 72 79 70
f 70 79 10
f 70 10 147
f 147 10 9
f 147 9 8
f 16 150 31
f 31 150 151
f 31 151 77
f 77 151 152
f 77 152 86
f 86 152 153
f 86 153 142
f 142 153 60
f 142 60 59
f 1 149 80
f 80 149 72
f 80 72 154
f 154 72 71
f 154 71 155
f 155 71 69
f 155 69 68
f 16 85 150
f 150 85 110
f 150 110 151
f 151 110 112
f 151 112 152
f 152 112 145
f 152 145 153
f 153 145 63
f 153 63 60
f 22 81 82
f 82 81 156
f 82 156 98
f 98 156 157
f 98 157 91
f 91 157 158
f 91 158 148
f 148 158 67
f 148 67 66
f 2 78 81
f 81 78 80
f 81 80 156
f 156 80 154
f 156 154 157
f 157 154 155
f 157 155 158
f 158 155 68
f 158 68 67
f 128 127 159
f 136 135 160
f 160 135 161
f 135 101 161
f 161 101 100
f 161 100 99
f 140 162 141
f 141 162 163
f 141 163 131
f 140 139 162
f 162 139 138
f 162 138 160
f 160 138 137
f 160 137 136
f 127 134 159
f 159 134 133
f 159 133 163
f 163 133 132
f 163 132 131
f 128 159 129
f 129 159 164
f 129 164 130
f 165 123 122
f 165 122 164
f 164 122 121
f 164 121 130
f 108 126 166
f 166 126 125
f 166 125 165
f 165 125 124
f 165 124 123
f 108 166 109
f 109 166 167
f 109 167 111
f 168 117 116
f 116 115 168
f 168 115 114
f 168 114 167
f 167 114 113
f 167 113 111
f 117 168 118
f 118 168 169
f 118 169 119
f 170 104 76
f 76 75 170
f 170 75 146
f 170 146 169
f 169 146 120
f 169 120 119
f 106 105 171
f 171 105 102
f 171 102 170
f 170 102 103
f 170 103 104
f 172 94 173
f 173 94 93
f 93 90 173
f 173 90 89
f 173 89 171
f 171 89 92
f 171 92 106
f 99 97 161
f 161 97 96
f 161 96 172
f 172 96 95
f 172 95 94
f 162 160 174
f 174 160 161
f 174 161 172
f 164 159 174
f 174 159 163
f 174 163 162
f 167 166 174
f 174 166 165
f 174 165 164
f 170 169 174
f 174 169 168
f 174 168 167
f 172 173 174
f 174 173 171
f 174 171 170
f 175 176 177
f 177 176 178
f 177 178 179
f 179 178 180
f 181 182 178
f 178 182 183
f 183 184 178
f 178 184 185
f 178 185 180
f 186 187 188
f 189 190 191
f 188 187 191
f 191 187 192
f 191 192 189
f 193 194 195
f 195 194 196
f 195 196 188
f 188 196 197
f 188 197 186
f 198 199 200
f 200 199 201
f 200 201 193
f 193 201 202
f 193 202 194
f 198 200 203
f 203 200 176
f 203 176 175
f 191 190 204
f 204 190 205
f 204 205 206
f 207 208 209
f 209 208 204
f 209 204 210
f 206 211 204
f 204 211 212
f 204 212 210
f 204 208 213
f 204 213 214
f 214 213 215
f 214 215 216
f 216 215 217
f 216 217 218
f 218 217 219
f 218 219 220
f 220 219 221
f 220 221 222
f 222 221 223
f 222 223 224
f 224 223 225
f 224 225 226
f 226 225 227
f 226 227 228
f 228 227 229
f 228 229 230
f 230 229 181
f 230 181 178
f 226 228 176
f 176 228 230
f 176 230 178
f 193 195 224
f 224 195 188
f 224 188 191
f 204 214 191
f 191 214 216
f 191 216 218
f 218 220 191
f 191 220 222
f 191 222 224
f 226 176 224
f 224 176 200
f 224 200 193
f 213 208 207
f 207 231 213
f 213 231 232
f 213 232 215
f 215 232 233
f 215 233 217
f 217 233 234
f 217 234 219
f 234 235 219
f 219 235 236
f 219 236 221
f 221 236 237
f 221 237 223
f 182 181 238
f 238 181 229
f 238 229 239
f 239 229 227
f 237 240 223
f 223 240 241
f 223 241 225
f 225 241 242
f 225 242 227
f 227 242 243
f 227 243 239
f 244 245 246
f 247 248 237
f 212 249 210
f 177 250 175
f 180 185 251
f 251 185 184
f 250 177 252
f 198 203 253
f 253 203 175
f 201 199 254
f 254 199 198
f 201 254 202
f 202 254 255
f 202 255 194
f 194 255 196
f 196 255 256
f 196 256 197
f 190 189 257
f 189 192 257
f 257 192 187
f 257 187 256
f 256 187 186
f 256 186 197
f 249 212 258
f 258 212 211
f 258 211 259
f 259 211 206
f 259 206 205
f 260 261 247
f 247 261 262
f 247 262 263
f 263 264 247
f 247 264 265
f 247 265 248
f 248 265 266
f 266 267 248
f 248 267 268
f 248 268 269
f 269 268 270
f 271 272 273
f 273 272 274
f 273 274 275
f 275 274 276
f 276 277 275
f 275 277 278
f 275 278 279
f 279 280 275
f 275 280 281
f 275 281 282
f 283 284 257
f 284 285 257
f 257 285 286
f 257 286 273
f 273 286 287
f 273 287 271
f 288 289 255
f 255 289 256
f 256 289 290
f 256 290 291
f 291 292 256
f 256 292 293
f 256 293 257
f 257 293 294
f 257 294 283
f 295 296 254
f 254 296 297
f 254 297 255
f 255 297 298
f 255 298 288
f 270 299 300
f 300 299 301
f 301 302 300
f 300 302 303
f 300 303 304
f 305 306 307
f 307 306 308
f 307 308 254
f 254 308 309
f 254 309 295
f 304 310 300
f 300 310 311
f 300 311 307
f 307 311 312
f 307 312 305
f 313 233 314
f 314 233 232
f 314 232 315
f 315 232 231
f 236 235 316
f 282 317 275
f 275 317 260
f 275 260 316
f 316 260 247
f 316 247 236
f 236 247 237
f 243 245 239
f 239 245 244
f 239 244 238
f 238 244 318
f 238 318 182
f 258 313 249
f 249 313 314
f 249 314 210
f 210 314 315
f 210 315 209
f 209 315 231
f 209 231 207
f 270 300 269
f 269 300 319
f 269 319 248
f 248 319 240
f 248 240 237
f 177 179 320
f 320 179 180
f 320 180 246
f 246 180 251
f 246 251 244
f 244 251 184
f 244 184 318
f 318 184 183
f 318 183 182
f 190 321 205
f 205 321 322
f 205 322 259
f 259 322 323
f 259 323 258
f 258 323 324
f 258 324 313
f 313 324 234
f 313 234 233
f 177 320 252
f 252 320 246
f 252 246 325
f 325 246 245
f 325 245 326
f 326 245 243
f 326 243 242
f 190 257 321
f 321 257 273
f 321 273 322
f 322 273 275
f 322 275 323
f 323 275 316
f 323 316 324
f 324 316 235
f 324 235 234
f 198 253 254
f 254 253 327
f 254 327 307
f 307 327 328
f 307 328 300
f 300 328 329
f 300 329 319
f 319 329 241
f 319 241 240
f 175 250 253
f 253 250 252
f 253 252 327
f 327 252 325
f 327 325 328
f 328 325 326
f 328 326 329
f 329 326 242
f 329 242 241
f 267 330 268
f 268 330 331
f 268 331 270
f 270 331 299
f 304 332 310
f 310 332 333
f 310 333 311
f 304 303 332
f 332 303 302
f 332 302 331
f 331 302 301
f 331 301 299
f 334 309 335
f 335 309 308
f 308 306 335
f 335 306 305
f 335 305 333
f 333 305 312
f 333 312 311
f 336 296 334
f 334 296 295
f 334 295 309
f 337 289 336
f 336 289 288
f 288 298 336
f 336 298 297
f 336 297 296
f 293 292 338
f 338 292 291
f 338 291 337
f 337 291 290
f 337 290 289
f 293 338 294
f 294 338 339
f 294 339 283
f 340 286 285
f 340 285 339
f 339 285 284
f 339 284 283
f 286 340 287
f 287 340 341
f 287 341 271
f 277 276 342
f 342 276 274
f 342 274 341
f 341 274 272
f 341 272 271
f 277 342 278
f 278 342 343
f 278 343 279
f 317 282 344
f 344 282 281
f 344 281 343
f 343 281 280
f 343 280 279
f 263 262 345
f 345 262 261
f 345 261 344
f 344 261 260
f 344 260 317
f 267 266 330
f 330 266 265
f 330 265 345
f 345 265 264
f 345 264 263
f 330 345 346
f 333 332 346
f 346 332 331
f 346 331 330
f 336 334 346
f 346 334 335
f 346 335 333
f 339 338 346
f 346 338 337
f 346 337 336
f 342 341 346
f 346 341 340
f 346 340 339
f 345 344 346
f 346 344 343
f 346 343 342
f 347 348 349
f 349 348 350
f 349 350 351
f 351 350 352
f 351 352 353
f 354 355 349
f 349 355 356
f 356 357 349
f 349 357 358
f 349 358 347
f 359 360 361
f 362 363 364
f 361 360 364
f 364 360 365
f 364 365 362
f 366 367 368
f 366 368 369
f 368 370 369
f 369 370 371
f 369 371 361
f 361 371 372
f 361 372 359
f 367 366 373
f 373 366 374
f 373 374 375
f 353 376 351
f 351 376 377
f 351 377 374
f 374 377 378
f 374 378 375
f 364 363 379
f 379 363 380
f 379 380 381
f 382 383 384
f 384 383 379
f 384 379 385
f 381 386 379
f 379 386 387
f 379 387 385
f 379 383 388
f 379 388 389
f 389 388 390
f 389 390 391
f 391 390 392
f 391 392 393
f 393 392 394
f 393 394 395
f 395 394 396
f 395 396 397
f 397 396 398
f 397 398 399
f 399 398 400
f 399 400 401
f 401 400 402
f 401 402 403
f 403 402 404
f 403 404 405
f 405 404 354
f 405 354 349
f 366 369 399
f 399 369 361
f 399 361 364
f 379 389 364
f 364 389 391
f 364 391 393
f 393 395 364
f 364 395 397
f 364 397 399
f 401 403 351
f 351 403 405
f 351 405 349
f 401 351 399
f 399 351 374
f 399 374 366
f 388 383 382
f 382 406 388
f 388 406 407
f 388 407 390
f 390 407 408
f 390 408 392
f 392 408 409
f 392 409 394
f 409 410 394
f 394 410 411
f 394 411 396
f 396 411 412
f 396 412 398
f 412 413 398
f 398 413 414
f 398 414 400
f 400 414 415
f 400 415 402
f 355 354 416
f 416 354 404
f 416 404 417
f 417 404 402
f 417 402 418
f 418 402 415
f 419 420 421
f 387 386 422
f 363 423 380
f 357 424 425
f 424 357 356
f 347 426 348
f 348 426 350
f 377 376 427
f 427 376 353
f 375 378 428
f 428 378 377
f 429 367 428
f 428 367 373
f 428 373 375
f 430 372 429
f 429 372 371
f 371 370 429
f 429 370 368
f 429 368 367
f 363 362 431
f 362 365 431
f 431 365 360
f 431 360 430
f 430 360 359
f 430 359 372
f 423 432 380
f 380 432 422
f 380 422 381
f 381 422 386
f 385 433 384
f 384 433 406
f 384 406 382
f 434 435 436
f 436 437 434
f 434 437 438
f 434 438 439
f 439 438 440
f 439 440 441
f 441 442 439
f 439 442 443
f 439 443 444
f 445 446 431
f 446 447 431
f 431 447 448
f 431 448 434
f 434 448 449
f 434 449 435
f 450 430 451
f 451 430 429
f 451 429 452
f 452 429 453
f 450 454 430
f 430 454 455
f 430 455 431
f 431 455 456
f 431 456 445
f 457 428 458
f 458 428 459
f 457 460 428
f 428 460 461
f 428 461 429
f 429 461 462
f 429 462 453
f 463 464 465
f 465 466 463
f 463 466 467
f 463 467 468
f 469 470 459
f 459 470 471
f 459 471 458
f 468 472 463
f 463 472 473
f 463 473 459
f 459 473 474
f 459 474 469
f 475 476 477
f 478 479 480
f 478 480 481
f 477 476 480
f 480 476 482
f 480 482 481
f 463 483 464
f 464 483 480
f 464 480 484
f 484 480 479
f 444 485 439
f 439 485 486
f 439 486 487
f 487 486 488
f 487 488 477
f 477 488 489
f 477 489 475
f 490 409 491
f 491 409 408
f 491 408 492
f 492 408 407
f 483 413 480
f 480 413 412
f 480 412 477
f 477 412 411
f 477 411 487
f 487 411 410
f 356 355 424
f 424 355 416
f 424 416 425
f 425 416 417
f 425 417 493
f 493 417 418
f 493 418 494
f 494 418 415
f 492 495 491
f 491 495 496
f 491 496 490
f 490 496 497
f 494 420 493
f 493 420 419
f 493 419 425
f 425 419 498
f 425 498 357
f 432 497 422
f 422 497 496
f 422 496 387
f 387 496 495
f 387 495 385
f 385 495 492
f 385 492 433
f 433 492 407
f 433 407 406
f 353 352 499
f 499 352 350
f 499 350 421
f 421 350 426
f 421 426 419
f 419 426 347
f 419 347 498
f 498 347 358
f 498 358 357
f 363 431 423
f 423 431 434
f 423 434 432
f 432 434 439
f 432 439 497
f 497 439 487
f 497 487 490
f 490 487 410
f 490 410 409
f 377 427 428
f 428 427 500
f 428 500 459
f 459 500 501
f 459 501 463
f 463 501 502
f 463 502 483
f 483 502 414
f 483 414 413
f 353 499 427
f 427 499 421
f 427 421 500
f 500 421 420
f 500 420 501
f 501 420 494
f 501 494 502
f 502 494 415
f 502 415 414
f 470 469 503
f 443 504 444
f 444 504 505
f 444 505 485
f 485 505 486
f 486 505 488
f 488 505 506
f 488 506 489
f 481 482 507
f 507 482 476
f 507 476 506
f 506 476 475
f 506 475 489
f 464 484 508
f 508 484 479
f 508 479 507
f 507 479 478
f 507 478 481
f 464 508 465
f 465 508 509
f 465 509 466
f 473 472 510
f 510 472 468
f 510 468 509
f 509 468 467
f 509 467 466
f 503 469 510
f 510 469 474
f 510 474 473
f 460 511 461
f 461 511 512
f 461 512 462
f 460 457 511
f 511 457 458
f 511 458 503
f 503 458 471
f 503 471 470
f 462 512 453
f 453 512 513
f 453 513 452
f 514 450 513
f 513 450 451
f 513 451 452
f 445 456 515
f 515 456 455
f 515 455 514
f 514 455 454
f 514 454 450
f 445 515 446
f 446 515 516
f 446 516 447
f 436 435 517
f 517 435 449
f 517 449 516
f 516 449 448
f 516 448 447
f 436 517 437
f 437 517 518
f 437 518 438
f 443 442 504
f 504 442 441
f 504 441 518
f 518 441 440
f 518 440 438
f 504 518 519
f 507 506 519
f 519 506 505
f 519 505 504
f 510 509 519
f 519 509 508
f 519 508 507
f 512 511 519
f 519 511 503
f 519 503 510
f 515 514 519
f 519 514 513
f 519 513 512
f 518 517 519
f 519 517 516
f 519 516 515
f 520 521 522
f 522 521 523
f 522 523 524
f 524 523 525
f 524 525 526
f 527 528 522
f 522 528 529
f 522 529 520
f 530 531 532
f 533 534 535
f 532 531 535
f 535 531 536
f 535 536 533
f 537 538 532
f 532 538 539
f 532 539 530
f 540 541 542
f 542 541 543
f 542 543 544
f 544 543 545
f 544 545 537
f 537 545 546
f 537 546 538
f 540 542 547
f 547 542 524
f 547 524 526
f 535 534 548
f 548 534 549
f 548 549 550
f 551 552 553
f 553 552 548
f 553 548 554
f 550 555 548
f 548 555 556
f 548 556 554
f 548 552 557
f 548 557 558
f 558 557 559
f 558 559 560
f 560 559 561
f 560 561 562
f 562 561 563
f 562 563 564
f 564 563 565
f 564 565 566
f 566 565 567
f 566 567 568
f 568 567 569
f 568 569 570
f 570 569 571
f 570 571 572
f 572 571 573
f 572 573 574
f 574 573 527
f 574 527 522
f 574 522 524
f 535 548 558
f 574 524 572
f 542 544 568
f 568 544 537
f 542 568 524
f 524 568 570
f 524 570 572
f 564 566 535
f 535 566 568
f 535 568 532
f 532 568 537
f 558 560 535
f 535 560 562
f 535 562 564
f 557 552 551
f 551 575 557
f 557 575 576
f 557 576 559
f 559 576 577
f 559 577 561
f 561 577 578
f 561 578 563
f 578 579 563
f 563 579 580
f 563 580 565
f 565 580 581
f 565 581 567
f 581 582 567
f 567 582 583
f 567 583 569
f 569 583 584
f 569 584 571
f 528 527 585
f 585 527 573
f 585 573 586
f 586 573 571
f 586 571 587
f 587 571 584
f 588 589 590
f 550 549 591
f 525 523 592
f 592 523 521
f 540 547 593
f 593 547 526
f 594 541 540
f 538 546 595
f 595 546 545
f 595 545 594
f 594 545 543
f 594 543 541
f 596 539 538
f 534 533 597
f 533 536 597
f 597 536 531
f 597 531 596
f 596 531 530
f 596 530 539
f 550 591 555
f 555 591 598
f 555 598 556
f 553 554 599
f 599 554 556
f 599 556 600
f 600 556 598
f 595 601 602
f 538 595 596
f 596 595 602
f 596 602 603
f 604 605 594
f 594 605 606
f 594 606 607
f 607 608 594
f 594 608 609
f 594 609 595
f 595 609 610
f 595 610 601
f 611 612 613
f 611 613 614
f 612 615 613
f 613 615 616
f 613 616 617
f 617 618 613
f 613 618 619
f 613 619 604
f 604 619 620
f 604 620 621
f 621 622 604
f 604 622 623
f 604 623 605
f 624 625 626
f 624 626 627
f 627 626 628
f 628 626 629
f 628 629 630
f 625 631 632
f 631 633 632
f 632 633 634
f 632 634 635
f 635 634 636
f 635 636 614
f 637 638 639
f 639 640 637
f 637 640 641
f 637 641 642
f 641 643 642
f 642 643 644
f 642 644 645
f 645 646 642
f 642 646 647
f 642 647 648
f 648 649 642
f 642 649 650
f 642 650 630
f 603 651 596
f 596 651 652
f 596 652 597
f 597 652 653
f 653 654 597
f 597 654 655
f 597 655 656
f 656 657 597
f 597 657 658
f 597 658 637
f 637 658 659
f 637 659 638
f 660 577 661
f 661 577 576
f 661 576 662
f 662 576 575
f 625 632 626
f 626 632 581
f 626 581 580
f 584 663 587
f 587 663 664
f 587 664 586
f 586 664 665
f 586 665 585
f 585 665 666
f 585 666 528
f 598 660 600
f 600 660 661
f 600 661 599
f 599 661 662
f 599 662 553
f 553 662 575
f 553 575 551
f 630 629 642
f 642 629 626
f 642 626 667
f 667 626 580
f 667 580 579
f 614 613 635
f 635 613 668
f 635 668 632
f 632 668 582
f 632 582 581
f 663 589 664
f 664 589 588
f 664 588 665
f 665 588 669
f 665 669 666
f 666 669 670
f 534 671 549
f 549 671 672
f 549 672 591
f 591 672 673
f 591 673 598
f 598 673 674
f 598 674 660
f 660 674 578
f 660 578 577
f 528 666 529
f 529 666 670
f 529 670 520
f 520 670 669
f 520 669 521
f 521 669 588
f 521 588 592
f 592 588 590
f 592 590 525
f 525 590 675
f 525 675 526
f 534 597 671
f 671 597 637
f 671 637 672
f 672 637 642
f 672 642 673
f 673 642 667
f 673 667 674
f 674 667 579
f 674 579 578
f 540 593 594
f 594 593 676
f 594 676 604
f 604 676 677
f 604 677 613
f 613 677 678
f 613 678 668
f 668 678 583
f 668 583 582
f 526 675 593
f 593 675 590
f 593 590 676
f 676 590 589
f 676 589 677
f 677 589 663
f 677 663 678
f 678 663 584
f 678 584 583
f 605 623 679
f 617 616 680
f 681 603 602
f 681 602 682
f 653 652 683
f 683 652 681
f 681 652 651
f 681 651 603
f 657 656 684
f 684 656 655
f 684 655 683
f 683 655 654
f 683 654 653
f 657 684 658
f 658 684 685
f 658 685 659
f 686 643 641
f 641 640 686
f 686 640 639
f 686 639 685
f 685 639 638
f 685 638 659
f 643 686 644
f 644 686 687
f 644 687 645
f 649 648 688
f 688 648 647
f 688 647 687
f 687 647 646
f 687 646 645
f 627 628 689
f 689 628 630
f 689 630 688
f 688 630 650
f 688 650 649
f 633 631 690
f 690 631 625
f 690 625 689
f 689 625 624
f 689 624 627
f 691 636 690
f 690 636 634
f 690 634 633
f 612 611 691
f 691 611 614
f 691 614 636
f 680 616 691
f 691 616 615
f 691 615 612
f 679 623 692
f 692 623 622
f 692 622 621
f 621 620 692
f 692 620 619
f 692 619 680
f 680 619 618
f 680 618 617
f 602 601 682
f 682 601 610
f 682 610 693
f 693 610 609
f 609 608 693
f 693 608 607
f 693 607 679
f 679 607 606
f 679 606 605
f 683 681 694
f 694 681 682
f 694 682 693
f 686 685 694
f 694 685 684
f 694 684 683
f 689 688 694
f 694 688 687
f 694 687 686
f 680 691 694
f 694 691 690
f 694 690 689
f 693 679 694
f 694 679 692
f 694 692 680
f 695 696 697
f 698 699 700
f 701 702 703
f 704 705 706
f 707 708 709
f 710 711 712
f 713 714 715
f 716 717 718
f 716 718 719
f 719 718 720
f 719 720 721
f 722 723 724
f 724 725 722
f 722 725 726
f 722 726 727
f 727 726 721
f 727 721 728
f 728 721 720
f 729 730 731
f 723 722 706
f 706 722 732
f 706 732 704
f 733 734 735
f 736 737 735
f 735 737 738
f 735 738 733
f 701 703 739
f 740 741 742
f 740 742 743
f 743 742 744
f 743 744 745
f 735 746 736
f 736 746 747
f 736 747 748
f 748 747 742
f 748 742 749
f 749 742 741
f 744 750 745
f 745 750 751
f 745 751 752
f 752 751 753
f 752 753 754
f 755 756 757
f 753 758 754
f 754 758 759
f 754 759 757
f 757 759 760
f 757 760 755
f 761 762 763
f 763 762 764
f 763 764 765
f 766 767 768
f 764 769 765
f 765 769 770
f 765 770 768
f 768 770 771
f 768 771 766
f 772 773 774
f 775 776 777
f 778 779 776
f 776 779 780
f 776 780 777
f 760 781 755
f 755 781 782
f 755 782 778
f 778 782 783
f 778 783 779
f 734 739 735
f 735 739 703
f 735 703 784
f 784 703 785
f 786 787 788
f 788 787 789
f 788 789 785
f 785 789 790
f 785 790 784
f 786 788 791
f 791 788 729
f 791 729 705
f 705 729 731
f 705 731 706
f 717 716 792
f 792 716 707
f 792 707 793
f 793 707 709
f 793 709 794
f 794 709 795
f 794 795 796
f 797 798 795
f 795 798 799
f 795 799 796
f 800 801 797
f 797 801 802
f 797 802 798
f 803 804 715
f 715 804 805
f 715 805 713
f 713 805 806
f 713 806 800
f 800 806 807
f 800 807 801
f 808 809 810
f 810 809 811
f 810 811 712
f 712 811 812
f 712 812 710
f 710 812 813
f 710 813 814
f 814 813 815
f 814 815 816
f 816 815 817
f 816 817 803
f 803 817 818
f 803 818 804
f 808 810 819
f 819 810 820
f 819 820 821
f 821 820 822
f 822 820 823
f 822 823 824
f 825 826 827
f 827 826 828
f 827 828 774
f 774 828 829
f 774 829 772
f 772 829 830
f 772 830 823
f 823 830 831
f 823 831 824
f 825 827 832
f 832 827 833
f 832 833 834
f 834 833 835
f 834 835 836
f 836 835 837
f 836 837 838
f 838 837 695
f 838 695 839
f 839 695 697
f 839 697 840
f 840 697 841
f 840 841 842
f 842 841 843
f 843 841 844
f 843 844 845
f 846 847 844
f 844 847 848
f 844 848 845
f 771 849 766
f 766 849 850
f 766 850 846
f 846 850 851
f 846 851 847
f 777 852 775
f 775 852 853
f 775 853 700
f 700 853 854
f 700 854 698
f 698 854 855
f 698 855 761
f 761 855 856
f 761 856 762
f 857 858 859
f 857 859 860
f 859 861 860
f 860 861 862
f 860 862 863
f 862 864 863
f 863 864 865
f 863 865 866
f 865 867 866
f 866 867 868
f 866 868 869
f 869 868 870
f 869 870 871
f 871 870 872
f 871 872 873
f 874 875 876
f 876 877 874
f 874 877 878
f 874 878 879
f 878 880 879
f 879 880 881
f 879 881 882
f 882 881 883
f 883 884 882
f 882 884 885
f 882 885 886
f 887 888 889
f 889 888 886
f 889 886 890
f 890 886 885
f 891 892 893
f 893 892 894
f 894 895 893
f 893 895 896
f 893 896 897
f 896 898 897
f 897 898 899
f 897 899 900
f 899 901 900
f 900 901 902
f 900 902 903
f 903 902 904
f 903 904 905
f 905 904 906
f 905 906 907
f 908 909 910
f 910 909 911
f 910 911 912
f 912 911 913
f 912 913 914
f 914 913 915
f 914 915 701
f 701 915 702
f 916 917 918
f 918 919 916
f 916 919 920
f 916 920 921
f 921 920 922
f 922 923 921
f 921 923 924
f 921 924 925
f 924 926 925
f 925 926 927
f 925 927 928
f 929 930 931
f 931 930 928
f 931 928 932
f 932 928 927
f 933 934 935
f 934 933 936
f 936 933 937
f 936 937 938
f 939 940 941
f 941 940 942
f 941 942 943
f 943 942 944
f 945 946 947
f 948 949 950
f 948 950 951
f 952 953 954
f 955 956 957
f 957 956 958
f 959 952 960
f 961 962 963
f 959 960 964
f 961 963 965
f 954 966 952
f 952 966 967
f 952 967 955
f 955 967 951
f 955 951 956
f 956 951 950
f 803 968 816
f 816 968 969
f 816 969 970
f 963 971 972
f 972 971 973
f 972 973 974
f 974 973 975
f 974 975 976
f 963 972 965
f 965 972 968
f 965 968 977
f 977 968 803
f 977 803 715
f 774 964 827
f 827 964 960
f 827 960 833
f 833 960 978
f 833 978 835
f 835 978 957
f 835 957 837
f 837 957 958
f 837 958 695
f 979 710 814
f 959 980 952
f 952 980 981
f 952 981 953
f 953 981 982
f 953 982 976
f 976 982 983
f 976 983 974
f 974 983 979
f 974 979 970
f 970 979 814
f 970 814 816
f 984 985 986
f 987 707 716
f 988 986 989
f 989 990 988
f 988 990 991
f 988 991 992
f 992 991 993
f 992 993 994
f 961 995 962
f 962 995 996
f 962 996 997
f 997 996 998
f 997 998 994
f 994 998 999
f 994 999 992
f 992 999 987
f 992 987 1000
f 1000 987 716
f 1000 716 719
f 721 1001 719
f 719 1001 1002
f 719 1002 1000
f 984 986 1003
f 1003 986 988
f 1003 988 1004
f 1004 988 1001
f 1004 1001 1005
f 1005 1001 721
f 1005 721 726
f 1006 1007 1008
f 1008 1007 985
f 1009 1010 1007
f 1007 1010 1011
f 1007 1011 985
f 1012 1013 1014
f 1014 1013 1015
f 1014 1015 1011
f 1011 1015 1016
f 1011 1016 985
f 985 1016 1017
f 985 1017 986
f 1018 1019 1020
f 1021 1022 1012
f 1012 1022 1023
f 1012 1023 1024
f 1012 1014 1021
f 1021 1014 1025
f 1021 1025 1020
f 1020 1025 1026
f 1020 1026 1018
f 765 768 1027
f 1028 947 1029
f 1029 947 1030
f 1029 1030 1027
f 1028 1031 1032
f 1032 1031 1033
f 1032 1033 949
f 949 1033 1034
f 949 1034 950
f 1024 1035 946
f 946 1035 1036
f 946 1036 1037
f 1037 1036 698
f 1037 698 761
f 765 1027 763
f 763 1027 1030
f 763 1030 761
f 761 1030 1038
f 761 1038 1037
f 1028 1032 947
f 947 1032 1039
f 947 1039 945
f 945 1040 946
f 946 1040 1041
f 946 1041 1024
f 1024 1041 1042
f 1024 1042 1012
f 1043 1044 1045
f 1046 1047 743
f 1046 743 1048
f 1048 743 745
f 1048 745 1049
f 1049 745 752
f 1049 752 1050
f 1051 1052 1053
f 1010 1009 1054
f 1054 1009 1055
f 1054 1055 1056
f 1056 1055 1057
f 1056 1057 1058
f 1058 1057 1059
f 1058 1059 1060
f 1060 1059 1061
f 1060 1061 1062
f 1062 1061 1063
f 1062 1063 1047
f 1047 1063 740
f 1047 740 743
f 1052 1050 1053
f 1053 1050 752
f 1053 752 1064
f 1064 752 754
f 1064 754 1065
f 1065 754 757
f 1044 1051 1045
f 1045 1051 1053
f 1045 1053 1066
f 1066 1053 1064
f 1066 1064 1067
f 1067 1064 1065
f 1025 1043 1026
f 1026 1043 1045
f 1026 1045 1018
f 1018 1045 1066
f 1018 1066 1019
f 1019 1066 1067
f 1068 1069 1070
f 1071 1072 1073
f 1074 1075 1076
f 1077 1078 1079
f 1080 1081 1082
f 1083 1084 1085
f 1086 1087 1085
f 1088 1089 1090
f 1091 1092 1093
f 1093 1092 1094
f 1094 1092 1095
f 1094 1095 1096
f 1091 1093 1097
f 1097 1093 1098
f 1097 1098 1099
f 1099 1098 1100
f 1099 1100 1089
f 1089 1100 1101
f 1089 1101 1090
f 1102 1103 1104
f 1104 1103 1105
f 1088 1090 1105
f 1105 1090 1106
f 1105 1106 1104
f 1107 1085 1108
f 1108 1085 1087
f 1108 1087 1109
f 1109 1087 1110
f 1109 1110 1111
f 1111 1110 1112
f 1111 1112 1113
f 1113 1112 1114
f 1113 1114 1102
f 1102 1114 1115
f 1102 1115 1103
f 1116 1117 1118
f 1117 1119 1118
f 1118 1119 1120
f 1118 1120 1085
f 1085 1120 1121
f 1085 1121 1086
f 1116 1118 1122
f 1122 1118 1123
f 1122 1123 1124
f 1124 1123 1125
f 1124 1125 1126
f 1126 1125 1127
f 1126 1127 1128
f 1128 1127 1129
f 1129 1127 1130
f 1129 1130 1131
f 1130 1132 1131
f 1131 1132 1133
f 1131 1133 1134
f 1134 1133 1135
f 1136 1137 1138
f 1095 1137 1096
f 1096 1137 1136
f 1096 1136 1139
f 1139 1136 1140
f 1139 1140 1141
f 1142 1143 1144
f 1145 1146 1147
f 1138 1148 1136
f 1136 1148 1149
f 1136 1149 1133
f 1133 1149 1150
f 1133 1150 1135
f 1144 1143 1146
f 1146 1143 1151
f 1146 1151 1147
f 1144 1152 1142
f 1142 1152 1153
f 1142 1153 1154
f 1154 1153 1155
f 1154 1155 1156
f 1156 1155 1157
f 1156 1157 1158
f 1158 1157 1159
f 1158 1159 1160
f 1160 1161 1158
f 1158 1161 1162
f 1158 1162 1140
f 1145 1147 1163
f 1163 1147 1164
f 1163 1164 1165
f 1162 1166 1140
f 1140 1166 1167
f 1140 1167 1141
f 1141 1167 1168
f 1141 1168 1169
f 1169 1168 1170
f 1169 1170 1171
f 1170 1172 1171
f 1171 1172 1173
f 1171 1173 1174
f 1174 1173 1175
f 1176 1177 1178
f 1178 1177 1179
f 1178 1179 1180
f 1180 1179 1181
f 1180 1181 1182
f 1182 1181 1183
f 1182 1183 1184
f 1184 1183 1185
f 1184 1185 1186
f 1186 1185 1187
f 1186 1187 1188
f 1188 1187 1189
f 1188 1189 1190
f 1190 1189 1191
f 1190 1191 1175
f 1175 1191 1192
f 1175 1192 1174
f 1081 1193 1194
f 1193 1081 1195
f 1195 1081 1080
f 1195 1080 1196
f 1197 1198 1071
f 1071 1198 1199
f 1071 1199 1072
f 1072 1199 1200
f 1072 1200 1201
f 1194 1202 1081
f 1081 1202 1203
f 1081 1203 1204
f 1204 1203 1205
f 1204 1205 1206
f 1206 1205 1207
f 1206 1207 1208
f 1208 1207 1209
f 1208 1209 1210
f 1210 1209 1211
f 1210 1211 1212
f 1212 1211 1213
f 1212 1213 1214
f 1214 1213 1215
f 1214 1215 1216
f 1216 1215 1217
f 1216 1217 1218
f 1218 1217 1219
f 1218 1219 1220
f 1220 1219 1197
f 1220 1197 1221
f 1221 1197 1071
f 1196 1080 1222
f 1222 1080 1223
f 1222 1223 1224
f 1224 1223 1225
f 1224 1225 1226
f 1226 1225 1227
f 1226 1227 1228
f 1229 1230 1231
f 1231 1230 1232
f 1231 1232 1233
f 1228 1227 1233
f 1233 1227 1234
f 1233 1234 1231
f 1229 1231 1235
f 1235 1231 1236
f 1235 1236 1237
f 1238 1239 1240
f 1240 1239 1241
f 1240 1241 1242
f 1242 1241 1243
f 1242 1243 1201
f 1201 1243 1072
f 1072 1243 1244
f 1072 1244 1073
f 1245 1246 1247
f 1247 1246 1240
f 1247 1240 1236
f 1236 1240 1242
f 1236 1242 1237
f 1248 1249 1250
f 1251 1252 1247
f 1247 1252 1253
f 1247 1253 1245
f 1254 1255 1251
f 1251 1255 1256
f 1251 1256 1252
f 1250 1249 1257
f 1257 1249 1258
f 1257 1258 1259
f 1259 1258 1260
f 1259 1260 1261
f 1261 1260 1262
f 1261 1262 1246
f 1263 1074 1264
f 1264 1074 1265
f 1264 1265 1266
f 1266 1265 1267
f 1263 1268 1074
f 1074 1268 1269
f 1074 1269 1270
f 1075 1074 1271
f 1271 1074 1270
f 1271 1270 1272
f 1254 1251 1273
f 1273 1251 1274
f 1273 1274 1275
f 1275 1274 1276
f 1275 1276 1277
f 1277 1276 1278
f 1277 1278 1279
f 1279 1278 1280
f 1279 1280 1272
f 1272 1280 1281
f 1272 1281 1271
f 1070 1069 1282
f 1283 1070 1284
f 1284 1070 1282
f 1284 1282 1267
f 1267 1282 1285
f 1267 1285 1266
f 1250 1286 1248
f 1248 1286 1287
f 1248 1287 1288
f 1288 1287 1289
f 1289 1287 1290
f 1289 1290 1291
f 1291 1290 1292
f 1291 1292 1293
f 1293 1292 1294
f 1293 1294 1295
f 1295 1294 1296
f 1295 1296 1069
f 1069 1296 1297
f 1069 1297 1282
f 1298 1299 1300
f 1301 1302 1303
f 1303 1302 1304
f 1303 1304 1300
f 1305 1306 1077
f 1077 1306 1299
f 1077 1299 1078
f 1078 1299 1298
f 1307 1308 1309
f 1307 1309 1310
f 1310 1309 1311
f 1310 1311 1312
f 1312 1311 1313
f 1312 1313 1314
f 1314 1313 1315
f 1314 1315 1316
f 1316 1317 1314
f 1314 1317 1318
f 1314 1318 1305
f 1305 1318 1319
f 1305 1319 1306
f 1083 1320 1084
f 1084 1320 1321
f 1084 1321 1322
f 1322 1321 1323
f 1323 1324 1322
f 1322 1324 1325
f 1322 1325 1326
f 1308 1307 1327
f 1327 1307 1328
f 1327 1328 1326
f 1326 1328 1329
f 1326 1329 1322
f 1330 1331 1332
f 1332 1331 1333
f 1332 1333 1301
f 1301 1333 1334
f 1301 1334 1302
f 1107 1335 1085
f 1085 1335 1336
f 1085 1336 1083
f 1083 1336 1337
f 1083 1337 1338
f 1338 1337 1339
f 1338 1339 1340
f 1340 1339 1341
f 1340 1341 1330
f 1330 1341 1342
f 1330 1342 1331
f 1206 1343 1204
f 1204 1343 1344
f 1204 1344 1345
f 1345 1344 1177
f 1345 1177 1346
f 1346 1177 1176
f 1346 1176 1347
f 1347 1176 1348
f 1347 1348 1164
f 1164 1348 1349
f 1164 1349 1165
f 1246 1262 1240
f 1240 1262 1350
f 1240 1350 1238
f 1079 1078 1283
f 1283 1078 1298
f 1283 1298 1070
f 1070 1298 1351
f 1070 1351 1068
f 1300 1304 1298
f 1298 1304 1352
f 1298 1352 1353
f 1353 1354 1298
f 1298 1354 1355
f 1298 1355 1351
f 1356 1357 1358
f 1358 1357 1359
f 1358 1359 1360
f 1360 1359 1361
f 1360 1361 1362
f 1362 1361 1363
f 1362 1363 1364
f 1364 1363 1365
f 1364 1365 1366
f 1366 1365 1367
f 1366 1367 1368
f 1368 1367 1369
f 1368 1369 1370
f 1370 1369 1371
f 1370 1371 1372
f 1372 1371 1373
f 1372 1373 1374
f 1374 1373 1375
f 1374 1375 1376
f 1376 1375 1377
f 1376 1377 1378
f 1378 1377 1379
f 1378 1379 1380
f 1380 1379 1381
f 1380 1381 1382
f 1382 1381 1383
f 1382 1383 1384
f 1384 1383 1385
f 1384 1385 1386
f 1386 1385 1387
f 1386 1387 1388
f 1388 1387 1389
f 930 929 1390
f 1390 929 1357
f 1390 1357 1391
f 1391 1357 1356
f 1391 1356 730
f 730 1356 731
f 909 908 1392
f 1392 908 1388
f 1392 1388 1393
f 1393 1388 1389
f 1393 1389 1394
f 1394 1389 1395
f 1396 1397 1398
f 1021 1020 1397
f 1397 1020 1399
f 1397 1399 1398
f 1398 1400 1396
f 1396 1400 1401
f 1396 1401 1402
f 1401 1403 1402
f 1402 1403 1404
f 1402 1404 1405
f 1404 1406 1405
f 1405 1406 1407
f 1405 1407 1408
f 1407 1409 1408
f 1408 1409 1410
f 1408 1410 1411
f 1410 1412 1411
f 1411 1412 1413
f 1411 1413 1414
f 1413 1415 1414
f 1414 1415 1416
f 1414 1416 1417
f 1418 1419 1420
f 1420 1419 1417
f 1420 1417 1421
f 1421 1417 1416
f 1065 757 756
f 1065 756 1067
f 905 907 1422
f 1422 907 1399
f 1422 1399 1423
f 1423 1399 1020
f 1423 1020 756
f 756 1020 1019
f 756 1019 1067
f 698 1036 1424
f 892 891 1418
f 1418 891 1425
f 1418 1425 1419
f 1419 1425 1426
f 1419 1426 1424
f 1424 1426 699
f 1424 699 698
f 1427 1428 1429
f 1029 1027 1428
f 1428 1027 1430
f 1428 1430 1429
f 1429 1431 1427
f 1427 1431 1432
f 1427 1432 1433
f 1432 1434 1433
f 1433 1434 1435
f 1433 1435 1436
f 1435 1437 1436
f 1436 1437 1438
f 1436 1438 1439
f 1438 1440 1439
f 1439 1440 1441
f 1439 1441 1442
f 1441 1443 1442
f 1442 1443 1444
f 1442 1444 1445
f 1444 1446 1445
f 1445 1446 1447
f 1445 1447 1448
f 1449 1450 1451
f 1451 1450 1448
f 1451 1448 1452
f 1452 1448 1447
f 888 887 1453
f 1453 887 1430
f 1453 1430 1454
f 1454 1430 1027
f 1454 1027 767
f 767 1027 768
f 696 695 1455
f 1455 695 958
f 876 875 1449
f 1449 875 1456
f 1449 1456 1450
f 1450 1456 1455
f 1450 1455 1457
f 1457 1455 958
f 1457 958 956
f 1458 1459 1460
f 959 964 1459
f 1459 964 1461
f 1459 1461 1460
f 1460 1462 1458
f 1458 1462 1463
f 1458 1463 1464
f 1463 1465 1464
f 1464 1465 1466
f 1464 1466 1467
f 1466 1468 1467
f 1467 1468 1469
f 1467 1469 1470
f 1469 1471 1470
f 1470 1471 1472
f 1470 1472 1473
f 1472 1474 1473
f 1473 1474 1475
f 1473 1475 1476
f 1475 1477 1476
f 1476 1477 1478
f 1476 1478 1479
f 1480 1481 1482
f 1482 1481 1479
f 1482 1479 1483
f 1483 1479 1478
f 871 873 1484
f 1484 873 1461
f 1484 1461 1485
f 1485 1461 964
f 1485 964 773
f 773 964 774
f 710 979 1486
f 858 857 1480
f 1480 857 1487
f 1480 1487 1481
f 1481 1487 1488
f 1481 1488 1486
f 1486 1488 711
f 1486 711 710
f 1489 1490 1491
f 965 977 1490
f 1490 977 1492
f 1490 1492 1491
f 1491 1493 1489
f 1489 1493 1494
f 1489 1494 1495
f 1494 1496 1495
f 1495 1496 1497
f 1495 1497 1498
f 1497 1499 1498
f 1498 1499 1500
f 1498 1500 1501
f 1500 1502 1501
f 1501 1502 1503
f 1501 1503 1504
f 1503 1505 1504
f 1504 1505 1506
f 1504 1506 1507
f 1506 1508 1507
f 1507 1508 1509
f 1507 1509 1510
f 1511 1512 1513
f 1513 1512 1510
f 1513 1510 1514
f 1514 1510 1509
f 1515 1516 1517
f 1517 1516 1492
f 1517 1492 1518
f 1518 1492 977
f 1518 977 714
f 714 977 715
f 1519 1520 1521
f 1519 1512 1520
f 1520 1512 1511
f 1520 1511 1522
f 1522 1511 1523
f 1521 708 1519
f 1519 708 707
f 1519 707 987
f 760 759 1524
f 750 744 1525
f 735 784 1526
f 786 791 1527
f 722 727 1528
f 717 792 1529
f 799 798 1530
f 815 813 1531
f 808 819 1532
f 831 830 1533
f 825 832 1534
f 839 840 1535
f 848 847 1536
f 771 770 1537
f 1538 1539 1540
f 1541 1542 1543
f 1544 1545 1546
f 1547 1548 1549
f 1550 1551 1552
f 1553 1554 1555
f 1556 1557 1558
f 1559 1560 1561
f 1562 1563 1564
f 1565 1566 1567
f 1568 1569 1570
f 1571 1572 1573
f 1574 1575 1576
f 1577 1578 1579
f 1580 1581 1582
f 1583 1584 1585
f 1586 1587 1588
f 1589 1590 1591
f 1592 1593 1594
f 1595 1596 1597
f 1598 1599 1600
f 1601 1602 1603
f 1604 1605 1606
f 1607 1608 1609
f 1610 1611 1612
f 1610 1612 1613
f 1607 1609 1614
f 1601 1603 1615
f 1598 1600 1616
f 1592 1594 1617
f 1589 1591 1618
f 1583 1585 1619
f 1571 1573 1620
f 1559 1561 1621
f 1547 1549 1622
f 1623 1624 1625
f 1625 1624 1626
f 1625 1626 1627
f 1627 1626 1628
f 1627 1628 1629
f 1623 1630 1624
f 1624 1630 1631
f 1624 1631 1632
f 1632 1631 1633
f 1632 1633 1634
f 1634 1633 1635
f 1634 1635 1636
f 1636 1637 1638
f 1636 1638 1634
f 1634 1638 1639
f 1634 1639 1632
f 1632 1639 1640
f 1632 1640 1624
f 1624 1640 1641
f 1624 1641 1626
f 1626 1641 1642
f 1626 1642 1628
f 1637 1643 1644
f 1637 1644 1638
f 1638 1644 1645
f 1638 1645 1639
f 1639 1645 1646
f 1639 1646 1640
f 1640 1646 1647
f 1640 1647 1641
f 1641 1647 1648
f 1641 1648 1642
f 1643 1649 1650
f 1651 1652 1653
f 1653 1652 1654
f 1653 1654 1655
f 1655 1654 1656
f 1655 1656 1657
f 1657 1656 1658
f 1657 1658 1659
f 1659 1658 1537
f 1605 1660 1606
f 1606 1660 1661
f 1606 1661 1662
f 1662 1661 1663
f 1662 1663 1664
f 1664 1663 1665
f 1664 1665 1666
f 1666 1665 1536
f 1602 1667 1603
f 1603 1667 1668
f 1603 1668 1669
f 1669 1668 1670
f 1669 1670 1671
f 1671 1670 1672
f 1671 1672 1673
f 1673 1672 1535
f 1599 1595 1600
f 1600 1595 1597
f 1600 1597 1674
f 1674 1597 1675
f 1674 1675 1676
f 1676 1675 1677
f 1676 1677 1678
f 1678 1677 1534
f 1679 1617 1680
f 1680 1617 1594
f 1680 1594 1681
f 1681 1594 1682
f 1681 1682 1683
f 1683 1682 1684
f 1683 1684 1685
f 1685 1684 1533
f 1686 1618 1687
f 1687 1618 1591
f 1687 1591 1688
f 1688 1591 1689
f 1688 1689 1690
f 1690 1689 1691
f 1690 1691 1692
f 1692 1691 1532
f 1693 1694 1695
f 1695 1694 1696
f 1695 1696 1697
f 1697 1696 1698
f 1697 1698 1699
f 1699 1698 1700
f 1699 1700 1701
f 1701 1700 1531
f 1702 1580 1703
f 1703 1580 1582
f 1703 1582 1704
f 1704 1582 1705
f 1704 1705 1706
f 1706 1705 1707
f 1706 1707 1708
f 1708 1707 1709
f 1708 1709 818
f 1578 1574 1579
f 1579 1574 1576
f 1579 1576 1710
f 1710 1576 1711
f 1710 1711 1712
f 1712 1711 1713
f 1712 1713 1714
f 1714 1713 1715
f 1575 1716 1576
f 1576 1716 1717
f 1576 1717 1711
f 1711 1717 1718
f 1711 1718 1713
f 1713 1718 1719
f 1713 1719 1715
f 1715 1719 1720
f 1716 1721 1717
f 1717 1721 1722
f 1717 1722 1718
f 1718 1722 1723
f 1718 1723 1719
f 1719 1723 1724
f 1719 1724 1720
f 1720 1724 1530
f 1725 1568 1726
f 1726 1568 1570
f 1726 1570 1727
f 1727 1570 1728
f 1727 1728 1729
f 1729 1728 1730
f 1729 1730 1731
f 1731 1730 1529
f 1563 1732 1564
f 1564 1732 1733
f 1564 1733 1734
f 1734 1733 1735
f 1734 1735 1736
f 1736 1735 1737
f 1736 1737 1738
f 1738 1737 1528
f 1560 1739 1561
f 1561 1739 1740
f 1561 1740 1741
f 1741 1740 1742
f 1741 1742 1743
f 1743 1742 1744
f 1743 1744 1745
f 1745 1744 1527
f 1554 1550 1555
f 1555 1550 1552
f 1555 1552 1746
f 1746 1552 1747
f 1746 1747 1748
f 1748 1747 1749
f 1748 1749 1750
f 1750 1749 1526
f 1751 1622 1752
f 1752 1622 1549
f 1752 1549 1753
f 1753 1549 1754
f 1753 1754 1755
f 1755 1754 1756
f 1755 1756 1757
f 1757 1756 1525
f 1545 1541 1546
f 1546 1541 1543
f 1546 1543 1758
f 1758 1543 1759
f 1758 1759 1760
f 1760 1759 1761
f 1760 1761 1762
f 1762 1761 1524
f 1643 1650 1644
f 1644 1650 1763
f 1644 1763 1645
f 1645 1763 1764
f 1645 1764 1646
f 1646 1764 1765
f 1646 1765 1647
f 1647 1765 1766
f 1647 1766 1648
f 854 1650 855
f 855 1650 1649
f 855 1649 856
f 762 856 1767
f 1767 856 1649
f 1767 1649 1768
f 1768 1649 1643
f 1768 1643 1769
f 1769 1643 1637
f 1769 1637 1612
f 1612 1637 1636
f 1612 1636 1613
f 1613 1636 1635
f 1611 1651 1612
f 1612 1651 1653
f 1612 1653 1769
f 1769 1653 1655
f 1769 1655 1768
f 1768 1655 1657
f 1768 1657 1767
f 1767 1657 1659
f 1767 1659 762
f 762 1659 764
f 1537 770 1659
f 1659 770 769
f 1659 769 764
f 849 771 1770
f 1770 771 1537
f 1770 1537 1771
f 1771 1537 1658
f 1771 1658 1772
f 1772 1658 1656
f 1772 1656 1609
f 1609 1656 1654
f 1609 1654 1614
f 1614 1654 1652
f 1608 1604 1609
f 1609 1604 1606
f 1609 1606 1772
f 1772 1606 1662
f 1772 1662 1771
f 1771 1662 1664
f 1771 1664 1770
f 1770 1664 1666
f 1770 1666 849
f 849 1666 850
f 1536 847 1666
f 1666 847 851
f 1666 851 850
f 845 848 1773
f 1773 848 1536
f 1773 1536 1774
f 1774 1536 1665
f 1774 1665 1775
f 1775 1665 1663
f 1775 1663 1776
f 1776 1663 1661
f 1776 1661 1777
f 1777 1661 1660
f 1777 1615 1776
f 1776 1615 1603
f 1776 1603 1775
f 1775 1603 1669
f 1775 1669 1774
f 1774 1669 1671
f 1774 1671 1773
f 1773 1671 1673
f 1773 1673 845
f 845 1673 843
f 1535 840 1673
f 1673 840 842
f 1673 842 843
f 838 839 1778
f 1778 839 1535
f 1778 1535 1779
f 1779 1535 1672
f 1779 1672 1780
f 1780 1672 1670
f 1780 1670 1781
f 1781 1670 1668
f 1781 1668 1782
f 1782 1668 1667
f 1782 1616 1781
f 1781 1616 1600
f 1781 1600 1780
f 1780 1600 1674
f 1780 1674 1779
f 1779 1674 1676
f 1779 1676 1778
f 1778 1676 1678
f 1778 1678 838
f 838 1678 836
f 1534 832 1678
f 1678 832 834
f 1678 834 836
f 826 825 1783
f 1783 825 1534
f 1783 1534 1784
f 1784 1534 1677
f 1784 1677 1785
f 1785 1677 1675
f 1785 1675 1786
f 1786 1675 1597
f 1786 1597 1787
f 1787 1597 1596
f 1787 1679 1786
f 1786 1679 1680
f 1786 1680 1785
f 1785 1680 1681
f 1785 1681 1784
f 1784 1681 1683
f 1784 1683 1783
f 1783 1683 1685
f 1783 1685 826
f 826 1685 828
f 1533 830 1685
f 1685 830 829
f 1685 829 828
f 824 831 1788
f 1788 831 1533
f 1788 1533 1789
f 1789 1533 1684
f 1789 1684 1790
f 1790 1684 1682
f 1790 1682 1791
f 1791 1682 1594
f 1791 1594 1792
f 1792 1594 1593
f 1792 1686 1791
f 1791 1686 1687
f 1791 1687 1790
f 1790 1687 1688
f 1790 1688 1789
f 1789 1688 1690
f 1789 1690 1788
f 1788 1690 1692
f 1788 1692 824
f 824 1692 822
f 1532 819 1692
f 1692 819 821
f 1692 821 822
f 809 808 1793
f 1793 808 1532
f 1793 1532 1794
f 1794 1532 1691
f 1794 1691 1795
f 1795 1691 1689
f 1795 1689 1588
f 1588 1689 1591
f 1588 1591 1586
f 1586 1591 1590
f 1587 1693 1588
f 1588 1693 1695
f 1588 1695 1795
f 1795 1695 1697
f 1795 1697 1794
f 1794 1697 1699
f 1794 1699 1793
f 1793 1699 1701
f 1793 1701 809
f 809 1701 811
f 1531 813 1701
f 1701 813 812
f 1701 812 811
f 817 815 1796
f 1796 815 1531
f 1796 1531 1797
f 1797 1531 1700
f 1797 1700 1798
f 1798 1700 1698
f 1798 1698 1585
f 1585 1698 1696
f 1585 1696 1619
f 1619 1696 1694
f 1584 1702 1585
f 1585 1702 1703
f 1585 1703 1798
f 1798 1703 1704
f 1798 1704 1797
f 1797 1704 1706
f 1797 1706 1796
f 1796 1706 1708
f 1796 1708 817
f 817 1708 818
f 806 805 1709
f 1709 805 804
f 1709 804 818
f 1581 1577 1582
f 1582 1577 1579
f 1582 1579 1705
f 1705 1579 1710
f 1705 1710 1707
f 1707 1710 1712
f 1707 1712 1709
f 1709 1712 1714
f 1709 1714 806
f 806 1714 1715
f 806 1715 807
f 807 1715 1720
f 807 1720 801
f 1530 798 1720
f 1720 798 802
f 1720 802 801
f 796 799 1799
f 1799 799 1530
f 1799 1530 1800
f 1800 1530 1724
f 1800 1724 1801
f 1801 1724 1723
f 1801 1723 1573
f 1573 1723 1722
f 1573 1722 1620
f 1620 1722 1721
f 1572 1725 1573
f 1573 1725 1726
f 1573 1726 1801
f 1801 1726 1727
f 1801 1727 1800
f 1800 1727 1729
f 1800 1729 1799
f 1799 1729 1731
f 1799 1731 796
f 796 1731 794
f 1529 792 1731
f 1731 792 793
f 1731 793 794
f 718 717 1802
f 1802 717 1529
f 1802 1529 1803
f 1803 1529 1730
f 1803 1730 1804
f 1804 1730 1728
f 1804 1728 1567
f 1567 1728 1570
f 1567 1570 1565
f 1565 1570 1569
f 1566 1562 1567
f 1567 1562 1564
f 1567 1564 1804
f 1804 1564 1734
f 1804 1734 1803
f 1803 1734 1736
f 1803 1736 1802
f 1802 1736 1738
f 1802 1738 718
f 718 1738 720
f 1528 727 1738
f 1738 727 728
f 1738 728 720
f 732 722 1805
f 1805 722 1528
f 1805 1528 1806
f 1806 1528 1737
f 1806 1737 1807
f 1807 1737 1735
f 1807 1735 1808
f 1808 1735 1733
f 1808 1733 1809
f 1809 1733 1732
f 1809 1621 1808
f 1808 1621 1561
f 1808 1561 1807
f 1807 1561 1741
f 1807 1741 1806
f 1806 1741 1743
f 1806 1743 1805
f 1805 1743 1745
f 1805 1745 732
f 732 1745 704
f 1527 791 1745
f 1745 791 705
f 1745 705 704
f 787 786 1810
f 1810 786 1527
f 1810 1527 1811
f 1811 1527 1744
f 1811 1744 1812
f 1812 1744 1742
f 1812 1742 1558
f 1558 1742 1740
f 1558 1740 1556
f 1556 1740 1739
f 1557 1553 1558
f 1558 1553 1555
f 1558 1555 1812
f 1812 1555 1746
f 1812 1746 1811
f 1811 1746 1748
f 1811 1748 1810
f 1810 1748 1750
f 1810 1750 787
f 787 1750 789
f 1526 784 1750
f 1750 784 790
f 1750 790 789
f 746 735 1813
f 1813 735 1526
f 1813 1526 1814
f 1814 1526 1749
f 1814 1749 1815
f 1815 1749 1747
f 1815 1747 1816
f 1816 1747 1552
f 1816 1552 1817
f 1817 1552 1551
f 1817 1751 1816
f 1816 1751 1752
f 1816 1752 1815
f 1815 1752 1753
f 1815 1753 1814
f 1814 1753 1755
f 1814 1755 1813
f 1813 1755 1757
f 1813 1757 746
f 746 1757 747
f 1525 744 1757
f 1757 744 742
f 1757 742 747
f 751 750 1818
f 1818 750 1525
f 1818 1525 1819
f 1819 1525 1756
f 1819 1756 1820
f 1820 1756 1754
f 1820 1754 1821
f 1821 1754 1549
f 1821 1549 1822
f 1822 1549 1548
f 1822 1544 1821
f 1821 1544 1546
f 1821 1546 1820
f 1820 1546 1758
f 1820 1758 1819
f 1819 1758 1760
f 1819 1760 1818
f 1818 1760 1762
f 1818 1762 751
f 751 1762 753
f 1524 759 1762
f 1762 759 758
f 1762 758 753
f 781 760 1823
f 1823 760 1524
f 1823 1524 1824
f 1824 1524 1761
f 1824 1761 1825
f 1825 1761 1759
f 1825 1759 1540
f 1540 1759 1543
f 1540 1543 1538
f 1538 1543 1542
f 1539 1629 1540
f 1540 1629 1628
f 1540 1628 1825
f 1825 1628 1642
f 1825 1642 1824
f 1824 1642 1648
f 1824 1648 1823
f 1823 1648 1766
f 1823 1766 781
f 781 1766 782
f 854 853 1650
f 1650 853 852
f 1650 852 1763
f 1763 852 777
f 1763 777 1764
f 1764 777 780
f 1764 780 1765
f 1765 780 779
f 1765 779 1766
f 1766 779 783
f 1766 783 782
f 1826 1827 1828
f 1829 1830 1831
f 1831 1830 1826
f 1831 1826 1832
f 1832 1826 1828
f 1833 1834 1835
f 1835 1834 1836
f 1835 1836 1837
f 1837 1836 1838
f 1837 1838 1827
f 1827 1838 1828
f 1839 1840 1841
f 1842 1843 1844
f 1844 1843 1839
f 1844 1839 1845
f 1845 1839 1841
f 1846 1847 1848
f 1848 1847 1849
f 1848 1849 1850
f 1850 1849 1851
f 1850 1851 1840
f 1840 1851 1841
f 1852 1853 1854
f 1855 1856 1857
f 1857 1856 1852
f 1857 1852 1858
f 1858 1852 1854
f 1859 1860 1861
f 1861 1860 1862
f 1861 1862 1863
f 1863 1862 1864
f 1863 1864 1853
f 1853 1864 1854
f 1865 1866 1867
f 1868 1869 1870
f 1870 1869 1865
f 1870 1865 1871
f 1871 1865 1867
f 939 1872 1873
f 1874 940 1875
f 1875 940 939
f 1875 939 1876
f 1876 939 1873
f 1876 1873 1866
f 1866 1873 1867
f 1877 1878 938
f 1879 1880 937
f 937 1880 1881
f 937 1881 938
f 938 1881 1882
f 938 1882 1877
f 1883 1884 1885
f 1885 1884 1886
f 1885 1886 1887
f 1887 1886 1888
f 1887 1888 1882
f 1882 1888 1877
f 1889 1702 1890
f 1890 1702 1584
f 1890 1584 1891
f 1891 1584 1583
f 1891 1583 1892
f 1892 1583 1619
f 1892 1619 1893
f 1893 1619 1694
f 1893 1694 1894
f 1694 1693 1894
f 1894 1693 1587
f 1894 1587 1895
f 1895 1587 1586
f 1895 1586 1896
f 1896 1586 1590
f 1896 1590 1897
f 1897 1590 1589
f 1897 1589 1898
f 1898 1589 1618
f 1898 1618 1899
f 1618 1686 1899
f 1899 1686 1792
f 1899 1792 1900
f 1900 1792 1593
f 1900 1593 1901
f 1901 1593 1592
f 1901 1592 1902
f 1902 1592 1617
f 1902 1617 1903
f 1903 1617 1679
f 1903 1679 1904
f 1679 1787 1904
f 1904 1787 1596
f 1904 1596 1905
f 1905 1596 1595
f 1905 1595 1906
f 1906 1595 1599
f 1906 1599 1907
f 1907 1599 1598
f 1907 1598 1908
f 1908 1598 1616
f 1908 1616 1909
f 1616 1782 1909
f 1909 1782 1667
f 1909 1667 1910
f 1910 1667 1602
f 1910 1602 1911
f 1911 1602 1601
f 1911 1601 1912
f 1912 1601 1615
f 1912 1615 1913
f 1913 1615 1777
f 1913 1777 1914
f 1777 1660 1914
f 1914 1660 1605
f 1914 1605 1915
f 1915 1605 1604
f 1915 1604 1916
f 1916 1604 1608
f 1916 1608 1917
f 1917 1608 1607
f 1917 1607 1918
f 1918 1607 1614
f 1918 1614 1919
f 1614 1652 1919
f 1919 1652 1651
f 1919 1651 1920
f 1920 1651 1611
f 1920 1611 1921
f 1921 1611 1610
f 1921 1610 1922
f 1922 1610 1613
f 1922 1613 1923
f 1923 1613 1635
f 1923 1635 1924
f 1924 1635 1633
f 1924 1633 1925
f 1925 1633 1631
f 1925 1631 1926
f 1926 1631 1630
f 1926 1630 1927
f 1927 1630 1623
f 1927 1623 1928
f 1928 1623 1625
f 1928 1625 1929
f 1929 1625 1627
f 1929 1627 1930
f 1627 1629 1930
f 1930 1629 1539
f 1930 1539 1931
f 1931 1539 1538
f 1931 1538 1932
f 1932 1538 1542
f 1932 1542 1933
f 1933 1542 1541
f 1933 1541 1934
f 1934 1541 1545
f 1934 1545 1935
f 1545 1544 1935
f 1935 1544 1822
f 1935 1822 1936
f 1936 1822 1548
f 1936 1548 1937
f 1937 1548 1547
f 1937 1547 1938
f 1938 1547 1622
f 1938 1622 1939
f 1939 1622 1751
f 1939 1751 1940
f 1751 1817 1940
f 1940 1817 1551
f 1940 1551 1941
f 1941 1551 1550
f 1941 1550 1942
f 1942 1550 1554
f 1942 1554 1943
f 1943 1554 1553
f 1943 1553 1944
f 1944 1553 1557
f 1944 1557 1945
f 1557 1556 1945
f 1945 1556 1739
f 1945 1739 1946
f 1946 1739 1560
f 1946 1560 1947
f 1947 1560 1559
f 1947 1559 1948
f 1948 1559 1621
f 1948 1621 1949
f 1949 1621 1809
f 1949 1809 1950
f 1809 1732 1950
f 1950 1732 1563
f 1950 1563 1951
f 1951 1563 1562
f 1951 1562 1952
f 1952 1562 1566
f 1952 1566 1953
f 1953 1566 1565
f 1953 1565 1954
f 1954 1565 1569
f 1954 1569 1955
f 1569 1568 1955
f 1955 1568 1725
f 1955 1725 1956
f 1956 1725 1572
f 1956 1572 1957
f 1957 1572 1571
f 1957 1571 1958
f 1958 1571 1620
f 1958 1620 1959
f 1959 1620 1721
f 1959 1721 1960
f 1721 1716 1960
f 1960 1716 1575
f 1960 1575 1961
f 1961 1575 1574
f 1961 1574 1962
f 1962 1574 1578
f 1962 1578 1963
f 1963 1578 1577
f 1963 1577 1964
f 1964 1577 1581
f 1964 1581 1889
f 1889 1581 1580
f 1889 1580 1702
f 1965 1966 1967
f 1967 1966 1522
f 1967 1522 1523
f 1965 1968 1966
f 1966 1968 1969
f 1966 1969 1970
f 1971 1972 1973
f 1973 1972 1970
f 1973 1970 1974
f 1974 1970 1969
f 1971 1975 1972
f 1972 1975 1976
f 1972 1976 1977
f 1977 1976 1978
f 1977 1978 1515
f 1515 1978 1979
f 1515 1979 1516
f 1980 1981 1982
f 1983 1984 1985
f 1986 1987 1988
f 933 935 1989
f 1990 1991 1992
f 1992 1991 1993
f 1992 1993 1994
f 1994 1993 1995
f 1994 1995 1996
f 1996 1995 1879
f 1996 1879 1989
f 1989 1879 937
f 1989 937 933
f 1842 1984 1997
f 1997 1984 1998
f 1999 1985 2000
f 2000 1985 1984
f 2000 1984 1844
f 1844 1984 1842
f 2001 2002 2003
f 2003 2002 2004
f 2003 2004 1998
f 1998 2004 2005
f 1998 2005 1997
f 1829 1981 2006
f 2006 1981 2007
f 2008 1982 2009
f 2009 1982 1981
f 2009 1981 1831
f 1831 1981 1829
f 2010 2011 2012
f 2012 2011 2013
f 2012 2013 2007
f 2007 2013 2014
f 2007 2014 2006
f 2015 2016 2017
f 2017 2016 1855
f 2017 1855 1857
f 2018 2019 2020
f 2020 2019 2021
f 2020 2021 2015
f 2015 2021 2022
f 2015 2022 2016
f 1868 1870 2023
f 2023 1870 2024
f 2025 944 942
f 1868 2023 2026
f 2026 2023 2027
f 2026 2027 942
f 942 2027 2028
f 942 2028 2025
f 2029 2030 2031
f 2032 2033 2034
f 2035 1990 2036
f 2036 1990 1992
f 2036 1992 2037
f 2037 1992 2038
f 2037 2038 2039
f 1985 2029 1983
f 1983 2029 2031
f 1983 2031 2040
f 2040 2031 2041
f 2040 2041 2038
f 2038 2041 2042
f 2038 2042 2039
f 2039 2042 2043
f 2039 2043 2030
f 2030 2043 2044
f 2030 2044 2031
f 2045 2046 2003
f 2003 2046 2047
f 2003 2047 2001
f 2001 2047 2048
f 1982 2032 1980
f 1980 2032 2034
f 1980 2034 2049
f 2049 2034 2050
f 2049 2050 2045
f 2045 2050 2051
f 2045 2051 2046
f 2046 2051 2052
f 2046 2052 2033
f 2033 2052 2053
f 2033 2053 2034
f 2054 2010 2055
f 2055 2010 2012
f 2055 2012 2056
f 2056 2012 2057
f 2056 2057 2058
f 2059 2060 2061
f 2061 2060 2058
f 2061 2058 2062
f 2062 2058 2057
f 2062 2057 2063
f 2063 2057 2064
f 2063 2064 2065
f 1857 1986 2017
f 2017 1986 1988
f 2017 1988 2066
f 2066 1988 2067
f 2066 2067 2064
f 2064 2067 2060
f 2064 2060 2065
f 2065 2060 2059
f 2068 2069 2070
f 2071 2018 2072
f 2072 2018 2020
f 2072 2020 2073
f 2073 2020 2074
f 2073 2074 2075
f 2070 2069 2076
f 2076 2069 2075
f 2076 2075 2077
f 2077 2075 2074
f 2077 2074 2078
f 2078 2074 2079
f 2078 2079 2080
f 2070 2080 2068
f 2068 2080 2079
f 2068 2079 2081
f 2081 2079 2082
f 2024 2083 2023
f 2023 2083 2084
f 2023 2084 2082
f 2082 2084 2085
f 2082 2085 2081
f 2011 1834 2013
f 2013 1834 2014
f 1834 1833 2014
f 2014 1833 1830
f 2014 1830 2006
f 2006 1830 1829
f 1832 1828 1836
f 1836 1828 1838
f 2002 1847 2004
f 2004 1847 2005
f 1847 1846 2005
f 2005 1846 1843
f 2005 1843 1997
f 1997 1843 1842
f 1845 1841 1849
f 1849 1841 1851
f 2019 1860 2021
f 2021 1860 2022
f 1860 1859 2022
f 2022 1859 1856
f 2022 1856 2016
f 2016 1856 1855
f 1858 1854 1862
f 1862 1854 1864
f 2026 942 940
f 940 1874 2026
f 2026 1874 1869
f 2026 1869 1868
f 1871 1867 1872
f 1872 1867 1873
f 1993 1991 1884
f 1880 1879 1995
f 1993 1884 1995
f 1995 1884 1883
f 1995 1883 1880
f 1878 1877 1886
f 1886 1877 1888
f 1887 1882 1885
f 1885 1882 1881
f 1883 1885 1880
f 1880 1885 1881
f 1876 1866 1875
f 1875 1866 1865
f 1874 1875 1869
f 1869 1875 1865
f 1863 1853 1861
f 1861 1853 1852
f 1859 1861 1856
f 1856 1861 1852
f 1850 1840 1848
f 1848 1840 1839
f 1846 1848 1843
f 1843 1848 1839
f 1837 1827 1835
f 1835 1827 1826
f 1833 1835 1830
f 1830 1835 1826
f 2066 2086 2017
f 2017 2086 2087
f 2017 2087 2015
f 2088 2028 2027
f 1992 2089 2038
f 2038 2089 2090
f 2038 2090 2040
f 2066 2064 2086
f 2086 2064 2057
f 2086 2057 2091
f 2092 2023 2082
f 2092 2082 2093
f 2094 2095 2096
f 2096 2095 2088
f 2096 2088 2092
f 2092 2088 2027
f 2092 2027 2023
f 1994 1996 2094
f 2003 2097 2098
f 2082 2079 2093
f 2093 2079 2074
f 2093 2074 2087
f 2087 2074 2020
f 2087 2020 2015
f 1992 1994 2089
f 2089 1994 2094
f 2089 2094 2099
f 2099 2094 2096
f 2003 1998 2097
f 2097 1998 1984
f 2097 1984 2090
f 2090 1984 1983
f 2090 1983 2040
f 1981 2100 2007
f 2007 2100 2091
f 2007 2091 2012
f 2012 2091 2057
f 1981 1980 2100
f 2100 1980 2049
f 2100 2049 2098
f 2098 2049 2045
f 2098 2045 2003
f 1356 2101 731
f 731 2101 706
f 706 2101 723
f 723 2101 2102
f 723 2102 724
f 724 2102 2103
f 724 2103 725
f 725 2103 1005
f 725 1005 726
f 2101 1356 1358
f 2104 2105 2106
f 2102 2101 2105
f 2104 2106 2107
f 2107 2106 2108
f 2107 2108 2109
f 2109 2108 2110
f 2109 2110 2111
f 2111 2110 2112
f 2111 2112 2113
f 2113 2112 2114
f 2113 2114 2115
f 2115 2114 2116
f 2115 2116 2117
f 2117 2116 2118
f 2117 2118 2119
f 2119 2118 2120
f 2119 2120 2121
f 2121 2120 2122
f 2121 2122 2123
f 2123 2122 2124
f 2123 2124 2125
f 2125 2124 2126
f 2125 2126 2127
f 2127 2126 2128
f 2127 2128 2129
f 2129 2128 2130
f 2129 2130 2131
f 2131 2130 2132
f 2131 2132 2133
f 2133 2132 2134
f 2133 2134 2135
f 1004 1005 2136
f 2136 1005 2103
f 2105 2104 2102
f 2102 2104 2137
f 2102 2137 2103
f 2103 2137 2138
f 2103 2138 2136
f 2101 1358 2105
f 2105 1358 1360
f 2105 1360 2106
f 2106 1360 1362
f 2106 1362 2108
f 2108 1362 1364
f 2108 1364 2110
f 2110 1364 1366
f 2110 1366 2112
f 2112 1366 1368
f 2112 1368 2114
f 2114 1368 1370
f 2114 1370 2116
f 2116 1370 1372
f 2116 1372 2118
f 2118 1372 1374
f 2118 1374 2120
f 2120 1374 1376
f 2120 1376 2122
f 2122 1376 1378
f 2122 1378 2124
f 2124 1378 1380
f 2124 1380 2126
f 2126 1380 1382
f 2126 1382 2128
f 2128 1382 1384
f 2128 1384 2130
f 2130 1384 1386
f 2130 1386 2132
f 2132 1386 1388
f 2132 1388 2134
f 2139 2140 2141
f 2141 2140 2142
f 2141 2142 1086
f 1086 2142 2143
f 1086 2143 1087
f 2139 2141 2144
f 2144 2141 2145
f 2144 2145 2146
f 1357 929 2145
f 2145 929 2147
f 2145 2147 2146
f 1148 2148 2149
f 2148 2150 2151
f 2150 1389 1387
f 2150 1387 2151
f 2151 1387 1385
f 2151 1385 2152
f 2152 1385 1383
f 2152 1383 2153
f 2153 1383 1381
f 2153 1381 2154
f 2154 1381 1379
f 2154 1379 2155
f 2155 1379 1377
f 2155 1377 2156
f 2156 1377 1375
f 2156 1375 2157
f 2157 1375 1373
f 2157 1373 2158
f 2158 1373 1371
f 2158 1371 2159
f 2159 1371 1369
f 2159 1369 2160
f 2160 1369 1367
f 2160 1367 2161
f 2161 1367 1365
f 2161 1365 2162
f 2162 1365 1363
f 2162 1363 2163
f 2163 1363 1361
f 2163 1361 2164
f 2164 1361 1359
f 2164 1359 2165
f 2165 1359 1357
f 2165 1357 2145
f 2148 2151 2149
f 2149 2151 2152
f 2149 2152 2166
f 2166 2152 2153
f 2166 2153 2167
f 2167 2153 2154
f 2167 2154 2168
f 2168 2154 2155
f 2168 2155 2169
f 2169 2155 2156
f 2169 2156 2170
f 2170 2156 2157
f 2170 2157 2171
f 2171 2157 2158
f 2171 2158 2172
f 2172 2158 2159
f 2172 2159 2173
f 2173 2159 2160
f 2173 2160 2174
f 2174 2160 2161
f 2174 2161 2175
f 2175 2161 2162
f 2175 2162 2176
f 2176 2162 2163
f 2176 2163 2177
f 2177 2163 2164
f 2177 2164 2178
f 2178 2164 2165
f 2178 2165 2179
f 2179 2165 2145
f 2179 2145 2141
f 1148 2149 1149
f 1149 2149 2166
f 1149 2166 1150
f 1150 2166 2167
f 1150 2167 1135
f 1135 2167 2168
f 1135 2168 1134
f 1134 2168 2169
f 1134 2169 1131
f 1131 2169 2170
f 1131 2170 1129
f 1129 2170 2171
f 1129 2171 1128
f 1128 2171 2172
f 1128 2172 1126
f 1126 2172 2173
f 1126 2173 1124
f 1124 2173 2174
f 1124 2174 1122
f 1122 2174 2175
f 1122 2175 1116
f 1116 2175 2176
f 1116 2176 1117
f 1117 2176 2177
f 1117 2177 1119
f 1119 2177 2178
f 1119 2178 1120
f 1120 2178 2179
f 1120 2179 1121
f 1121 2179 2141
f 1121 2141 1086
f 2180 2135 2134
f 1009 1007 2181
f 2181 1007 2182
f 2181 2182 2183
f 2183 2182 2184
f 2183 2184 2185
f 2185 2184 2186
f 2186 2184 2180
f 2186 2180 2187
f 1388 908 2134
f 2134 908 2188
f 2188 2189 2134
f 2134 2189 2190
f 2134 2190 2180
f 2180 2190 2191
f 2180 2191 2187
f 2144 2146 2192
f 2192 2146 2147
f 2142 2140 2193
f 2193 2140 2139
f 2193 2139 2144
f 2142 1110 2143
f 2143 1110 1087
f 2147 929 2192
f 2192 929 931
f 2192 931 2194
f 2194 931 932
f 2194 932 2195
f 2195 932 927
f 2195 927 2196
f 2196 927 926
f 2196 926 2197
f 2197 926 924
f 2197 924 2198
f 2198 924 923
f 2198 923 2199
f 2199 923 922
f 2199 922 2200
f 2200 922 920
f 2200 920 2201
f 2201 920 919
f 2201 919 2202
f 2202 919 918
f 2202 918 2203
f 2144 2192 2193
f 2193 2192 2194
f 2193 2194 2204
f 2204 2194 2195
f 2204 2195 2205
f 2205 2195 2196
f 2205 2196 2206
f 2206 2196 2197
f 2206 2197 2207
f 2207 2197 2198
f 2207 2198 2208
f 2208 2198 2199
f 2208 2199 2209
f 2209 2199 2200
f 2209 2200 2210
f 2210 2200 2201
f 2210 2201 2211
f 2211 2201 2202
f 2211 2202 2212
f 2212 2202 2203
f 2212 2203 2213
f 2142 2193 1110
f 1110 2193 2204
f 1110 2204 1112
f 1112 2204 2205
f 1112 2205 1114
f 1114 2205 2206
f 1114 2206 1115
f 1115 2206 2207
f 1115 2207 1103
f 1103 2207 2208
f 1103 2208 1105
f 1105 2208 2209
f 1105 2209 1088
f 1088 2209 2210
f 1088 2210 1089
f 1089 2210 2211
f 1089 2211 1099
f 1099 2211 2212
f 1099 2212 1097
f 1097 2212 2213
f 1097 2213 1091
f 1395 1389 2150
f 1395 2150 2214
f 2214 2150 2148
f 2214 2148 2215
f 2215 2148 1148
f 2215 1148 1138
f 914 701 739
f 912 914 2216
f 908 2217 2188
f 2188 2217 2218
f 2188 2218 2189
f 2219 2220 2221
f 2221 2220 2222
f 2221 2222 2223
f 2223 2222 2224
f 2223 2224 2225
f 2225 2224 2226
f 2225 2226 2227
f 2227 2226 2228
f 2227 2228 2229
f 2229 2228 2230
f 2229 2230 2216
f 2216 2230 2231
f 2216 2231 912
f 912 2231 910
f 914 739 2216
f 2216 739 734
f 2216 734 2229
f 2229 734 733
f 2229 733 2227
f 2227 733 738
f 2227 738 2225
f 2225 738 737
f 2225 737 2223
f 2223 737 736
f 2223 736 2221
f 2221 736 748
f 2221 748 2219
f 2219 748 749
f 2219 749 741
f 908 910 2217
f 2217 910 2231
f 2217 2231 2218
f 2218 2231 2230
f 2218 2230 2232
f 2232 2230 2228
f 2232 2228 2233
f 2233 2228 2226
f 2233 2226 2234
f 2234 2226 2224
f 2234 2224 2235
f 2235 2224 2222
f 2235 2222 2236
f 2236 2222 2220
f 2236 2220 2237
f 2237 2220 2238
f 2238 2220 2219
f 2238 2219 2239
f 2239 2219 741
f 2239 741 740
f 740 1063 2239
f 2239 1063 1061
f 2239 1061 2238
f 2238 1061 1059
f 2238 1059 2237
f 2237 1059 1057
f 2237 1057 1055
f 2189 2218 2190
f 2190 2218 2232
f 2190 2232 2191
f 2191 2232 2233
f 2191 2233 2187
f 2187 2233 2234
f 2187 2234 2186
f 2186 2234 2235
f 2186 2235 2185
f 2185 2235 2236
f 2185 2236 2183
f 2183 2236 2237
f 2183 2237 2181
f 2181 2237 1055
f 2181 1055 1009
f 1091 2213 2240
f 2213 2203 2241
f 2203 918 2242
f 2203 2242 2241
f 2241 2242 2243
f 2241 2243 2244
f 2244 2243 2245
f 2244 2245 2246
f 2246 2245 1395
f 2246 1395 2214
f 2213 2241 2240
f 2240 2241 2244
f 2240 2244 2247
f 2247 2244 2246
f 2247 2246 2248
f 2248 2246 2214
f 2248 2214 2215
f 1091 2240 1092
f 1092 2240 2247
f 1092 2247 1095
f 1095 2247 2248
f 1095 2248 1137
f 1137 2248 2215
f 1137 2215 1138
f 1394 1395 2249
f 2249 1395 2245
f 2249 2245 2250
f 2250 2245 2243
f 2250 2243 2251
f 2251 2243 2242
f 2251 2242 917
f 917 2242 918
f 1183 2252 1185
f 1185 2252 2253
f 1185 2253 1187
f 1187 2253 2254
f 1187 2254 1189
f 1189 2254 2255
f 1189 2255 1191
f 1191 2255 2256
f 1191 2256 1192
f 1192 2256 2257
f 1192 2257 1174
f 1174 2257 2258
f 1174 2258 1171
f 1171 2258 2259
f 1171 2259 1169
f 1169 2259 2260
f 1169 2260 1141
f 1141 2260 2261
f 1141 2261 1139
f 1139 2261 2262
f 1139 2262 1096
f 1096 2262 2263
f 1096 2263 1094
f 1094 2263 2264
f 1094 2264 1093
f 1093 2264 2265
f 1093 2265 1098
f 1098 2265 2266
f 1098 2266 1100
f 1100 2266 2267
f 1100 2267 1101
f 1101 2267 2268
f 1101 2268 1090
f 1090 2268 2269
f 1090 2269 1106
f 1106 2269 2270
f 1106 2270 1104
f 1104 2270 2271
f 1104 2271 1102
f 1102 2271 2272
f 1102 2272 1113
f 1113 2272 2273
f 1113 2273 1111
f 1111 2273 2274
f 1111 2274 1109
f 1109 2274 2275
f 1109 2275 1108
f 1108 2275 2276
f 1108 2276 1107
f 1107 2276 2277
f 1107 2277 1335
f 1335 2277 2278
f 1335 2278 1336
f 1336 2278 2279
f 1336 2279 1337
f 1337 2279 2280
f 1337 2280 1339
f 1339 2280 2281
f 1339 2281 1341
f 1341 2281 2282
f 1341 2282 1342
f 1342 2282 2283
f 1342 2283 1331
f 1331 2283 2284
f 1331 2284 1333
f 1333 2284 2285
f 1333 2285 1334
f 1334 2285 2286
f 1334 2286 1302
f 1302 2286 2287
f 1302 2287 1304
f 1304 2287 2288
f 1304 2288 1352
f 1352 2288 2289
f 1352 2289 1353
f 1353 2289 2290
f 1353 2290 1354
f 1354 2290 2291
f 1354 2291 1355
f 1355 2291 2292
f 1355 2292 1351
f 1351 2292 2293
f 1351 2293 1068
f 1068 2293 2294
f 1068 2294 1069
f 1069 2294 2295
f 1069 2295 1295
f 1295 2295 2296
f 1295 2296 1293
f 1293 2296 2297
f 1293 2297 1291
f 1291 2297 2298
f 1291 2298 1289
f 1289 2298 2299
f 1289 2299 1288
f 1288 2299 2300
f 1288 2300 1248
f 1248 2300 2301
f 1248 2301 1249
f 1249 2301 2302
f 1249 2302 1258
f 1258 2302 2303
f 1258 2303 1260
f 1260 2303 2304
f 1260 2304 1262
f 1262 2304 2305
f 1262 2305 1350
f 1350 2305 2306
f 1350 2306 1238
f 1238 2306 2307
f 1238 2307 1239
f 1239 2307 2308
f 1239 2308 1241
f 1241 2308 2309
f 1241 2309 1243
f 1243 2309 2310
f 1243 2310 1244
f 1244 2310 2311
f 1244 2311 1073
f 1073 2311 2312
f 1073 2312 1071
f 1071 2312 2313
f 1071 2313 1221
f 1221 2313 2314
f 1221 2314 1220
f 1220 2314 2315
f 1220 2315 1218
f 1218 2315 2316
f 1218 2316 1216
f 1216 2316 2317
f 1216 2317 1214
f 1214 2317 2318
f 1214 2318 1212
f 1212 2318 2319
f 1212 2319 1210
f 1210 2319 2320
f 1210 2320 1208
f 1208 2320 2321
f 1208 2321 1206
f 1206 2321 2322
f 1206 2322 1343
f 1343 2322 2323
f 1343 2323 1344
f 1344 2323 2324
f 1344 2324 1177
f 1177 2324 2325
f 1177 2325 1179
f 1179 2325 2326
f 1179 2326 1181
f 1181 2326 2327
f 1181 2327 1183
f 1183 2327 2252
f 2327 2328 2252
f 2252 2328 2329
f 2252 2329 2253
f 2253 2329 2330
f 2253 2330 2254
f 2254 2330 2331
f 2254 2331 2255
f 2255 2331 2332
f 2255 2332 2256
f 2256 2332 2333
f 2256 2333 2257
f 2257 2333 2334
f 2257 2334 2258
f 2258 2334 2335
f 2258 2335 2259
f 2259 2335 2336
f 2259 2336 2260
f 2260 2336 2337
f 2260 2337 2261
f 2261 2337 2338
f 2261 2338 2262
f 2262 2338 2339
f 2262 2339 2263
f 2263 2339 2340
f 2263 2340 2264
f 2264 2340 2341
f 2264 2341 2265
f 2265 2341 2342
f 2265 2342 2266
f 2266 2342 2343
f 2266 2343 2267
f 2267 2343 2344
f 2267 2344 2268
f 2268 2344 2345
f 2268 2345 2269
f 2269 2345 2346
f 2269 2346 2270
f 2270 2346 2347
f 2270 2347 2271
f 2271 2347 2348
f 2271 2348 2272
f 2272 2348 2349
f 2272 2349 2273
f 2273 2349 2350
f 2273 2350 2274
f 2274 2350 2351
f 2274 2351 2275
f 2275 2351 2352
f 2275 2352 2276
f 2276 2352 2353
f 2276 2353 2277
f 2277 2353 2354
f 2277 2354 2278
f 2278 2354 2355
f 2278 2355 2279
f 2279 2355 2356
f 2279 2356 2280
f 2280 2356 2357
f 2280 2357 2281
f 2281 2357 2358
f 2281 2358 2282
f 2282 2358 2359
f 2282 2359 2283
f 2283 2359 2360
f 2283 2360 2284
f 2284 2360 2361
f 2284 2361 2285
f 2285 2361 2362
f 2285 2362 2286
f 2286 2362 2363
f 2286 2363 2287
f 2287 2363 2364
f 2287 2364 2288
f 2288 2364 2365
f 2288 2365 2289
f 2289 2365 2366
f 2289 2366 2290
f 2290 2366 2367
f 2290 2367 2291
f 2291 2367 2368
f 2291 2368 2292
f 2292 2368 2369
f 2292 2369 2293
f 2293 2369 2370
f 2293 2370 2294
f 2294 2370 2371
f 2294 2371 2295
f 2295 2371 2372
f 2295 2372 2296
f 2296 2372 2373
f 2296 2373 2297
f 2297 2373 2374
f 2297 2374 2298
f 2298 2374 2375
f 2298 2375 2299
f 2299 2375 2376
f 2299 2376 2300
f 2300 2376 2377
f 2300 2377 2301
f 2301 2377 2378
f 2301 2378 2302
f 2302 2378 2379
f 2302 2379 2303
f 2303 2379 2380
f 2303 2380 2304
f 2304 2380 2381
f 2304 2381 2305
f 2305 2381 2382
f 2305 2382 2306
f 2306 2382 2383
f 2306 2383 2307
f 2307 2383 2384
f 2307 2384 2308
f 2308 2384 2385
f 2308 2385 2309
f 2309 2385 2386
f 2309 2386 2310
f 2310 2386 2387
f 2310 2387 2311
f 2311 2387 2388
f 2311 2388 2312
f 2312 2388 2389
f 2312 2389 2313
f 2313 2389 2390
f 2313 2390 2314
f 2314 2390 2391
f 2314 2391 2315
f 2315 2391 2392
f 2315 2392 2316
f 2316 2392 2393
f 2316 2393 2317
f 2317 2393 2394
f 2317 2394 2318
f 2318 2394 2395
f 2318 2395 2319
f 2319 2395 2396
f 2319 2396 2320
f 2320 2396 2397
f 2320 2397 2321
f 2321 2397 2398
f 2321 2398 2322
f 2322 2398 2399
f 2322 2399 2323
f 2323 2399 2400
f 2323 2400 2324
f 2324 2400 2401
f 2324 2401 2325
f 2325 2401 2402
f 2325 2402 2326
f 2326 2402 2403
f 2326 2403 2327
f 2327 2403 2328
f 2403 1926 2328
f 2328 1926 1927
f 2328 1927 2329
f 2329 1927 1928
f 2329 1928 2330
f 2330 1928 1929
f 2330 1929 2331
f 2331 1929 1930
f 2331 1930 2332
f 2332 1930 1931
f 2332 1931 2333
f 2333 1931 1932
f 2333 1932 2334
f 2334 1932 1933
f 2334 1933 2335
f 2335 1933 1934
f 2335 1934 2336
f 2336 1934 1935
f 2336 1935 2337
f 2337 1935 1936
f 2337 1936 2338
f 2338 1936 1937
f 2338 1937 2339
f 2339 1937 1938
f 2339 1938 2340
f 2340 1938 1939
f 2340 1939 2341
f 2341 1939 1940
f 2341 1940 2342
f 2342 1940 1941
f 2342 1941 2343
f 2343 1941 1942
f 2343 1942 2344
f 2344 1942 1943
f 2344 1943 2345
f 2345 1943 1944
f 2345 1944 2346
f 2346 1944 1945
f 2346 1945 2347
f 2347 1945 1946
f 2347 1946 2348
f 2348 1946 1947
f 2348 1947 2349
f 2349 1947 1948
f 2349 1948 2350
f 2350 1948 1949
f 2350 1949 2351
f 2351 1949 1950
f 2351 1950 2352
f 2352 1950 1951
f 2352 1951 2353
f 2353 1951 1952
f 2353 1952 2354
f 2354 1952 1953
f 2354 1953 2355
f 2355 1953 1954
f 2355 1954 2356
f 2356 1954 1955
f 2356 1955 2357
f 2357 1955 1956
f 2357 1956 2358
f 2358 1956 1957
f 2358 1957 2359
f 2359 1957 1958
f 2359 1958 2360
f 2360 1958 1959
f 2360 1959 2361
f 2361 1959 1960
f 2361 1960 2362
f 2362 1960 1961
f 2362 1961 2363
f 2363 1961 1962
f 2363 1962 2364
f 2364 1962 1963
f 2364 1963 2365
f 2365 1963 1964
f 2365 1964 2366
f 2366 1964 1889
f 2366 1889 2367
f 2367 1889 1890
f 2367 1890 2368
f 2368 1890 1891
f 2368 1891 2369
f 2369 1891 1892
f 2369 1892 2370
f 2370 1892 1893
f 2370 1893 2371
f 2371 1893 1894
f 2371 1894 2372
f 2372 1894 1895
f 2372 1895 2373
f 2373 1895 1896
f 2373 1896 2374
f 2374 1896 1897
f 2374 1897 2375
f 2375 1897 1898
f 2375 1898 2376
f 2376 1898 1899
f 2376 1899 2377
f 2377 1899 1900
f 2377 1900 2378
f 2378 1900 1901
f 2378 1901 2379
f 2379 1901 1902
f 2379 1902 2380
f 2380 1902 1903
f 2380 1903 2381
f 2381 1903 1904
f 2381 1904 2382
f 2382 1904 1905
f 2382 1905 2383
f 2383 1905 1906
f 2383 1906 2384
f 2384 1906 1907
f 2384 1907 2385
f 2385 1907 1908
f 2385 1908 2386
f 2386 1908 1909
f 2386 1909 2387
f 2387 1909 1910
f 2387 1910 2388
f 2388 1910 1911
f 2388 1911 2389
f 2389 1911 1912
f 2389 1912 2390
f 2390 1912 1913
f 2390 1913 2391
f 2391 1913 1914
f 2391 1914 2392
f 2392 1914 1915
f 2392 1915 2393
f 2393 1915 1916
f 2393 1916 2394
f 2394 1916 1917
f 2394 1917 2395
f 2395 1917 1918
f 2395 1918 2396
f 2396 1918 1919
f 2396 1919 2397
f 2397 1919 1920
f 2397 1920 2398
f 2398 1920 1921
f 2398 1921 2399
f 2399 1921 1922
f 2399 1922 2400
f 2400 1922 1923
f 2400 1923 2401
f 2401 1923 1924
f 2401 1924 2402
f 2402 1924 1925
f 2402 1925 2403
f 2403 1925 1926
f 2404 2405 2406
f 2407 1168 1167
f 2406 2405 1167
f 1167 2405 2408
f 1167 2408 2407
f 2409 1399 907
f 907 2410 2409
f 2409 2410 2411
f 2409 2411 2406
f 2406 2411 2412
f 2406 2412 2404
f 1348 2413 2414
f 2413 2415 2416
f 2415 1418 1420
f 2415 1420 2416
f 2416 1420 1421
f 2416 1421 2417
f 2417 1421 1416
f 2417 1416 2418
f 2418 1416 1415
f 2418 1415 2419
f 2419 1415 1413
f 2419 1413 2420
f 2420 1413 1412
f 2420 1412 2421
f 2421 1412 1410
f 2421 1410 2422
f 2422 1410 1409
f 2422 1409 2423
f 2423 1409 1407
f 2423 1407 2424
f 2424 1407 1406
f 2424 1406 2425
f 2425 1406 1404
f 2425 1404 2426
f 2426 1404 1403
f 2426 1403 2427
f 2427 1403 1401
f 2427 1401 2428
f 2428 1401 1400
f 2428 1400 2429
f 2429 1400 1398
f 2429 1398 2430
f 2430 1398 1399
f 2430 1399 2409
f 2413 2416 2414
f 2414 2416 2417
f 2414 2417 2431
f 2431 2417 2418
f 2431 2418 2432
f 2432 2418 2419
f 2432 2419 2433
f 2433 2419 2420
f 2433 2420 2434
f 2434 2420 2421
f 2434 2421 2435
f 2435 2421 2422
f 2435 2422 2436
f 2436 2422 2423
f 2436 2423 2437
f 2437 2423 2424
f 2437 2424 2438
f 2438 2424 2425
f 2438 2425 2439
f 2439 2425 2426
f 2439 2426 2440
f 2440 2426 2427
f 2440 2427 2441
f 2441 2427 2428
f 2441 2428 2442
f 2442 2428 2429
f 2442 2429 2443
f 2443 2429 2430
f 2443 2430 2444
f 2444 2430 2409
f 2444 2409 2406
f 1348 2414 1349
f 1349 2414 2431
f 1349 2431 1165
f 1165 2431 2432
f 1165 2432 1163
f 1163 2432 2433
f 1163 2433 1145
f 1145 2433 2434
f 1145 2434 1146
f 1146 2434 2435
f 1146 2435 1144
f 1144 2435 2436
f 1144 2436 1152
f 1152 2436 2437
f 1152 2437 1153
f 1153 2437 2438
f 1153 2438 1155
f 1155 2438 2439
f 1155 2439 1157
f 1157 2439 2440
f 1157 2440 1159
f 1159 2440 2441
f 1159 2441 1160
f 1160 2441 2442
f 1160 2442 1161
f 1161 2442 2443
f 1161 2443 1162
f 1162 2443 2444
f 1162 2444 1166
f 1166 2444 2406
f 1166 2406 1167
f 2445 2446 1178
f 1178 2446 2447
f 1178 2447 1176
f 2448 2449 2450
f 2450 2449 2451
f 2450 2451 2445
f 2452 2411 2410
f 2412 2453 2404
f 2404 2453 2405
f 2408 1170 2407
f 2407 1170 1168
f 2410 907 2452
f 2452 907 906
f 2452 906 2454
f 2454 906 904
f 2454 904 2455
f 2455 904 902
f 2455 902 2456
f 2456 902 901
f 2456 901 2457
f 2457 901 899
f 2457 899 2458
f 2458 899 898
f 2458 898 2459
f 2459 898 896
f 2459 896 2460
f 2460 896 895
f 2460 895 2461
f 2461 895 894
f 2461 894 2462
f 2462 894 892
f 2462 892 2463
f 2463 892 2464
f 2463 2464 2448
f 2448 2450 2463
f 2463 2450 2465
f 2463 2465 2462
f 2462 2465 2466
f 2462 2466 2461
f 2461 2466 2467
f 2461 2467 2460
f 2460 2467 2468
f 2460 2468 2459
f 2459 2468 2469
f 2459 2469 2458
f 2458 2469 2470
f 2458 2470 2457
f 2457 2470 2471
f 2457 2471 2456
f 2456 2471 2472
f 2456 2472 2455
f 2455 2472 2473
f 2455 2473 2454
f 2454 2473 2453
f 2454 2453 2452
f 2452 2453 2412
f 2452 2412 2411
f 2445 1178 2450
f 2450 1178 1180
f 2450 1180 2465
f 2465 1180 1182
f 2465 1182 2466
f 2466 1182 1184
f 2466 1184 2467
f 2467 1184 1186
f 2467 1186 2468
f 2468 1186 1188
f 2468 1188 2469
f 2469 1188 1190
f 2469 1190 2470
f 2470 1190 1175
f 2470 1175 2471
f 2471 1175 1173
f 2471 1173 2472
f 2472 1173 1172
f 2472 1172 2473
f 2473 1172 1170
f 2473 1170 2453
f 2453 1170 2408
f 2453 2408 2405
f 892 1418 2464
f 2464 1418 2415
f 2464 2415 2448
f 2448 2415 2449
f 2449 2415 2413
f 2449 2413 2451
f 1176 2447 1348
f 1348 2447 2446
f 1348 2446 2413
f 2413 2446 2445
f 2413 2445 2451
f 2474 2475 2476
f 2476 2475 2477
f 2476 2477 1205
f 1205 2477 2478
f 1205 2478 1207
f 2474 2476 2479
f 2479 2476 2480
f 2479 2480 2481
f 1430 887 2480
f 2480 887 2482
f 2480 2482 2481
f 1237 2483 2484
f 2483 2485 2486
f 2485 1449 1451
f 2485 1451 2486
f 2486 1451 1452
f 2486 1452 2487
f 2487 1452 1447
f 2487 1447 2488
f 2488 1447 1446
f 2488 1446 2489
f 2489 1446 1444
f 2489 1444 2490
f 2490 1444 1443
f 2490 1443 2491
f 2491 1443 1441
f 2491 1441 2492
f 2492 1441 1440
f 2492 1440 2493
f 2493 1440 1438
f 2493 1438 2494
f 2494 1438 1437
f 2494 1437 2495
f 2495 1437 1435
f 2495 1435 2496
f 2496 1435 1434
f 2496 1434 2497
f 2497 1434 1432
f 2497 1432 2498
f 2498 1432 1431
f 2498 1431 2499
f 2499 1431 1429
f 2499 1429 2500
f 2500 1429 1430
f 2500 1430 2480
f 2483 2486 2484
f 2484 2486 2487
f 2484 2487 2501
f 2501 2487 2488
f 2501 2488 2502
f 2502 2488 2489
f 2502 2489 2503
f 2503 2489 2490
f 2503 2490 2504
f 2504 2490 2491
f 2504 2491 2505
f 2505 2491 2492
f 2505 2492 2506
f 2506 2492 2493
f 2506 2493 2507
f 2507 2493 2494
f 2507 2494 2508
f 2508 2494 2495
f 2508 2495 2509
f 2509 2495 2496
f 2509 2496 2510
f 2510 2496 2497
f 2510 2497 2511
f 2511 2497 2498
f 2511 2498 2512
f 2512 2498 2499
f 2512 2499 2513
f 2513 2499 2500
f 2513 2500 2514
f 2514 2500 2480
f 2514 2480 2476
f 1237 2484 1235
f 1235 2484 2501
f 1235 2501 1229
f 1229 2501 2502
f 1229 2502 1230
f 1230 2502 2503
f 1230 2503 1232
f 1232 2503 2504
f 1232 2504 1233
f 1233 2504 2505
f 1233 2505 1228
f 1228 2505 2506
f 1228 2506 1226
f 1226 2506 2507
f 1226 2507 1224
f 1224 2507 2508
f 1224 2508 1222
f 1222 2508 2509
f 1222 2509 1196
f 1196 2509 2510
f 1196 2510 1195
f 1195 2510 2511
f 1195 2511 1193
f 1193 2511 2512
f 1193 2512 1194
f 1194 2512 2513
f 1194 2513 1202
f 1202 2513 2514
f 1202 2514 1203
f 1203 2514 2476
f 1203 2476 1205
f 2515 2516 1201
f 1201 2516 2517
f 1201 2517 1242
f 2518 2519 2520
f 2520 2519 2521
f 2520 2521 2515
f 2522 2481 2482
f 2479 2523 2474
f 2474 2523 2475
f 2477 1209 2478
f 2478 1209 1207
f 2482 887 2522
f 2522 887 889
f 2522 889 2524
f 2524 889 890
f 2524 890 2525
f 2525 890 885
f 2525 885 2526
f 2526 885 884
f 2526 884 2527
f 2527 884 883
f 2527 883 2528
f 2528 883 881
f 2528 881 2529
f 2529 881 880
f 2529 880 2530
f 2530 880 878
f 2530 878 2531
f 2531 878 877
f 2531 877 2532
f 2532 877 876
f 2532 876 2533
f 2533 876 2534
f 2533 2534 2518
f 2518 2520 2533
f 2533 2520 2535
f 2533 2535 2532
f 2532 2535 2536
f 2532 2536 2531
f 2531 2536 2537
f 2531 2537 2530
f 2530 2537 2538
f 2530 2538 2529
f 2529 2538 2539
f 2529 2539 2528
f 2528 2539 2540
f 2528 2540 2527
f 2527 2540 2541
f 2527 2541 2526
f 2526 2541 2542
f 2526 2542 2525
f 2525 2542 2543
f 2525 2543 2524
f 2524 2543 2523
f 2524 2523 2522
f 2522 2523 2479
f 2522 2479 2481
f 2515 1201 2520
f 2520 1201 1200
f 2520 1200 2535
f 2535 1200 1199
f 2535 1199 2536
f 2536 1199 1198
f 2536 1198 2537
f 2537 1198 1197
f 2537 1197 2538
f 2538 1197 1219
f 2538 1219 2539
f 2539 1219 1217
f 2539 1217 2540
f 2540 1217 1215
f 2540 1215 2541
f 2541 1215 1213
f 2541 1213 2542
f 2542 1213 1211
f 2542 1211 2543
f 2543 1211 1209
f 2543 1209 2523
f 2523 1209 2477
f 2523 2477 2475
f 876 1449 2534
f 2534 1449 2485
f 2534 2485 2518
f 2518 2485 2519
f 2519 2485 2483
f 2519 2483 2521
f 1242 2517 1237
f 1237 2517 2516
f 1237 2516 2483
f 2483 2516 2515
f 2483 2515 2521
f 2544 2545 2546
f 2546 2545 2547
f 2546 2547 1245
f 1245 2547 2548
f 1245 2548 1246
f 2544 2546 2549
f 2549 2546 2550
f 2549 2550 2551
f 1461 873 2550
f 2550 873 2552
f 2550 2552 2551
f 1266 2553 2554
f 2553 2555 2556
f 2555 1480 1482
f 2555 1482 2556
f 2556 1482 1483
f 2556 1483 2557
f 2557 1483 1478
f 2557 1478 2558
f 2558 1478 1477
f 2558 1477 2559
f 2559 1477 1475
f 2559 1475 2560
f 2560 1475 1474
f 2560 1474 2561
f 2561 1474 1472
f 2561 1472 2562
f 2562 1472 1471
f 2562 1471 2563
f 2563 1471 1469
f 2563 1469 2564
f 2564 1469 1468
f 2564 1468 2565
f 2565 1468 1466
f 2565 1466 2566
f 2566 1466 1465
f 2566 1465 2567
f 2567 1465 1463
f 2567 1463 2568
f 2568 1463 1462
f 2568 1462 2569
f 2569 1462 1460
f 2569 1460 2570
f 2570 1460 1461
f 2570 1461 2550
f 2553 2556 2554
f 2554 2556 2557
f 2554 2557 2571
f 2571 2557 2558
f 2571 2558 2572
f 2572 2558 2559
f 2572 2559 2573
f 2573 2559 2560
f 2573 2560 2574
f 2574 2560 2561
f 2574 2561 2575
f 2575 2561 2562
f 2575 2562 2576
f 2576 2562 2563
f 2576 2563 2577
f 2577 2563 2564
f 2577 2564 2578
f 2578 2564 2565
f 2578 2565 2579
f 2579 2565 2566
f 2579 2566 2580
f 2580 2566 2567
f 2580 2567 2581
f 2581 2567 2568
f 2581 2568 2582
f 2582 2568 2569
f 2582 2569 2583
f 2583 2569 2570
f 2583 2570 2584
f 2584 2570 2550
f 2584 2550 2546
f 1266 2554 1264
f 1264 2554 2571
f 1264 2571 1263
f 1263 2571 2572
f 1263 2572 1268
f 1268 2572 2573
f 1268 2573 1269
f 1269 2573 2574
f 1269 2574 1270
f 1270 2574 2575
f 1270 2575 1272
f 1272 2575 2576
f 1272 2576 1279
f 1279 2576 2577
f 1279 2577 1277
f 1277 2577 2578
f 1277 2578 1275
f 1275 2578 2579
f 1275 2579 1273
f 1273 2579 2580
f 1273 2580 1254
f 1254 2580 2581
f 1254 2581 1255
f 1255 2581 2582
f 1255 2582 1256
f 1256 2582 2583
f 1256 2583 1252
f 1252 2583 2584
f 1252 2584 1253
f 1253 2584 2546
f 1253 2546 1245
f 2585 2586 1297
f 1297 2586 2587
f 1297 2587 1282
f 2588 2589 2590
f 2590 2589 2591
f 2590 2591 2585
f 2592 2551 2552
f 2549 2593 2544
f 2544 2593 2545
f 2547 1261 2548
f 2548 1261 1246
f 2552 873 2592
f 2592 873 872
f 2592 872 2594
f 2594 872 870
f 2594 870 2595
f 2595 870 868
f 2595 868 2596
f 2596 868 867
f 2596 867 2597
f 2597 867 865
f 2597 865 2598
f 2598 865 864
f 2598 864 2599
f 2599 864 862
f 2599 862 2600
f 2600 862 861
f 2600 861 2601
f 2601 861 859
f 2601 859 2602
f 2602 859 858
f 2602 858 2603
f 2603 858 2604
f 2603 2604 2588
f 2588 2590 2603
f 2603 2590 2605
f 2603 2605 2602
f 2602 2605 2606
f 2602 2606 2601
f 2601 2606 2607
f 2601 2607 2600
f 2600 2607 2608
f 2600 2608 2599
f 2599 2608 2609
f 2599 2609 2598
f 2598 2609 2610
f 2598 2610 2597
f 2597 2610 2611
f 2597 2611 2596
f 2596 2611 2612
f 2596 2612 2595
f 2595 2612 2613
f 2595 2613 2594
f 2594 2613 2593
f 2594 2593 2592
f 2592 2593 2549
f 2592 2549 2551
f 2585 1297 2590
f 2590 1297 1296
f 2590 1296 2605
f 2605 1296 1294
f 2605 1294 2606
f 2606 1294 1292
f 2606 1292 2607
f 2607 1292 1290
f 2607 1290 2608
f 2608 1290 1287
f 2608 1287 2609
f 2609 1287 1286
f 2609 1286 2610
f 2610 1286 1250
f 2610 1250 2611
f 2611 1250 1257
f 2611 1257 2612
f 2612 1257 1259
f 2612 1259 2613
f 2613 1259 1261
f 2613 1261 2593
f 2593 1261 2547
f 2593 2547 2545
f 858 1480 2604
f 2604 1480 2555
f 2553 2589 2555
f 2555 2589 2588
f 2555 2588 2604
f 1285 1282 2587
f 2553 1266 1285
f 2587 2586 1285
f 1285 2586 2585
f 1285 2585 2553
f 2553 2585 2591
f 2553 2591 2589
f 2614 2615 2616
f 2617 1299 1306
f 2616 2615 1306
f 1306 2615 2618
f 1306 2618 2617
f 2619 1492 1516
f 1516 2620 2619
f 2619 2620 2621
f 2619 2621 2616
f 2616 2621 2622
f 2616 2622 2614
f 1320 2623 2624
f 2623 2625 2626
f 2625 1511 1513
f 2625 1513 2626
f 2626 1513 1514
f 2626 1514 2627
f 2627 1514 1509
f 2627 1509 2628
f 2628 1509 1508
f 2628 1508 2629
f 2629 1508 1506
f 2629 1506 2630
f 2630 1506 1505
f 2630 1505 2631
f 2631 1505 1503
f 2631 1503 2632
f 2632 1503 1502
f 2632 1502 2633
f 2633 1502 1500
f 2633 1500 2634
f 2634 1500 1499
f 2634 1499 2635
f 2635 1499 1497
f 2635 1497 2636
f 2636 1497 1496
f 2636 1496 2637
f 2637 1496 1494
f 2637 1494 2638
f 2638 1494 1493
f 2638 1493 2639
f 2639 1493 1491
f 2639 1491 2640
f 2640 1491 1492
f 2640 1492 2619
f 2623 2626 2624
f 2624 2626 2627
f 2624 2627 2641
f 2641 2627 2628
f 2641 2628 2642
f 2642 2628 2629
f 2642 2629 2643
f 2643 2629 2630
f 2643 2630 2644
f 2644 2630 2631
f 2644 2631 2645
f 2645 2631 2632
f 2645 2632 2646
f 2646 2632 2633
f 2646 2633 2647
f 2647 2633 2634
f 2647 2634 2648
f 2648 2634 2635
f 2648 2635 2649
f 2649 2635 2636
f 2649 2636 2650
f 2650 2636 2637
f 2650 2637 2651
f 2651 2637 2638
f 2651 2638 2652
f 2652 2638 2639
f 2652 2639 2653
f 2653 2639 2640
f 2653 2640 2654
f 2654 2640 2619
f 2654 2619 2616
f 1320 2624 1321
f 1321 2624 2641
f 1321 2641 1323
f 1323 2641 2642
f 1323 2642 1324
f 1324 2642 2643
f 1324 2643 1325
f 1325 2643 2644
f 1325 2644 1326
f 1326 2644 2645
f 1326 2645 1327
f 1327 2645 2646
f 1327 2646 1308
f 1308 2646 2647
f 1308 2647 1309
f 1309 2647 2648
f 1309 2648 1311
f 1311 2648 2649
f 1311 2649 1313
f 1313 2649 2650
f 1313 2650 1315
f 1315 2650 2651
f 1315 2651 1316
f 1316 2651 2652
f 1316 2652 1317
f 1317 2652 2653
f 1317 2653 1318
f 1318 2653 2654
f 1318 2654 1319
f 1319 2654 2616
f 1319 2616 1306
f 2620 1516 1979
f 2655 1083 1338
f 2655 1338 2656
f 2657 2658 2659
f 2659 2658 2660
f 2659 2660 2656
f 1523 2661 2662
f 2662 2661 2663
f 2662 2663 2657
f 2664 2622 2621
f 2617 2618 2665
f 2665 2618 2615
f 2665 2615 2614
f 1978 2666 1979
f 1979 2666 2667
f 1979 2667 2620
f 1978 1976 2666
f 2666 1976 1975
f 2666 1975 2668
f 2668 1975 1971
f 2668 1971 2669
f 2669 1971 1973
f 2669 1973 2670
f 2670 1973 1974
f 1974 1969 2670
f 2670 1969 1968
f 2670 1968 2671
f 2671 1968 1965
f 2671 1965 2662
f 2662 1965 1967
f 2662 1967 1523
f 2657 2672 2662
f 2662 2672 2673
f 2662 2673 2671
f 2671 2673 2674
f 2671 2674 2670
f 2670 2674 2675
f 2670 2675 2669
f 2669 2675 2676
f 2669 2676 2668
f 2668 2676 2677
f 2668 2677 2666
f 2666 2677 2664
f 2666 2664 2667
f 2667 2664 2621
f 2667 2621 2620
f 2657 2659 2672
f 2672 2659 2678
f 2672 2678 2673
f 2673 2678 2679
f 2673 2679 2674
f 2674 2679 2680
f 2674 2680 2675
f 2675 2680 2681
f 2675 2681 2676
f 2676 2681 2682
f 2676 2682 2677
f 2677 2682 2665
f 2677 2665 2664
f 2664 2665 2614
f 2664 2614 2622
f 2656 1338 2659
f 2659 1338 1340
f 2659 1340 2678
f 2678 1340 1330
f 2678 1330 2679
f 2679 1330 1332
f 2679 1332 2680
f 2680 1332 1301
f 2680 1301 2681
f 2681 1301 1303
f 2681 1303 2682
f 2682 1303 1300
f 2682 1300 2665
f 2665 1300 1299
f 2665 1299 2617
f 1523 1511 2661
f 2661 1511 2625
f 2661 2625 2663
f 2663 2625 2657
f 2657 2625 2623
f 2657 2623 2658
f 1083 2655 1320
f 1320 2655 2656
f 1320 2656 2623
f 2623 2656 2660
f 2623 2660 2658
f 1832 1836 2683
f 2683 1836 2684
f 2683 2684 2685
f 2684 2686 2685
f 2685 2686 2687
f 2685 2687 2688
f 2688 2687 1140
f 2688 1140 1136
f 2009 1831 1832
f 2685 2688 2689
f 1832 2683 2009
f 2009 2683 2685
f 2009 2685 2008
f 2008 2685 2689
f 1136 1133 2688
f 2688 1133 2690
f 2688 2690 2691
f 2691 2692 2688
f 2688 2692 2693
f 2688 2693 2689
f 2010 2686 2684
f 2010 2684 2011
f 2011 2684 1836
f 2011 1836 1834
f 2694 2687 2695
f 2695 2687 2686
f 2695 2686 2054
f 2054 2686 2010
f 1158 1140 2696
f 2696 1140 2687
f 2696 2687 2697
f 2697 2687 2694
f 2690 1133 1132
f 2698 2699 2700
f 2048 2047 2701
f 2701 2047 2702
f 2693 2692 2703
f 2703 2692 2691
f 2703 2691 2690
f 2693 1982 2689
f 2689 1982 2008
f 2693 2703 1982
f 1982 2703 2704
f 1982 2704 2032
f 2032 2704 2705
f 2032 2705 2033
f 2033 2705 2706
f 2033 2706 2046
f 2046 2706 2700
f 2046 2700 2047
f 2047 2700 2699
f 2047 2699 2702
f 2690 1132 2703
f 2703 1132 1130
f 2703 1130 2704
f 2704 1130 1127
f 2704 1127 2705
f 2705 1127 1125
f 2705 1125 2706
f 2706 1125 1123
f 2706 1123 2700
f 2700 1123 1118
f 2700 1118 2698
f 2696 2697 2707
f 2695 2054 2055
f 2708 1147 1151
f 2708 2709 2710
f 2710 2709 2711
f 1987 2712 1988
f 1988 2712 2713
f 2695 2055 2694
f 2697 2694 2707
f 2707 2694 2055
f 2707 2055 2714
f 2714 2055 2056
f 2056 2058 2714
f 2714 2058 2060
f 2714 2060 2715
f 2715 2060 2067
f 2715 2067 2716
f 2716 2067 1988
f 2716 1988 2709
f 2709 1988 2713
f 2709 2713 2711
f 2708 1151 2709
f 2709 1151 1143
f 2709 1143 2716
f 2716 1143 1142
f 2716 1142 2715
f 2715 1142 1154
f 2715 1154 2714
f 2714 1154 1156
f 2714 1156 2707
f 2707 1156 1158
f 2707 1158 2696
f 1849 1847 2002
f 1849 2002 2717
f 2717 2002 2001
f 2717 2001 2718
f 2718 2001 2048
f 2718 2048 2719
f 2719 2048 2701
f 2719 2701 2702
f 1118 1085 2698
f 2698 1085 2719
f 2698 2719 2699
f 2699 2719 2702
f 1345 1346 2720
f 2720 1346 1347
f 2712 2721 2713
f 2713 2721 2720
f 2713 2720 1164
f 1164 2720 1347
f 1164 1147 2708
f 2708 2710 1164
f 1164 2710 2711
f 1164 2711 2713
f 1986 1857 1858
f 2712 1987 2721
f 2721 1987 1986
f 2721 1986 2722
f 2722 1986 1858
f 2723 1845 1849
f 1849 2717 2723
f 2723 2717 2718
f 2723 2718 2724
f 2724 2718 2719
f 2724 2719 2725
f 2725 2719 1085
f 2725 1085 1084
f 2721 2726 2720
f 2720 2726 1204
f 2720 1204 1345
f 1858 1862 2722
f 2722 1862 2727
f 2722 2727 2721
f 2721 2727 2728
f 2721 2728 2726
f 2000 1844 1845
f 2724 2725 2729
f 1845 2723 2000
f 2000 2723 2724
f 2000 2724 1999
f 1999 2724 2729
f 1084 1322 2725
f 2725 1322 2730
f 2725 2730 2731
f 2731 2732 2725
f 2725 2732 2733
f 2725 2733 2729
f 1081 1204 2726
f 2018 2728 2727
f 2018 2727 2019
f 2019 2727 1862
f 2019 1862 1860
f 2734 1082 1081
f 2018 2071 2728
f 2728 2071 2735
f 2728 2735 2726
f 2726 2735 2736
f 2726 2736 1081
f 1081 2736 2737
f 1081 2737 2734
f 2730 1322 1329
f 2035 2036 2738
f 2738 2036 2739
f 2739 2036 2740
f 2740 2036 2741
f 2740 2741 2742
f 2730 2743 2731
f 2731 2743 2732
f 2733 1985 2729
f 2729 1985 1999
f 2036 2037 2741
f 2741 2037 2039
f 2741 2039 2744
f 2744 2039 2030
f 2744 2030 2745
f 2745 2030 2029
f 2745 2029 2746
f 2746 2029 1985
f 2746 1985 2743
f 2743 1985 2733
f 2743 2733 2732
f 2730 1329 2743
f 2743 1329 1328
f 2743 1328 2746
f 2746 1328 1307
f 2746 1307 2745
f 2745 1307 1310
f 2745 1310 2744
f 2744 1310 1312
f 2744 1312 2741
f 2741 1312 1314
f 2741 1314 2742
f 2734 2737 2747
f 2735 2071 2072
f 2748 1231 1234
f 2749 2750 2751
f 2751 2750 2752
f 2751 2752 2748
f 2084 2083 2753
f 2735 2072 2736
f 2737 2736 2747
f 2747 2736 2072
f 2747 2072 2754
f 2754 2072 2073
f 2073 2075 2754
f 2754 2075 2069
f 2754 2069 2755
f 2755 2069 2068
f 2755 2068 2756
f 2753 2749 2084
f 2084 2749 2751
f 2084 2751 2085
f 2085 2751 2756
f 2085 2756 2081
f 2081 2756 2068
f 2748 1234 2751
f 2751 1234 1227
f 2751 1227 2756
f 2756 1227 1225
f 2756 1225 2755
f 2755 1225 1223
f 2755 1223 2754
f 2754 1223 1080
f 2754 1080 2747
f 2747 1080 1082
f 2747 1082 2734
f 1079 1283 2757
f 2738 2757 2035
f 2035 2757 2758
f 2035 2758 1990
f 1990 2758 2759
f 1990 2759 1991
f 1991 2759 1886
f 1991 1886 1884
f 2738 2739 2757
f 2757 2739 2740
f 2757 2740 2742
f 2742 1314 1305
f 2742 1305 2757
f 2757 1305 1077
f 2757 1077 1079
f 2760 2749 2761
f 2761 2749 2753
f 1236 1231 2760
f 2760 1231 2748
f 2748 2752 2760
f 2760 2752 2750
f 2760 2750 2749
f 2024 1870 1871
f 2753 2083 2761
f 2761 2083 2024
f 2761 2024 2762
f 2762 2024 1871
f 2763 1878 1886
f 1886 2759 2763
f 2763 2759 2758
f 2763 2758 2764
f 2764 2758 2757
f 2764 2757 2765
f 2765 2757 1283
f 2765 1283 1284
f 2762 1871 1872
f 1872 2766 2762
f 2762 2766 2767
f 2762 2767 2761
f 2761 2767 2768
f 2761 2768 2760
f 2760 2768 1247
f 2760 1247 1236
f 2765 1284 1267
f 1265 1074 2769
f 1074 1076 2770
f 2771 2769 2772
f 2772 2769 1074
f 2772 1074 2773
f 2773 1074 2770
f 1267 1265 2765
f 2765 1265 2769
f 2765 2769 2764
f 938 1878 2774
f 2774 1878 2763
f 2774 2763 2775
f 2775 2763 2764
f 2775 2764 2776
f 2776 2764 2769
f 2766 1872 939
f 939 2777 2766
f 2766 2777 2778
f 2766 2778 2767
f 2767 2778 2768
f 2778 2779 2768
f 2768 2779 2780
f 2768 2780 2781
f 1251 1247 2782
f 2782 1247 2768
f 2782 2768 2783
f 2783 2768 2781
f 2770 1076 1075
f 2781 2784 2783
f 2783 2784 2782
f 2771 2772 2785
f 2785 2772 2773
f 2785 2773 2770
f 2770 1075 2785
f 2785 1075 1271
f 2785 1271 2786
f 2786 1271 1281
f 2786 1281 2787
f 2787 1281 1280
f 2787 1280 2788
f 2788 1280 1278
f 2788 1278 2789
f 2789 1278 1276
f 2789 1276 2790
f 2790 1276 1274
f 2790 1274 2784
f 2784 1274 1251
f 2784 1251 2782
f 2791 2792 2793
f 2793 2792 2794
f 2793 2794 2795
f 2795 2794 2796
f 2795 2796 2797
f 2797 2796 2798
f 2797 2798 2799
f 2799 2798 2800
f 2799 2800 2801
f 2801 2800 2802
f 2801 2802 2803
f 2802 2804 2803
f 2803 2804 2805
f 2803 2805 2806
f 2806 2805 2807
f 2806 2807 2808
f 2808 2807 2809
f 2808 2809 2810
f 2810 2809 2811
f 2810 2811 2812
f 2812 2811 2813
f 2812 2813 2814
f 2814 2813 2815
f 2814 2815 2791
f 2791 2815 2816
f 2791 2816 2792
f 2800 2798 2817
f 2817 2818 2800
f 2800 2818 2819
f 2800 2819 2802
f 2819 2820 2802
f 2802 2820 2821
f 2802 2821 2804
f 2821 2822 2804
f 2804 2822 2823
f 2804 2823 2805
f 2823 2824 2805
f 2805 2824 2825
f 2805 2825 2807
f 2825 2826 2807
f 2807 2826 2827
f 2807 2827 2809
f 2827 2828 2809
f 2809 2828 2829
f 2809 2829 2811
f 2829 2830 2811
f 2811 2830 2831
f 2811 2831 2813
f 2831 2832 2813
f 2813 2832 2833
f 2813 2833 2815
f 2833 2834 2815
f 2815 2834 2835
f 2815 2835 2816
f 2835 2836 2816
f 2816 2836 2837
f 2816 2837 2792
f 2837 2838 2792
f 2792 2838 2839
f 2792 2839 2794
f 2839 2840 2794
f 2794 2840 2841
f 2794 2841 2796
f 2841 2842 2796
f 2796 2842 2843
f 2796 2843 2798
f 2798 2843 2844
f 2798 2844 2817
f 2797 2845 2795
f 2795 2845 2846
f 2795 2846 2793
f 2793 2846 2847
f 2793 2847 2791
f 2791 2847 2848
f 2791 2848 2814
f 2814 2848 2849
f 2814 2849 2812
f 2812 2849 2850
f 2812 2850 2810
f 2810 2850 2851
f 2810 2851 2808
f 2808 2851 2852
f 2808 2852 2806
f 2806 2852 2853
f 2806 2853 2803
f 2803 2853 2854
f 2803 2854 2801
f 2801 2854 2855
f 2801 2855 2799
f 2799 2855 2856
f 2799 2856 2797
f 2797 2856 2845
f 2853 2852 2857
f 2857 2852 2851
f 2857 2851 2850
f 2856 2855 2857
f 2857 2855 2854
f 2857 2854 2853
f 2847 2846 2857
f 2857 2846 2845
f 2857 2845 2856
f 2850 2849 2857
f 2857 2849 2848
f 2857 2848 2847
f 2858 962 2859
f 2859 962 997
f 2859 997 2860
f 2860 997 994
f 2860 994 2861
f 2861 994 993
f 2861 993 2862
f 2862 993 991
f 2862 991 2863
f 2863 991 990
f 2863 990 2864
f 2864 990 989
f 2864 989 2865
f 2865 989 986
f 2865 986 2866
f 986 1017 2866
f 2866 1017 1016
f 2866 1016 2867
f 2867 1016 1015
f 2867 1015 2868
f 2868 1015 1013
f 2868 1013 2869
f 2869 1013 1012
f 2869 1012 2870
f 2870 1012 1042
f 2870 1042 2871
f 2871 1042 1041
f 2871 1041 2872
f 2872 1041 1040
f 2872 1040 2873
f 2873 1040 945
f 2873 945 2874
f 2874 945 1039
f 2874 1039 2875
f 1039 1032 2875
f 2875 1032 949
f 2875 949 2876
f 2876 949 948
f 2876 948 2877
f 2877 948 951
f 2877 951 2878
f 2878 951 967
f 2878 967 2879
f 2879 967 966
f 2879 966 2880
f 2880 966 954
f 2880 954 2881
f 2881 954 953
f 2881 953 2882
f 2882 953 976
f 2882 976 2883
f 2883 976 975
f 2883 975 2884
f 2884 975 973
f 2884 973 2885
f 2885 973 971
f 2885 971 2858
f 2858 971 963
f 2858 963 962
f 2886 2885 2887
f 2887 2885 2858
f 2887 2858 2888
f 2888 2858 2859
f 2888 2859 2889
f 2889 2859 2860
f 2889 2860 2890
f 2890 2860 2861
f 2890 2861 2891
f 2891 2861 2862
f 2891 2862 2892
f 2892 2862 2863
f 2892 2863 2893
f 2893 2863 2864
f 2893 2864 2894
f 2894 2864 2865
f 2894 2865 2895
f 2895 2865 2866
f 2895 2866 2896
f 2896 2866 2867
f 2896 2867 2897
f 2897 2867 2868
f 2897 2868 2898
f 2898 2868 2869
f 2898 2869 2899
f 2899 2869 2870
f 2899 2870 2900
f 2900 2870 2871
f 2900 2871 2901
f 2901 2871 2872
f 2901 2872 2902
f 2902 2872 2873
f 2902 2873 2903
f 2903 2873 2874
f 2903 2874 2904
f 2904 2874 2875
f 2904 2875 2905
f 2905 2875 2876
f 2905 2876 2906
f 2906 2876 2877
f 2906 2877 2907
f 2907 2877 2878
f 2907 2878 2908
f 2908 2878 2879
f 2908 2879 2909
f 2909 2879 2880
f 2909 2880 2910
f 2910 2880 2881
f 2910 2881 2911
f 2911 2881 2882
f 2911 2882 2912
f 2912 2882 2883
f 2912 2883 2913
f 2913 2883 2884
f 2913 2884 2886
f 2886 2884 2885
f 2830 2886 2831
f 2831 2886 2887
f 2831 2887 2832
f 2832 2887 2888
f 2832 2888 2833
f 2833 2888 2889
f 2833 2889 2834
f 2834 2889 2890
f 2834 2890 2835
f 2835 2890 2891
f 2835 2891 2836
f 2836 2891 2892
f 2836 2892 2837
f 2837 2892 2893
f 2837 2893 2838
f 2838 2893 2894
f 2838 2894 2839
f 2839 2894 2895
f 2839 2895 2840
f 2840 2895 2896
f 2840 2896 2841
f 2841 2896 2897
f 2841 2897 2842
f 2842 2897 2898
f 2842 2898 2843
f 2843 2898 2899
f 2843 2899 2844
f 2844 2899 2900
f 2844 2900 2817
f 2817 2900 2901
f 2817 2901 2818
f 2818 2901 2902
f 2818 2902 2819
f 2819 2902 2903
f 2819 2903 2820
f 2820 2903 2904
f 2820 2904 2821
f 2821 2904 2905
f 2821 2905 2822
f 2822 2905 2906
f 2822 2906 2823
f 2823 2906 2907
f 2823 2907 2824
f 2824 2907 2908
f 2824 2908 2825
f 2825 2908 2909
f 2825 2909 2826
f 2826 2909 2910
f 2826 2910 2827
f 2827 2910 2911
f 2827 2911 2828
f 2828 2911 2912
f 2828 2912 2829
f 2829 2912 2913
f 2829 2913 2830
f 2830 2913 2886
f 2914 2915 1037
f 1037 2915 946
f 1030 2916 1038
f 1038 2916 2914
f 1038 2914 1037
f 2917 2916 947
f 947 2916 1030
f 2915 2917 946
f 946 2917 947
f 2916 2917 2914
f 2914 2917 2915
f 1047 2918 1062
f 1062 2918 2919
f 1011 1010 2919
f 2919 1010 1054
f 2919 1054 1056
f 1056 1058 2919
f 2919 1058 1060
f 2919 1060 1062
f 1049 2920 1048
f 1048 2920 2918
f 1048 2918 1046
f 1046 2918 1047
f 1014 2921 1025
f 1025 2921 2920
f 1051 1044 1052
f 1052 1044 1050
f 2920 1049 1025
f 1025 1049 1050
f 1025 1050 1043
f 1043 1050 1044
f 2919 2921 1011
f 1011 2921 1014
f 2920 2921 2918
f 2918 2921 2919
f 2922 2923 1000
f 1000 2923 992
f 1001 2924 1002
f 1002 2924 2922
f 1002 2922 1000
f 2925 2924 988
f 988 2924 1001
f 2923 2925 992
f 992 2925 988
f 2924 2925 2922
f 2922 2925 2923
f 2926 2927 970
f 970 2927 974
f 968 2928 969
f 969 2928 2926
f 969 2926 970
f 2929 2928 972
f 972 2928 968
f 2927 2929 974
f 974 2929 972
f 2928 2929 2926
f 2926 2929 2927
f 2930 2931 957
f 957 2931 955
f 960 2932 978
f 978 2932 2930
f 978 2930 957
f 2933 2932 952
f 952 2932 960
f 2931 2933 955
f 955 2933 952
f 2932 2933 2930
f 2930 2933 2931
f 2044 2934 2031
f 2934 2044 2935
f 2935 2044 2043
f 2935 2043 2042
f 2935 2042 2934
f 2934 2042 2041
f 2934 2041 2031
f 2070 2936 2080
f 2936 2070 2937
f 2937 2070 2076
f 2937 2076 2077
f 2937 2077 2936
f 2936 2077 2078
f 2936 2078 2080
f 2059 2938 2065
f 2938 2059 2939
f 2939 2059 2061
f 2939 2061 2062
f 2939 2062 2938
f 2938 2062 2063
f 2938 2063 2065
f 2053 2940 2034
f 2940 2053 2941
f 2941 2053 2052
f 2941 2052 2051
f 2941 2051 2940
f 2940 2051 2050
f 2940 2050 2034
f 2089 2942 2090
f 2090 2942 2943
f 2090 2943 2097
f 2097 2943 2944
f 2097 2944 2098
f 2098 2944 2945
f 2098 2945 2100
f 2100 2945 2946
f 2100 2946 2091
f 2091 2946 2947
f 2091 2947 2086
f 2086 2947 2948
f 2086 2948 2087
f 2087 2948 2949
f 2087 2949 2093
f 2093 2949 2950
f 2093 2950 2092
f 2092 2950 2951
f 2092 2951 2096
f 2096 2951 2952
f 2096 2952 2099
f 2099 2952 2953
f 2099 2953 2089
f 2089 2953 2942
f 2949 2948 2954
f 2954 2948 2947
f 2954 2947 2946
f 2952 2951 2954
f 2954 2951 2950
f 2954 2950 2949
f 2943 2942 2954
f 2954 2942 2953
f 2954 2953 2952
f 2946 2945 2954
f 2954 2945 2944
f 2954 2944 2943
f 936 938 2955
f 2956 2094 2957
f 2957 2094 1996
f 2957 1996 2958
f 2958 1996 1989
f 2958 1989 2959
f 2959 1989 935
f 2959 935 2955
f 2955 935 934
f 2955 934 936
f 2960 2961 2088
f 2962 2963 2095
f 2095 2963 2088
f 2088 2963 2964
f 2088 2964 2960
f 2956 2965 2094
f 2094 2965 2966
f 2094 2966 2095
f 2095 2966 2967
f 2095 2967 2962
f 939 941 2968
f 2968 941 943
f 2088 2961 2028
f 2028 2961 2969
f 2028 2969 2025
f 2025 2969 944
f 944 2969 2970
f 944 2970 943
f 943 2970 2971
f 943 2971 2968
f 2777 939 2968
f 2781 2968 2784
f 2784 2968 2972
f 2777 2968 2778
f 2781 2780 2968
f 2968 2780 2779
f 2968 2779 2778
f 2973 2789 2972
f 2972 2789 2790
f 2972 2790 2784
f 2974 2787 2973
f 2973 2787 2788
f 2973 2788 2789
f 2955 938 2774
f 2774 2775 2955
f 2955 2775 2776
f 2955 2776 2769
f 2769 2771 2955
f 2955 2771 2785
f 2955 2785 2974
f 2974 2785 2786
f 2974 2786 2787
f 2968 2971 2975
f 2968 2975 2972
f 2972 2975 2976
f 2972 2976 2973
f 2959 2955 2977
f 2977 2955 2974
f 2977 2974 2978
f 2978 2974 2973
f 2978 2973 2979
f 2979 2973 2976
f 2980 2981 2982
f 2958 2959 2977
f 2983 2982 2957
f 2957 2982 2956
f 2981 2984 2982
f 2982 2984 2985
f 2982 2985 2956
f 2985 2986 2956
f 2956 2986 2987
f 2956 2987 2965
f 2965 2987 2988
f 2965 2988 2966
f 2966 2988 2989
f 2966 2989 2967
f 2967 2989 2990
f 2967 2990 2962
f 2962 2990 2991
f 2992 2960 2993
f 2993 2960 2964
f 2993 2964 2991
f 2991 2964 2963
f 2991 2963 2962
f 2994 2995 2996
f 2996 2995 2997
f 2992 2994 2960
f 2960 2994 2996
f 2960 2996 2961
f 2961 2996 2998
f 2961 2998 2969
f 2969 2998 2970
f 2999 3000 2976
f 2976 3000 3001
f 3001 3002 2976
f 2976 3002 3003
f 2976 3003 3004
f 3004 3005 2976
f 2976 3005 3006
f 2976 3006 2979
f 2979 3006 3007
f 2979 3007 3008
f 3008 3009 2979
f 2979 3009 3010
f 2979 3010 2978
f 2978 3010 3011
f 2978 3011 3012
f 2997 2999 2996
f 2996 2999 2976
f 2996 2976 2998
f 2998 2976 2975
f 2998 2975 2970
f 2970 2975 2971
f 2957 2958 2983
f 2983 2958 2977
f 2983 2977 2982
f 2982 2977 2978
f 2982 2978 2980
f 2980 2978 3012
f 3013 3014 3015
f 3015 3014 3016
f 3015 3016 3017
f 3018 3019 3015
f 3015 3019 3020
f 3015 3020 3013
f 3021 3022 3015
f 3015 3022 3023
f 3015 3023 3018
f 3017 3024 3015
f 3015 3024 3025
f 3015 3025 3021
f 2985 2984 3021
f 3016 3014 2995
f 3001 3000 3013
f 3013 3000 2999
f 3013 2999 3014
f 3014 2999 2997
f 3014 2997 2995
f 3001 3013 3002
f 3002 3013 3020
f 3002 3020 3003
f 3003 3020 3004
f 3004 3020 3019
f 3004 3019 3005
f 3009 3008 3018
f 3018 3008 3007
f 3018 3007 3019
f 3019 3007 3006
f 3019 3006 3005
f 3009 3018 3010
f 3010 3018 3023
f 3010 3023 3011
f 3011 3023 3012
f 3012 3023 3022
f 3012 3022 2980
f 3021 2984 3022
f 3022 2984 2981
f 3022 2981 2980
f 2985 3021 2986
f 2986 3021 3025
f 2986 3025 2987
f 3024 3017 2991
f 2991 2990 3024
f 3024 2990 2989
f 3024 2989 3025
f 3025 2989 2988
f 3025 2988 2987
f 2995 2994 3016
f 3016 2994 2992
f 3016 2992 3017
f 3017 2992 2993
f 3017 2993 2991
f 1517 1518 3026
f 3026 1518 3027
f 3026 3027 3028
f 3028 3027 3029
f 3028 3029 3030
f 3030 3029 3031
f 3030 3031 3032
f 3032 3031 3033
f 3032 3033 1520
f 1520 3033 1521
f 1520 1522 3032
f 3032 1522 1966
f 3032 1966 3030
f 3030 1966 1970
f 3030 1970 3028
f 3028 1970 1972
f 3028 1972 3026
f 3026 1972 1977
f 3026 1977 1517
f 1517 1977 1515
f 708 1521 709
f 709 1521 3033
f 709 3033 795
f 795 3033 3031
f 795 3031 797
f 797 3031 3029
f 797 3029 800
f 800 3029 3027
f 800 3027 713
f 713 3027 1518
f 713 1518 714
f 930 1390 928
f 928 1390 3034
f 928 3034 925
f 925 3034 3035
f 925 3035 921
f 921 3035 3036
f 921 3036 916
f 916 3036 3037
f 2250 2251 2249
f 2249 2251 917
f 2249 917 1394
f 1394 917 916
f 1394 916 1393
f 1393 916 3037
f 909 1392 3038
f 909 3038 911
f 1391 730 3039
f 3039 730 729
f 3039 729 3040
f 3040 729 788
f 3040 788 3041
f 3041 788 785
f 3041 785 3038
f 3038 785 703
f 913 911 915
f 915 911 3038
f 915 3038 702
f 702 3038 703
f 1390 1391 3034
f 3034 1391 3039
f 3034 3039 3035
f 3035 3039 3040
f 3035 3040 3036
f 3036 3040 3041
f 3036 3041 3037
f 3037 3041 3038
f 3037 3038 1393
f 1393 3038 1392
f 1422 1423 3042
f 3042 1423 3043
f 3042 3043 3044
f 3044 3043 3045
f 3044 3045 3046
f 3046 3045 3047
f 3046 3047 3048
f 3048 3047 3049
f 3048 3049 1425
f 1425 3049 1426
f 1425 891 3048
f 3048 891 893
f 3048 893 3046
f 3046 893 897
f 3046 897 3044
f 3044 897 900
f 3044 900 3042
f 3042 900 903
f 3042 903 1422
f 1422 903 905
f 699 1426 700
f 700 1426 3049
f 1423 756 3043
f 3043 756 755
f 3043 755 3045
f 3045 755 778
f 3045 778 3047
f 3047 778 776
f 3047 776 3049
f 3049 776 775
f 3049 775 700
f 1453 1454 3050
f 3050 1454 3051
f 3050 3051 3052
f 3052 3051 3053
f 3052 3053 3054
f 3054 3053 3055
f 3054 3055 3056
f 3056 3055 3057
f 3056 3057 1456
f 1456 3057 1455
f 1456 875 3056
f 3056 875 874
f 3056 874 3054
f 3054 874 879
f 3054 879 3052
f 3052 879 882
f 3052 882 3050
f 3050 882 886
f 3050 886 1453
f 1453 886 888
f 1454 767 3051
f 3051 767 766
f 3051 766 3053
f 3053 766 846
f 3053 846 3055
f 3055 846 844
f 3055 844 3057
f 3057 844 841
f 3057 841 1455
f 1455 841 697
f 1455 697 696
f 1484 1485 3058
f 3058 1485 3059
f 3058 3059 3060
f 3060 3059 3061
f 3060 3061 3062
f 3062 3061 3063
f 3062 3063 3064
f 3064 3063 3065
f 3064 3065 1487
f 1487 3065 1488
f 1487 857 3064
f 3064 857 860
f 3064 860 3062
f 3062 860 863
f 3062 863 3060
f 3060 863 866
f 3060 866 3058
f 3058 866 869
f 3058 869 1484
f 1484 869 871
f 711 1488 712
f 712 1488 3065
f 712 3065 810
f 810 3065 3063
f 810 3063 820
f 820 3063 3061
f 820 3061 823
f 823 3061 3059
f 823 3059 772
f 772 3059 1485
f 772 1485 773
f 3066 2137 2104
f 3067 2133 3068
f 3068 2133 2135
f 3068 2135 2180
f 2109 2111 3069
f 2125 2127 3067
f 3066 2104 3069
f 3069 2104 2107
f 3069 2107 2109
f 2111 2113 3069
f 3069 2113 2115
f 3069 2115 2117
f 2117 2119 3069
f 3069 2119 2121
f 3069 2121 3067
f 3067 2121 2123
f 3067 2123 2125
f 2127 2129 3067
f 3067 2129 2131
f 3067 2131 2133
f 2180 2184 1006
f 1006 2184 2182
f 1006 2182 1007
f 1004 2136 1003
f 1003 2136 2138
f 2180 1006 3068
f 3068 1006 1008
f 3068 1008 3067
f 3067 1008 985
f 3067 985 3069
f 985 984 3069
f 3069 984 1003
f 3069 1003 3066
f 3066 1003 2138
f 3066 2138 2137
f 1512 1519 3070
f 1501 1504 3070
f 1504 1507 3070
f 3070 1507 1510
f 3070 1510 1512
f 3071 1490 1489
f 3070 3072 1501
f 1501 3072 3073
f 1501 3073 1498
f 1498 3073 3071
f 1498 3071 1495
f 1495 3071 1489
f 965 1490 961
f 961 1490 3071
f 961 3071 995
f 995 3071 3073
f 995 3073 996
f 996 3073 3072
f 996 3072 998
f 998 3072 3070
f 998 3070 999
f 999 3070 1519
f 999 1519 987
f 3074 1459 1458
f 1458 1464 3074
f 3074 1464 1467
f 3074 1467 3075
f 3075 1467 1470
f 3075 1470 3076
f 1476 1479 3077
f 3077 1479 1481
f 3077 1481 1486
f 3076 1470 3077
f 3077 1470 1473
f 3077 1473 1476
f 1486 979 983
f 1486 983 3077
f 3077 983 982
f 3077 982 3076
f 3076 982 981
f 3076 981 3075
f 3075 981 980
f 3075 980 3074
f 3074 980 959
f 3074 959 1459
f 1450 1457 3078
f 1439 1442 3078
f 3079 1428 1427
f 1442 1445 3078
f 3078 1445 1448
f 3078 1448 1450
f 3078 3080 1439
f 1439 3080 3081
f 1439 3081 1436
f 1436 3081 3079
f 1436 3079 1433
f 1433 3079 1427
f 1457 956 950
f 1457 950 3078
f 950 1034 3078
f 3078 1034 1033
f 3078 1033 3080
f 3080 1033 1031
f 3080 1031 3081
f 3081 1031 1028
f 3081 1028 3079
f 3079 1028 1029
f 3079 1029 1428
f 1424 1036 1035
f 1424 1035 3082
f 3082 1035 1024
f 3082 1024 3083
f 3083 1024 1023
f 3083 1023 3084
f 3084 1023 1022
f 3084 1022 3085
f 3085 1022 1021
f 3085 1021 1397
f 3085 1397 1396
f 1414 1417 3082
f 3082 1417 1419
f 3082 1419 1424
f 1396 1402 3085
f 3085 1402 1405
f 3085 1405 3084
f 3084 1405 1408
f 3084 1408 3083
f 3083 1408 3082
f 3082 1408 1411
f 3082 1411 1414

