# https://github.com/mikedh/trimesh

o zh_Link.STL
v -4.58194949 7.55782250 -2.49716486
v -4.63814179 7.54554189 -2.49656830
v -4.63814179 7.15000002 -2.49656830
v -4.52560711 7.57225762 -2.49776305
v -4.28890630 7.15000002 -2.50027604
v -4.46975984 7.58870497 -2.49835597
v -4.28890630 7.64999996 -2.50027604
v -4.30519546 7.64999996 -2.50010309
v -4.35955378 7.62758712 -2.49952597
v -4.40108276 7.61191725 -2.49908506
v -4.41440859 7.60715186 -2.49894359
v -4.77288703 7.53733321 -2.54685262
v -4.78700039 7.53955200 -2.56065729
v -4.78622105 7.15000002 -2.55982059
v -4.80130692 7.54299919 -2.57795889
v -4.81122389 7.54641063 -2.59276361
v -4.81122389 7.15000002 -2.59276361
v -4.79968781 7.54253297 -2.57579123
v -4.75497716 7.15000002 -2.53272441
v -4.75343268 7.53565702 -2.53165376
v -4.75735693 7.53588612 -2.53441667
v -4.67726936 7.53912564 -2.50001010
v -4.69640403 7.53704227 -2.50459761
v -4.67932001 7.15000002 -2.50040733
v -4.70045640 7.53669507 -2.50582947
v -4.71882825 7.15000002 -2.51263362
v -4.71902548 7.53555271 -2.51271797
v -4.73669547 7.53520961 -2.52133950
v -4.65783300 7.54195928 -2.49733008
v -4.98817615 7.15000002 -2.88422301
v -4.84100690 7.55942195 -2.64181944
v -4.87053855 7.57450826 -2.69046126
v -4.97977077 7.64999996 -2.87037839
v -4.98817615 7.64999996 -2.88422301
v -4.95777415 7.63223051 -2.83414761
v -4.92890697 7.61090490 -2.78660024
v -4.88404929 7.58214771 -2.71271484
v -4.89983351 7.59166769 -2.73871317
v -4.90423977 7.64999996 -2.88380364
v -4.90423977 7.15000002 -2.88380364
v -4.82086128 7.64999996 -2.87413292
v -4.82086128 7.15000002 -2.87413292
v -4.73905725 7.64999996 -2.85532877
v -4.73905725 7.15000002 -2.85532877
v -4.65982503 7.64999996 -2.82762044
v -4.65982503 7.15000002 -2.82762044
v -4.58413067 7.64999996 -2.79134570
v -4.58413067 7.15000002 -2.79134570
v -4.51289697 7.64999996 -2.74694685
v -4.51289697 7.15000002 -2.74694685
v -4.44699244 7.64999996 -2.69496522
v -4.44699244 7.15000002 -2.69496522
v -4.38722063 7.64999996 -2.63603458
v -4.38722063 7.15000002 -2.63603458
v -4.33431024 7.64999996 -2.57087334
v -4.33431024 7.15000002 -2.57087334
v -4.92618986 7.64999996 -2.87059264
v -4.86790849 7.64999996 -2.86644197
v -4.81013073 7.64999996 -2.85774272
v -4.75321107 7.64999996 -2.84454806
v -4.33378409 7.64999996 -2.54542029
v -4.36857886 7.64999996 -2.59235927
v -4.69749871 7.64999996 -2.82693899
v -4.64333543 7.64999996 -2.80502357
v -4.59105352 7.64999996 -2.77893629
v -4.54097370 7.64999996 -2.74883711
v -4.49340323 7.64999996 -2.71491075
v -4.44863399 7.64999996 -2.67736528
v -4.40694064 7.64999996 -2.63643109
v -4.38014095 7.64270920 -2.58306547
v -4.41773984 7.64270920 -2.62626081
v -4.46704983 7.61154193 -2.57982269
v -4.64943371 7.64270920 -2.79150072
v -4.59819145 7.64270920 -2.76593219
v -4.68170366 7.61127203 -2.73105062
v -4.67101443 7.61273141 -2.72989723
v -4.83904041 7.58229430 -2.70629155
v -4.60076793 7.55655795 -2.50975620
v -4.43293422 7.61154193 -2.54062901
v -4.55226174 7.58229430 -2.56319649
v -4.63195243 7.55655795 -2.53590893
v -4.66508817 7.55655795 -2.55954068
v -4.69997181 7.55655795 -2.58050661
v -4.73638936 7.55655795 -2.59867802
v -4.77411740 7.55655795 -2.61394347
v -4.82561235 7.61154193 -2.77663812
v -4.92882532 7.61154193 -2.78806572
v -4.87699489 7.61154193 -2.78437457
v -4.63074928 7.60892789 -2.69963027
v -4.62791296 7.60716043 -2.69331134
v -4.58624729 7.61154193 -2.67978695
v -4.63261074 7.60978508 -2.70293073
v -4.62510551 7.60407440 -2.68331596
v -4.62422113 7.60168555 -2.67619926
v -4.62410765 7.60039251 -2.67252226
v -4.62493115 7.59677320 -2.66277541
v -4.62778267 7.59249526 -2.65214893
v -4.62551567 7.58229430 -2.61989578
v -4.62846642 7.59175430 -2.65039855
v -4.63360486 7.58738565 -2.64060383
v -4.63891279 7.58400626 -2.63365905
v -4.65368596 7.61343978 -2.72340791
v -4.66343153 7.61331703 -2.72782517
v -4.66804675 7.61300727 -2.72921634
v -4.64628146 7.61294413 -2.71841197
v -4.63855854 7.61165648 -2.71105294
v -4.63078395 7.61154193 -2.70655451
v -4.74047843 7.58325133 -2.68112475
v -4.73875213 7.58633773 -2.68899545
v -4.74968839 7.58229430 -2.68185467
v -4.73466406 7.59068533 -2.69925057
v -4.72544714 7.61154193 -2.74924401
v -4.73199420 7.59280707 -2.70391589
v -4.72991243 7.59425732 -2.70697593
v -4.72257855 7.59848907 -2.71527374
v -4.71626514 7.60142087 -2.72040626
v -4.71497460 7.60196104 -2.72128850
v -4.70672655 7.60503291 -2.72585468
v -4.69970636 7.60720792 -2.72850322
v -4.69236302 7.60911416 -2.73023860
v -4.73044196 7.57007833 -2.63887744
v -4.73559255 7.57231686 -2.64775704
v -4.73896051 7.57493890 -2.65684726
v -4.73923425 7.57525034 -2.65786450
v -4.74095303 7.57863029 -2.66828446
v -4.74073443 7.58251484 -2.67916846
v -4.70863658 7.56724580 -2.62016521
v -4.71641010 7.56754364 -2.62480958
v -4.72351953 7.56840698 -2.63074020
v -4.72770336 7.56928764 -2.63529027
v -4.68506886 7.56916023 -2.61410775
v -4.68900600 7.56858989 -2.61440685
v -4.69953055 7.56754010 -2.61655694
v -4.70713377 7.56725065 -2.61944507
v -4.64081699 7.58295535 -2.63162002
v -4.64700712 7.57994718 -2.62613597
v -4.65359565 7.57726516 -2.62175717
v -4.66107633 7.57470961 -2.61816273
v -4.66356820 7.57395617 -2.61724119
v -4.67074942 7.57202777 -2.61527060
v -4.68151195 7.56975590 -2.61406626
v -4.81291217 7.64270920 -2.84317143
v -4.86954094 7.64270920 -2.85169778
v -4.92666336 7.64270920 -2.85576584
v -4.70251991 7.64270920 -2.81298033
v -4.68907054 7.60985586 -2.73069961
v -4.34603810 7.64270920 -2.53705985
v -4.54910754 7.64270920 -2.73643152
v -4.51918601 7.58229430 -2.53072300
v -4.81292447 7.55655795 -2.62620922
v -4.79388553 7.58229430 -2.69582409
v -4.77499292 7.61154193 -2.76490392
v -4.75712439 7.64270920 -2.83023918
v -4.50412834 7.61154193 -2.61622600
v -4.45860413 7.64270920 -2.66638098
v -4.58777759 7.58229430 -2.59298163
v -4.54394224 7.61154193 -2.64961573
v -4.50248311 7.64270920 -2.70317982
v -4.70863537 7.55000013 -2.62016456
v -4.64082326 7.55000013 -2.63161364
v -4.62778267 7.55000013 -2.65214893
v -4.66108886 7.55000013 -2.61815779
v -4.68507538 7.55000013 -2.61410803
v -4.72769505 7.55000013 -2.63528025
v -4.73895884 7.55000013 -2.65684135
v -4.74047915 7.55000013 -2.68111976
v -4.73199308 7.55000013 -2.70391761
v -4.71496794 7.55000013 -2.72129292
v -4.69234758 7.55000013 -2.73024121
v -4.66804321 7.55000013 -2.72921540
v -4.64625729 7.55000013 -2.71839283
v -4.62422199 7.55000013 -2.67621290
v -4.63075685 7.55000013 -2.69964475
v -4.68260844 7.55000013 -2.67255681
v -4.50024808 7.54554189 -1.94322614
v -4.50024808 7.15000002 -1.94322614
v -4.48100351 7.55880411 -1.88606945
v -4.38880206 7.15000002 -1.61222920
v -4.46329557 7.57315952 -1.83347645
v -4.44574107 7.58946809 -1.78133913
v -4.38880206 7.64999996 -1.61222920
v -4.39400019 7.64999996 -1.62766764
v -4.41109331 7.62789893 -1.67843455
v -4.42462096 7.61189248 -1.71861204
v -4.42834029 7.60771829 -1.72965841
v -4.49417795 7.53730658 -2.08665175
v -4.48557425 7.53947674 -2.10410338
v -4.48585058 7.15000002 -2.10360391
v -4.47326179 7.54299919 -2.12355647
v -4.46224616 7.54641063 -2.13756298
v -4.46224616 7.15000002 -2.13756298
v -4.47531466 7.54238713 -2.12063762
v -4.50990254 7.15000002 -2.02492798
v -4.50725051 7.53520831 -2.04404965
v -4.50196567 7.15000002 -2.06551604
v -4.50274877 7.53562107 -2.06289035
v -4.50109162 7.53588612 -2.06830226
v -4.50899194 7.53919753 -1.98093542
v -4.51058832 7.53711752 -2.00025506
v -4.50932172 7.15000002 -1.98357527
v -4.51069645 7.53669507 -2.00535271
v -4.50990897 7.53556351 -2.02485618
v -4.50554414 7.54200603 -1.96191046
v -4.23973312 7.15000002 -2.39592050
v -4.42533584 7.55921836 -2.18041917
v -4.38873268 7.57404129 -2.22291874
v -4.25030270 7.64999996 -2.38364828
v -4.23973312 7.64999996 -2.39592050
v -4.28058675 7.63061355 -2.34848582
v -4.31637641 7.60973199 -2.30693078
v -4.37238564 7.58135515 -2.24189907
v -4.35241892 7.59087774 -2.26508221
v -4.21419416 7.64999996 -2.31596263
v -4.21419416 7.15000002 -2.31596263
v -4.19762617 7.64999996 -2.23367658
v -4.19762617 7.15000002 -2.23367658
v -4.19023114 7.64999996 -2.15006552
v -4.19023114 7.15000002 -2.15006552
v -4.19209928 7.64999996 -2.06614887
v -4.19209928 7.15000002 -2.06614887
v -4.20320777 7.64999996 -1.98294973
v -4.20320777 7.15000002 -1.98294973
v -4.22342110 7.64999996 -1.90148247
v -4.22342110 7.15000002 -1.90148247
v -4.25249294 7.64999996 -1.82274033
v -4.25249294 7.15000002 -1.82274033
v -4.29006887 7.64999996 -1.74768337
v -4.29006887 7.15000002 -1.74768337
v -4.33569064 7.64999996 -1.67722667
v -4.33569064 7.15000002 -1.67722667
v -4.23354155 7.64999996 -2.33275597
v -4.21947909 7.64999996 -2.27604450
v -4.20989835 7.64999996 -2.21840637
v -4.20485803 7.64999996 -2.16019519
v -4.20438915 7.64999996 -2.10176807
v -4.20849456 7.64999996 -2.04348350
v -4.21714906 7.64999996 -1.98569901
v -4.35973539 7.64999996 -1.66886088
v -4.32584586 7.64999996 -1.71645761
v -4.23029957 7.64999996 -1.92876915
v -4.24786543 7.64999996 -1.87304313
v -4.26973880 7.64999996 -1.81886286
v -4.29578557 7.64999996 -1.76656074
v -4.34165725 7.64074168 -1.72680703
v -4.31235845 7.64074168 -1.77564088
v -4.37092267 7.61019505 -1.80772781
v -4.22727873 7.64074168 -2.04554852
v -4.23571400 7.64074168 -1.98922786
v -4.30338004 7.61019505 -2.25869690
v -4.47711770 7.55620926 -1.91218935
v -4.39753055 7.61019505 -1.76337906
v -4.41224652 7.58149746 -1.88299543
v -4.46191247 7.55620926 -1.94985266
v -4.44970162 7.55620926 -1.98859050
v -4.44056008 7.55620926 -2.02816519
v -4.43454392 7.55620926 -2.06833396
v -4.43169002 7.55620926 -2.10885037
v -4.29489965 7.61019505 -2.20767856
v -4.36494199 7.58149746 -2.19883869
v -4.29341884 7.60980147 -2.06424364
v -4.29025970 7.61153187 -2.05560131
v -4.28867976 7.61257942 -2.04802200
v -4.28815212 7.61312238 -2.04203323
v -4.28816358 7.61337235 -2.03747177
v -4.28901802 7.61347070 -2.02965053
v -4.29178828 7.61294152 -2.01949201
v -4.29250391 7.61276047 -2.01766377
v -4.29736206 7.61135957 -2.00833102
v -4.30131762 7.61019505 -2.00169785
v -4.30366977 7.60932165 -2.00017409
v -4.35858837 7.58240103 -2.09716206
v -4.34784999 7.58652437 -2.09838762
v -4.36058694 7.58149746 -2.10663492
v -4.33814989 7.59035061 -2.09778512
v -4.29002319 7.61019505 -2.10443628
v -4.32752895 7.59465500 -2.09520000
v -4.32620871 7.59519908 -2.09472659
v -4.31949704 7.59799957 -2.09173630
v -4.31036794 7.60191783 -2.08581899
v -4.30678495 7.60349903 -2.08274832
v -4.30449208 7.60452758 -2.08049651
v -4.29776500 7.60764844 -2.07208870
v -4.38944626 7.57136020 -2.07974637
v -4.38656367 7.57231984 -2.08263590
v -4.37812920 7.57523488 -2.08918613
v -4.37094083 7.57781408 -2.09310280
v -4.36867157 7.57864314 -2.09408297
v -4.40417792 7.56840083 -2.02947187
v -4.40505802 7.56763174 -2.03732204
v -4.40456847 7.56724543 -2.04787621
v -4.40271141 7.56749354 -2.05649580
v -4.40143703 7.56777815 -2.06031504
v -4.39882533 7.56846267 -2.06628780
v -4.39358701 7.57002785 -2.07476937
v -4.39231980 7.57442351 -2.00338513
v -4.39822104 7.57164351 -2.01234883
v -4.39980885 7.57085282 -2.01555537
v -4.40134223 7.57005784 -2.01923185
v -4.31150988 7.60662063 -1.99310192
v -4.31295780 7.61019505 -1.95130643
v -4.32065816 7.60332748 -1.98747240
v -4.32228449 7.60272994 -1.98669817
v -4.33063961 7.59961317 -1.98362231
v -4.34076141 7.59574427 -1.98169254
v -4.36701526 7.58528105 -1.98507165
v -4.37117492 7.58356239 -1.98680462
v -4.38106943 7.58149746 -1.96987749
v -4.37857311 7.58045363 -1.99090028
v -4.38706961 7.57677789 -1.99764245
v -4.34449197 7.59429476 -1.98143756
v -4.35162152 7.59149111 -1.98161376
v -4.36087728 7.58778407 -1.98316448
v -4.22864689 7.64074168 -2.21604015
v -4.23798499 7.64074168 -2.27221818
v -4.25169121 7.64074168 -2.32749302
v -4.22327731 7.64074168 -2.10235661
v -4.29403850 7.60948370 -2.06555453
v -4.37468819 7.64074168 -1.68041599
v -4.24853138 7.64074168 -1.93374015
v -4.43283676 7.58149746 -1.84165007
v -4.43201599 7.55620926 -2.14946587
v -4.36095761 7.58149746 -2.15282216
v -4.29043824 7.61019505 -2.15615298
v -4.22373435 7.64074168 -2.15930361
v -4.34786741 7.61019505 -1.85402299
v -4.28697148 7.64074168 -1.82661808
v -4.39495535 7.58149746 -1.92582549
v -4.32850619 7.61019505 -1.90198061
v -4.26565220 7.64074168 -1.87942581
v -4.29178828 7.55000013 -2.01949201
v -4.30377133 7.55000013 -2.00006454
v -4.32227690 7.55000013 -1.98670166
v -4.34448750 7.55000013 -1.98143771
v -4.38644931 7.55000013 -1.99705722
v -4.36702187 7.55000013 -1.98507411
v -4.39981220 7.55000013 -2.01556275
v -4.40507613 7.55000013 -2.03777336
v -4.40143973 7.55000013 -2.06030774
v -4.38945664 7.55000013 -2.07973518
v -4.37095112 7.55000013 -2.09309807
v -4.34874047 7.55000013 -2.09836201
v -4.32620615 7.55000013 -2.09472563
v -4.30677866 7.55000013 -2.08274250
v -4.29341582 7.55000013 -2.06423699
v -4.28815184 7.55000013 -2.04202635
v -4.34661399 7.55000013 -2.03989988
v -5.12345882 7.59043145 -1.53740968
v -5.08014054 7.57430094 -1.56959037
v -5.26425429 7.15000002 -1.43281419
v -5.03645039 7.56005115 -1.60204733
v -4.98389624 7.15000002 -1.64108931
v -4.99238943 7.54769455 -1.63477978
v -4.98389624 7.54554189 -1.64108931
v -5.26425429 7.64999996 -1.43281419
v -5.25117778 7.64999996 -1.44252859
v -5.20897759 7.62829083 -1.47387867
v -5.17407465 7.61185988 -1.49980772
v -5.16640460 7.60843150 -1.50550574
v -4.84597361 7.53727361 -1.67967116
v -4.82706413 7.53938343 -1.67698374
v -4.82691882 7.15000002 -1.67695589
v -4.80405266 7.54299919 -1.67114895
v -4.78732768 7.54641063 -1.66500073
v -4.78732768 7.15000002 -1.66500073
v -4.80850127 7.54220627 -1.67250598
v -4.90917654 7.15000002 -1.67551849
v -4.90959747 7.53557748 -1.67542182
v -4.89088222 7.53520775 -1.67881234
v -4.86812240 7.15000002 -1.68051252
v -4.87194069 7.53557786 -1.68040928
v -4.86812187 7.53574121 -1.68051252
v -4.86520243 7.53588612 -1.68054218
v -4.92803907 7.53669507 -1.67022448
v -4.94832583 7.15000002 -1.66218744
v -4.93387083 7.53721400 -1.66817412
v -4.96807021 7.54206489 -1.65171463
v -4.95138142 7.53928880 -1.66074808
v -4.94833095 7.53886878 -1.66218507
v -4.47285476 7.15000002 -1.53321510
v -4.73612305 7.55896337 -1.64354250
v -4.68533684 7.57345773 -1.62225959
v -4.48779252 7.64999996 -1.53947503
v -4.47285476 7.64999996 -1.53321510
v -4.53524937 7.62859966 -1.55936272
v -4.58492453 7.60826945 -1.58017997
v -4.66338045 7.58036441 -1.61305836
v -4.63494545 7.58989184 -1.60114218
v -4.54100722 7.64999996 -1.48421775
v -4.54100722 7.15000002 -1.48421775
v -4.61414610 7.64999996 -1.44303285
v -4.61414610 7.15000002 -1.44303285
v -4.69137975 7.64999996 -1.41016257
v -4.69137975 7.15000002 -1.41016257
v -4.77176657 7.64999996 -1.38600760
v -4.77176657 7.15000002 -1.38600760
v -4.85432634 7.64999996 -1.37086238
v -4.85432634 7.15000002 -1.37086238
v -4.93805259 7.64999996 -1.36491170
v -4.93805259 7.15000002 -1.36491170
v -5.02192448 7.64999996 -1.36822804
v -5.02192448 7.15000002 -1.36822804
v -5.10491950 7.64999996 -1.38077096
v -5.10491950 7.15000002 -1.38077096
v -5.18602573 7.64999996 -1.40238751
v -5.18602573 7.15000002 -1.40238751
v -4.53101446 7.64999996 -1.50780764
v -4.58060475 7.64999996 -1.47690869
v -4.63246126 7.64999996 -1.44998564
v -4.68626586 7.64999996 -1.42720377
v -4.74168845 7.64999996 -1.40870290
v -4.79838900 7.64999996 -1.39459644
v -4.85601971 7.64999996 -1.38497094
v -4.91422696 7.64999996 -1.37988555
v -4.97265370 7.64999996 -1.37937137
v -5.03094144 7.64999996 -1.38343156
v -5.20141230 7.64999996 -1.42267023
v -5.14567267 7.64999996 -1.40514758
v -5.08873262 7.64999996 -1.39204126
v -5.07207358 7.60851382 -1.48005507
v -5.02122199 7.60851382 -1.47247918
v -5.01370062 7.58050169 -1.54138838
v -4.70009819 7.58050169 -1.59376620
v -4.76713353 7.55577265 -1.64116605
v -5.19442968 7.63986401 -1.44217636
v -5.14023817 7.63986401 -1.42514042
v -5.05918204 7.58050169 -1.54816422
v -4.96570749 7.55577265 -1.60800030
v -4.92519589 7.55577265 -1.60835681
v -4.88483648 7.55577265 -1.61188294
v -4.84487685 7.55577265 -1.61855694
v -4.80556211 7.55577265 -1.62833801
v -4.74244224 7.58050169 -1.57583698
v -4.54265115 7.63986401 -1.52494924
v -4.78605960 7.58050169 -1.56127683
v -4.79429803 7.58197877 -1.55491943
v -4.79127687 7.58441194 -1.54917806
v -4.78969582 7.58599798 -1.54537165
v -4.78698893 7.58995201 -1.53567863
v -4.76670252 7.60851382 -1.49471595
v -4.78601641 7.59340870 -1.52697668
v -4.78597789 7.59418226 -1.52499958
v -4.78685385 7.59811915 -1.51476169
v -4.78965275 7.60196365 -1.50444058
v -4.79388939 7.60518658 -1.49547008
v -4.82405867 7.57038976 -1.57966970
v -4.81736587 7.57199331 -1.57668714
v -4.80825592 7.57488917 -1.57078609
v -4.80463161 7.57633551 -1.56768027
v -4.80066438 7.57817823 -1.56361268
v -4.85598550 7.56725176 -1.58220639
v -4.86593540 7.56770755 -1.57927217
v -4.86882030 7.56798490 -1.57804450
v -4.87320708 7.56854835 -1.57580932
v -4.84711279 7.56743523 -1.58328989
v -4.83677932 7.56830733 -1.58284039
v -4.82692307 7.56981700 -1.58065299
v -4.89768377 7.57716644 -1.54917010
v -4.89930919 7.57857516 -1.54524304
v -4.92184676 7.58050169 -1.53859772
v -4.89386332 7.57470570 -1.55620899
v -4.88743240 7.57191769 -1.56456374
v -4.88180520 7.57024448 -1.56989356
v -4.91852259 7.60851382 -1.46935901
v -4.86792877 7.60958224 -1.47125337
v -4.87701293 7.60700117 -1.47622891
v -4.88432043 7.60422937 -1.48201191
v -4.88549553 7.60370801 -1.48313574
v -4.89228581 7.60011013 -1.49113184
v -4.90294049 7.58706379 -1.52271737
v -4.90270221 7.58404370 -1.53053564
v -4.90121257 7.58081778 -1.53911694
v -4.89756518 7.59617659 -1.50026896
v -4.90114194 7.59201824 -1.51030196
v -4.90276209 7.58820559 -1.51981169
v -4.82060180 7.61278003 -1.47144201
v -4.82833366 7.61335577 -1.46861954
v -4.80259979 7.63986401 -1.41488228
v -4.84780906 7.61286496 -1.46644253
v -4.85801944 7.61157098 -1.46793628
v -4.85862987 7.63986401 -1.40552416
v -4.84235629 7.61326450 -1.46638614
v -4.83849702 7.61342599 -1.46665422
v -4.91522051 7.63986401 -1.40057996
v -4.86489840 7.61027347 -1.47002719
v -4.79827472 7.60743573 -1.48896591
v -4.80162431 7.60875168 -1.48502558
v -4.74747399 7.63986401 -1.42859693
v -4.80543749 7.60995942 -1.48128073
v -4.81152186 7.61141285 -1.47651413
v -4.69359064 7.63986401 -1.44658398
v -4.64128042 7.63986401 -1.46873312
v -4.59086413 7.63986401 -1.49490840
v -5.08487953 7.63986401 -1.41239807
v -5.02869342 7.63986401 -1.40402753
v -4.62496179 7.60851382 -1.55473154
v -4.67059138 7.60851382 -1.53104144
v -4.71793509 7.60851382 -1.51099523
v -5.12217627 7.60851382 -1.49158759
v -5.00612272 7.55577265 -1.61081550
v -4.96782837 7.58050169 -1.53819306
v -4.96993344 7.60851382 -1.46890653
v -4.97202454 7.63986401 -1.40008002
v -4.90294067 7.55000013 -1.52272193
v -4.78965275 7.55000013 -1.50444058
v -4.80163588 7.55000013 -1.48501310
v -4.82014139 7.55000013 -1.47165021
v -4.84235202 7.55000013 -1.46638628
v -4.86488638 7.55000013 -1.47002267
v -4.88431384 7.55000013 -1.48200577
v -4.89767672 7.55000013 -1.50051133
v -4.89930425 7.55000013 -1.54525631
v -4.88732116 7.55000013 -1.56468374
v -4.86881563 7.55000013 -1.57804664
v -4.84660502 7.55000013 -1.58331057
v -4.82407065 7.55000013 -1.57967417
v -4.80464319 7.55000013 -1.56769103
v -4.79128030 7.55000013 -1.54918556
v -4.78601636 7.55000013 -1.52697491
v -4.84447851 7.55000013 -1.52484842
v -5.14032329 7.60692946 -2.74933048
v -5.15696574 7.58840564 -2.69619746
v -5.10261956 7.15000002 -2.86970416
v -5.17375814 7.57190447 -2.64258564
v -5.20701295 7.15000002 -2.53641571
v -5.19070027 7.55743898 -2.58849587
v -5.20701295 7.54554189 -2.53641571
v -5.10261956 7.64999996 -2.86970416
v -5.10748870 7.64999996 -2.85415880
v -5.12383092 7.62746456 -2.80198425
v -5.29657225 7.53734364 -2.42374677
v -5.31416973 7.53958180 -2.41455287
v -5.31292851 7.15000002 -2.41513001
v -5.33484083 7.54299919 -2.40638752
v -5.35198546 7.54641063 -2.40153084
v -5.35198546 7.15000002 -2.40153084
v -5.33260000 7.54259071 -2.40714639
v -5.27750356 7.15000002 -2.43647150
v -5.27627701 7.53567173 -2.43740326
v -5.27984840 7.53588612 -2.43473116
v -5.22248545 7.53909751 -2.50006935
v -5.23284518 7.53701302 -2.48320547
v -5.22338883 7.15000002 -2.49843919
v -5.23507714 7.53669507 -2.48001283
v -5.24722548 7.15000002 -2.46464277
v -5.24744096 7.53554861 -2.46439639
v -5.26119063 7.53521017 -2.45018653
v -5.21386648 7.54194102 -2.51782008
v -5.68386105 7.15000002 -2.32330512
v -5.40816144 7.55950223 -2.38828971
v -5.46386063 7.57469247 -2.37516095
v -5.66809664 7.64999996 -2.32702091
v -5.68386105 7.64999996 -2.32330512
v -5.62838179 7.63286996 -2.33638203
v -5.57394179 7.61136851 -2.34921395
v -5.48957589 7.58246063 -2.36909967
v -5.51911111 7.59197968 -2.36213799
v -5.65752446 7.64999996 -2.40300379
v -5.65752446 7.15000002 -2.40300379
v -5.62256172 7.64999996 -2.47931304
v -5.62256172 7.15000002 -2.47931304
v -5.57939906 7.64999996 -2.55130248
v -5.57939906 7.15000002 -2.55130248
v -5.52856273 7.64999996 -2.61809442
v -5.52856273 7.15000002 -2.61809442
v -5.47067260 7.64999996 -2.67887458
v -5.47067260 7.15000002 -2.67887458
v -5.40643435 7.64999996 -2.73290181
v -5.40643435 7.15000002 -2.73290181
v -5.33663126 7.64999996 -2.77951753
v -5.33663126 7.15000002 -2.77951753
v -5.26211437 7.64999996 -2.81815336
v -5.26211437 7.15000002 -2.81815336
v -5.18379216 7.64999996 -2.84833822
v -5.18379216 7.15000002 -2.84833822
v -5.65174299 7.64999996 -2.37804558
v -5.62978557 7.64999996 -2.43219184
v -5.60365774 7.64999996 -2.48445352
v -5.57351972 7.64999996 -2.53450999
v -5.53955648 7.64999996 -2.58205405
v -5.50197626 7.64999996 -2.62679418
v -5.46100976 7.64999996 -2.66845583
v -5.41690828 7.64999996 -2.70678338
v -5.36994229 7.64999996 -2.74154178
v -5.32040000 7.64999996 -2.77251767
v -5.15942227 7.64999996 -2.84097314
v -5.21481608 7.64999996 -2.82238631
v -5.26858527 7.64999996 -2.79952108
v -5.23384444 7.61207408 -2.72596639
v -5.28000887 7.61207408 -2.70190763
v -5.24424978 7.58260871 -2.63939507
v -5.46927278 7.58260871 -2.41055377
v -5.20308763 7.58260871 -2.66084687
v -5.24274905 7.55669541 -2.55480197
v -5.27548988 7.55669541 -2.53057133
v -5.30623382 7.55669541 -2.50385250
v -5.33479229 7.55669541 -2.47480946
v -5.36099009 7.55669541 -2.44362035
v -5.53237812 7.61207408 -2.44525611
v -5.57521985 7.61207408 -2.35045166
v -5.55565681 7.61207408 -2.39869342
v -5.33722544 7.56797354 -2.51967863
v -5.34153183 7.56740730 -2.51313865
v -5.34634309 7.56724580 -2.50756631
v -5.32091700 7.58260871 -2.58717507
v -5.33231397 7.57921516 -2.56603125
v -5.33043645 7.57654711 -2.55820018
v -5.32974361 7.57471091 -2.55218323
v -5.32964210 7.57333311 -2.54723097
v -5.33047114 7.57122087 -2.53861311
v -5.33330317 7.56915911 -2.52810100
v -5.39713714 7.60875504 -2.60631193
v -5.38669366 7.60595082 -2.60699203
v -5.36599325 7.61207408 -2.64334150
v -5.39786390 7.60893068 -2.60619398
v -5.37591370 7.60251480 -2.60572012
v -5.37355461 7.60168704 -2.60516515
v -5.36603306 7.59885210 -2.60267637
v -5.35626442 7.59465984 -2.59756998
v -5.35177591 7.59249433 -2.59434336
v -5.34872555 7.59091350 -2.59174907
v -5.34123548 7.58651822 -2.58348526
v -5.33663023 7.58323400 -2.57626183
v -5.33627880 7.58295312 -2.57559961
v -5.43751426 7.61300746 -2.57986856
v -5.43146658 7.61347405 -2.58780506
v -5.49218289 7.64348685 -2.61789111
v -5.43793480 7.61294152 -2.57919629
v -5.44148994 7.61209979 -2.57248690
v -5.44178479 7.61207408 -2.57207493
v -5.44499776 7.61026080 -2.56223038
v -5.42530332 7.61333472 -2.59367970
v -5.45194319 7.64348685 -2.65881356
v -5.42048200 7.61294096 -2.59724918
v -5.41642195 7.61245872 -2.59971286
v -5.40528561 7.61207408 -2.60919349
v -5.40755622 7.61101685 -2.60368970
v -5.41835006 7.58260871 -2.48808873
v -5.41416125 7.58325170 -2.49611933
v -5.41587088 7.58397832 -2.49700421
v -5.42507025 7.58827134 -2.50314716
v -5.43178826 7.59194466 -2.50957033
v -5.47526696 7.61207408 -2.53221358
v -5.43321355 7.59280651 -2.51122988
v -5.43838281 7.59629674 -2.51856067
v -5.44212645 7.59941611 -2.52600077
v -5.44447548 7.60195880 -2.53277964
v -5.44540172 7.60327532 -2.53658511
v -5.44646287 7.60565560 -2.54409302
v -5.44626287 7.60863303 -2.55505017
v -5.44600056 7.60911639 -2.55706555
v -5.34881049 7.56729405 -2.50519135
v -5.35579392 7.56777982 -2.49975650
v -5.36525597 7.56905592 -2.49466486
v -5.36661551 7.56928652 -2.49410740
v -5.37472230 7.57087554 -2.49156496
v -5.38539517 7.57347430 -2.49007195
v -5.39061262 7.57494207 -2.49006078
v -5.39589033 7.57655754 -2.49052518
v -5.40651305 7.58022658 -2.49297174
v -5.59206021 7.64348685 -2.47807591
v -5.61772448 7.64348685 -2.42674151
v -5.63929228 7.64348685 -2.37355591
v -5.31382820 7.64348685 -2.76102906
v -5.26293279 7.64348685 -2.78755336
v -5.21011758 7.64348685 -2.81001295
v -5.15570660 7.64348685 -2.82826999
v -5.52909624 7.64348685 -2.57394479
v -5.40862417 7.64348685 -2.69646112
v -5.18593863 7.61207408 -2.74633828
v -5.13658533 7.61207408 -2.76289827
v -5.38466645 7.55669541 -2.41047652
v -5.44533085 7.58260871 -2.45031915
v -5.50552660 7.61207408 -2.48985402
v -5.56245696 7.64348685 -2.52724423
v -5.20821228 7.55669541 -2.57639585
v -5.28360671 7.58260871 -2.61478743
v -5.32414876 7.61207408 -2.67430956
v -5.36249148 7.64348685 -2.73060275
v -5.33627731 7.55000013 -2.57559677
v -5.37356369 7.55000013 -2.60516747
v -5.34634374 7.55000013 -2.50756566
v -5.33330317 7.55000013 -2.52810100
v -5.36660932 7.55000013 -2.49410982
v -5.39059586 7.55000013 -2.49006006
v -5.41415585 7.55000013 -2.49611663
v -5.43321555 7.55000013 -2.51123230
v -5.44447934 7.55000013 -2.53279337
v -5.44599963 7.55000013 -2.55707183
v -5.43751356 7.55000013 -2.57986968
v -5.42048843 7.55000013 -2.59724495
v -5.39786809 7.55000013 -2.60619328
v -5.35177777 7.55000013 -2.59434485
v -5.32974247 7.55000013 -2.55216498
v -5.38812892 7.55000013 -2.54850884
v -5.46217745 6.84999998 -0.07548032
v -5.46217745 7.34999996 -0.07548032
v -5.33196628 7.34999996 -0.04727075
v -3.15906240 6.84999998 -1.00455384
v -3.15906240 7.34999996 -1.00455384
v -3.12821328 7.34999996 -1.05544382
v -3.40152060 6.94999999 -3.56203455
v -3.40152060 7.34999996 -3.56203455
v -3.58034291 7.34999996 -3.73338310
v -4.63664963 5.85026249 -4.21417893
v -4.56803372 5.85026249 -4.20272925
v -4.92417137 6.91173167 -4.23738954
v -5.74031717 6.84999998 -4.08414656
v -5.74031717 7.34999996 -4.08414656
v -5.99293544 7.34999996 -3.96215615
v -7.05748054 6.84999998 -1.97877328
v -7.05748054 7.34999996 -1.97877328
v -7.03306685 7.34999996 -1.77330561
v -6.92983608 7.34999996 -2.86195723
v -6.94856684 7.34999996 -2.80953453
v -6.94856684 6.84999998 -2.80953453
v -5.65807212 6.84999998 -4.11534940
v -5.65807212 5.85026249 -4.11534940
v -5.62520575 5.85026249 -4.12673780
v -5.48190733 6.84999998 -4.16948812
v -5.38371473 5.85026249 -4.19254636
v -5.30169439 6.84999998 -4.20806685
v -4.93463058 5.85026249 -4.23749143
v -4.93303470 6.89501192 -4.23747932
v -4.94584893 6.87928933 -4.23754340
v -4.97829832 6.85761205 -4.23735788
v -5.01658505 6.84999998 -4.23649771
v -5.13613521 5.85026249 -4.22933118
v -5.30169439 5.85026249 -4.20806685
v -4.56803372 7.34999996 -4.20272925
v -4.91656013 7.34999996 -4.23728263
v -4.91656013 6.94999999 -4.23728263
v -4.88594278 5.85026249 -4.23657613
v -3.37967838 6.84337408 -3.53813374
v -3.39299108 6.88187422 -3.55278838
v -3.58034291 5.85026249 -3.73338310
v -3.33510156 6.77953211 -3.48696911
v -3.34866199 6.79348686 -3.50288728
v -3.36973484 6.82361402 -3.52700509
v -3.39792373 6.90541163 -3.55814907
v -3.26651915 6.74999996 -3.40122467
v -3.29385291 6.75456838 -3.43650065
v -3.32185834 5.85026249 -3.47110962
v -3.18582117 6.74999996 -3.28712294
v -3.19702814 5.85026249 -3.30395985
v -3.11284385 6.74999996 -3.16793544
v -3.52299235 5.85026249 -3.68272464
v -3.34877132 5.85026249 -3.50301450
v -3.32216195 6.76913547 -3.47147684
v -3.30924096 6.76118412 -3.45570163
v -3.11284385 5.85026249 -3.16793544
v -3.06989274 5.85026249 -3.08835532
v -3.02893708 6.74999996 -3.00384804
v -2.96915009 5.85026249 -2.85922748
v -2.95965060 6.74999996 -2.83307212
v -2.86693315 7.34999996 -2.47669439
v -2.93076618 7.34999996 -2.74592808
v -2.93076618 6.74999996 -2.74592808
v -2.95965060 5.85026249 -2.83307212
v -2.89621393 5.85026249 -2.61979250
v -2.86693315 5.85026249 -2.47669439
v -3.34161690 6.84999998 -0.75534291
v -3.35067253 5.85026249 -0.74477967
v -3.46711076 6.84999998 -0.62037509
v -3.52514100 5.85026249 -0.56530980
v -3.60389038 6.84999998 -0.49685834
v -3.90706456 7.34999996 -0.28784385
v -3.73548477 7.34999996 -0.39647182
v -3.73548477 6.84999998 -0.39647182
v -3.60389038 5.85026249 -0.49685834
v -3.71961149 5.85026249 -0.40773449
v -3.90706456 5.85026249 -0.28784385
v -6.31965709 7.34999996 -0.51661690
v -6.21862209 7.34999996 -0.43578276
v -6.21862209 6.84999998 -0.43578276
v -2.97016392 7.34999996 -1.38804277
v -2.87227075 7.34999996 -1.74303372
v -2.89689789 5.85026249 -1.62737689
v -2.83750857 7.34999996 -2.10963058
v -2.85245313 5.85026249 -1.87369660
v -2.87227075 5.85026249 -1.74303372
v -2.85210854 5.85026249 -2.37341176
v -2.83745306 5.85026249 -2.12354398
v -2.83750857 5.85026249 -2.10963058
v -3.71724547 5.85026249 -3.84056789
v -3.88044382 7.34999996 -3.94678672
v -4.21304277 5.85026249 -4.10483608
v -4.15469727 5.85026249 -4.08212801
v -4.21304277 7.34999996 -4.10483608
v -3.92880377 5.85026249 -3.97432817
v -3.88044382 5.85026249 -3.94678672
v -4.39175524 5.85026249 -4.16245402
v -5.85721836 5.85026249 -4.03282901
v -5.99293544 5.85026249 -3.96215615
v -6.07649575 5.85026249 -3.91213854
v -6.29610962 7.34999996 -3.75314166
v -6.27995956 5.85026249 -3.76636067
v -6.55838310 7.34999996 -3.49465709
v -6.46475361 5.85026249 -3.59754150
v -6.29610962 5.85026249 -3.75314166
v -6.77178672 7.34999996 -3.19455618
v -6.62828389 5.85026249 -3.40805117
v -6.55838310 5.85026249 -3.49465709
v -7.02772925 6.84999998 -2.50696628
v -6.97001669 5.85026249 -2.74337621
v -6.92983608 5.85026249 -2.86195723
v -6.88270110 5.85026249 -2.97794964
v -6.76825459 5.85026249 -3.20054952
v -6.94034940 5.85026249 -1.41692788
v -6.97086717 5.85026249 -1.50940891
v -6.94034940 7.34999996 -1.41692788
v -7.02949094 5.85026249 -1.75274406
v -7.03306685 5.85026249 -1.77330561
v -7.05892297 5.85026249 -2.00130488
v -7.06249143 6.84999998 -2.14036942
v -7.06249143 5.85026249 -2.14036942
v -7.05311320 6.84999998 -2.32442671
v -7.05875049 5.85026249 -2.25160209
v -7.02897574 5.85026249 -2.50012204
v -6.88387493 5.85026249 -1.27471525
v -6.78715615 7.34999996 -1.08206456
v -6.78715615 5.85026249 -1.08206456
v -6.76973558 5.85026249 -1.05195788
v -6.57814166 7.34999996 -0.77889038
v -6.63005079 5.85026249 -0.84426364
v -6.01955618 5.85026249 -0.30321328
v -6.07895817 5.85026249 -0.33941602
v -6.01955618 6.84999998 -0.30321328
v -6.28222081 5.85026249 -0.48547422
v -6.31965709 5.85026249 -0.51661690
v -6.46678193 5.85026249 -0.65454801
v -6.57814166 5.85026249 -0.77889038
v -5.85984739 5.85026249 -0.21842343
v -5.85670697 6.84999998 -0.21692792
v -5.68695723 5.85026249 -0.14516392
v -5.68695723 6.84999998 -0.14516392
v -5.62796446 5.85026249 -0.12419482
v -5.48598960 6.84999998 -0.08157843
v -5.38656430 5.85026249 -0.05805341
v -5.33196628 5.85026249 -0.04727075
v -5.13903582 5.85026249 -0.02092717
v -4.96536942 7.34999996 -0.01250857
v -4.96536942 5.85026249 -0.01250857
v -4.88885360 5.85026249 -0.01333763
v -4.59830561 7.34999996 -0.04193315
v -4.63952981 5.85026249 -0.03539117
v -4.24192788 7.34999996 -0.13465060
v -4.39456425 5.85026249 -0.08677819
v -4.59830561 5.85026249 -0.04193315
v -3.93135401 5.85026249 -0.27426591
v -4.15739587 5.85026249 -0.16677750
v -4.24192788 5.85026249 -0.13465060
v -2.97016392 5.85026249 -1.38804277
v -3.07122248 5.85026249 -1.15905393
v -3.12821328 5.85026249 -1.05544382
v -3.19865498 5.85026249 -0.94362486
v -3.34161690 5.85026249 -0.75534291
v -7.05748054 7.37000002 -1.97877328
v -7.05748054 7.55000013 -1.97877328
v -7.03721757 7.55000013 -1.79884168
v -7.00162112 7.37000002 -1.62130620
v -7.00162112 7.55000013 -1.62130620
v -6.95095270 7.55000013 -1.44747107
v -6.88558428 7.37000002 -1.27861339
v -6.88558428 7.55000013 -1.27861339
v -6.80599625 7.55000013 -1.11597355
v -6.71277347 7.37000002 -0.96074648
v -6.71277347 7.55000013 -0.96074648
v -6.60660046 7.55000013 -0.81407239
v -6.48825767 7.37000002 -0.67702893
v -6.48825767 7.55000013 -0.67702893
v -6.21862209 7.37000002 -0.43578276
v -6.35861394 7.55000013 -0.55062284
v -6.21862209 7.55000013 -0.43578276
v -5.10494454 7.37000002 -0.01814251
v -5.46217745 7.37000002 -0.07548032
v -5.46217745 7.55000013 -0.07548032
v -5.28479074 7.55000013 -0.03914961
v -5.10494454 7.55000013 -0.01814251
v -4.74316685 7.37000002 -0.02260206
v -4.92396007 7.55000013 -0.01261307
v -4.74316685 7.55000013 -0.02260206
v -4.38745597 7.37000002 -0.08872857
v -4.56389317 7.55000013 -0.04803629
v -4.38745597 7.55000013 -0.08872857
v -4.21515147 7.55000013 -0.14438031
v -4.04824543 7.37000002 -0.21458229
v -3.73548477 7.55000013 -0.39647182
v -3.73548477 7.37000002 -0.39647182
v -3.88796407 7.55000013 -0.29881911
v -4.04824543 7.55000013 -0.21458229
v -3.15906240 7.37000002 -1.00455384
v -3.15906240 7.55000013 -1.00455384
v -2.99413989 7.37000002 -1.32658414
v -3.06969437 7.55000013 -1.16203183
v -2.99413989 7.55000013 -1.32658414
v -2.93295386 7.55000013 -1.49700197
v -2.88658592 7.37000002 -1.67203334
v -2.88658592 7.55000013 -1.67203334
v -2.85537655 7.55000013 -1.85039237
v -2.83955506 7.37000002 -2.03076868
v -2.83955506 7.55000013 -2.03076868
v -2.83923804 7.55000013 -2.21183740
v -2.85442735 7.37000002 -2.39226802
v -2.85442735 7.55000013 -2.39226802
v -2.93076618 7.37000002 -2.74592808
v -2.88501180 7.55000013 -2.57073531
v -2.93076618 7.55000013 -2.74592808
v -3.41176160 6.94999999 -3.41639842
v -3.41176160 7.34999996 -3.41639842
v -3.38609016 6.94999999 -3.44789054
v -3.38609016 7.34999996 -3.44789054
v -3.37506610 6.94999999 -3.48699612
v -3.37506610 7.34999996 -3.48699612
v -3.38050893 6.94999999 -3.52725962
v -3.38050893 7.34999996 -3.52725962
v -3.65253727 7.37000002 -3.79216743
v -3.40152060 7.37000002 -3.56203455
v -3.40152060 7.55000013 -3.56203455
v -3.52238419 7.55000013 -3.68216715
v -3.65253727 7.55000013 -3.79216743
v -3.93726949 7.37000002 -3.97897770
v -3.79113297 7.55000013 -3.89131939
v -3.93726949 7.55000013 -3.97897770
v -4.08999578 7.55000013 -4.05457241
v -4.24831820 7.37000002 -4.11761121
v -4.24831820 7.55000013 -4.11761121
v -4.41120642 7.55000013 -4.16768415
v -4.57760059 7.37000002 -4.20446524
v -4.91656013 7.55000013 -4.23728263
v -4.91656013 7.37000002 -4.23728263
v -4.74641801 7.55000013 -4.22771515
v -4.57760059 7.55000013 -4.20446524
v -5.64188322 7.58317664 -2.20165649
v -5.69694068 7.58317664 -2.20395395
v -5.67284681 7.61227991 -2.18683655
v -5.70328327 7.56682838 -2.20846000
v -5.60448247 7.55000013 -2.20576456
v -5.70541772 7.55000013 -2.20997642
v -5.36537490 7.55000013 -1.48833634
v -5.33551311 7.55000013 -1.56867749
v -5.36509545 7.56348140 -1.49170838
v -5.33666092 7.56560165 -1.56910413
v -5.36426229 7.57671680 -1.50176303
v -5.36105608 7.60121430 -1.54045515
v -4.65547068 6.84999998 -1.81860570
v -4.57039734 6.84999998 -1.89306212
v -4.70419345 6.84999998 -1.73400894
v -4.91076143 6.84999998 -1.70181526
v -4.88015604 6.84999998 -1.70577832
v -5.27997599 6.84999998 -0.63383726
v -5.00591268 6.84999998 -1.70369397
v -5.24589618 6.84999998 -1.77040121
v -5.31425130 6.84999998 -1.90603428
v -5.25639430 6.84999998 -1.83047068
v -5.05328237 6.84999998 -1.69230362
v -5.31158145 6.84999998 -0.64118418
v -5.67897598 6.84999998 -0.14914048
v -5.39650482 6.84999998 -0.32217500
v -5.86713574 6.84999998 -0.90380691
v -5.87158979 6.84999998 -0.22723822
v -6.31370892 6.84999998 -2.81256719
v -5.25653239 6.84999998 -2.41938564
v -5.30532399 6.84999998 -2.35817342
v -5.86858422 6.84999998 -0.90187115
v -6.39483419 6.84999998 -2.61987851
v -5.18317342 6.84999998 -1.76967601
v -5.09826026 6.84999998 -1.72669871
v -7.03966564 6.84999998 -2.41504326
v -7.04704284 6.84999998 -2.31138325
v -7.05442003 6.84999998 -2.20772323
v -5.34830129 6.84999998 -2.27326026
v -5.37868047 6.84999998 -2.29683694
v -5.37130603 6.84999998 -2.18091268
v -5.39343472 6.84999998 -2.08951685
v -5.37318474 6.84999998 -2.08576143
v -5.35384321 6.84999998 -1.99257777
v -6.39712273 6.84999998 -2.62065793
v -5.77528284 6.84999998 -0.18818954
v -6.47292755 6.84999998 -2.01036007
v -6.06083612 6.84999998 -1.07690941
v -6.22239684 6.84999998 -1.28033625
v -6.34714358 6.84999998 -1.50820154
v -6.43146711 6.84999998 -1.75391254
v -4.43759619 6.84999998 -3.56371233
v -4.22466833 6.84999998 -3.46900325
v -4.71682658 6.84999998 -2.48032399
v -5.52963948 6.84999998 -3.53796452
v -4.91904291 6.84999998 -2.58579988
v -4.80173974 6.84999998 -2.52330129
v -4.89408732 6.84999998 -2.54630603
v -4.98923857 6.84999998 -2.54818474
v -5.12077533 6.84999998 -2.53576653
v -5.08242223 6.84999998 -2.52884321
v -5.16896572 6.84999998 -2.48925130
v -6.29006059 6.84999998 -2.85759016
v -6.14651519 6.84999998 -3.07410590
v -5.24452932 6.84999998 -2.43139430
v -5.96835132 6.84999998 -3.26316131
v -5.76072366 6.84999998 -3.41928655
v -5.52162703 6.84999998 -4.15198521
v -5.31989462 6.84999998 -4.20201847
v -5.42076084 6.84999998 -4.17700184
v -4.73191755 6.84999998 -3.63658543
v -5.02584400 6.84999998 -3.65035187
v -5.02577429 6.84999998 -3.65604514
v -3.92034895 6.84999998 -3.25294908
v -3.72315126 6.84999998 -3.03455645
v -4.16347173 6.84999998 -3.43413099
v -3.34620888 6.84999998 -3.34081284
v -3.27825847 6.84999998 -3.24554804
v -4.61211030 6.84999998 -2.41435084
v -4.52681526 6.84999998 -2.16423857
v -4.54615679 6.84999998 -2.25742223
v -4.50218700 6.84999998 -2.23795304
v -4.58574870 6.84999998 -2.34396572
v -4.62304065 6.84999998 -2.39651902
v -4.64360570 6.84999998 -2.41952932
v -3.05386617 6.84999998 -2.79955466
v -3.02634912 6.84999998 -2.71653563
v -3.48791269 6.84999998 -2.57460175
v -3.49022227 6.84999998 -2.57388714
v -3.43526260 6.84999998 -2.31998996
v -3.42412845 6.84999998 -2.06045120
v -3.45714207 6.84999998 -1.80278001
v -3.17158758 6.84999998 -3.06712350
v -3.11987291 6.84999998 -2.96224670
v -4.07059354 6.84999998 -0.87340686
v -4.29647395 6.84999998 -0.74465431
v -4.07198689 6.84999998 -0.87538266
v -3.42990815 6.84999998 -0.66207533
v -4.53986933 6.84999998 -0.65386321
v -4.81757777 6.84999998 -1.72115679
v -4.79513093 6.84999998 -0.60563625
v -5.05487332 6.84999998 -0.60136875
v -3.53334819 6.84999998 -1.55443160
v -3.65054210 6.84999998 -1.32259128
v -3.29611211 6.84999998 -0.82112856
v -3.36300994 6.84999998 -0.74160190
v -4.73103428 6.84999998 -1.76074870
v -4.59467601 6.84999998 -1.89182658
v -4.55169871 6.84999998 -1.97673974
v -4.52869397 6.84999998 -2.06908732
v -3.14467980 6.84486653 -3.08389131
v -3.12905296 6.83660411 -3.09362921
v -3.07440500 6.83660253 -2.98304742
v -3.15499588 6.78800360 -3.22462383
v -3.19886508 6.78547078 -3.29502251
v -3.11537984 6.78299132 -3.16105101
v -3.08894182 6.77369970 -3.11862461
v -3.09791493 6.80000109 -3.11303295
v -3.11950858 6.82907269 -3.09957683
v -3.10020747 6.80440270 -3.11160439
v -3.04112009 6.79999997 -2.99827454
v -3.24109572 6.83991496 -3.26870622
v -3.31571291 6.84238800 -3.36393153
v -3.23580096 6.83660281 -3.27200571
v -3.30636411 6.83660253 -3.37101871
v -3.21790616 6.82034583 -3.28315699
v -3.28985977 6.82071072 -3.38353047
v -3.20472012 6.80000043 -3.29137386
v -3.27719564 6.79999997 -3.39313101
v -3.20153202 6.79284425 -3.29336056
v -3.27258523 6.78826838 -3.39662607
v -2.97227300 6.79999997 -2.82858161
v -2.94357187 6.79999997 -2.74199017
v -3.00675838 6.83660253 -2.81631339
v -2.97855775 6.83660253 -2.73123186
v -7.24924358 7.64999996 -2.18398229
v -7.24626112 7.64999996 -1.99391075
v -7.10725005 7.64999996 -2.29383293
v -5.00898229 7.64999996 0.17424358
v -5.28025469 7.64999996 0.07582514
v -5.19865083 7.64999996 0.16151986
v -5.83303005 7.64999996 -2.11521446
v -5.75286805 7.64999996 -2.07678329
v -5.75420831 7.64999996 -2.11192535
v -6.78431394 7.64999996 -2.46931226
v -7.01058044 7.64999996 -2.55353574
v -7.03799075 7.64999996 -2.47989779
v -4.58954471 7.64999996 -1.40597711
v -4.25287520 7.64999996 -1.23134486
v -4.52161075 7.64999996 -1.44426169
v -5.68272185 7.64999996 -4.21269850
v -5.56750691 7.64999996 -4.16194981
v -5.26496522 7.64999996 -4.24648093
v -5.02577429 7.64999996 -3.65604514
v -5.01500045 7.64999996 -4.33659235
v -3.88933060 7.64999996 -4.06673809
v -3.73627658 7.64999996 -3.97493017
v -3.80380762 7.64999996 -4.11905197
v -3.32822150 7.64999996 -3.63005826
v -3.28619837 7.64999996 -3.56050858
v -3.21844390 7.64999996 -3.63884063
v -3.09934600 7.64999996 -3.49067941
v -3.27531232 7.64999996 -3.47998159
v -2.99289024 7.64999996 -3.33318904
v -3.45480622 7.64999996 -3.75587752
v -3.34937016 7.64999996 -3.77666091
v -3.59112036 7.64999996 -3.87108473
v -3.49123006 7.64999996 -3.90319878
v -3.64305491 7.64999996 -4.01758959
v -4.32839168 7.64999996 -4.33940811
v -4.21510327 7.64999996 -4.21193370
v -4.14765042 7.64999996 -4.28051276
v -4.04928646 7.64999996 -4.14591094
v -3.97239004 7.64999996 -4.20689301
v -5.27026523 7.64999996 -4.40259294
v -5.08108925 7.64999996 -4.42126112
v -4.89101771 7.64999996 -4.42424358
v -4.91497719 7.64999996 -4.33727016
v -4.70134917 7.64999996 -4.41151986
v -4.73678122 7.64999996 -4.32724969
v -4.51337912 7.64999996 -4.38317673
v -4.55997263 7.64999996 -4.30289933
v -4.38570201 7.64999996 -4.26437704
v -4.84270344 7.64999996 -3.13634693
v -4.90825081 7.64999996 -3.22771545
v -4.89644625 7.64999996 -2.92752970
v -4.96022685 7.64999996 -3.32743076
v -4.99758810 7.64999996 -3.43349108
v -5.01958444 7.64999996 -3.54376722
v -4.76490058 7.64999996 -3.05515973
v -4.81898339 7.64999996 -2.91857214
v -4.67640430 7.64999996 -2.98578346
v -4.68477994 7.64999996 -2.88432886
v -4.57899112 7.64999996 -2.92961111
v -4.55844102 7.64999996 -2.82756926
v -4.47461678 7.64999996 -2.88777032
v -4.36537664 7.64999996 -2.86110111
v -4.44371303 7.64999996 -2.74997640
v -4.25346380 7.64999996 -2.85013879
v -4.34399795 7.64999996 -2.65385106
v -4.30706686 7.64999996 -2.60827940
v -4.14112502 7.64999996 -2.85510358
v -4.03061549 7.64999996 -2.87589573
v -3.20356565 7.64999996 -3.34173606
v -3.29736064 7.64999996 -3.40177033
v -3.34870352 7.64999996 -3.33878610
v -2.89980306 7.64999996 -3.16744575
v -3.02968140 7.64999996 -3.08012345
v -2.82072111 7.64999996 -2.99458129
v -4.16081858 7.64999996 -1.96971115
v -4.19916080 7.64999996 -1.83662078
v -4.06926771 7.64999996 -1.79645789
v -4.00567411 7.64999996 -1.58132857
v -4.04511050 7.64999996 -1.68663494
v -4.29169669 7.64999996 -1.66287578
v -3.73179953 7.64999996 -3.02752990
v -3.82387762 7.64999996 -2.96298300
v -3.92415396 7.64999996 -2.91209777
v -4.25976774 7.64999996 -1.71208175
v -4.07766078 7.64999996 -1.90859269
v -4.07012136 7.64999996 -2.02078812
v -4.14587784 7.64999996 -2.10740624
v -4.04680048 7.64999996 -2.13079172
v -4.15478174 7.64999996 -2.24562306
v -4.00816671 7.64999996 -2.23639519
v -4.17019988 7.64999996 -2.32206266
v -3.95499536 7.64999996 -2.33547832
v -3.88835410 7.64999996 -2.42605200
v -3.80958061 7.64999996 -2.50629783
v -3.72025653 7.64999996 -2.57460496
v -3.95175026 7.64999996 -1.48265294
v -4.00270431 7.64999996 -1.43390971
v -3.88442169 7.64999996 -1.39258902
v -3.62217494 7.64999996 -2.62960189
v -3.51730504 7.64999996 -2.67018459
v -2.86673683 7.64999996 -2.87023874
v -2.75618437 7.64999996 -2.81577676
v -2.83518343 7.64999996 -2.77532043
v -2.70663335 7.64999996 -2.63225355
v -2.78726297 7.64999996 -2.59183475
v -2.75523088 7.64999996 -2.40491950
v -2.67240706 7.64999996 -2.44526523
v -2.73932258 7.64999996 -2.21594792
v -3.13009734 7.64999996 -0.86669957
v -3.05741041 7.64999996 -0.81805491
v -3.07428635 7.64999996 -0.95151623
v -2.95594803 7.64999996 -0.97880762
v -2.98068787 7.64999996 -1.11644853
v -2.86810699 7.64999996 -1.14739004
v -2.90155674 7.64999996 -1.28879014
v -2.79448724 7.64999996 -1.32265042
v -2.83747448 7.64999996 -1.46727495
v -2.73559189 7.64999996 -1.50339168
v -2.78891160 7.64999996 -1.65059159
v -2.69182327 7.64999996 -1.68837912
v -2.75622497 7.64999996 -1.83739341
v -2.66348014 7.64999996 -1.87634917
v -2.73965469 7.64999996 -2.02630818
v -2.65075642 7.64999996 -2.06601771
v -2.65373888 7.64999996 -2.25608925
v -4.33561595 7.64999996 -1.20834492
v -4.23495521 7.64999996 -1.15822421
v -4.44234989 7.64999996 -1.24373573
v -4.55301444 7.64999996 -1.26368634
v -4.73337616 7.64999996 0.07691739
v -4.92272748 7.64999996 0.08737931
v -5.11227904 7.64999996 0.08158816
v -5.30063846 7.64999996 0.05958660
v -5.48642197 7.64999996 0.02153611
v -4.14238873 7.64999996 -1.09438000
v -4.05977455 7.64999996 -1.01809397
v -3.44821264 7.64999996 -0.59381777
v -3.98877154 7.64999996 -0.93089750
v -3.43615937 7.64999996 -0.39344390
v -3.59747208 7.64999996 -0.37399044
v -3.58432059 7.64999996 -0.27434600
v -3.67799423 7.64999996 -0.31464973
v -3.74181096 7.64999996 -0.16789024
v -3.83769137 7.64999996 -0.21237468
v -3.90755425 7.64999996 -0.07480306
v -4.00555975 7.64999996 -0.12415049
v -4.08041871 7.64999996 0.00427889
v -4.18036648 7.64999996 -0.05062518
v -4.25922324 7.64999996 0.06881563
v -4.36082727 7.64999996 0.00766071
v -4.44274645 7.64999996 0.11836665
v -4.54561639 7.64999996 0.05027933
v -4.62973477 7.64999996 0.15259294
v -4.81891075 7.64999996 0.17126112
v -4.66538775 7.64999996 -1.26779599
v -4.71824524 7.64999996 -1.35479763
v -4.77721391 7.64999996 -1.25598235
v -4.85381801 7.64999996 -1.32645692
v -4.88624797 7.64999996 -1.22848253
v -4.99224287 7.64999996 -1.32179547
v -4.99030086 7.64999996 -1.18584873
v -5.31728240 7.64999996 -0.88524732
v -5.25243224 7.64999996 -0.97711196
v -5.18607933 7.64999996 -1.35611214
v -5.17524951 7.64999996 -1.05888897
v -5.08728370 7.64999996 -1.12893672
v -5.12941509 7.64999996 -1.34095147
v -5.36849809 7.64999996 -0.78513927
v -5.64771553 7.64999996 -0.11411158
v -5.40505106 7.64999996 -0.67879779
v -6.09619238 7.64999996 -0.13094803
v -5.92760996 7.64999996 -0.04310699
v -5.81809229 7.64999996 -0.12437494
v -5.75234958 7.64999996 0.03051276
v -5.58433396 7.64999996 -0.00533348
v -5.57160832 7.64999996 0.08940811
v -5.38662088 7.64999996 0.13317673
v -5.78862310 7.64999996 -0.84181938
v -6.19735497 7.64999996 -0.29757784
v -5.94216299 7.64999996 -0.22355390
v -6.90710976 7.64999996 -0.91681096
v -6.80065400 7.64999996 -0.75932059
v -6.68501782 7.64999996 -0.75201800
v -5.46504103 7.64999996 -1.50721793
v -5.68061222 7.64999996 -1.03843685
v -5.72763544 7.64999996 -0.93629256
v -5.63125962 7.64999996 -1.36987043
v -5.63193567 7.64999996 -1.25742403
v -5.64849733 7.64999996 -1.14620186
v -6.56107276 7.64999996 -0.60848750
v -6.68155610 7.64999996 -0.61115937
v -6.42529244 7.64999996 -0.47609785
v -6.55062984 7.64999996 -0.47333909
v -6.27867396 7.64999996 -0.35582164
v -6.40876994 7.64999996 -0.34680122
v -6.24257133 7.64999996 -2.09120164
v -6.35360622 7.64999996 -2.10897561
v -6.48398812 7.64999996 -2.14237790
v -6.46603865 7.64999996 -2.11087820
v -6.72768525 7.64999996 -2.15254698
v -6.13516311 7.64999996 -2.05791324
v -6.03353775 7.64999996 -2.00977859
v -5.93973559 7.64999996 -1.94776409
v -5.74350062 7.64999996 -1.99355130
v -5.85563959 7.64999996 -1.87311468
v -5.64648274 7.64999996 -1.48128371
v -5.49904027 7.64999996 -1.53722733
v -5.67729941 7.64999996 -1.58942707
v -5.55652266 7.64999996 -1.59674606
v -5.72309101 7.64999996 -1.69212946
v -5.62346492 7.64999996 -1.68526492
v -5.78293831 7.64999996 -1.78732909
v -5.67758500 7.64999996 -1.78215590
v -5.71785241 7.64999996 -1.88557436
v -7.16194271 7.64999996 -2.07327450
v -7.06497787 7.64999996 -2.48102394
v -7.07807450 7.64999996 -2.16716819
v -6.59676495 7.64999996 -2.10381434
v -6.79621643 7.64999996 -0.90563509
v -6.89385219 7.64999996 -1.06821011
v -7.00019694 7.64999996 -1.08255425
v -7.07927889 7.64999996 -1.25541871
v -6.97720743 7.64999996 -1.23854864
v -7.14381563 7.64999996 -1.43422324
v -7.04567007 7.64999996 -1.41539944
v -7.19336665 7.64999996 -1.61774645
v -7.09873720 7.64999996 -1.59746332
v -7.22759294 7.64999996 -1.80473477
v -7.13601860 7.64999996 -1.78340257
v -7.15724083 7.64999996 -1.97185150
v -7.17519264 7.64999996 -2.61480955
v -7.07343559 7.64999996 -2.74660054
v -6.98869250 7.64999996 -2.98470834
v -6.72595019 7.64999996 -3.44460846
v -6.84258959 7.64999996 -3.43194509
v -6.87113314 7.64999996 -3.22254903
v -6.94405197 7.64999996 -3.27119238
v -6.36874775 7.64999996 -2.45197136
v -6.42952605 7.64999996 -2.52605334
v -5.49718470 7.64999996 -2.71450055
v -5.52853619 7.64999996 -2.81282531
v -5.60058265 7.64999996 -2.72648891
v -5.59020711 7.64999996 -2.61188478
v -5.68410799 7.64999996 -2.65120168
v -5.66424553 7.64999996 -2.49483145
v -5.77743559 7.64999996 -2.58847515
v -5.69670212 7.64999996 -2.42392798
v -5.87869168 7.64999996 -2.53956851
v -5.98584351 7.64999996 -2.50546364
v -6.09673991 7.64999996 -2.48684522
v -6.20915455 7.64999996 -2.48408704
v -6.32083055 7.64999996 -2.49724446
v -5.43191231 7.64999996 -3.56247460
v -5.39897827 7.64999996 -3.45495704
v -5.21094876 7.64999996 -2.88580728
v -5.38157069 7.64999996 -3.34386414
v -5.38003885 7.64999996 -3.23142621
v -5.39441363 7.64999996 -3.11990024
v -5.42440650 7.64999996 -3.01152549
v -5.46941522 7.64999996 -2.90847763
v -5.38793656 7.64999996 -2.79963582
v -5.26570233 7.64999996 -2.86476619
v -6.36143268 7.64999996 -3.82888501
v -6.46384063 7.64999996 -3.85655610
v -6.55523187 7.64999996 -3.64769388
v -6.60166091 7.64999996 -3.72562984
v -6.72819878 7.64999996 -3.58376994
v -5.45725355 7.64999996 -4.36836665
v -5.64077676 7.64999996 -4.31881563
v -5.81958129 7.64999996 -4.25427889
v -5.91602906 7.64999996 -4.11551611
v -5.99244575 7.64999996 -4.17519694
v -6.14733885 7.64999996 -3.98557668
v -6.15818904 7.64999996 -4.08210976
v -6.31567941 7.64999996 -3.97565400
v -3.29833909 7.64999996 -0.52437016
v -3.17180122 7.64999996 -0.66623006
v -3.25313735 7.64999996 -0.84003441
v -3.29878966 7.64999996 -0.87620427
v -3.31911019 7.64999996 -0.89230405
v -3.71519842 7.64999996 -1.24531963
v -3.80503985 7.64999996 -1.31294492
v -6.25694509 7.64999996 -0.23241041
v -7.23651986 7.64999996 -2.37365083
v -7.03189301 7.64999996 -3.10260996
v -7.10551276 7.64999996 -2.92734958
v -7.16440811 7.64999996 -2.74660832
v -7.20817673 7.64999996 -2.56162088
v -4.92578680 6.94999999 -3.65446226
v -4.92578680 7.55000013 -3.65446226
v -4.92037692 6.94999999 -3.55633169
v -4.92037692 7.55000013 -3.55633169
v -4.90115216 6.94999999 -3.45995089
v -4.90115216 7.55000013 -3.45995089
v -4.86849861 6.94999999 -3.36725449
v -4.86849861 7.55000013 -3.36725449
v -4.82307176 6.94999999 -3.28010365
v -4.82307176 7.55000013 -3.28010365
v -4.76578356 6.94999999 -3.20024795
v -4.76578356 7.55000013 -3.20024795
v -4.69778416 6.94999999 -3.12929058
v -4.69778416 7.55000013 -3.12929058
v -4.62043872 6.94999999 -3.06865599
v -4.62043872 7.55000013 -3.06865599
v -4.53529999 6.94999999 -3.01956160
v -4.53529999 7.55000013 -3.01956160
v -4.44407717 6.94999999 -2.98299294
v -4.44407717 7.55000013 -2.98299294
v -4.34860171 6.94999999 -2.95968407
v -4.34860171 7.55000013 -2.95968407
v -4.25079030 6.94999999 -2.95010309
v -4.25079030 7.55000013 -2.95010309
v -4.15260664 6.94999999 -2.95444222
v -4.15260664 7.55000013 -2.95444222
v -4.05602169 6.94999999 -2.97261456
v -4.05602169 7.55000013 -2.97261456
v -3.96297465 6.94999999 -3.00425503
v -3.96297465 7.55000013 -3.00425503
v -3.87533356 6.94999999 -3.04872848
v -3.87533356 7.55000013 -3.04872848
v -3.79485770 6.94999999 -3.10514222
v -3.79485770 7.55000013 -3.10514222
v -4.91958061 7.37000002 -4.04648630
v -4.91958061 7.34999996 -4.04648630
v -3.47908151 7.34999996 -3.36170269
v -3.47908151 7.37000002 -3.36170269
v -3.41176160 7.37000002 -3.41639842
v -3.41176160 7.55000013 -3.41639842
v -3.66529154 6.87000004 -2.49106549
v -3.49022227 6.87000004 -2.57388714
v -3.57956861 7.55000013 -2.53913256
v -3.48791269 7.55000013 -2.57460175
v -3.66529154 7.55000013 -2.49106549
v -3.74336040 7.55000013 -2.43136531
v -3.81220815 6.87000004 -2.36123072
v -3.81220815 7.55000013 -2.36123072
v -3.87045241 7.55000013 -2.28206962
v -3.91692401 6.87000004 -2.19547134
v -3.91692401 7.55000013 -2.19547134
v -3.95068976 7.55000013 -2.10317432
v -3.97107203 6.87000004 -2.00703159
v -3.97107203 7.55000013 -2.00703159
v -3.97766161 7.55000013 -1.90897321
v -3.97032604 6.87000004 -1.81096781
v -3.97032604 7.55000013 -1.81096781
v -3.94921268 7.55000013 -1.71498295
v -3.91474537 6.87000004 -1.62294556
v -3.91474537 7.55000013 -1.62294556
v -3.86761616 7.55000013 -1.53670341
v -3.80877119 6.87000004 -1.45798789
v -3.66087074 7.55000013 -1.32927492
v -3.66087074 6.87000004 -1.32927492
v -3.73939176 7.55000013 -1.38837926
v -3.80877119 7.55000013 -1.45798789
v -3.11315770 7.37000002 -2.68984137
v -3.11315770 7.34999996 -2.68984137
v -3.65054210 6.87000004 -1.32259128
v -3.31928695 7.37000002 -1.10823547
v -3.31928695 7.34999996 -1.10823547
v -4.20485430 6.87000004 -1.01629009
v -4.07198689 6.87000004 -0.87538266
v -4.13264989 7.55000013 -0.94961634
v -4.07059354 7.55000013 -0.87340686
v -4.20485430 7.55000013 -1.01629009
v -4.28575713 7.55000013 -1.07208963
v -4.37373419 6.87000004 -1.11589495
v -4.37373419 7.55000013 -1.11589495
v -4.46701928 7.55000013 -1.14682641
v -4.56373969 6.87000004 -1.16426309
v -4.56373969 7.55000013 -1.16426309
v -4.66195359 7.55000013 -1.16785492
v -4.75968926 6.87000004 -1.15753000
v -4.75968926 7.55000013 -1.15753000
v -4.85498458 7.55000013 -1.13349517
v -4.94592645 6.87000004 -1.09623333
v -4.94592645 7.55000013 -1.09623333
v -5.03068911 7.55000013 -1.04649242
v -5.10757089 6.87000004 -0.98527100
v -5.10757089 7.55000013 -0.98527100
v -5.17502828 7.55000013 -0.91379823
v -5.23170710 6.87000004 -0.83350891
v -5.30841663 7.55000013 -0.65307261
v -5.30841663 6.87000004 -0.65307261
v -5.27646942 7.55000013 -0.74601479
v -5.23170710 7.55000013 -0.83350891
v -3.84518842 7.37000002 -0.55260488
v -3.84518842 7.34999996 -0.55260488
v -5.41308250 7.34999996 -0.25990231
v -5.41308250 7.37000002 -0.25990231
v -5.31158145 6.87000004 -0.64118418
v -5.77418313 6.87000004 -1.07371404
v -5.86713574 6.87000004 -0.90380691
v -5.81528128 7.55000013 -0.98444035
v -5.86858422 7.55000013 -0.90187115
v -5.77418313 7.55000013 -1.07371404
v -5.74611484 7.55000013 -1.16790037
v -5.73164004 6.87000004 -1.26510810
v -5.73164004 7.55000013 -1.26510810
v -5.73104916 7.55000013 -1.36338582
v -5.74435408 6.87000004 -1.46076058
v -5.74435408 7.55000013 -1.46076058
v -5.77128774 7.55000013 -1.55527752
v -5.81130947 6.87000004 -1.64503905
v -5.81130947 7.55000013 -1.64503905
v -5.86361571 7.55000013 -1.72824313
v -5.92715640 6.87000004 -1.80321944
v -5.92715640 7.55000013 -1.80321944
v -6.00065592 7.55000013 -1.86846273
v -6.08263875 6.87000004 -1.92266319
v -6.08263875 7.55000013 -1.92266319
v -6.17145889 7.55000013 -1.96473268
v -6.26533332 6.87000004 -1.99382668
v -6.46064293 7.55000013 -2.01102388
v -6.46064293 6.87000004 -2.01102388
v -6.36237741 7.55000013 -2.00936102
v -6.26533332 7.55000013 -1.99382668
v -6.10403114 7.37000002 -0.58836488
v -6.10403114 7.34999996 -0.58836488
v -6.47292755 6.87000004 -2.01036007
v -6.86691369 7.37000002 -1.98907073
v -6.86691369 7.34999996 -1.98907073
v -6.20451889 6.87000004 -2.58397956
v -6.39483419 6.87000004 -2.61987851
v -6.30212336 7.55000013 -2.59547907
v -6.39712273 7.55000013 -2.62065793
v -6.20451889 7.55000013 -2.58397956
v -6.10626892 7.55000013 -2.58639020
v -6.00934581 6.87000004 -2.60266259
v -6.00934581 7.55000013 -2.60266259
v -5.91569564 7.55000013 -2.63247013
v -5.82719811 6.87000004 -2.67521439
v -5.82719811 7.55000013 -2.67521439
v -5.74563018 7.55000013 -2.73003716
v -5.67262925 6.87000004 -2.79583789
v -5.67262925 7.55000013 -2.79583789
v -5.60966100 7.55000013 -2.87129555
v -5.55798945 6.87000004 -2.95489540
v -5.55798945 7.55000013 -2.95489540
v -5.51865197 7.55000013 -3.04495886
v -5.49243836 6.87000004 -3.13967799
v -5.49243836 7.55000013 -3.13967799
v -5.47987481 7.55000013 -3.23715115
v -5.48121364 6.87000004 -3.33542151
v -5.52521211 7.55000013 -3.52648625
v -5.52521211 6.87000004 -3.52648625
v -5.49642782 7.55000013 -3.43251636
v -5.48121364 7.55000013 -3.33542151
v -6.94856684 7.37000002 -2.80953453
v -6.94856684 7.55000013 -2.80953453
v -6.76804206 7.37000002 -2.74770248
v -6.76804206 7.34999996 -2.74770248
v -5.52963948 6.87000004 -3.53796452
v -5.67163534 7.37000002 -3.90608886
v -5.67163534 7.34999996 -3.90608886
v -5.74031717 7.37000002 -4.08414656
v -5.74031717 7.55000013 -4.08414656
v -2.80905443 5.86794504 -2.64079075
v -3.12263447 5.86794504 -3.35399320
v -3.66492917 5.86794504 -3.91337404
v -4.36806411 5.86794504 -4.24892062
v -5.14403452 5.86794504 -4.31863607
v -5.89571942 5.86794504 -4.11379447
v -6.52903731 5.86794504 -3.66003390
v -7.14842251 5.86794504 -1.99605541
v -6.96594587 5.86794504 -1.23863050
v -6.53115197 5.86794504 -0.59214409
v -5.89846003 5.86794504 -0.13751106
v -5.14705817 5.86794504 0.06836655
v -4.37099238 5.86794504 -0.00027900
v -3.66739568 5.86794504 -0.33485626
v -2.57338120 6.14999999 -2.45918983
v -2.56665035 6.14999999 -2.40721302
v -2.58047099 6.05968550 -2.40557648
v -2.66080092 6.14999999 -2.84581052
v -2.61675700 6.14999999 -2.68711855
v -2.63028725 6.05968550 -2.68385883
v -2.81066413 6.14999999 -3.21276931
v -2.69961732 6.14999999 -2.95913310
v -2.71266720 6.05968550 -2.95429609
v -3.01888290 6.14999999 -3.55005672
v -2.95850265 6.14999999 -3.46437998
v -2.97005123 6.05968550 -3.45661303
v -3.58623129 6.14999999 -4.09987585
v -3.54950561 6.14999999 -4.07400371
v -3.55762693 6.05968550 -4.06270155
v -3.92988522 6.14999999 -4.29741012
v -3.78985035 6.14999999 -4.22596482
v -3.79657795 6.05968550 -4.21378163
v -4.30136526 6.14999999 -4.43568656
v -4.04648113 6.14999999 -4.34843281
v -4.05172056 6.05968550 -4.33553939
v -4.69053830 6.14999999 -4.51093370
v -4.59401233 6.14999999 -4.49845155
v -4.59607668 6.05968550 -4.48468810
v -5.47930806 6.14999999 -4.46590425
v -5.44272990 6.14999999 -4.47387581
v -5.43987260 6.05968550 -4.46025485
v -5.85738926 6.14999999 -4.34685608
v -5.71708044 6.14999999 -4.39911259
v -5.71263226 6.05968550 -4.38592506
v -6.21071908 6.14999999 -4.16720153
v -5.98066294 6.14999999 -4.29242568
v -5.97468617 6.05968550 -4.27985711
v -6.52965980 6.14999999 -3.93184105
v -6.46092587 6.14999999 -3.98969909
v -6.45216427 6.05968550 -3.97888587
v -7.03074991 6.14999999 -3.32102680
v -7.01566285 6.14999999 -3.34689866
v -7.00368455 6.05968550 -3.33981307
v -7.19923063 6.14999999 -2.96223441
v -7.14568219 6.14999999 -3.09400985
v -7.13294971 6.05968550 -3.08839062
v -7.30635843 6.14999999 -2.58060440
v -7.24487885 6.14999999 -2.82751813
v -7.23157099 6.05968550 -2.82344434
v -7.34921063 6.14999999 -2.18654668
v -7.34568651 6.14999999 -2.26882874
v -7.33179397 6.05968550 -2.26799464
v -7.23919908 6.14999999 -1.40418948
v -7.24584482 6.14999999 -1.42564590
v -7.23253156 6.05968550 -1.42970139
v -7.08933587 6.14999999 -1.03723069
v -7.14701584 6.14999999 -1.15901779
v -7.13427554 6.05968550 -1.16461942
v -6.62022254 6.14999999 -0.40152778
v -6.67316916 6.14999999 -0.45446490
v -6.66317682 6.05968550 -0.46415215
v -5.97011478 6.14999999 0.04741012
v -5.98364959 6.14999999 0.04100280
v -5.97765560 6.05968550 0.02844243
v -5.59863474 6.14999999 0.18568656
v -5.72021448 6.14999999 0.14805293
v -5.71574809 6.05968550 0.13487174
v -4.81321123 6.14999999 0.27109852
v -4.88053349 6.14999999 0.27399457
v -4.88093626 6.05968550 0.26008284
v -4.04261074 6.14999999 0.09685608
v -4.04954686 6.14999999 0.09967612
v -4.05476860 6.05968550 0.08677563
v -3.68928092 6.14999999 -0.08279847
v -3.79274760 6.14999999 -0.02243796
v -3.79945843 6.05968550 -0.03463046
v -3.09448841 6.14999999 -0.60280531
v -3.13305336 6.14999999 -0.55697428
v -3.14358960 6.05968550 -0.56606706
v -2.96035095 6.14999999 -0.78287607
v -3.55219359 6.14999999 -0.17406752
v -4.59728439 6.14999999 0.24894013
v -5.44596727 6.14999999 0.22319427
v -6.46349492 6.14999999 -0.26238540
v -7.01734538 6.14999999 -0.90594988
v -7.34588227 6.14999999 -1.98447371
v -6.67086470 6.14999999 -3.79790885
v -4.87722663 6.14999999 -4.52389640
v -3.13089362 6.14999999 -3.69051972
v -2.59364157 6.14999999 -1.66939560
v -2.63105987 6.05968550 -1.56294408
v -2.56704151 6.14999999 -1.83950192
v -2.58086010 6.05968550 -1.84115751
v -2.55078937 6.14999999 -2.06345332
v -2.56391785 6.05968550 -2.12335546
v -2.55000054 6.14999999 -2.12334588
v -2.61753409 6.14999999 -1.55966578
v -2.70076937 6.14999999 -1.28776559
v -2.71381236 6.05968550 -1.29262067
v -2.81557890 6.14999999 -1.02761842
v -2.82795618 6.05968550 -1.03398205
v -2.86925009 6.14999999 -0.92897320
v -2.97188873 6.05968550 -0.79065894
v -3.00543162 5.97775053 -0.81328533
v -2.86393951 5.97775053 -1.05248240
v -2.75173134 5.97775053 -1.30673533
v -2.67038199 5.97775053 -1.57247481
v -2.62103363 5.97775053 -1.84597061
v -2.60437860 5.97775053 -2.12338334
v -3.05786713 5.91179730 -0.84865594
v -2.92019046 5.91179730 -1.08140304
v -2.81100816 5.91179730 -1.32879994
v -2.73185226 5.91179730 -1.58737379
v -2.68383457 5.91179730 -1.85349470
v -2.66762881 5.91179730 -2.12342691
v -3.12433059 5.86794504 -0.89348906
v -2.99149009 5.86794504 -1.11806064
v -3.33126171 6.14999999 -0.35308411
v -3.37034020 6.14999999 -0.31815895
v -3.34064851 6.05968550 -0.36335921
v -3.56029936 6.05968550 -0.18538085
v -3.36793831 5.97775053 -0.39323119
v -3.58386443 5.97775053 -0.21827088
v -3.41059885 5.91179730 -0.43992864
v -3.62070243 5.91179730 -0.26968622
v -3.46467218 5.86794504 -0.49911884
v -4.31898663 6.14999999 0.19056091
v -4.32264584 6.05968550 0.17713311
v -4.06994897 5.97775053 0.04927053
v -4.33328378 5.97775053 0.13809597
v -4.09367972 5.91179730 -0.00935902
v -4.34991371 5.91179730 0.07707125
v -4.12375892 5.86794504 -0.08367335
v -5.16475772 6.14999999 0.26537219
v -5.16351236 6.05968550 0.25151058
v -4.88210739 5.97775053 0.21963923
v -5.15989187 5.97775053 0.21121225
v -4.88393818 5.91179730 0.15641565
v -5.15423203 5.91179730 0.14821573
v -4.88625863 5.86794504 0.07627814
v -5.70276331 5.97775053 0.09655116
v -5.96022972 5.97775053 -0.00807343
v -5.68246495 5.91179730 0.03664663
v -5.93298863 5.91179730 -0.06515661
v -5.65673628 5.86794504 -0.03928372
v -6.31376871 6.14999999 -0.15012415
v -6.45471842 6.05968550 -0.27318650
v -6.42920288 5.97775053 -0.30458754
v -6.63412644 5.97775053 -0.49231497
v -6.38931592 5.91179730 -0.35367531
v -6.58871367 5.91179730 -0.53634064
v -6.33875833 5.86794504 -0.41589511
v -6.88111710 6.14999999 -0.69994328
v -7.00535702 6.05968550 -0.91301908
v -6.97050433 5.97775053 -0.93357058
v -7.09723665 5.97775053 -1.18090462
v -6.91602121 5.91179730 -0.96569767
v -7.03933633 5.91179730 -1.20636223
v -6.84696234 5.86794504 -1.00641947
v -7.31244537 6.14999999 -1.70209149
v -7.32661880 6.14999999 -1.79081017
v -7.29874580 6.05968550 -1.70454395
v -7.33198880 6.05968550 -1.98528868
v -7.25891816 5.97775053 -1.71167355
v -7.29159771 5.97775053 -1.98765776
v -7.19665795 5.91179730 -1.72281901
v -7.22845609 5.91179730 -1.99136121
v -7.11774140 5.86794504 -1.73694610
v -7.31186013 6.14999999 -2.55116460
v -7.29816410 6.05968550 -2.54869338
v -7.25834633 5.97775053 -2.54150878
v -7.19288236 5.97775053 -2.81160080
v -7.19610139 5.91179730 -2.53027759
v -7.13240265 5.91179730 -2.79308648
v -7.11720439 5.86794504 -2.51604172
v -7.05574325 5.86794504 -2.76961916
v -7.09593336 5.97775053 -3.07205438
v -6.96886017 5.97775053 -3.31921352
v -7.03806787 5.91179730 -3.04651696
v -6.91442138 5.91179730 -3.28701136
v -6.96472212 5.86794504 -3.01414754
v -6.84541858 5.86794504 -3.24619429
v -6.85664642 6.14999999 -3.58263485
v -6.84558994 6.05968550 -3.57418216
v -6.81344646 5.97775053 -3.54960838
v -6.76319844 5.91179730 -3.51119365
v -6.69950771 5.86794504 -3.46250197
v -6.80551159 6.14999999 -3.64719469
v -6.66088558 6.05968550 -3.78820782
v -6.63187432 5.97775053 -3.76000495
v -6.58652226 5.91179730 -3.71591689
v -6.22977692 6.14999999 -4.15531301
v -6.22235567 6.05968550 -4.14353942
v -6.20078056 5.97775053 -4.10931108
v -5.95731058 5.97775053 -4.24331704
v -6.16705299 5.91179730 -4.05580381
v -5.93014837 5.91179730 -4.18619642
v -6.12430259 5.86794504 -3.98798210
v -5.16146252 6.14999999 -4.51566593
v -5.16023627 6.05968550 -4.50180264
v -5.43156586 5.97775053 -4.42065594
v -5.15667121 5.97775053 -4.46149947
v -5.41858038 5.91179730 -4.35875335
v -5.15109839 5.91179730 -4.39849512
v -5.40212093 5.86794504 -4.28028999
v -4.31579531 6.14999999 -4.43968882
v -4.31947301 6.05968550 -4.42626604
v -4.60207805 5.97775053 -4.44467513
v -4.33016478 5.97775053 -4.38724381
v -4.61145987 5.91179730 -4.38212471
v -4.34687876 5.91179730 -4.32624200
v -4.62335148 5.86794504 -4.30284066
v -3.81613656 5.97775053 -4.17836194
v -3.58123735 5.97775053 -4.02984412
v -3.84671132 5.91179730 -4.12299296
v -3.61814632 5.91179730 -3.97847963
v -3.88546561 5.86794504 -4.05281091
v -3.27977746 6.14999999 -3.84847222
v -3.14144234 6.05968550 -3.68144147
v -3.17211005 5.97775053 -3.65504890
v -3.00362523 5.97775053 -3.43403283
v -3.22005118 5.91179730 -3.61379075
v -3.05610954 5.91179730 -3.39873459
v -3.28081756 5.86794504 -3.56149532
v -2.75060556 5.97775053 -2.94023368
v -2.66962259 5.97775053 -2.67438230
v -2.80991255 5.91179730 -2.91825084
v -2.73111335 5.91179730 -2.65956808
v -2.88508556 5.86794504 -2.89038692
v -2.88614261 5.86794504 -1.35676738
v -2.80976745 5.86794504 -1.60625854
v -2.76343620 5.86794504 -1.86303163
v -2.74779967 5.86794504 -2.12348217
v -3.28279941 5.86794504 -0.68620516
v -3.22210512 5.91179730 -0.63382590
v -3.17422080 5.97775053 -0.59250181
v -3.88812407 5.86794504 -0.19572338
v -3.84946654 5.91179730 -0.12548824
v -3.81896806 5.97775053 -0.07007697
v -4.62635388 5.86794504 0.05328881
v -4.61457153 5.91179730 0.13258925
v -4.60527600 5.97775053 0.19515252
v -4.59932972 6.05968550 0.23517406
v -4.42069194 6.14999999 0.21590425
v -5.40509143 5.86794504 0.02966470
v -5.42165905 5.91179730 0.10810534
v -5.43472984 5.97775053 0.16999005
v -5.44309121 6.05968550 0.20957740
v -5.20946170 6.14999999 0.26093370
v -6.12686950 5.86794504 -0.26363840
v -6.16971341 5.91179730 -0.19587574
v -6.20351455 5.97775053 -0.14241485
v -6.22513697 6.05968550 -0.10821649
v -6.23257452 6.14999999 -0.09645315
v -6.70134968 5.86794504 -0.78991100
v -6.76510746 5.91179730 -0.74130714
v -6.81540857 5.97775053 -0.70296170
v -6.84758576 6.05968550 -0.67843224
v -6.85865397 6.14999999 -0.66999474
v -7.05662987 5.86794504 -1.48328415
v -7.13332168 5.91179730 -1.45992253
v -7.19382672 5.97775053 -1.44149161
v -7.14824277 5.86794504 -2.25697494
v -7.22826964 5.91179730 -2.26177943
v -7.29140605 5.97775053 -2.26556992
v -6.33640106 5.86794504 -3.83601745
v -6.38687297 5.91179730 -3.89830691
v -6.42669204 5.97775053 -3.94744964
v -5.65386054 5.86794504 -4.21168858
v -5.67948453 5.91179730 -4.28765433
v -5.69970028 5.97775053 -4.34758661
v -4.88322429 5.86794504 -4.32618836
v -4.88079332 5.91179730 -4.40632233
v -4.87887543 5.97775053 -4.46954349
v -4.87764859 6.05968550 -4.50998561
v -5.08678877 6.14999999 -4.52109852
v -4.12094577 5.86794504 -4.16518578
v -4.09076421 5.91179730 -4.23945857
v -4.06695262 5.97775053 -4.29805534
v -3.46243226 5.86794504 -3.74883225
v -3.40827753 5.91179730 -3.80794776
v -3.36555264 5.97775053 -3.85458635
v -3.33822167 6.05968550 -3.88442071
v -3.32882072 6.14999999 -3.89468295
v -2.99010373 5.86794504 -3.12923871
v -2.91875399 5.91179730 -3.16579796
v -2.86246317 5.97775053 -3.19464093
v -2.82645414 6.05968550 -3.21309182
v -2.81406811 6.14999999 -3.21943823
v -2.76307727 5.86794504 -2.38395408
v -2.68346242 5.91179730 -2.39338125
v -2.62065104 5.97775053 -2.40081872
v -4.33723831 7.51999995 -2.46815153
v -4.33723831 7.15000002 -2.46815153
v -3.23149322 7.15000002 -3.20309966
v -4.37429061 7.54871472 -2.44352422
v -4.37429061 7.51999995 -2.44352422
v -4.37304036 7.55000013 -2.44435524
v -3.23149322 7.55000013 -3.20309966
v -4.31111518 7.51999995 -2.34847544
v -4.31111518 7.55000013 -2.34847544
v -4.28925532 7.51999995 -2.36300493
v -3.16831770 7.55000013 -3.10805084
v -4.28925532 7.15000002 -2.36300493
v -3.16831770 7.15000002 -3.10805084
v -5.08700274 7.51999995 -2.81381065
v -5.08700274 7.15000002 -2.81381065
v -5.44428591 7.15000002 -4.09254821
v -5.07503056 7.54871472 -2.77096157
v -5.07503056 7.51999995 -2.77096157
v -5.07543454 7.55000013 -2.77240744
v -5.44428591 7.55000013 -4.09254821
v -4.96511152 7.51999995 -2.80167328
v -4.96511152 7.55000013 -2.80167328
v -4.97217478 7.51999995 -2.82695310
v -5.33436684 7.55000013 -4.12326006
v -4.97217478 7.15000002 -2.82695310
v -5.33436684 7.15000002 -4.12326006
v -4.43428972 7.51999995 -1.64826864
v -4.43428972 7.15000002 -1.64826864
v -3.39361842 7.15000002 -0.82375396
v -4.46916151 7.54871472 -1.67589726
v -4.46916151 7.51999995 -1.67589726
v -4.46798473 7.55000013 -1.67496496
v -3.39361842 7.55000013 -0.82375396
v -4.54003595 7.51999995 -1.58644214
v -4.54003595 7.55000013 -1.58644214
v -4.51946252 7.51999995 -1.57014204
v -3.46449290 7.55000013 -0.73429884
v -4.51946252 7.15000002 -1.57014204
v -3.46449290 7.15000002 -0.73429884
v -5.24403521 7.51999995 -1.48721228
v -5.24403521 7.15000002 -1.48721228
v -5.70661014 7.15000002 -0.24268606
v -5.22853483 7.54871472 -1.52891500
v -5.22853483 7.51999995 -1.52891500
v -5.22905786 7.55000013 -1.52750781
v -5.70661014 7.55000013 -0.24268606
v -5.81358842 7.55000013 -0.28244851
v -5.81358842 7.15000002 -0.28244851
v -5.33551311 7.51999995 -1.56867749
v -5.34465791 7.51999995 -1.54407399
v -5.34465791 7.15000002 -1.54407399
v -6.97399231 7.15000002 -2.26291205
v -6.97399231 7.55000013 -2.26291205
v -5.60298253 7.54871472 -2.20570197
v -5.60298253 7.51999995 -2.20570197
v -5.64743404 7.51999995 -2.20755686
v -5.64743404 7.15000002 -2.20755686
v -5.59822426 7.51999995 -2.31973162
v -5.59822426 7.55000013 -2.31973162
v -5.62444947 7.51999995 -2.32082596
v -6.96923419 7.55000013 -2.37694169
v -5.62444947 7.15000002 -2.32082596
v -6.96923419 7.15000002 -2.37694169
v -7.30635843 7.55000013 -2.58060440
v -7.33593370 7.55000013 -2.38446170
v -7.34921063 7.55000013 -2.18654668
v -7.34609852 7.55000013 -1.98821123
v -7.32661880 7.55000013 -1.79081017
v -7.29090425 7.55000013 -1.59569194
v -7.23919908 7.55000013 -1.40418948
v -7.17185608 7.55000013 -1.21761074
v -7.08933587 7.55000013 -1.03723069
v -6.99220153 7.55000013 -0.86428092
v -6.88111710 7.55000013 -0.69994328
v -6.75684105 7.55000013 -0.54534020
v -6.62022254 7.55000013 -0.40152778
v -6.47219469 7.55000013 -0.26948841
v -6.31376871 7.55000013 -0.15012415
v -6.14602680 7.55000013 -0.04425009
v -5.97011478 7.55000013 0.04741012
v -5.78723441 7.55000013 0.12423063
v -5.59863474 7.55000013 0.18568656
v -5.40560440 7.55000013 0.23135843
v -5.20946170 7.55000013 0.26093370
v -5.01154668 7.55000013 0.27421063
v -4.81321123 7.55000013 0.27109852
v -4.61581017 7.55000013 0.25161880
v -4.42069194 7.55000013 0.21590425
v -4.22918948 7.55000013 0.16419908
v -4.04261074 7.55000013 0.09685608
v -3.86223069 7.55000013 0.01433587
v -3.68928092 7.55000013 -0.08279847
v -3.52494328 7.55000013 -0.19388290
v -3.37034020 7.55000013 -0.31815895
v -3.22652778 7.55000013 -0.45477746
v -3.09448841 7.55000013 -0.60280531
v -2.97512415 7.55000013 -0.76123129
v -2.86925009 7.55000013 -0.92897320
v -2.77758988 7.55000013 -1.10488522
v -2.70076937 7.55000013 -1.28776559
v -2.63931344 7.55000013 -1.47636526
v -2.59364157 7.55000013 -1.66939560
v -2.56406630 7.55000013 -1.86553830
v -2.55078937 7.55000013 -2.06345332
v -2.55390148 7.55000013 -2.26178877
v -2.57338120 7.55000013 -2.45918983
v -2.60909575 7.55000013 -2.65430806
v -2.66080092 7.55000013 -2.84581052
v -2.72814392 7.55000013 -3.03238926
v -2.81066413 7.55000013 -3.21276931
v -2.90779847 7.55000013 -3.38571908
v -3.01888290 7.55000013 -3.55005672
v -3.14315895 7.55000013 -3.70465980
v -3.27977746 7.55000013 -3.84847222
v -3.42780531 7.55000013 -3.98051159
v -3.58623129 7.55000013 -4.09987585
v -3.75397320 7.55000013 -4.20574991
v -3.92988522 7.55000013 -4.29741012
v -4.11276559 7.55000013 -4.37423063
v -4.30136526 7.55000013 -4.43568656
v -4.49439560 7.55000013 -4.48135843
v -4.69053830 7.55000013 -4.51093370
v -4.88845332 7.55000013 -4.52421063
v -5.08678877 7.55000013 -4.52109852
v -5.28418983 7.55000013 -4.50161880
v -5.47930806 7.55000013 -4.46590425
v -5.67081052 7.55000013 -4.41419908
v -5.85738926 7.55000013 -4.34685608
v -6.03776931 7.55000013 -4.26433587
v -6.21071908 7.55000013 -4.16720153
v -6.37505672 7.55000013 -4.05611710
v -6.52965980 7.55000013 -3.93184105
v -6.67347222 7.55000013 -3.79522254
v -6.80551159 7.55000013 -3.64719469
v -6.92487585 7.55000013 -3.48876871
v -7.03074991 7.55000013 -3.32102680
v -7.12241012 7.55000013 -3.14511478
v -7.19923063 7.55000013 -2.96223441
v -7.26068656 7.55000013 -2.77363474
v -6.06302696 7.55000013 -3.92055770
v -6.06302696 7.37000002 -3.92055770
v -5.87236772 7.55000013 -4.02555110
v -6.09322295 7.55000013 -3.90148459
v -6.29764044 7.55000013 -3.75187488
v -6.35308999 7.37000002 -3.70430218
v -6.60199805 7.55000013 -3.44172304
v -6.60199805 7.37000002 -3.44172304
v -6.48268073 7.55000013 -3.57887305
v -6.35308999 7.55000013 -3.70430218
v -6.64568304 7.55000013 -3.38496647
v -6.78430407 7.55000013 -3.17294335
v -6.80244996 7.37000002 -3.14052224
v -6.80244996 7.55000013 -3.14052224
v -6.89655024 7.55000013 -2.94585235
v -4.54579362 7.51999995 -2.59891374
v -4.45538645 7.51999995 -2.50359532
v -4.39860432 7.61889993 -2.60619673
v -5.28173994 7.51999995 -2.65218651
v -5.16379024 7.51999995 -2.71003910
v -5.23725467 7.61889993 -2.79810636
v -4.41656628 7.60000005 -1.65131933
v -4.39281233 7.61889993 -1.65052202
v -4.32196411 7.61889993 -1.74928953
v -5.60029948 7.54229008 -2.13529561
v -5.63192012 7.60000005 -2.33454681
v -5.59817318 7.56560165 -2.32095511
v -5.52954369 7.51999995 -2.35326768
v -5.59822338 7.56533194 -2.31975265
v -5.56452966 7.51999995 -2.22663810
v -5.60245763 7.54969466 -2.21828074
v -5.57280954 7.51999995 -2.11576551
v -5.06290159 7.54969503 -2.77435046
v -5.03633008 7.51999995 -2.74186640
v -5.12188312 7.61889993 -2.83636742
v -5.10313444 7.60000005 -2.82176023
v -4.96143405 7.60000005 -2.83829810
v -4.96393214 7.56560165 -2.80200278
v -4.90502955 7.51999995 -2.74625251
v -4.96508769 7.56533287 -2.80167994
v -5.04135503 7.55195144 -2.78037058
v -4.36731957 7.54969503 -2.43303613
v -4.38698198 7.51999995 -2.39143518
v -4.32656419 7.61889993 -2.50829519
v -4.33466279 7.60000005 -2.48595025
v -4.27514648 7.60000005 -2.35629568
v -4.31043737 7.56560165 -2.34745562
v -4.34362323 7.51999995 -2.26742274
v -4.31110154 7.56533287 -2.34845486
v -4.35073551 7.55286711 -2.40808509
v -4.52772698 7.51999995 -1.66711079
v -4.47697973 7.54969466 -1.66602933
v -4.44108260 7.51999995 -1.76586208
v -4.52148354 7.60000005 -1.55465047
v -4.54079642 7.56560165 -1.58548236
v -4.63315612 7.51999995 -1.58872863
v -4.54004903 7.56533194 -1.58642570
v -4.50030284 7.55386046 -1.63659176
v -5.14095151 7.51999995 -1.53211339
v -5.23565701 7.60000005 -1.47129900
v -5.35962137 7.58657354 -1.55776872
v -5.24148688 7.54980139 -1.53372914
v -5.26105517 7.51999995 -1.58535040
v -5.35204092 7.51999995 -1.64924783
v -5.34847442 7.61889993 -2.73884491
v -5.44787825 7.61889993 -2.66138108
v -5.40175930 7.55000013 -2.60539961
v -4.48933419 7.61889993 -2.69366021
v -4.59372411 7.61889993 -2.76426126
v -4.63271411 7.55000013 -2.70310023
v -5.64661862 7.61889993 -2.34929880
v -5.63092360 7.61889993 -2.39319867
v -5.59988541 7.61889993 -2.46150622
v -5.46877685 7.51999995 -2.46974279
v -5.53251857 7.61889993 -2.56801199
v -5.38493230 7.51999995 -2.57088214
v -5.41046702 7.55000013 -2.59705966
v -5.44544931 7.55000013 -2.56020131
v -5.43715565 7.55646519 -2.58042633
v -5.42169132 7.55646519 -2.59642450
v -4.77572953 7.51999995 -2.72300236
v -4.70867872 7.61889993 -2.81590626
v -4.83078921 7.61889993 -2.84706389
v -4.95194615 7.61889993 -2.85683584
v -4.65418189 7.51999995 -2.67315020
v -4.63681454 7.55000013 -2.70533187
v -4.68920125 7.55000013 -2.73068494
v -4.66740320 7.55646519 -2.72904702
v -4.64740927 7.55646519 -2.71928327
v -4.25458418 7.61889993 -2.35300060
v -4.22643826 7.61889993 -2.23475379
v -4.21829911 7.61889993 -2.13918689
v -4.32723908 7.51999995 -2.13707468
v -4.21833669 7.61889993 -2.10899161
v -4.29129734 7.55646519 -2.02086276
v -4.23193111 7.61889993 -1.98370409
v -4.28818993 7.55646519 -2.04289526
v -4.29336813 7.55000013 -2.06413259
v -4.29701556 7.55000013 -2.03290462
v -4.33855823 7.51999995 -2.00618944
v -4.30214724 7.55000013 -2.00188599
v -4.37707722 7.51999995 -1.88058950
v -4.26681845 7.61889993 -1.86260643
v -4.86890813 7.61889993 -1.39766822
v -4.86248492 7.61889993 -1.39841305
v -4.84549008 7.55646519 -1.46635638
v -4.51826326 7.61889993 -1.53407629
v -4.62202505 7.61889993 -1.47076773
v -4.71816266 7.61889993 -1.43085381
v -4.75267999 7.51999995 -1.53420239
v -4.73912850 7.61889993 -1.42419997
v -4.82357568 7.55646519 -1.47020950
v -4.80497795 7.55000013 -1.48169694
v -4.83580461 7.55000013 -1.47551589
v -4.88098158 7.51999995 -1.50595761
v -4.86689087 7.55000013 -1.47081113
v -4.98843641 7.61889993 -1.39417162
v -5.01235342 7.51999995 -1.50525083
v -5.22907493 7.61889993 -1.44846130
v -5.11324813 7.61889993 -1.41160141
v -5.02326095 7.61889993 -1.39683772
v -4.81371346 7.51999995 -2.07426986
v -4.85733746 7.51999995 -2.01292314
v -5.33721678 7.51999995 -1.82814186
v -5.08628654 7.51999995 -2.17573014
v -5.04266254 7.51999995 -2.23707686
v -4.80660732 7.51999995 -2.14920969
v -5.00073014 7.51999995 -1.98871346
v -4.92579031 7.51999995 -1.98160732
v -5.42070091 7.51999995 -2.00770061
v -5.35517724 7.51999995 -1.92897825
v -5.06207686 7.51999995 -2.03233746
v -4.97420969 7.51999995 -2.26839268
v -4.89926986 7.51999995 -2.26128654
v -5.09339268 7.51999995 -2.10079031
v -4.83792314 7.51999995 -2.21766254
v -4.93918262 6.89999999 -3.65467433
v -4.95507248 6.87928933 -3.65492588
v -4.97578056 6.86339743 -3.65525370
v -4.96005991 6.87000004 -3.55130599
v -4.93366819 6.89999999 -3.55464842
v -4.91407215 6.89999999 -3.45640590
v -4.93972653 6.87000004 -3.44936687
v -4.88078784 6.89999999 -3.36191913
v -4.90518991 6.87000004 -3.35132496
v -4.83448356 6.89999999 -3.27308502
v -4.85714337 6.87000004 -3.25914843
v -4.77608887 6.89999999 -3.19168686
v -4.79655149 6.87000004 -3.17468762
v -4.70677605 6.89999999 -3.11935896
v -4.72463074 6.87000004 -3.09963820
v -4.62793669 6.89999999 -3.05755322
v -4.64282497 6.87000004 -3.03550696
v -4.54115349 6.89999999 -3.00751047
v -4.55277644 6.87000004 -2.98358144
v -4.44816871 6.89999999 -2.97023549
v -4.45629300 6.87000004 -2.94490389
v -4.35084913 6.89999999 -2.94647652
v -4.35531170 6.87000004 -2.92025085
v -4.25114849 6.89999999 -2.93671039
v -4.25185974 6.87000004 -2.91011732
v -4.15106838 6.89999999 -2.94113343
v -4.14801392 6.87000004 -2.91470687
v -4.05261799 6.89999999 -2.95965669
v -4.04585919 6.87000004 -2.93392704
v -3.95777368 6.89999999 -2.99190830
v -3.94744643 6.87000004 -2.96739217
v -3.86843973 6.89999999 -3.03724080
v -3.85475115 6.87000004 -3.01443038
v -3.78640949 6.89999999 -3.09474410
v -3.76963441 6.87000004 -3.07409724
v -4.99423017 6.85512421 -3.65159565
v -4.96582246 6.87000004 -3.65215435
v -4.97582641 6.86339650 -3.65201791
v -4.95259548 7.62734535 -4.27416039
v -4.96603753 7.63675804 -4.28775807
v -4.97578056 7.63660251 -3.65525370
v -4.98248368 7.64438967 -4.30428123
v -5.01455002 7.64999903 -4.33614811
v -4.94894592 7.62415203 -4.27045410
v -4.93918262 7.60000005 -3.65467433
v -4.92928810 7.59918812 -4.25038019
v -4.92000238 7.57621779 -4.24083283
v -3.76332871 7.63660251 -3.06633606
v -3.84960559 7.63660251 -3.00585579
v -3.78640949 7.60000005 -3.09474410
v -3.86843973 7.60000005 -3.03724080
v -3.95777368 7.60000005 -2.99190830
v -4.05261799 7.60000005 -2.95965669
v -4.15106838 7.60000005 -2.94113343
v -4.25114849 7.60000005 -2.93671039
v -4.35084913 7.60000005 -2.94647652
v -4.44816871 7.60000005 -2.97023549
v -4.54115349 7.60000005 -3.00751047
v -4.62793669 7.60000005 -3.05755322
v -4.70677605 7.60000005 -3.11935896
v -4.77608887 7.60000005 -3.19168686
v -4.83448356 7.60000005 -3.27308502
v -4.88078784 7.60000005 -3.36191913
v -4.91407215 7.60000005 -3.45640590
v -4.93366819 7.60000005 -3.55464842
v -3.94356430 7.63660251 -2.95817645
v -4.04331864 7.63660251 -2.92425517
v -4.14686578 7.63660251 -2.90477292
v -4.25212703 7.63660251 -2.90012097
v -4.35698915 7.63660251 -2.91039262
v -4.45934695 7.63660251 -2.93538168
v -4.55714555 7.63660251 -2.97458635
v -4.64842150 7.63660251 -3.02721977
v -4.73134236 7.63660251 -3.09222515
v -4.80424348 7.63660251 -3.16829744
v -4.86566129 7.63660251 -3.25390946
v -4.91436275 7.63660251 -3.34734263
v -4.94937013 7.63660251 -3.44672098
v -4.96998066 7.63660251 -3.55004945
v -3.75983606 6.87000004 -3.08205818
v -3.35884805 6.85228424 -3.35792534
v -3.73875166 6.85340769 -3.05523023
v -3.36611683 6.85559211 -3.36712103
v -3.75359480 6.86339743 -3.07424457
v -3.37856601 6.86476610 -3.38190829
v -3.38520541 6.87174348 -3.38934425
v -3.39566695 6.88680706 -3.40048799
v -3.40992215 6.92770581 -3.41465015
v -3.40740674 6.91593715 -3.41223141
v -3.40208228 6.89999924 -3.40700008
v -3.40066210 6.89668700 -3.40557869
v -4.91634803 7.60000005 -4.25067858
v -4.91576864 7.63660251 -4.28727639
v -4.74512691 7.60000005 -4.24105020
v -4.57523889 7.60000005 -4.21765277
v -4.40778945 7.60000005 -4.18063847
v -4.24386824 7.60000005 -4.13024796
v -4.08454177 7.60000005 -4.06680924
v -3.93084691 7.60000005 -3.99073546
v -3.78378362 7.60000005 -3.90252096
v -3.64430894 7.60000005 -3.80274037
v -3.51333043 7.60000005 -3.69204262
v -3.39170036 7.60000005 -3.57114801
v -4.74159958 7.63660251 -4.27748242
v -4.56878662 7.63660251 -4.25368229
v -4.39845419 7.63660251 -4.21603059
v -4.23171071 7.63660251 -4.16477246
v -4.06964107 7.63660251 -4.10024168
v -3.91330005 7.63660251 -4.02285790
v -3.76370477 7.63660251 -3.93312478
v -3.62182886 7.63660251 -3.83162608
v -3.48859516 7.63660251 -3.71902229
v -3.36487110 7.63660251 -3.59604645
v -3.40331339 7.60000005 -3.40600030
v -3.38023252 7.63660251 -3.37759226
v -3.37771366 6.91427670 -3.52415505
v -3.38424950 6.92642124 -3.44598543
v -3.38171779 6.91391665 -3.44334149
v -3.30720435 6.79730621 -3.44111032
v -3.31729746 6.82793108 -3.41915318
v -3.32801475 6.81233990 -3.46661646
v -3.33379808 6.84009266 -3.43946598
v -3.33886000 6.82375642 -3.47956575
v -3.34237966 6.84931537 -3.44972347
v -3.35559736 6.84830088 -3.49911067
v -3.35557855 6.86906890 -3.46510939
v -3.36343816 6.86431953 -3.50808909
v -3.36173608 6.88190300 -3.47212998
v -3.37386954 6.89537215 -3.51986380
v -3.36989558 6.90666733 -3.48128283
v -3.37289146 6.92168556 -3.48460141
v -3.37484556 6.89330210 -3.43602819
v -3.36968138 6.88262142 -3.43039844
v -3.35867333 6.86618618 -3.41800430
v -3.35156101 6.85851423 -3.40970119
v -3.33798437 6.84839792 -3.39317217
v -3.32992564 6.84477153 -3.38291309
v -3.30742507 6.82357221 -3.40661171
v -3.29476020 6.79190268 -3.42542592
v -3.33335365 7.63660251 -3.54388419
v -3.36787387 7.60000005 -3.53171423
v -3.38050893 7.55000013 -3.52725962
v -3.37506610 7.55000013 -3.48699612
v -3.36170162 7.60000005 -3.48605642
v -3.38609016 7.55000013 -3.44789054
v -3.37420276 7.60000005 -3.44171168
v -3.32518930 7.63660251 -3.48348885
v -3.34172550 7.63660251 -3.42483053
v -3.38609016 7.37000002 -3.44789054
v -3.37506610 7.37000002 -3.48699612
v -3.38050893 7.37000002 -3.52725962
v -2.68745257 7.63660251 -1.48987842
v -2.64273251 7.63660251 -1.67888741
v -2.61377322 7.63660251 -1.87094372
v -2.60077289 7.63660251 -2.06473557
v -2.60382018 7.63660251 -2.25893906
v -2.62289404 7.63660251 -2.45222757
v -2.65786446 7.63660251 -2.64328073
v -2.70849264 7.63660251 -2.83079359
v -2.77443251 7.63660251 -3.01348518
v -2.85523369 7.63660251 -3.19010753
v -2.95034426 7.63660251 -3.35945410
v -3.05911454 7.63660251 -3.52036811
v -3.18080134 7.63660251 -3.67175022
v -3.31457372 7.63660251 -3.81256656
v -3.45951768 7.63660251 -3.94185500
v -3.61464315 7.63660251 -4.05873263
v -3.77889045 7.63660251 -4.16240094
v -3.95113763 7.63660251 -4.25215156
v -4.13020805 7.63660251 -4.32737169
v -4.31487842 7.63660251 -4.38754743
v -4.50388741 7.63660251 -4.43226749
v -4.69594372 7.63660251 -4.46122678
v -4.88973557 7.63660251 -4.47422711
v -5.08393906 7.63660251 -4.47117982
v -5.27722757 7.63660251 -4.45210596
v -5.46828073 7.63660251 -4.41713554
v -5.65579359 7.63660251 -4.36650736
v -5.83848518 7.63660251 -4.30056749
v -6.01510753 7.63660251 -4.21976631
v -6.18445410 7.63660251 -4.12465574
v -6.34536811 7.63660251 -4.01588546
v -6.49675022 7.63660251 -3.89419866
v -6.63756656 7.63660251 -3.76042628
v -6.76685500 7.63660251 -3.61548232
v -6.88373263 7.63660251 -3.46035685
v -6.98740094 7.63660251 -3.29610955
v -7.07715156 7.63660251 -3.12386237
v -7.15237169 7.63660251 -2.94479195
v -7.21254743 7.63660251 -2.76012158
v -7.25726749 7.63660251 -2.57111259
v -7.28622678 7.63660251 -2.37905628
v -7.29922711 7.63660251 -2.18526443
v -7.29617982 7.63660251 -1.99106094
v -7.27710596 7.63660251 -1.79777243
v -7.24213554 7.63660251 -1.60671927
v -7.19150736 7.63660251 -1.41920641
v -7.12556749 7.63660251 -1.23651482
v -7.04476631 7.63660251 -1.05989247
v -6.94965574 7.63660251 -0.89054590
v -6.84088546 7.63660251 -0.72963189
v -6.71919866 7.63660251 -0.57824978
v -6.58542628 7.63660251 -0.43743344
v -6.44048232 7.63660251 -0.30814500
v -6.28535685 7.63660251 -0.19126737
v -6.12110955 7.63660251 -0.08759906
v -5.94886237 7.63660251 0.00215156
v -5.76979195 7.63660251 0.07737169
v -5.58512158 7.63660251 0.13754743
v -5.39611259 7.63660251 0.18226749
v -5.20405628 7.63660251 0.21122678
v -5.01026443 7.63660251 0.22422711
v -4.81606094 7.63660251 0.22117982
v -4.62277243 7.63660251 0.20210596
v -4.43171927 7.63660251 0.16713554
v -4.24420641 7.63660251 0.11650736
v -4.06151482 7.63660251 0.05056749
v -3.88489247 7.63660251 -0.03023369
v -3.71554590 7.63660251 -0.12534426
v -3.55463189 7.63660251 -0.23411454
v -3.40324978 7.63660251 -0.35580134
v -3.26243344 7.63660251 -0.48957372
v -3.13314500 7.63660251 -0.63451768
v -3.01626737 7.63660251 -0.78964315
v -2.91259906 7.63660251 -0.95389045
v -2.82284844 7.63660251 -1.12613763
v -2.74762831 7.63660251 -1.30520805
v -2.65221226 7.60000005 -1.47998610
v -2.60679538 7.60000005 -1.67193890
v -2.57738533 7.60000005 -1.86698665
v -2.56418235 7.60000005 -2.06379682
v -2.56727694 7.60000005 -2.26102518
v -2.58664808 7.60000005 -2.45732430
v -2.62216332 7.60000005 -2.65135330
v -2.67357997 7.60000005 -2.84178679
v -2.74054672 7.60000005 -3.02732389
v -2.82260648 7.60000005 -3.20669718
v -2.91919860 7.60000005 -3.37868126
v -3.02966296 7.60000005 -3.54210164
v -3.15324518 7.60000005 -3.69584167
v -3.28910111 7.60000005 -3.83885147
v -3.43630261 7.60000005 -3.97015379
v -3.59384430 7.60000005 -4.08885160
v -3.76064976 7.60000005 -4.19413464
v -3.93557980 7.60000005 -4.28528318
v -4.11743934 7.60000005 -4.36167491
v -4.30498610 7.60000005 -4.42278774
v -4.49693890 7.60000005 -4.46820462
v -4.69198665 7.60000005 -4.49761467
v -4.88879682 7.60000005 -4.51081765
v -5.08602518 7.60000005 -4.50772306
v -5.28232430 7.60000005 -4.48835192
v -5.47635330 7.60000005 -4.45283668
v -5.66678679 7.60000005 -4.40142003
v -5.85232389 7.60000005 -4.33445328
v -6.03169718 7.60000005 -4.25239352
v -6.20368126 7.60000005 -4.15580140
v -6.36710164 7.60000005 -4.04533704
v -6.52084167 7.60000005 -3.92175482
v -6.66385147 7.60000005 -3.78589889
v -6.79515379 7.60000005 -3.63869739
v -6.91385160 7.60000005 -3.48115570
v -7.01913464 7.60000005 -3.31435024
v -7.11028318 7.60000005 -3.13942020
v -7.18667491 7.60000005 -2.95756066
v -7.24778774 7.60000005 -2.77001390
v -7.29320462 7.60000005 -2.57806110
v -7.32261467 7.60000005 -2.38301335
v -7.33581765 7.60000005 -2.18620318
v -7.33272306 7.60000005 -1.98897482
v -7.31335192 7.60000005 -1.79267570
v -7.27783668 7.60000005 -1.59864670
v -7.22642003 7.60000005 -1.40821321
v -7.15945328 7.60000005 -1.22267611
v -7.07739352 7.60000005 -1.04330282
v -6.98080140 7.60000005 -0.87131874
v -6.87033704 7.60000005 -0.70789836
v -6.74675482 7.60000005 -0.55415833
v -6.61089889 7.60000005 -0.41114853
v -6.46369739 7.60000005 -0.27984621
v -6.30615570 7.60000005 -0.16114840
v -6.13935024 7.60000005 -0.05586536
v -5.96442020 7.60000005 0.03528318
v -5.78256066 7.60000005 0.11167491
v -5.59501390 7.60000005 0.17278774
v -5.40306110 7.60000005 0.21820462
v -5.20801335 7.60000005 0.24761467
v -5.01120318 7.60000005 0.26081765
v -4.81397482 7.60000005 0.25772306
v -4.61767570 7.60000005 0.23835192
v -4.42364670 7.60000005 0.20283668
v -4.23321321 7.60000005 0.15142003
v -4.04767611 7.60000005 0.08445328
v -3.86830282 7.60000005 0.00239352
v -3.69631874 7.60000005 -0.09419860
v -3.53289836 7.60000005 -0.20466296
v -3.37915833 7.60000005 -0.32824518
v -3.23614853 7.60000005 -0.46410111
v -3.10484621 7.60000005 -0.61130261
v -2.98614840 7.60000005 -0.76884430
v -2.88086536 7.60000005 -0.93564976
v -2.78971682 7.60000005 -1.11057980
v -2.71332509 7.60000005 -1.29243934
v -2.90682896 7.62734535 -2.79159553
v -2.89803653 7.63677071 -2.80860902
v -3.50260886 7.63660251 -2.62239317
v -2.86702032 7.64999903 -2.86967300
v -2.88741852 7.64438967 -2.82932881
v -3.49185050 7.60000005 -2.58740743
v -2.92845352 7.57621779 -2.75029882
v -2.92224309 7.59918812 -2.76208043
v -2.90922618 7.62415203 -2.78697929
v -3.68803454 7.63660251 -1.28729732
v -3.77221576 7.63660251 -1.35066209
v -3.66814931 7.60000005 -1.31802706
v -3.74818689 7.60000005 -1.37827296
v -3.81890650 7.60000005 -1.44922615
v -3.87888805 7.60000005 -1.52946201
v -3.92692753 7.60000005 -1.61736996
v -3.96206056 7.60000005 -1.71118502
v -3.98358165 7.60000005 -1.80902386
v -3.99105887 7.60000005 -1.90892222
v -3.98434217 7.60000005 -2.00887461
v -3.96356623 7.60000005 -2.10687440
v -3.92914808 7.60000005 -2.20095408
v -3.88177906 7.60000005 -2.28922503
v -3.82240976 7.60000005 -2.36991509
v -3.75223228 7.60000005 -2.44140437
v -3.67265551 7.60000005 -2.50225761
v -3.58527678 7.60000005 -2.55125316
v -3.84659639 7.63660251 -1.42528846
v -3.90968325 7.63660251 -1.50967820
v -3.96020974 7.63660251 -1.60213707
v -3.99716155 7.63660251 -1.70080892
v -4.01979678 7.63660251 -1.80371283
v -4.02766115 7.63660251 -1.90878296
v -4.02059669 7.63660251 -2.01390985
v -3.99874517 7.63660251 -2.11698304
v -3.96254531 7.63660251 -2.21593325
v -3.91272393 7.63660251 -2.30877400
v -3.85028117 7.63660251 -2.39364135
v -3.77647060 7.63660251 -2.46883158
v -3.69277404 7.63660251 -2.53283519
v -3.60087178 7.63660251 -2.58436727
v -3.14401614 7.63677350 -0.93490805
v -3.13931222 7.64430418 -0.91228772
v -3.13022028 7.64999903 -0.86732002
v -3.15513763 7.59895231 -0.98676679
v -3.14918219 7.62391715 -0.95927275
v -3.11667438 7.63660251 -0.97803499
v -3.14805510 7.62722149 -0.95399858
v -2.91796050 7.60000005 -2.74986585
v -2.88297481 7.63660251 -2.76062421
v -2.87191591 7.60000005 -2.57356211
v -2.84113756 7.60000005 -2.39396310
v -2.82585195 7.60000005 -2.21238808
v -2.82617121 7.60000005 -2.03017112
v -2.84209273 7.60000005 -1.84865079
v -2.87350009 7.60000005 -1.66916067
v -2.92016196 7.60000005 -1.49301931
v -2.98173598 7.60000005 -1.32152073
v -3.05776971 7.60000005 -1.15592477
v -3.14770474 7.60000005 -0.99744822
v -3.15799343 7.57609840 -0.99973406
v -3.02519112 7.63660251 -1.13924022
v -2.94784850 7.63660251 -1.30768723
v -2.88521408 7.63660251 -1.48213843
v -2.83774885 7.63660251 -1.66131246
v -2.80580076 7.63660251 -1.84389283
v -2.78960506 7.63660251 -2.02853849
v -2.78928040 7.63660251 -2.21389262
v -2.80482921 7.63660251 -2.39859384
v -2.83613729 7.63660251 -2.58128496
v -3.68465551 7.62734535 -0.38781816
v -3.66578803 7.63675804 -0.38471853
v -4.02968249 7.63660251 -0.90215213
v -3.64277086 7.64438967 -0.38101801
v -3.59809783 7.64999903 -0.37408525
v -3.68978654 7.62415203 -0.38867162
v -4.05963150 7.60000005 -0.88110918
v -3.71748910 7.59918812 -0.39335711
v -3.73061330 7.57621779 -0.39562320
v -5.35673385 7.63660251 -0.66593520
v -5.32248374 7.63660251 -0.76557712
v -5.32136318 7.60000005 -0.65651916
v -5.28879890 7.60000005 -0.75125655
v -5.24317201 7.60000005 -0.84044056
v -5.18539844 7.60000005 -0.92228062
v -5.11663808 7.60000005 -0.99513398
v -5.03827136 7.60000005 -1.05753781
v -4.95187149 7.60000005 -1.10823957
v -4.85917308 7.60000005 -1.14622105
v -4.76203710 7.60000005 -1.17072004
v -4.66241367 7.60000005 -1.18124455
v -4.56230280 7.60000005 -1.17758333
v -4.46371425 7.60000005 -1.15980979
v -4.36862733 7.60000005 -1.12828089
v -4.27895103 7.60000005 -1.08362956
v -4.19648553 7.60000005 -1.02675210
v -4.12288646 7.60000005 -0.95879061
v -5.27449476 7.63660251 -0.85937807
v -5.21373027 7.63660251 -0.94545500
v -5.14141020 7.63660251 -1.02207994
v -5.05898641 7.63660251 -1.08771452
v -4.96811364 7.63660251 -1.14104103
v -4.87061625 7.63660251 -1.18098890
v -4.76845160 7.63660251 -1.20675608
v -4.66367065 7.63660251 -1.21782550
v -4.55837709 7.63660251 -1.21397476
v -4.45468456 7.63660251 -1.19528107
v -4.35467509 7.63660251 -1.16211993
v -4.26035615 7.63660251 -1.11515697
v -4.17362147 7.63660251 -1.05533504
v -4.09621226 7.63660251 -0.98385511
v -5.52376502 7.63677350 -0.03964861
v -5.54382464 7.64430418 -0.02818478
v -5.58378192 7.64999903 -0.00564212
v -5.47788113 7.59895231 -0.06625110
v -5.50218916 7.62391715 -0.05209108
v -5.47429973 7.63660251 -0.02697201
v -5.50685695 7.62722149 -0.04938932
v -3.72778254 7.60000005 -0.38550978
v -3.70673950 7.63660251 -0.35556087
v -3.88122865 7.60000005 -0.28723774
v -4.04252655 7.60000005 -0.20246690
v -4.21049113 7.60000005 -0.13181956
v -4.38388845 7.60000005 -0.07581485
v -4.56144454 7.60000005 -0.03486441
v -4.74185520 7.60000005 -0.00926906
v -4.92379493 7.60000005 0.00078326
v -5.10592721 7.60000005 -0.00478102
v -5.28691393 7.60000005 -0.02592148
v -5.46542558 7.60000005 -0.06248260
v -5.46643099 7.57609840 -0.07297413
v -5.29271462 7.63660251 0.01021849
v -5.10861180 7.63660251 0.03172292
v -4.92334375 7.63660251 0.03738312
v -4.73827157 7.63660251 0.02715757
v -4.55475476 7.63660251 0.00112152
v -4.37414165 7.63660251 -0.04053393
v -4.19775898 7.63660251 -0.09750275
v -4.02690249 7.63660251 -0.16936639
v -3.86282758 7.63660251 -0.25559699
v -6.21114506 7.62734535 -0.38476714
v -6.20826281 7.63675804 -0.36586521
v -5.82860366 7.63660251 -0.87184531
v -6.20466948 7.64438967 -0.34283118
v -6.19745816 7.64999903 -0.29820220
v -6.21191908 7.62415203 -0.38991065
v -5.85787150 7.60000005 -0.89382583
v -6.21602352 7.59918812 -0.41770542
v -6.21792388 7.57621779 -0.43088754
v -6.46334079 7.63660251 -2.06095106
v -6.35799191 7.63660251 -2.05916833
v -6.46136573 7.60000005 -2.02440181
v -6.36120236 7.60000005 -2.02270688
v -6.26228389 7.60000005 -2.00687243
v -6.16659618 7.60000005 -1.97721653
v -6.07606054 7.60000005 -1.93433444
v -5.99249418 7.60000005 -1.87908709
v -5.91757496 7.60000005 -1.81258360
v -5.85280697 7.60000005 -1.73615913
v -5.79949043 7.60000005 -1.65134792
v -5.75869570 7.60000005 -1.55985269
v -5.73124180 7.60000005 -1.46351021
v -5.71767989 7.60000005 -1.36425456
v -5.71828217 7.60000005 -1.26407861
v -5.73303656 7.60000005 -1.16499325
v -5.76164697 7.60000005 -1.06898786
v -5.80353898 7.60000005 -0.97798973
v -6.25395237 7.63660251 -2.04251419
v -6.15331105 7.63660251 -2.01132298
v -6.05808825 7.63660251 -1.96622086
v -5.97019571 7.63660251 -1.90811339
v -5.89139799 7.63660251 -1.83816706
v -5.82327696 7.63660251 -1.75778610
v -5.76720026 7.63660251 -1.66858423
v -5.72429358 7.63660251 -1.57235230
v -5.69541839 7.63660251 -1.47102212
v -5.68115434 7.63660251 -1.36662813
v -5.68178783 7.63660251 -1.26126611
v -5.69730613 7.63660251 -1.15705112
v -5.72739768 7.63660251 -1.05607545
v -5.77145836 7.63660251 -0.96036641
v -7.11059014 7.63677350 -2.02627394
v -7.12769165 7.64430418 -2.04180923
v -7.16147835 7.64999903 -2.07284478
v -7.07111082 7.59895231 -1.99085642
v -7.09208942 7.62391715 -2.00959905
v -7.10736069 7.63660251 -1.97531234
v -7.09610137 7.62722149 -2.01320342
v -6.22666751 7.60000005 -0.42506994
v -6.24864803 7.63660251 -0.39580239
v -6.36754718 7.60000005 -0.54063851
v -6.49801300 7.60000005 -0.66784609
v -6.61710634 7.60000005 -0.80575876
v -6.72395269 7.60000005 -0.95336286
v -6.81776668 7.60000005 -1.10957453
v -6.89785949 7.60000005 -1.27324571
v -6.96364234 7.60000005 -1.44317432
v -7.01463225 7.60000005 -1.61811190
v -7.05045446 7.60000005 -1.79677322
v -7.07084595 7.60000005 -1.97784598
v -7.06117864 7.57609840 -1.98204416
v -7.08661809 7.63660251 -1.79112216
v -7.05017916 7.63660251 -1.60938471
v -6.99831138 7.63660251 -1.43143532
v -6.93139586 7.63660251 -1.25858092
v -6.84992432 7.63660251 -1.09209174
v -6.75449504 7.63660251 -0.93319069
v -6.64580914 7.63660251 -0.78304520
v -6.52466531 7.63660251 -0.64275812
v -6.39195314 7.63660251 -0.51336044
v -6.99477515 7.62734535 -2.78665868
v -7.01188876 7.63677071 -2.77806257
v -6.41332439 7.63660251 -2.57335564
v -7.07287381 7.64999903 -2.74689163
v -7.03265763 7.64438967 -2.76754110
v -6.40146400 7.60000005 -2.60798333
v -6.95300682 7.57621779 -2.80735775
v -6.96495644 7.59918812 -2.80147686
v -6.99012245 7.62415203 -2.78898424
v -5.47856216 7.63660251 -3.54448033
v -5.44770307 7.63660251 -3.44373675
v -5.51271227 7.60000005 -3.53130780
v -5.48337207 7.60000005 -3.43552285
v -5.46786401 7.60000005 -3.33655260
v -5.46649935 7.60000005 -3.23638411
v -5.47930554 7.60000005 -3.13702829
v -5.50602547 7.60000005 -3.04047957
v -5.54612272 7.60000005 -2.94867649
v -5.59879237 7.60000005 -2.86346206
v -5.66297684 7.60000005 -2.78654688
v -5.73738779 7.60000005 -2.71947517
v -5.82053124 7.60000005 -2.66359353
v -5.91073793 7.60000005 -2.62002370
v -6.00619719 7.60000005 -2.58964042
v -6.10499226 7.60000005 -2.57305366
v -6.20513989 7.60000005 -2.57059645
v -6.30462964 7.60000005 -2.58231813
v -5.43139216 7.63660251 -3.33964282
v -5.42995686 7.63660251 -3.23428873
v -5.44342597 7.63660251 -3.12978912
v -5.47152923 7.63660251 -3.02824217
v -5.51370231 7.63660251 -2.93168647
v -5.56909854 7.63660251 -2.84206041
v -5.63660593 7.63660251 -2.76116340
v -5.71486911 7.63660251 -2.69061944
v -5.80231690 7.63660251 -2.63184474
v -5.89719362 7.63660251 -2.58601934
v -5.99759466 7.63660251 -2.55406310
v -6.10150437 7.63660251 -2.53661771
v -6.20683667 7.63660251 -2.53403329
v -6.31147691 7.63660251 -2.54636176
v -5.68298695 7.64999903 -4.21212425
v -5.70206277 7.64430418 -4.17040044
v -5.72169491 7.62391715 -4.12658730
v -5.71950667 7.62722149 -4.13151661
v -5.89932057 7.64238808 -4.08108791
v -5.71155309 7.63677350 -4.14933541
v -5.73834910 7.57609840 -4.08867446
v -5.87569115 7.58826836 -4.03239930
v -5.73303749 7.59895231 -4.10084350
v -6.92353829 7.62071080 -2.95723302
v -6.95343132 7.64238808 -2.96983884
v -6.79091348 7.58826836 -3.17671939
v -6.90356421 7.58826836 -2.94881004
v -6.65179307 7.58826836 -3.38950649
v -6.48820338 7.58826836 -3.58411165
v -6.30249635 7.58826836 -3.75773700
v -6.09734238 7.58826836 -3.90788575
v -5.88515581 7.62071080 -4.05190119
v -6.10907313 7.62071080 -3.92611472
v -6.31632463 7.62071080 -3.77443058
v -6.50393044 7.62071080 -3.59903013
v -6.66919297 7.62071080 -3.40243520
v -6.80973570 7.62071080 -3.18747254
v -6.12662968 7.64238808 -3.95339613
v -6.33702039 7.64238808 -3.79941461
v -6.52746784 7.64238808 -3.62135738
v -6.69523350 7.64238808 -3.42178454
v -6.83790504 7.64238808 -3.20356579
v -3.23054160 7.57588196 -3.20782361
v -3.16359385 7.57588196 -3.10709931
v -3.22775154 7.60000005 -3.22167350
v -3.14974396 7.60000005 -3.10430934
v -3.09899955 7.63660251 -3.09408715
v -3.21752953 7.63660251 -3.27241782
v -4.31986035 7.63670813 -2.53995920
v -4.30717392 7.64999903 -2.60765555
v -4.30819767 7.64988373 -2.60174011
v -4.31728319 7.64141503 -2.55281373
v -4.31831826 7.63964961 -2.54760187
v -4.22783711 7.63671520 -2.34355542
v -4.24751325 7.62467488 -2.35053732
v -4.17080748 7.64999866 -2.32229710
v -4.21225902 7.64311302 -2.33789720
v -4.89685696 7.64999866 -2.92702427
v -4.92450278 7.64311302 -2.89242219
v -4.82540682 7.64189671 -2.87966521
v -4.93473815 7.63668503 -2.87930316
v -4.92999270 7.63997334 -2.88540742
v -4.37370872 7.64189671 -2.62792285
v -4.46853501 7.64189671 -2.71933538
v -4.57763819 7.64189671 -2.79312406
v -4.69778302 7.64189671 -2.84710087
v -4.19376933 7.64189671 -2.23970922
v -4.29232314 7.64999903 -1.66278484
v -4.29360818 7.64189671 -1.73232614
v -4.34188831 7.64312252 -1.65614539
v -4.34760468 7.64141503 -1.65545226
v -4.38823786 7.62211300 -1.65097548
v -4.36054452 7.63674165 -1.65394035
v -4.18530193 7.64189671 -2.10826882
v -4.19951014 7.64189671 -1.97732454
v -4.23597263 7.64189671 -1.85075931
v -5.33200202 7.57588196 -4.12745865
v -5.32506882 7.60000005 -4.13976831
v -5.29966602 7.63660251 -4.18487040
v -3.32337788 7.63660251 -0.83189418
v -3.37479769 7.60000005 -0.82593521
v -3.38883179 7.57588196 -0.82430875
v -5.44848459 7.57588196 -4.09491302
v -5.46079434 7.60000005 -4.10184634
v -5.50589639 7.63660251 -4.12724910
v -3.45635268 7.63660251 -0.66405831
v -3.46393821 7.57588196 -0.72951212
v -3.46231184 7.60000005 -0.71547802
v -5.14992576 7.63670813 -2.85252791
v -5.21038853 7.64999903 -2.88551271
v -5.20507896 7.64988373 -2.88271115
v -5.16135481 7.64141503 -2.85895115
v -5.15671787 7.63964961 -2.85635616
v -4.52157560 7.64999866 -1.44491203
v -4.51842093 7.62467488 -1.52659023
v -4.51898089 7.63671520 -1.50571962
v -4.51954820 7.64311302 -1.48915548
v -5.66266876 7.63668503 -2.37260738
v -5.66700783 7.63997334 -2.37900689
v -5.67198282 7.64311302 -2.38639580
v -5.62922790 7.64189671 -2.47669953
v -5.69634836 7.64999866 -2.42338118
v -5.25022424 7.64189671 -2.82849732
v -5.55881940 7.64189671 -2.58801405
v -5.47035758 7.64189671 -2.68559882
v -5.36646562 7.64189671 -2.76656014
v -4.60721692 7.64189671 -1.44122897
v -5.18635940 7.64999903 -1.35667978
v -5.21585259 7.63674165 -1.41882908
v -5.21041605 7.64141503 -1.40698983
v -5.12061882 7.64189671 -1.37939134
v -5.20799039 7.64312252 -1.40176739
v -5.22723003 7.62211300 -1.44425084
v -4.72960759 7.64189671 -1.39255871
v -4.85853359 7.64189671 -1.36560749
v -4.99017180 7.64189671 -1.36117458
v -7.01710584 7.63660251 -2.42898280
v -6.98206129 7.60000005 -2.39088605
v -6.97249642 7.57588196 -2.38048819
v -5.67716284 7.63660251 -0.17839873
v -5.69871979 7.60000005 -0.22546032
v -5.70460337 7.57588196 -0.23830494
v -6.97753879 7.57588196 -2.25964964
v -6.98793664 7.60000005 -2.25008475
v -7.02603332 7.63660251 -2.21504009
v -5.81796945 7.57588196 -0.28044169
v -5.83081416 7.60000005 -0.27455816
v -5.87787566 7.63660251 -0.25300139
v -5.70937151 7.63660214 -2.16009864
v -5.75375504 7.64999903 -2.11236715
v -5.70961980 7.63973474 -2.15423556
v -5.71334127 7.64141503 -2.15079305
v -5.74944981 7.64988373 -2.11655110
v -5.70579267 7.57590953 -2.20657428
v -5.70680036 7.60000005 -2.19662500
v -5.70813229 7.62069683 -2.18078880
v -5.36831047 7.57593728 -1.49026120
v -5.37683380 7.60000005 -1.49596117
v -5.39040633 7.62082516 -1.50538788
v -5.40767860 7.63660251 -1.51803440
v -5.41255905 7.63973474 -1.52174539
v -5.46441169 7.64999866 -1.50738543
v -5.42170715 7.64311302 -1.51912926
v -5.46891468 7.63973474 -1.56947819
v -5.70881504 7.63973474 -2.07942894
v -5.69996157 7.63973474 -2.00076383
v -5.67572068 7.63973474 -1.89871155
v -5.63766270 7.63973474 -1.80096761
v -5.58651223 7.63973474 -1.70939297
v -5.52324301 7.63973474 -1.62573115
v -4.89767285 5.49999998 -2.26557691
v -4.77169091 5.49999998 -2.39671834
v -4.83439491 5.49999998 -2.22057960
v -4.67145488 5.49999998 -2.29244437
v -4.80209325 5.49999998 -2.14997182
v -4.62638813 5.49999998 -2.15500597
v -4.80942309 5.49999998 -2.07267285
v -4.64541668 5.49999998 -2.01162452
v -4.85442040 5.49999998 -2.00939491
v -4.72477170 5.49999998 -1.89069847
v -4.92502818 5.49999998 -1.97709325
v -4.84873593 5.49999998 -1.81617872
v -5.00232715 5.49999998 -1.98442309
v -4.99275676 5.49999998 -1.80282481
v -5.12830909 5.49999998 -1.85328166
v -5.06560509 5.49999998 -2.02942040
v -5.22854512 5.49999998 -1.95755563
v -5.09790675 5.49999998 -2.10002818
v -5.27361187 5.49999998 -2.09499403
v -5.09057691 5.49999998 -2.17732715
v -5.25458332 5.49999998 -2.23837548
v -5.04557960 5.49999998 -2.24060509
v -5.17522830 5.49999998 -2.35930153
v -4.97497182 5.49999998 -2.27290675
v -5.05126407 5.49999998 -2.43382128
v -4.90724324 5.49999998 -2.44717519
v -4.67828166 6.74999996 -1.94669091
v -4.72477170 6.74999996 -1.89069847
v -4.78255563 6.74999996 -1.84645488
v -4.84873593 6.74999996 -1.81617872
v -4.91999403 6.74999996 -1.80138813
v -4.99275676 6.74999996 -1.80282481
v -5.06337548 6.74999996 -1.82041668
v -5.12830909 6.74999996 -1.85328166
v -5.18430153 6.74999996 -1.89977170
v -5.22854512 6.74999996 -1.95755563
v -5.25882128 6.74999996 -2.02373593
v -5.27361187 6.74999996 -2.09499403
v -5.27217519 6.74999996 -2.16775676
v -5.25458332 6.74999996 -2.23837548
v -5.22171834 6.74999996 -2.30330909
v -5.17522830 6.74999996 -2.35930153
v -5.11744437 6.74999996 -2.40354512
v -5.05126407 6.74999996 -2.43382128
v -4.98000597 6.74999996 -2.44861187
v -4.90724324 6.74999996 -2.44717519
v -4.83662452 6.74999996 -2.42958332
v -4.77169091 6.74999996 -2.39671834
v -4.71569847 6.74999996 -2.35022830
v -4.67145488 6.74999996 -2.29244437
v -4.64117872 6.74999996 -2.22626407
v -4.62638813 6.74999996 -2.15500597
v -4.62782481 6.74999996 -2.08224324
v -4.64541668 6.74999996 -2.01162452
v -4.80942309 6.84999998 -2.07267285
v -4.80209325 6.84999998 -2.14997182
v -4.83439491 6.84999998 -2.22057960
v -4.89767285 6.84999998 -2.26557691
v -4.97497182 6.84999998 -2.27290675
v -5.04557960 6.84999998 -2.24060509
v -5.09057691 6.84999998 -2.17732715
v -5.09790675 6.84999998 -2.10002818
v -5.06560509 6.84999998 -2.02942040
v -5.00232715 6.84999998 -1.98442309
v -4.92502818 6.84999998 -1.97709325
v -4.85442040 6.84999998 -2.00939491
v -4.95000000 6.84999998 -2.12500000
v -5.26352118 6.83660253 -2.33074126
v -5.20987881 6.83660253 -2.39534793
v -5.14320503 6.83660253 -2.44639821
v -5.06684316 6.83660253 -2.48133224
v -4.98462227 6.83660253 -2.49839830
v -4.90066528 6.83660253 -2.49674062
v -4.81918214 6.83660253 -2.47644228
v -4.74425874 6.83660253 -2.43852118
v -4.67965207 6.83660253 -2.38487881
v -4.62860179 6.83660253 -2.31820503
v -4.59366776 6.83660253 -2.24184316
v -4.57660170 6.83660253 -2.15962227
v -4.57825938 6.83660253 -2.07566528
v -4.59855772 6.83660253 -1.99418214
v -4.63647882 6.83660253 -1.91925874
v -4.69012119 6.83660253 -1.85465207
v -4.75679497 6.83660253 -1.80360179
v -4.83315684 6.83660253 -1.76866776
v -4.91537773 6.83660253 -1.75160170
v -4.99933472 6.83660253 -1.75325938
v -5.08081786 6.83660253 -1.77355772
v -5.15574126 6.83660253 -1.81147882
v -5.22034793 6.83660253 -1.86512119
v -5.27139821 6.83660253 -1.93179497
v -5.30633224 6.83660253 -2.00815684
v -5.32339830 6.83660253 -2.09037773
v -5.32174062 6.83660253 -2.17433472
v -5.30144228 6.83660253 -2.25581786
v -5.26713913 6.79999997 -2.24304915
v -5.23291938 6.79999997 -2.31065952
v -5.18451289 6.79999997 -2.36896013
v -5.12434693 6.79999997 -2.41502756
v -5.05543846 6.79999997 -2.44655181
v -4.98124290 6.79999997 -2.46195211
v -4.90548068 6.79999997 -2.46045622
v -4.83195085 6.79999997 -2.44213913
v -4.76434048 6.79999997 -2.40791938
v -4.70603987 6.79999997 -2.35951289
v -4.65997244 6.79999997 -2.29934693
v -4.62844819 6.79999997 -2.23043846
v -4.61304789 6.79999997 -2.15624290
v -4.61454378 6.79999997 -2.08048068
v -4.63286087 6.79999997 -2.00695085
v -4.66708062 6.79999997 -1.93934048
v -4.71548711 6.79999997 -1.88103987
v -4.77565307 6.79999997 -1.83497244
v -4.84456154 6.79999997 -1.80344819
v -4.91875710 6.79999997 -1.78804789
v -4.99451932 6.79999997 -1.78954378
v -5.06804915 6.79999997 -1.80786087
v -5.13565952 6.79999997 -1.84208062
v -5.19396013 6.79999997 -1.89048711
v -5.24002756 6.79999997 -1.95065307
v -5.27155181 6.79999997 -2.01956154
v -5.28695211 6.79999997 -2.09375710
v -5.28545622 6.79999997 -2.16951932
v -3.29611211 6.05000002 -0.82112856
v -4.57039734 6.05000002 -1.89306212
v -3.42990815 6.05000002 -0.66207533
v -4.70419345 6.05000002 -1.73400894
v -3.19886508 6.05000002 -3.29502251
v -4.61211030 6.05000002 -2.41435084
v -3.08894182 6.05000002 -3.11862461
v -4.50218700 6.05000002 -2.23795304
v -5.52162703 6.05000002 -4.15198521
v -5.12077533 6.05000002 -2.53576653
v -5.31989462 6.05000002 -4.20201847
v -4.91904291 6.05000002 -2.58579988
v -7.05442003 6.05000002 -2.20772323
v -5.39343472 6.05000002 -2.08951685
v -7.03966564 6.05000002 -2.41504326
v -5.37868047 6.05000002 -2.29683694
v -5.67897598 6.05000002 -0.14914048
v -5.05328237 6.05000002 -1.69230362
v -5.87158979 6.05000002 -0.22723822
v -5.24589618 6.05000002 -1.77040121
v -5.42169132 7.55000013 -2.59642450
v -5.43715565 7.55000013 -2.58042633
v -4.84549008 7.55000013 -1.46635638
v -4.82357568 7.55000013 -1.47020950
v -4.29129734 7.55000013 -2.02086276
v -4.28818993 7.55000013 -2.04289526
v -4.64740927 7.55000013 -2.71928327
v -4.66740320 7.55000013 -2.72904702
v -5.04266254 7.53999996 -2.23707686
v -4.97420969 7.53999996 -2.26839268
v -4.89926986 7.53999996 -2.26128654
v -4.83792314 7.53999996 -2.21766254
v -4.80660732 7.53999996 -2.14920969
v -4.81371346 7.53999996 -2.07426986
v -4.85733746 7.53999996 -2.01292314
v -4.92579031 7.53999996 -1.98160732
v -5.00073014 7.53999996 -1.98871346
v -5.06207686 7.53999996 -2.03233746
v -5.09339268 7.53999996 -2.10079031
v -5.08628654 7.53999996 -2.17573014
v -4.95000000 7.53999996 -2.12500000
v -5.70541772 7.64999996 -2.20997642
v -5.42070091 7.54554189 -2.00770061
v -5.46039457 7.55606118 -2.03590078
v -5.57760613 7.59646456 -2.11917322
v -5.69213790 7.64999996 -2.20054182
v -5.33653780 7.54299919 -1.84594814
v -5.33721678 7.54641063 -1.82814186
v -5.35107630 7.53536589 -1.91952875
v -5.34650062 7.53588612 -1.90700770
v -5.33693906 7.54112146 -1.85738634
v -5.38360586 7.53784451 -1.97355012
v -5.37573097 7.53669507 -1.96358054
v -5.35518194 7.53521241 -1.92898840
v -5.36537490 7.64999996 -1.48833634
v -5.34925231 7.58379466 -1.68290015
v -5.36103954 7.63469964 -1.54065450
v -5.36403738 7.64999996 -1.50447742
v -5.52324301 7.64999996 -1.62573115
v -5.63766270 7.64999996 -1.80096761
v -5.69996157 7.64999996 -2.00076383
v -5.46645408 7.64999996 -1.58671530
v -5.55570370 7.64999996 -1.68957117
v -5.69388324 7.64999996 -2.06920559
v -5.67134514 7.64999996 -1.93490423
v -5.62476789 7.64999996 -1.80693790
v -5.52574152 7.59504113 -1.88402729
v -5.50783177 7.58688479 -1.89428381
v -5.52820901 7.58466414 -1.97262481
v -5.54627485 7.58466414 -2.08027686
v -5.49794336 7.58296485 -1.89686476
v -5.48847032 7.57952138 -1.89768609
v -5.46994799 7.57363598 -1.89477648
v -5.46778201 7.57302541 -1.89401915
v -5.45374353 7.56955548 -1.88648461
v -5.44309591 7.56771445 -1.87647762
v -5.44086842 7.56747174 -1.87360838
v -5.43238244 7.56762467 -1.85679514
v -5.42969404 7.57023703 -1.83748626
v -5.43047928 7.56841722 -1.84888714
v -5.43334436 7.57493704 -1.81877818
v -5.44044793 7.57987435 -1.80534916
v -5.43551420 7.58466414 -1.77597308
v -5.45091418 7.58559509 -1.79408239
v -5.36397437 7.58466414 -1.69352682
v -5.45563044 7.58788857 -1.79057007
v -5.47431412 7.59594116 -1.78234985
v -5.47840589 7.59753111 -1.78150588
v -5.49365234 7.60298419 -1.78094271
v -5.50854786 7.60758585 -1.78434909
v -5.51158071 7.60842460 -1.78557367
v -5.52683592 7.61198337 -1.79528501
v -5.53324235 7.61300578 -1.80189209
v -5.53849785 7.61346045 -1.80936211
v -5.54542931 7.61256377 -1.82719724
v -5.54585832 7.61228959 -1.82946904
v -5.54607476 7.60898712 -1.84751644
v -5.54297238 7.60562598 -1.85965698
v -5.53929948 7.60284989 -1.86761376
v -5.47843099 7.55000013 -1.78150165
v -5.45089355 7.55000013 -1.79409946
v -5.48817010 7.55000013 -1.83918604
v -5.43334436 7.55000013 -1.81877818
v -5.43048571 7.55000013 -1.84892521
v -5.54585455 7.55000013 -1.82944692
v -5.53325673 7.55000013 -1.80190951
v -5.50857799 7.55000013 -1.78436029
v -5.49790927 7.55000013 -1.89687049
v -5.52544671 7.55000013 -1.88427267
v -5.54299590 7.55000013 -1.85959393
v -5.44308352 7.55000013 -1.87646262
v -5.46776222 7.55000013 -1.89401184
v -6.63540403 7.37000002 -3.04828126
v -6.63540403 7.34999996 -3.04828126
v -6.45350500 7.37000002 -3.32187431
v -6.45350500 7.34999996 -3.32187431
v -6.22766123 7.37000002 -3.56048492
v -6.22766123 7.34999996 -3.56048492
v -5.96447385 7.37000002 -3.75713909
v -5.96447385 7.34999996 -3.75713909
v -4.59272582 7.37000002 -4.01322411
v -4.27631347 7.37000002 -3.92477268
v -3.97959177 7.37000002 -3.78371717
v -3.71123313 7.37000002 -3.59418073
v -3.71123313 7.34999996 -3.59418073
v -4.59272582 7.34999996 -4.01322411
v -4.27631347 7.34999996 -3.92477268
v -3.97959177 7.34999996 -3.78371717
v -3.04378851 7.37000002 -2.36870542
v -3.04378851 7.34999996 -2.36870542
v -3.03013383 7.37000002 -2.04044638
v -3.03013383 7.34999996 -2.04044638
v -3.07259339 7.37000002 -1.71465871
v -3.07259339 7.34999996 -1.71465871
v -3.16992610 7.37000002 -1.40086457
v -3.16992610 7.34999996 -1.40086457
v -4.12917056 7.37000002 -0.38739403
v -4.12917056 7.34999996 -0.38739403
v -4.43714399 7.37000002 -0.27297025
v -4.43714399 7.34999996 -0.27297025
v -4.76010725 7.37000002 -0.21267773
v -4.76010725 7.34999996 -0.21267773
v -5.08862071 7.37000002 -0.20827891
v -5.08862071 7.34999996 -0.20827891
v -6.34891114 7.37000002 -0.80739509
v -6.34891114 7.34999996 -0.80739509
v -6.55290375 7.37000002 -1.06493633
v -6.55290375 7.34999996 -1.06493633
v -6.71004637 7.37000002 -1.35346127
v -6.71004637 7.34999996 -1.35346127
v -6.81574608 7.37000002 -1.66453670
v -6.81574608 7.34999996 -1.66453670
v -4.73191755 6.87000004 -3.63658543
v -4.16347173 6.87000004 -3.43413099
v -3.92034895 6.87000004 -3.25294908
v -4.43759619 6.87000004 -3.56371233
v -5.76072366 6.87000004 -3.41928655
v -6.29006059 6.87000004 -2.85759016
v -5.96835132 6.87000004 -3.26316131
v -6.14651519 6.87000004 -3.07410590
v -6.06083612 6.87000004 -1.07690941
v -6.22239684 6.87000004 -1.28033625
v -6.34714358 6.87000004 -1.50820154
v -6.43146711 6.87000004 -1.75391254
v -5.05487332 6.87000004 -0.60136875
v -4.29647395 6.87000004 -0.74465431
v -4.79513093 6.87000004 -0.60563625
v -4.53986933 6.87000004 -0.65386321
v -3.53334819 6.87000004 -1.55443160
v -3.45714207 6.87000004 -1.80278001
v -3.42412845 6.87000004 -2.06045120
v -3.43526260 6.87000004 -2.31998996
f 1 2 3
f 1 3 4
f 4 3 5
f 4 5 6
f 7 8 5
f 5 8 9
f 9 10 5
f 5 10 11
f 5 11 6
f 12 13 14
f 15 16 17
f 14 13 17
f 17 13 18
f 17 18 15
f 19 20 14
f 14 20 21
f 14 21 12
f 22 23 24
f 24 23 25
f 24 25 26
f 26 25 27
f 26 27 19
f 19 27 28
f 19 28 20
f 22 24 29
f 29 24 3
f 29 3 2
f 17 16 30
f 30 16 31
f 30 31 32
f 33 34 35
f 35 34 30
f 35 30 36
f 32 37 30
f 30 37 38
f 30 38 36
f 30 34 39
f 30 39 40
f 40 39 41
f 40 41 42
f 42 41 43
f 42 43 44
f 44 43 45
f 44 45 46
f 46 45 47
f 46 47 48
f 48 47 49
f 48 49 50
f 50 49 51
f 50 51 52
f 52 51 53
f 52 53 54
f 54 53 55
f 54 55 56
f 56 55 7
f 56 7 5
f 5 3 56
f 56 3 54
f 3 46 48
f 30 40 17
f 17 40 42
f 48 50 3
f 3 50 52
f 3 52 54
f 3 24 46
f 46 24 26
f 46 26 19
f 19 14 46
f 46 14 17
f 46 17 44
f 44 17 42
f 39 34 33
f 33 57 39
f 39 57 58
f 39 58 41
f 41 58 59
f 41 59 43
f 43 59 60
f 43 60 45
f 8 7 61
f 61 7 55
f 61 55 62
f 62 55 53
f 60 63 45
f 45 63 64
f 45 64 47
f 47 64 65
f 47 65 49
f 65 66 49
f 49 66 67
f 49 67 51
f 51 67 68
f 51 68 53
f 53 68 69
f 53 69 62
f 70 71 72
f 73 74 65
f 75 76 73
f 32 31 77
f 1 78 2
f 6 11 79
f 79 11 10
f 78 1 80
f 22 29 81
f 81 29 2
f 25 23 82
f 82 23 22
f 25 82 27
f 27 82 83
f 27 83 28
f 28 83 20
f 20 83 84
f 20 84 21
f 16 15 85
f 15 18 85
f 85 18 13
f 85 13 84
f 84 13 12
f 84 12 21
f 32 77 37
f 37 77 86
f 37 86 38
f 35 36 87
f 87 36 38
f 87 38 88
f 88 38 86
f 89 90 91
f 89 91 92
f 90 93 91
f 91 93 94
f 91 94 95
f 95 96 91
f 91 96 97
f 91 97 98
f 97 99 98
f 98 99 100
f 98 100 101
f 102 74 103
f 103 74 73
f 103 73 104
f 104 73 76
f 102 105 74
f 74 105 106
f 74 106 107
f 107 106 92
f 108 109 110
f 110 109 111
f 110 111 112
f 112 111 113
f 112 113 114
f 114 115 112
f 112 115 116
f 112 116 117
f 117 118 112
f 112 118 119
f 112 119 120
f 121 122 85
f 85 122 123
f 123 124 85
f 85 124 125
f 85 125 110
f 110 125 126
f 110 126 108
f 127 128 84
f 84 128 129
f 84 129 85
f 85 129 130
f 85 130 121
f 131 132 83
f 83 132 133
f 83 133 84
f 84 133 134
f 84 134 127
f 101 135 98
f 98 135 136
f 98 136 82
f 82 136 137
f 82 137 138
f 138 139 82
f 82 139 140
f 82 140 83
f 83 140 141
f 83 141 131
f 142 59 143
f 143 59 58
f 143 58 144
f 144 58 57
f 64 63 145
f 120 146 112
f 112 146 75
f 112 75 145
f 145 75 73
f 145 73 64
f 64 73 65
f 69 71 62
f 62 71 70
f 62 70 61
f 61 70 147
f 61 147 8
f 86 142 88
f 88 142 143
f 88 143 87
f 87 143 144
f 87 144 35
f 35 144 57
f 35 57 33
f 92 91 107
f 107 91 148
f 107 148 74
f 74 148 66
f 74 66 65
f 1 4 149
f 149 4 6
f 149 6 72
f 72 6 79
f 72 79 70
f 70 79 10
f 70 10 147
f 147 10 9
f 147 9 8
f 16 150 31
f 31 150 151
f 31 151 77
f 77 151 152
f 77 152 86
f 86 152 153
f 86 153 142
f 142 153 60
f 142 60 59
f 1 149 80
f 80 149 72
f 80 72 154
f 154 72 71
f 154 71 155
f 155 71 69
f 155 69 68
f 16 85 150
f 150 85 110
f 150 110 151
f 151 110 112
f 151 112 152
f 152 112 145
f 152 145 153
f 153 145 63
f 153 63 60
f 22 81 82
f 82 81 156
f 82 156 98
f 98 156 157
f 98 157 91
f 91 157 158
f 91 158 148
f 148 158 67
f 148 67 66
f 2 78 81
f 81 78 80
f 81 80 156
f 156 80 154
f 156 154 157
f 157 154 155
f 157 155 158
f 158 155 68
f 158 68 67
f 128 127 159
f 136 135 160
f 160 135 161
f 135 101 161
f 161 101 100
f 161 100 99
f 140 162 141
f 141 162 163
f 141 163 131
f 140 139 162
f 162 139 138
f 162 138 160
f 160 138 137
f 160 137 136
f 127 134 159
f 159 134 133
f 159 133 163
f 163 133 132
f 163 132 131
f 128 159 129
f 129 159 164
f 129 164 130
f 165 123 122
f 165 122 164
f 164 122 121
f 164 121 130
f 108 126 166
f 166 126 125
f 166 125 165
f 165 125 124
f 165 124 123
f 108 166 109
f 109 166 167
f 109 167 111
f 168 117 116
f 116 115 168
f 168 115 114
f 168 114 167
f 167 114 113
f 167 113 111
f 117 168 118
f 118 168 169
f 118 169 119
f 170 104 76
f 76 75 170
f 170 75 146
f 170 146 169
f 169 146 120
f 169 120 119
f 106 105 171
f 171 105 102
f 171 102 170
f 170 102 103
f 170 103 104
f 172 94 173
f 173 94 93
f 93 90 173
f 173 90 89
f 173 89 171
f 171 89 92
f 171 92 106
f 99 97 161
f 161 97 96
f 161 96 172
f 172 96 95
f 172 95 94
f 162 160 174
f 174 160 161
f 174 161 172
f 164 159 174
f 174 159 163
f 174 163 162
f 167 166 174
f 174 166 165
f 174 165 164
f 170 169 174
f 174 169 168
f 174 168 167
f 172 173 174
f 174 173 171
f 174 171 170
f 175 176 177
f 177 176 178
f 177 178 179
f 179 178 180
f 181 182 178
f 178 182 183
f 183 184 178
f 178 184 185
f 178 185 180
f 186 187 188
f 189 190 191
f 188 187 191
f 191 187 192
f 191 192 189
f 193 194 195
f 195 194 196
f 195 196 188
f 188 196 197
f 188 197 186
f 198 199 200
f 200 199 201
f 200 201 193
f 193 201 202
f 193 202 194
f 198 200 203
f 203 200 176
f 203 176 175
f 191 190 204
f 204 190 205
f 204 205 206
f 207 208 209
f 209 208 204
f 209 204 210
f 206 211 204
f 204 211 212
f 204 212 210
f 204 208 213
f 204 213 214
f 214 213 215
f 214 215 216
f 216 215 217
f 216 217 218
f 218 217 219
f 218 219 220
f 220 219 221
f 220 221 222
f 222 221 223
f 222 223 224
f 224 223 225
f 224 225 226
f 226 225 227
f 226 227 228
f 228 227 229
f 228 229 230
f 230 229 181
f 230 181 178
f 226 228 176
f 176 228 230
f 176 230 178
f 193 195 224
f 224 195 188
f 224 188 191
f 204 214 191
f 191 214 216
f 191 216 218
f 218 220 191
f 191 220 222
f 191 222 224
f 226 176 224
f 224 176 200
f 224 200 193
f 213 208 207
f 207 231 213
f 213 231 232
f 213 232 215
f 215 232 233
f 215 233 217
f 217 233 234
f 217 234 219
f 234 235 219
f 219 235 236
f 219 236 221
f 221 236 237
f 221 237 223
f 182 181 238
f 238 181 229
f 238 229 239
f 239 229 227
f 237 240 223
f 223 240 241
f 223 241 225
f 225 241 242
f 225 242 227
f 227 242 243
f 227 243 239
f 244 245 246
f 247 248 237
f 212 249 210
f 177 250 175
f 180 185 251
f 251 185 184
f 250 177 252
f 198 203 253
f 253 203 175
f 201 199 254
f 254 199 198
f 201 254 202
f 202 254 255
f 202 255 194
f 194 255 196
f 196 255 256
f 196 256 197
f 190 189 257
f 189 192 257
f 257 192 187
f 257 187 256
f 256 187 186
f 256 186 197
f 249 212 258
f 258 212 211
f 258 211 259
f 259 211 206
f 259 206 205
f 260 261 247
f 247 261 262
f 247 262 263
f 263 264 247
f 247 264 265
f 247 265 248
f 248 265 266
f 266 267 248
f 248 267 268
f 248 268 269
f 269 268 270
f 271 272 273
f 273 272 274
f 273 274 275
f 275 274 276
f 276 277 275
f 275 277 278
f 275 278 279
f 279 280 275
f 275 280 281
f 275 281 282
f 283 284 257
f 284 285 257
f 257 285 286
f 257 286 273
f 273 286 287
f 273 287 271
f 288 289 255
f 255 289 256
f 256 289 290
f 256 290 291
f 291 292 256
f 256 292 293
f 256 293 257
f 257 293 294
f 257 294 283
f 295 296 254
f 254 296 297
f 254 297 255
f 255 297 298
f 255 298 288
f 270 299 300
f 300 299 301
f 301 302 300
f 300 302 303
f 300 303 304
f 305 306 307
f 307 306 308
f 307 308 254
f 254 308 309
f 254 309 295
f 304 310 300
f 300 310 311
f 300 311 307
f 307 311 312
f 307 312 305
f 313 233 314
f 314 233 232
f 314 232 315
f 315 232 231
f 236 235 316
f 282 317 275
f 275 317 260
f 275 260 316
f 316 260 247
f 316 247 236
f 236 247 237
f 243 245 239
f 239 245 244
f 239 244 238
f 238 244 318
f 238 318 182
f 258 313 249
f 249 313 314
f 249 314 210
f 210 314 315
f 210 315 209
f 209 315 231
f 209 231 207
f 270 300 269
f 269 300 319
f 269 319 248
f 248 319 240
f 248 240 237
f 177 179 320
f 320 179 180
f 320 180 246
f 246 180 251
f 246 251 244
f 244 251 184
f 244 184 318
f 318 184 183
f 318 183 182
f 190 321 205
f 205 321 322
f 205 322 259
f 259 322 323
f 259 323 258
f 258 323 324
f 258 324 313
f 313 324 234
f 313 234 233
f 177 320 252
f 252 320 246
f 252 246 325
f 325 246 245
f 325 245 326
f 326 245 243
f 326 243 242
f 190 257 321
f 321 257 273
f 321 273 322
f 322 273 275
f 322 275 323
f 323 275 316
f 323 316 324
f 324 316 235
f 324 235 234
f 198 253 254
f 254 253 327
f 254 327 307
f 307 327 328
f 307 328 300
f 300 328 329
f 300 329 319
f 319 329 241
f 319 241 240
f 175 250 253
f 253 250 252
f 253 252 327
f 327 252 325
f 327 325 328
f 328 325 326
f 328 326 329
f 329 326 242
f 329 242 241
f 267 330 268
f 268 330 331
f 268 331 270
f 270 331 299
f 304 332 310
f 310 332 333
f 310 333 311
f 304 303 332
f 332 303 302
f 332 302 331
f 331 302 301
f 331 301 299
f 334 309 335
f 335 309 308
f 308 306 335
f 335 306 305
f 335 305 333
f 333 305 312
f 333 312 311
f 336 296 334
f 334 296 295
f 334 295 309
f 337 289 336
f 336 289 288
f 288 298 336
f 336 298 297
f 336 297 296
f 293 292 338
f 338 292 291
f 338 291 337
f 337 291 290
f 337 290 289
f 293 338 294
f 294 338 339
f 294 339 283
f 340 286 285
f 340 285 339
f 339 285 284
f 339 284 283
f 286 340 287
f 287 340 341
f 287 341 271
f 277 276 342
f 342 276 274
f 342 274 341
f 341 274 272
f 341 272 271
f 277 342 278
f 278 342 343
f 278 343 279
f 317 282 344
f 344 282 281
f 344 281 343
f 343 281 280
f 343 280 279
f 263 262 345
f 345 262 261
f 345 261 344
f 344 261 260
f 344 260 317
f 267 266 330
f 330 266 265
f 330 265 345
f 345 265 264
f 345 264 263
f 330 345 346
f 333 332 346
f 346 332 331
f 346 331 330
f 336 334 346
f 346 334 335
f 346 335 333
f 339 338 346
f 346 338 337
f 346 337 336
f 342 341 346
f 346 341 340
f 346 340 339
f 345 344 346
f 346 344 343
f 346 343 342
f 347 348 349
f 349 348 350
f 349 350 351
f 351 350 352
f 351 352 353
f 354 355 349
f 349 355 356
f 356 357 349
f 349 357 358
f 349 358 347
f 359 360 361
f 362 363 364
f 361 360 364
f 364 360 365
f 364 365 362
f 366 367 368
f 366 368 369
f 368 370 369
f 369 370 371
f 369 371 361
f 361 371 372
f 361 372 359
f 367 366 373
f 373 366 374
f 373 374 375
f 353 376 351
f 351 376 377
f 351 377 374
f 374 377 378
f 374 378 375
f 364 363 379
f 379 363 380
f 379 380 381
f 382 383 384
f 384 383 379
f 384 379 385
f 381 386 379
f 379 386 387
f 379 387 385
f 379 383 388
f 379 388 389
f 389 388 390
f 389 390 391
f 391 390 392
f 391 392 393
f 393 392 394
f 393 394 395
f 395 394 396
f 395 396 397
f 397 396 398
f 397 398 399
f 399 398 400
f 399 400 401
f 401 400 402
f 401 402 403
f 403 402 404
f 403 404 405
f 405 404 354
f 405 354 349
f 366 369 399
f 399 369 361
f 399 361 364
f 379 389 364
f 364 389 391
f 364 391 393
f 393 395 364
f 364 395 397
f 364 397 399
f 401 403 351
f 351 403 405
f 351 405 349
f 401 351 399
f 399 351 374
f 399 374 366
f 388 383 382
f 382 406 388
f 388 406 407
f 388 407 390
f 390 407 408
f 390 408 392
f 392 408 409
f 392 409 394
f 409 410 394
f 394 410 411
f 394 411 396
f 396 411 412
f 396 412 398
f 412 413 398
f 398 413 414
f 398 414 400
f 400 414 415
f 400 415 402
f 355 354 416
f 416 354 404
f 416 404 417
f 417 404 402
f 417 402 418
f 418 402 415
f 419 420 421
f 387 386 422
f 363 423 380
f 357 424 425
f 424 357 356
f 347 426 348
f 348 426 350
f 377 376 427
f 427 376 353
f 375 378 428
f 428 378 377
f 429 367 428
f 428 367 373
f 428 373 375
f 430 372 429
f 429 372 371
f 371 370 429
f 429 370 368
f 429 368 367
f 363 362 431
f 362 365 431
f 431 365 360
f 431 360 430
f 430 360 359
f 430 359 372
f 423 432 380
f 380 432 422
f 380 422 381
f 381 422 386
f 385 433 384
f 384 433 406
f 384 406 382
f 434 435 436
f 436 437 434
f 434 437 438
f 434 438 439
f 439 438 440
f 439 440 441
f 441 442 439
f 439 442 443
f 439 443 444
f 445 446 431
f 446 447 431
f 431 447 448
f 431 448 434
f 434 448 449
f 434 449 435
f 450 430 451
f 451 430 429
f 451 429 452
f 452 429 453
f 450 454 430
f 430 454 455
f 430 455 431
f 431 455 456
f 431 456 445
f 457 428 458
f 458 428 459
f 457 460 428
f 428 460 461
f 428 461 429
f 429 461 462
f 429 462 453
f 463 464 465
f 465 466 463
f 463 466 467
f 463 467 468
f 469 470 459
f 459 470 471
f 459 471 458
f 468 472 463
f 463 472 473
f 463 473 459
f 459 473 474
f 459 474 469
f 475 476 477
f 478 479 480
f 478 480 481
f 477 476 480
f 480 476 482
f 480 482 481
f 463 483 464
f 464 483 480
f 464 480 484
f 484 480 479
f 444 485 439
f 439 485 486
f 439 486 487
f 487 486 488
f 487 488 477
f 477 488 489
f 477 489 475
f 490 409 491
f 491 409 408
f 491 408 492
f 492 408 407
f 483 413 480
f 480 413 412
f 480 412 477
f 477 412 411
f 477 411 487
f 487 411 410
f 356 355 424
f 424 355 416
f 424 416 425
f 425 416 417
f 425 417 493
f 493 417 418
f 493 418 494
f 494 418 415
f 492 495 491
f 491 495 496
f 491 496 490
f 490 496 497
f 494 420 493
f 493 420 419
f 493 419 425
f 425 419 498
f 425 498 357
f 432 497 422
f 422 497 496
f 422 496 387
f 387 496 495
f 387 495 385
f 385 495 492
f 385 492 433
f 433 492 407
f 433 407 406
f 353 352 499
f 499 352 350
f 499 350 421
f 421 350 426
f 421 426 419
f 419 426 347
f 419 347 498
f 498 347 358
f 498 358 357
f 363 431 423
f 423 431 434
f 423 434 432
f 432 434 439
f 432 439 497
f 497 439 487
f 497 487 490
f 490 487 410
f 490 410 409
f 377 427 428
f 428 427 500
f 428 500 459
f 459 500 501
f 459 501 463
f 463 501 502
f 463 502 483
f 483 502 414
f 483 414 413
f 353 499 427
f 427 499 421
f 427 421 500
f 500 421 420
f 500 420 501
f 501 420 494
f 501 494 502
f 502 494 415
f 502 415 414
f 470 469 503
f 443 504 444
f 444 504 505
f 444 505 485
f 485 505 486
f 486 505 488
f 488 505 506
f 488 506 489
f 481 482 507
f 507 482 476
f 507 476 506
f 506 476 475
f 506 475 489
f 464 484 508
f 508 484 479
f 508 479 507
f 507 479 478
f 507 478 481
f 464 508 465
f 465 508 509
f 465 509 466
f 473 472 510
f 510 472 468
f 510 468 509
f 509 468 467
f 509 467 466
f 503 469 510
f 510 469 474
f 510 474 473
f 460 511 461
f 461 511 512
f 461 512 462
f 460 457 511
f 511 457 458
f 511 458 503
f 503 458 471
f 503 471 470
f 462 512 453
f 453 512 513
f 453 513 452
f 514 450 513
f 513 450 451
f 513 451 452
f 445 456 515
f 515 456 455
f 515 455 514
f 514 455 454
f 514 454 450
f 445 515 446
f 446 515 516
f 446 516 447
f 436 435 517
f 517 435 449
f 517 449 516
f 516 449 448
f 516 448 447
f 436 517 437
f 437 517 518
f 437 518 438
f 443 442 504
f 504 442 441
f 504 441 518
f 518 441 440
f 518 440 438
f 504 518 519
f 507 506 519
f 519 506 505
f 519 505 504
f 510 509 519
f 519 509 508
f 519 508 507
f 512 511 519
f 519 511 503
f 519 503 510
f 515 514 519
f 519 514 513
f 519 513 512
f 518 517 519
f 519 517 516
f 519 516 515
f 520 521 522
f 522 521 523
f 522 523 524
f 524 523 525
f 524 525 526
f 527 528 522
f 522 528 529
f 522 529 520
f 530 531 532
f 533 534 535
f 532 531 535
f 535 531 536
f 535 536 533
f 537 538 532
f 532 538 539
f 532 539 530
f 540 541 542
f 542 541 543
f 542 543 544
f 544 543 545
f 544 545 537
f 537 545 546
f 537 546 538
f 540 542 547
f 547 542 524
f 547 524 526
f 535 534 548
f 548 534 549
f 548 549 550
f 551 552 553
f 553 552 548
f 553 548 554
f 550 555 548
f 548 555 556
f 548 556 554
f 548 552 557
f 548 557 558
f 558 557 559
f 558 559 560
f 560 559 561
f 560 561 562
f 562 561 563
f 562 563 564
f 564 563 565
f 564 565 566
f 566 565 567
f 566 567 568
f 568 567 569
f 568 569 570
f 570 569 571
f 570 571 572
f 572 571 573
f 572 573 574
f 574 573 527
f 574 527 522
f 574 522 524
f 535 548 558
f 574 524 572
f 542 544 568
f 568 544 537
f 542 568 524
f 524 568 570
f 524 570 572
f 564 566 535
f 535 566 568
f 535 568 532
f 532 568 537
f 558 560 535
f 535 560 562
f 535 562 564
f 557 552 551
f 551 575 557
f 557 575 576
f 557 576 559
f 559 576 577
f 559 577 561
f 561 577 578
f 561 578 563
f 578 579 563
f 563 579 580
f 563 580 565
f 565 580 581
f 565 581 567
f 581 582 567
f 567 582 583
f 567 583 569
f 569 583 584
f 569 584 571
f 528 527 585
f 585 527 573
f 585 573 586
f 586 573 571
f 586 571 587
f 587 571 584
f 588 589 590
f 550 549 591
f 525 523 592
f 592 523 521
f 540 547 593
f 593 547 526
f 594 541 540
f 538 546 595
f 595 546 545
f 595 545 594
f 594 545 543
f 594 543 541
f 596 539 538
f 534 533 597
f 533 536 597
f 597 536 531
f 597 531 596
f 596 531 530
f 596 530 539
f 550 591 555
f 555 591 598
f 555 598 556
f 553 554 599
f 599 554 556
f 599 556 600
f 600 556 598
f 595 601 602
f 538 595 596
f 596 595 602
f 596 602 603
f 604 605 594
f 594 605 606
f 594 606 607
f 607 608 594
f 594 608 609
f 594 609 595
f 595 609 610
f 595 610 601
f 611 612 613
f 611 613 614
f 612 615 613
f 613 615 616
f 613 616 617
f 617 618 613
f 613 618 619
f 613 619 604
f 604 619 620
f 604 620 621
f 621 622 604
f 604 622 623
f 604 623 605
f 624 625 626
f 624 626 627
f 627 626 628
f 628 626 629
f 628 629 630
f 625 631 632
f 631 633 632
f 632 633 634
f 632 634 635
f 635 634 636
f 635 636 614
f 637 638 639
f 639 640 637
f 637 640 641
f 637 641 642
f 641 643 642
f 642 643 644
f 642 644 645
f 645 646 642
f 642 646 647
f 642 647 648
f 648 649 642
f 642 649 650
f 642 650 630
f 603 651 596
f 596 651 652
f 596 652 597
f 597 652 653
f 653 654 597
f 597 654 655
f 597 655 656
f 656 657 597
f 597 657 658
f 597 658 637
f 637 658 659
f 637 659 638
f 660 577 661
f 661 577 576
f 661 576 662
f 662 576 575
f 625 632 626
f 626 632 581
f 626 581 580
f 584 663 587
f 587 663 664
f 587 664 586
f 586 664 665
f 586 665 585
f 585 665 666
f 585 666 528
f 598 660 600
f 600 660 661
f 600 661 599
f 599 661 662
f 599 662 553
f 553 662 575
f 553 575 551
f 630 629 642
f 642 629 626
f 642 626 667
f 667 626 580
f 667 580 579
f 614 613 635
f 635 613 668
f 635 668 632
f 632 668 582
f 632 582 581
f 663 589 664
f 664 589 588
f 664 588 665
f 665 588 669
f 665 669 666
f 666 669 670
f 534 671 549
f 549 671 672
f 549 672 591
f 591 672 673
f 591 673 598
f 598 673 674
f 598 674 660
f 660 674 578
f 660 578 577
f 528 666 529
f 529 666 670
f 529 670 520
f 520 670 669
f 520 669 521
f 521 669 588
f 521 588 592
f 592 588 590
f 592 590 525
f 525 590 675
f 525 675 526
f 534 597 671
f 671 597 637
f 671 637 672
f 672 637 642
f 672 642 673
f 673 642 667
f 673 667 674
f 674 667 579
f 674 579 578
f 540 593 594
f 594 593 676
f 594 676 604
f 604 676 677
f 604 677 613
f 613 677 678
f 613 678 668
f 668 678 583
f 668 583 582
f 526 675 593
f 593 675 590
f 593 590 676
f 676 590 589
f 676 589 677
f 677 589 663
f 677 663 678
f 678 663 584
f 678 584 583
f 605 623 679
f 617 616 680
f 681 603 602
f 681 602 682
f 653 652 683
f 683 652 681
f 681 652 651
f 681 651 603
f 657 656 684
f 684 656 655
f 684 655 683
f 683 655 654
f 683 654 653
f 657 684 658
f 658 684 685
f 658 685 659
f 686 643 641
f 641 640 686
f 686 640 639
f 686 639 685
f 685 639 638
f 685 638 659
f 643 686 644
f 644 686 687
f 644 687 645
f 649 648 688
f 688 648 647
f 688 647 687
f 687 647 646
f 687 646 645
f 627 628 689
f 689 628 630
f 689 630 688
f 688 630 650
f 688 650 649
f 633 631 690
f 690 631 625
f 690 625 689
f 689 625 624
f 689 624 627
f 691 636 690
f 690 636 634
f 690 634 633
f 612 611 691
f 691 611 614
f 691 614 636
f 680 616 691
f 691 616 615
f 691 615 612
f 679 623 692
f 692 623 622
f 692 622 621
f 621 620 692
f 692 620 619
f 692 619 680
f 680 619 618
f 680 618 617
f 602 601 682
f 682 601 610
f 682 610 693
f 693 610 609
f 609 608 693
f 693 608 607
f 693 607 679
f 679 607 606
f 679 606 605
f 683 681 694
f 694 681 682
f 694 682 693
f 686 685 694
f 694 685 684
f 694 684 683
f 689 688 694
f 694 688 687
f 694 687 686
f 680 691 694
f 694 691 690
f 694 690 689
f 693 679 694
f 694 679 692
f 694 692 680
f 695 696 697
f 698 699 700
f 701 702 703
f 704 705 706
f 707 708 709
f 710 711 712
f 713 714 715
f 716 717 718
f 716 718 719
f 719 718 720
f 719 720 721
f 722 723 724
f 724 725 722
f 722 725 726
f 722 726 727
f 727 726 721
f 727 721 728
f 728 721 720
f 729 730 731
f 723 722 706
f 706 722 732
f 706 732 704
f 733 734 735
f 736 737 735
f 735 737 738
f 735 738 733
f 701 703 739
f 740 741 742
f 740 742 743
f 743 742 744
f 743 744 745
f 735 746 736
f 736 746 747
f 736 747 748
f 748 747 742
f 748 742 749
f 749 742 741
f 744 750 745
f 745 750 751
f 745 751 752
f 752 751 753
f 752 753 754
f 755 756 757
f 753 758 754
f 754 758 759
f 754 759 757
f 757 759 760
f 757 760 755
f 761 762 763
f 763 762 764
f 763 764 765
f 766 767 768
f 764 769 765
f 765 769 770
f 765 770 768
f 768 770 771
f 768 771 766
f 772 773 774
f 775 776 777
f 778 779 776
f 776 779 780
f 776 780 777
f 760 781 755
f 755 781 782
f 755 782 778
f 778 782 783
f 778 783 779
f 734 739 735
f 735 739 703
f 735 703 784
f 784 703 785
f 786 787 788
f 788 787 789
f 788 789 785
f 785 789 790
f 785 790 784
f 786 788 791
f 791 788 729
f 791 729 705
f 705 729 731
f 705 731 706
f 717 716 792
f 792 716 707
f 792 707 793
f 793 707 709
f 793 709 794
f 794 709 795
f 794 795 796
f 797 798 795
f 795 798 799
f 795 799 796
f 800 801 797
f 797 801 802
f 797 802 798
f 803 804 715
f 715 804 805
f 715 805 713
f 713 805 806
f 713 806 800
f 800 806 807
f 800 807 801
f 808 809 810
f 810 809 811
f 810 811 712
f 712 811 812
f 712 812 710
f 710 812 813
f 710 813 814
f 814 813 815
f 814 815 816
f 816 815 817
f 816 817 803
f 803 817 818
f 803 818 804
f 808 810 819
f 819 810 820
f 819 820 821
f 821 820 822
f 822 820 823
f 822 823 824
f 825 826 827
f 827 826 828
f 827 828 774
f 774 828 829
f 774 829 772
f 772 829 830
f 772 830 823
f 823 830 831
f 823 831 824
f 825 827 832
f 832 827 833
f 832 833 834
f 834 833 835
f 834 835 836
f 836 835 837
f 836 837 838
f 838 837 695
f 838 695 839
f 839 695 697
f 839 697 840
f 840 697 841
f 840 841 842
f 842 841 843
f 843 841 844
f 843 844 845
f 846 847 844
f 844 847 848
f 844 848 845
f 771 849 766
f 766 849 850
f 766 850 846
f 846 850 851
f 846 851 847
f 777 852 775
f 775 852 853
f 775 853 700
f 700 853 854
f 700 854 698
f 698 854 855
f 698 855 761
f 761 855 856
f 761 856 762
f 857 858 859
f 857 859 860
f 859 861 860
f 860 861 862
f 860 862 863
f 862 864 863
f 863 864 865
f 863 865 866
f 865 867 866
f 866 867 868
f 866 868 869
f 869 868 870
f 869 870 871
f 871 870 872
f 871 872 873
f 874 875 876
f 876 877 874
f 874 877 878
f 874 878 879
f 878 880 879
f 879 880 881
f 879 881 882
f 882 881 883
f 883 884 882
f 882 884 885
f 882 885 886
f 887 888 889
f 889 888 886
f 889 886 890
f 890 886 885
f 891 892 893
f 893 892 894
f 894 895 893
f 893 895 896
f 893 896 897
f 896 898 897
f 897 898 899
f 897 899 900
f 899 901 900
f 900 901 902
f 900 902 903
f 903 902 904
f 903 904 905
f 905 904 906
f 905 906 907
f 908 909 910
f 910 909 911
f 910 911 912
f 912 911 913
f 912 913 914
f 914 913 915
f 914 915 701
f 701 915 702
f 916 917 918
f 918 919 916
f 916 919 920
f 916 920 921
f 921 920 922
f 922 923 921
f 921 923 924
f 921 924 925
f 924 926 925
f 925 926 927
f 925 927 928
f 929 930 931
f 931 930 928
f 931 928 932
f 932 928 927
f 933 934 935
f 934 933 936
f 936 933 937
f 936 937 938
f 939 940 941
f 941 940 942
f 941 942 943
f 943 942 944
f 945 946 947
f 948 949 950
f 948 950 951
f 952 953 954
f 955 956 957
f 957 956 958
f 959 952 960
f 961 962 963
f 959 960 964
f 961 963 965
f 954 966 952
f 952 966 967
f 952 967 955
f 955 967 951
f 955 951 956
f 956 951 950
f 803 968 816
f 816 968 969
f 816 969 970
f 963 971 972
f 972 971 973
f 972 973 974
f 974 973 975
f 974 975 976
f 963 972 965
f 965 972 968
f 965 968 977
f 977 968 803
f 977 803 715
f 774 964 827
f 827 964 960
f 827 960 833
f 833 960 978
f 833 978 835
f 835 978 957
f 835 957 837
f 837 957 958
f 837 958 695
f 979 710 814
f 959 980 952
f 952 980 981
f 952 981 953
f 953 981 982
f 953 982 976
f 976 982 983
f 976 983 974
f 974 983 979
f 974 979 970
f 970 979 814
f 970 814 816
f 984 985 986
f 987 707 716
f 988 986 989
f 989 990 988
f 988 990 991
f 988 991 992
f 992 991 993
f 992 993 994
f 961 995 962
f 962 995 996
f 962 996 997
f 997 996 998
f 997 998 994
f 994 998 999
f 994 999 992
f 992 999 987
f 992 987 1000
f 1000 987 716
f 1000 716 719
f 721 1001 719
f 719 1001 1002
f 719 1002 1000
f 984 986 1003
f 1003 986 988
f 1003 988 1004
f 1004 988 1001
f 1004 1001 1005
f 1005 1001 721
f 1005 721 726
f 1006 1007 1008
f 1008 1007 985
f 1009 1010 1007
f 1007 1010 1011
f 1007 1011 985
f 1012 1013 1014
f 1014 1013 1015
f 1014 1015 1011
f 1011 1015 1016
f 1011 1016 985
f 985 1016 1017
f 985 1017 986
f 1018 1019 1020
f 1021 1022 1012
f 1012 1022 1023
f 1012 1023 1024
f 1012 1014 1021
f 1021 1014 1025
f 1021 1025 1020
f 1020 1025 1026
f 1020 1026 1018
f 765 768 1027
f 1028 947 1029
f 1029 947 1030
f 1029 1030 1027
f 1028 1031 1032
f 1032 1031 1033
f 1032 1033 949
f 949 1033 1034
f 949 1034 950
f 1024 1035 946
f 946 1035 1036
f 946 1036 1037
f 1037 1036 698
f 1037 698 761
f 765 1027 763
f 763 1027 1030
f 763 1030 761
f 761 1030 1038
f 761 1038 1037
f 1028 1032 947
f 947 1032 1039
f 947 1039 945
f 945 1040 946
f 946 1040 1041
f 946 1041 1024
f 1024 1041 1042
f 1024 1042 1012
f 1043 1044 1045
f 1046 1047 743
f 1046 743 1048
f 1048 743 745
f 1048 745 1049
f 1049 745 752
f 1049 752 1050
f 1051 1052 1053
f 1010 1009 1054
f 1054 1009 1055
f 1054 1055 1056
f 1056 1055 1057
f 1056 1057 1058
f 1058 1057 1059
f 1058 1059 1060
f 1060 1059 1061
f 1060 1061 1062
f 1062 1061 1063
f 1062 1063 1047
f 1047 1063 740
f 1047 740 743
f 1052 1050 1053
f 1053 1050 752
f 1053 752 1064
f 1064 752 754
f 1064 754 1065
f 1065 754 757
f 1044 1051 1045
f 1045 1051 1053
f 1045 1053 1066
f 1066 1053 1064
f 1066 1064 1067
f 1067 1064 1065
f 1025 1043 1026
f 1026 1043 1045
f 1026 1045 1018
f 1018 1045 1066
f 1018 1066 1019
f 1019 1066 1067
f 1068 1069 1070
f 1071 1072 1073
f 1074 1075 1076
f 1077 1078 1079
f 1080 1081 1082
f 1083 1084 1085
f 1086 1087 1085
f 1088 1089 1090
f 1091 1092 1093
f 1093 1092 1094
f 1094 1092 1095
f 1094 1095 1096
f 1091 1093 1097
f 1097 1093 1098
f 1097 1098 1099
f 1099 1098 1100
f 1099 1100 1089
f 1089 1100 1101
f 1089 1101 1090
f 1102 1103 1104
f 1104 1103 1105
f 1088 1090 1105
f 1105 1090 1106
f 1105 1106 1104
f 1107 1085 1108
f 1108 1085 1087
f 1108 1087 1109
f 1109 1087 1110
f 1109 1110 1111
f 1111 1110 1112
f 1111 1112 1113
f 1113 1112 1114
f 1113 1114 1102
f 1102 1114 1115
f 1102 1115 1103
f 1116 1117 1118
f 1117 1119 1118
f 1118 1119 1120
f 1118 1120 1085
f 1085 1120 1121
f 1085 1121 1086
f 1116 1118 1122
f 1122 1118 1123
f 1122 1123 1124
f 1124 1123 1125
f 1124 1125 1126
f 1126 1125 1127
f 1126 1127 1128
f 1128 1127 1129
f 1129 1127 1130
f 1129 1130 1131
f 1130 1132 1131
f 1131 1132 1133
f 1131 1133 1134
f 1134 1133 1135
f 1136 1137 1138
f 1095 1137 1096
f 1096 1137 1136
f 1096 1136 1139
f 1139 1136 1140
f 1139 1140 1141
f 1142 1143 1144
f 1145 1146 1147
f 1138 1148 1136
f 1136 1148 1149
f 1136 1149 1133
f 1133 1149 1150
f 1133 1150 1135
f 1144 1143 1146
f 1146 1143 1151
f 1146 1151 1147
f 1144 1152 1142
f 1142 1152 1153
f 1142 1153 1154
f 1154 1153 1155
f 1154 1155 1156
f 1156 1155 1157
f 1156 1157 1158
f 1158 1157 1159
f 1158 1159 1160
f 1160 1161 1158
f 1158 1161 1162
f 1158 1162 1140
f 1145 1147 1163
f 1163 1147 1164
f 1163 1164 1165
f 1162 1166 1140
f 1140 1166 1167
f 1140 1167 1141
f 1141 1167 1168
f 1141 1168 1169
f 1169 1168 1170
f 1169 1170 1171
f 1170 1172 1171
f 1171 1172 1173
f 1171 1173 1174
f 1174 1173 1175
f 1176 1177 1178
f 1178 1177 1179
f 1178 1179 1180
f 1180 1179 1181
f 1180 1181 1182
f 1182 1181 1183
f 1182 1183 1184
f 1184 1183 1185
f 1184 1185 1186
f 1186 1185 1187
f 1186 1187 1188
f 1188 1187 1189
f 1188 1189 1190
f 1190 1189 1191
f 1190 1191 1175
f 1175 1191 1192
f 1175 1192 1174
f 1081 1193 1194
f 1193 1081 1195
f 1195 1081 1080
f 1195 1080 1196
f 1197 1198 1071
f 1071 1198 1199
f 1071 1199 1072
f 1072 1199 1200
f 1072 1200 1201
f 1194 1202 1081
f 1081 1202 1203
f 1081 1203 1204
f 1204 1203 1205
f 1204 1205 1206
f 1206 1205 1207
f 1206 1207 1208
f 1208 1207 1209
f 1208 1209 1210
f 1210 1209 1211
f 1210 1211 1212
f 1212 1211 1213
f 1212 1213 1214
f 1214 1213 1215
f 1214 1215 1216
f 1216 1215 1217
f 1216 1217 1218
f 1218 1217 1219
f 1218 1219 1220
f 1220 1219 1197
f 1220 1197 1221
f 1221 1197 1071
f 1196 1080 1222
f 1222 1080 1223
f 1222 1223 1224
f 1224 1223 1225
f 1224 1225 1226
f 1226 1225 1227
f 1226 1227 1228
f 1229 1230 1231
f 1231 1230 1232
f 1231 1232 1233
f 1228 1227 1233
f 1233 1227 1234
f 1233 1234 1231
f 1229 1231 1235
f 1235 1231 1236
f 1235 1236 1237
f 1238 1239 1240
f 1240 1239 1241
f 1240 1241 1242
f 1242 1241 1243
f 1242 1243 1201
f 1201 1243 1072
f 1072 1243 1244
f 1072 1244 1073
f 1245 1246 1247
f 1247 1246 1240
f 1247 1240 1236
f 1236 1240 1242
f 1236 1242 1237
f 1248 1249 1250
f 1251 1252 1247
f 1247 1252 1253
f 1247 1253 1245
f 1254 1255 1251
f 1251 1255 1256
f 1251 1256 1252
f 1250 1249 1257
f 1257 1249 1258
f 1257 1258 1259
f 1259 1258 1260
f 1259 1260 1261
f 1261 1260 1262
f 1261 1262 1246
f 1263 1074 1264
f 1264 1074 1265
f 1264 1265 1266
f 1266 1265 1267
f 1263 1268 1074
f 1074 1268 1269
f 1074 1269 1270
f 1075 1074 1271
f 1271 1074 1270
f 1271 1270 1272
f 1254 1251 1273
f 1273 1251 1274
f 1273 1274 1275
f 1275 1274 1276
f 1275 1276 1277
f 1277 1276 1278
f 1277 1278 1279
f 1279 1278 1280
f 1279 1280 1272
f 1272 1280 1281
f 1272 1281 1271
f 1070 1069 1282
f 1283 1070 1284
f 1284 1070 1282
f 1284 1282 1267
f 1267 1282 1285
f 1267 1285 1266
f 1250 1286 1248
f 1248 1286 1287
f 1248 1287 1288
f 1288 1287 1289
f 1289 1287 1290
f 1289 1290 1291
f 1291 1290 1292
f 1291 1292 1293
f 1293 1292 1294
f 1293 1294 1295
f 1295 1294 1296
f 1295 1296 1069
f 1069 1296 1297
f 1069 1297 1282
f 1298 1299 1300
f 1301 1302 1303
f 1303 1302 1304
f 1303 1304 1300
f 1305 1306 1077
f 1077 1306 1299
f 1077 1299 1078
f 1078 1299 1298
f 1307 1308 1309
f 1307 1309 1310
f 1310 1309 1311
f 1310 1311 1312
f 1312 1311 1313
f 1312 1313 1314
f 1314 1313 1315
f 1314 1315 1316
f 1316 1317 1314
f 1314 1317 1318
f 1314 1318 1305
f 1305 1318 1319
f 1305 1319 1306
f 1083 1320 1084
f 1084 1320 1321
f 1084 1321 1322
f 1322 1321 1323
f 1323 1324 1322
f 1322 1324 1325
f 1322 1325 1326
f 1308 1307 1327
f 1327 1307 1328
f 1327 1328 1326
f 1326 1328 1329
f 1326 1329 1322
f 1330 1331 1332
f 1332 1331 1333
f 1332 1333 1301
f 1301 1333 1334
f 1301 1334 1302
f 1107 1335 1085
f 1085 1335 1336
f 1085 1336 1083
f 1083 1336 1337
f 1083 1337 1338
f 1338 1337 1339
f 1338 1339 1340
f 1340 1339 1341
f 1340 1341 1330
f 1330 1341 1342
f 1330 1342 1331
f 1206 1343 1204
f 1204 1343 1344
f 1204 1344 1345
f 1345 1344 1177
f 1345 1177 1346
f 1346 1177 1176
f 1346 1176 1347
f 1347 1176 1348
f 1347 1348 1164
f 1164 1348 1349
f 1164 1349 1165
f 1246 1262 1240
f 1240 1262 1350
f 1240 1350 1238
f 1079 1078 1283
f 1283 1078 1298
f 1283 1298 1070
f 1070 1298 1351
f 1070 1351 1068
f 1300 1304 1298
f 1298 1304 1352
f 1298 1352 1353
f 1353 1354 1298
f 1298 1354 1355
f 1298 1355 1351
f 1356 1357 1358
f 1358 1357 1359
f 1358 1359 1360
f 1360 1359 1361
f 1360 1361 1362
f 1362 1361 1363
f 1362 1363 1364
f 1364 1363 1365
f 1364 1365 1366
f 1366 1365 1367
f 1366 1367 1368
f 1368 1367 1369
f 1368 1369 1370
f 1370 1369 1371
f 1370 1371 1372
f 1372 1371 1373
f 1372 1373 1374
f 1374 1373 1375
f 1374 1375 1376
f 1376 1375 1377
f 1376 1377 1378
f 1378 1377 1379
f 1378 1379 1380
f 1380 1379 1381
f 1380 1381 1382
f 1382 1381 1383
f 1382 1383 1384
f 1384 1383 1385
f 1384 1385 1386
f 1386 1385 1387
f 1386 1387 1388
f 1388 1387 1389
f 930 929 1390
f 1390 929 1357
f 1390 1357 1391
f 1391 1357 1356
f 1391 1356 730
f 730 1356 731
f 909 908 1392
f 1392 908 1388
f 1392 1388 1393
f 1393 1388 1389
f 1393 1389 1394
f 1394 1389 1395
f 1396 1397 1398
f 1021 1020 1397
f 1397 1020 1399
f 1397 1399 1398
f 1398 1400 1396
f 1396 1400 1401
f 1396 1401 1402
f 1401 1403 1402
f 1402 1403 1404
f 1402 1404 1405
f 1404 1406 1405
f 1405 1406 1407
f 1405 1407 1408
f 1407 1409 1408
f 1408 1409 1410
f 1408 1410 1411
f 1410 1412 1411
f 1411 1412 1413
f 1411 1413 1414
f 1413 1415 1414
f 1414 1415 1416
f 1414 1416 1417
f 1418 1419 1420
f 1420 1419 1417
f 1420 1417 1421
f 1421 1417 1416
f 1065 757 756
f 1065 756 1067
f 905 907 1422
f 1422 907 1399
f 1422 1399 1423
f 1423 1399 1020
f 1423 1020 756
f 756 1020 1019
f 756 1019 1067
f 698 1036 1424
f 892 891 1418
f 1418 891 1425
f 1418 1425 1419
f 1419 1425 1426
f 1419 1426 1424
f 1424 1426 699
f 1424 699 698
f 1427 1428 1429
f 1029 1027 1428
f 1428 1027 1430
f 1428 1430 1429
f 1429 1431 1427
f 1427 1431 1432
f 1427 1432 1433
f 1432 1434 1433
f 1433 1434 1435
f 1433 1435 1436
f 1435 1437 1436
f 1436 1437 1438
f 1436 1438 1439
f 1438 1440 1439
f 1439 1440 1441
f 1439 1441 1442
f 1441 1443 1442
f 1442 1443 1444
f 1442 1444 1445
f 1444 1446 1445
f 1445 1446 1447
f 1445 1447 1448
f 1449 1450 1451
f 1451 1450 1448
f 1451 1448 1452
f 1452 1448 1447
f 888 887 1453
f 1453 887 1430
f 1453 1430 1454
f 1454 1430 1027
f 1454 1027 767
f 767 1027 768
f 696 695 1455
f 1455 695 958
f 876 875 1449
f 1449 875 1456
f 1449 1456 1450
f 1450 1456 1455
f 1450 1455 1457
f 1457 1455 958
f 1457 958 956
f 1458 1459 1460
f 959 964 1459
f 1459 964 1461
f 1459 1461 1460
f 1460 1462 1458
f 1458 1462 1463
f 1458 1463 1464
f 1463 1465 1464
f 1464 1465 1466
f 1464 1466 1467
f 1466 1468 1467
f 1467 1468 1469
f 1467 1469 1470
f 1469 1471 1470
f 1470 1471 1472
f 1470 1472 1473
f 1472 1474 1473
f 1473 1474 1475
f 1473 1475 1476
f 1475 1477 1476
f 1476 1477 1478
f 1476 1478 1479
f 1480 1481 1482
f 1482 1481 1479
f 1482 1479 1483
f 1483 1479 1478
f 871 873 1484
f 1484 873 1461
f 1484 1461 1485
f 1485 1461 964
f 1485 964 773
f 773 964 774
f 710 979 1486
f 858 857 1480
f 1480 857 1487
f 1480 1487 1481
f 1481 1487 1488
f 1481 1488 1486
f 1486 1488 711
f 1486 711 710
f 1489 1490 1491
f 965 977 1490
f 1490 977 1492
f 1490 1492 1491
f 1491 1493 1489
f 1489 1493 1494
f 1489 1494 1495
f 1494 1496 1495
f 1495 1496 1497
f 1495 1497 1498
f 1497 1499 1498
f 1498 1499 1500
f 1498 1500 1501
f 1500 1502 1501
f 1501 1502 1503
f 1501 1503 1504
f 1503 1505 1504
f 1504 1505 1506
f 1504 1506 1507
f 1506 1508 1507
f 1507 1508 1509
f 1507 1509 1510
f 1511 1512 1513
f 1513 1512 1510
f 1513 1510 1514
f 1514 1510 1509
f 1515 1516 1517
f 1517 1516 1492
f 1517 1492 1518
f 1518 1492 977
f 1518 977 714
f 714 977 715
f 1519 1520 1521
f 1519 1512 1520
f 1520 1512 1511
f 1520 1511 1522
f 1522 1511 1523
f 1521 708 1519
f 1519 708 707
f 1519 707 987
f 760 759 1524
f 750 744 1525
f 735 784 1526
f 786 791 1527
f 722 727 1528
f 717 792 1529
f 799 798 1530
f 815 813 1531
f 808 819 1532
f 831 830 1533
f 825 832 1534
f 839 840 1535
f 848 847 1536
f 771 770 1537
f 1538 1539 1540
f 1541 1542 1543
f 1544 1545 1546
f 1547 1548 1549
f 1550 1551 1552
f 1553 1554 1555
f 1556 1557 1558
f 1559 1560 1561
f 1562 1563 1564
f 1565 1566 1567
f 1568 1569 1570
f 1571 1572 1573
f 1574 1575 1576
f 1577 1578 1579
f 1580 1581 1582
f 1583 1584 1585
f 1586 1587 1588
f 1589 1590 1591
f 1592 1593 1594
f 1595 1596 1597
f 1598 1599 1600
f 1601 1602 1603
f 1604 1605 1606
f 1607 1608 1609
f 1610 1611 1612
f 1610 1612 1613
f 1607 1609 1614
f 1601 1603 1615
f 1598 1600 1616
f 1592 1594 1617
f 1589 1591 1618
f 1583 1585 1619
f 1571 1573 1620
f 1559 1561 1621
f 1547 1549 1622
f 1623 1624 1625
f 1625 1624 1626
f 1625 1626 1627
f 1627 1626 1628
f 1627 1628 1629
f 1623 1630 1624
f 1624 1630 1631
f 1624 1631 1632
f 1632 1631 1633
f 1632 1633 1634
f 1634 1633 1635
f 1634 1635 1636
f 1636 1637 1638
f 1636 1638 1634
f 1634 1638 1639
f 1634 1639 1632
f 1632 1639 1640
f 1632 1640 1624
f 1624 1640 1641
f 1624 1641 1626
f 1626 1641 1642
f 1626 1642 1628
f 1637 1643 1644
f 1637 1644 1638
f 1638 1644 1645
f 1638 1645 1639
f 1639 1645 1646
f 1639 1646 1640
f 1640 1646 1647
f 1640 1647 1641
f 1641 1647 1648
f 1641 1648 1642
f 1643 1649 1650
f 1651 1652 1653
f 1653 1652 1654
f 1653 1654 1655
f 1655 1654 1656
f 1655 1656 1657
f 1657 1656 1658
f 1657 1658 1659
f 1659 1658 1537
f 1605 1660 1606
f 1606 1660 1661
f 1606 1661 1662
f 1662 1661 1663
f 1662 1663 1664
f 1664 1663 1665
f 1664 1665 1666
f 1666 1665 1536
f 1602 1667 1603
f 1603 1667 1668
f 1603 1668 1669
f 1669 1668 1670
f 1669 1670 1671
f 1671 1670 1672
f 1671 1672 1673
f 1673 1672 1535
f 1599 1595 1600
f 1600 1595 1597
f 1600 1597 1674
f 1674 1597 1675
f 1674 1675 1676
f 1676 1675 1677
f 1676 1677 1678
f 1678 1677 1534
f 1679 1617 1680
f 1680 1617 1594
f 1680 1594 1681
f 1681 1594 1682
f 1681 1682 1683
f 1683 1682 1684
f 1683 1684 1685
f 1685 1684 1533
f 1686 1618 1687
f 1687 1618 1591
f 1687 1591 1688
f 1688 1591 1689
f 1688 1689 1690
f 1690 1689 1691
f 1690 1691 1692
f 1692 1691 1532
f 1693 1694 1695
f 1695 1694 1696
f 1695 1696 1697
f 1697 1696 1698
f 1697 1698 1699
f 1699 1698 1700
f 1699 1700 1701
f 1701 1700 1531
f 1702 1580 1703
f 1703 1580 1582
f 1703 1582 1704
f 1704 1582 1705
f 1704 1705 1706
f 1706 1705 1707
f 1706 1707 1708
f 1708 1707 1709
f 1708 1709 818
f 1578 1574 1579
f 1579 1574 1576
f 1579 1576 1710
f 1710 1576 1711
f 1710 1711 1712
f 1712 1711 1713
f 1712 1713 1714
f 1714 1713 1715
f 1575 1716 1576
f 1576 1716 1717
f 1576 1717 1711
f 1711 1717 1718
f 1711 1718 1713
f 1713 1718 1719
f 1713 1719 1715
f 1715 1719 1720
f 1716 1721 1717
f 1717 1721 1722
f 1717 1722 1718
f 1718 1722 1723
f 1718 1723 1719
f 1719 1723 1724
f 1719 1724 1720
f 1720 1724 1530
f 1725 1568 1726
f 1726 1568 1570
f 1726 1570 1727
f 1727 1570 1728
f 1727 1728 1729
f 1729 1728 1730
f 1729 1730 1731
f 1731 1730 1529
f 1563 1732 1564
f 1564 1732 1733
f 1564 1733 1734
f 1734 1733 1735
f 1734 1735 1736
f 1736 1735 1737
f 1736 1737 1738
f 1738 1737 1528
f 1560 1739 1561
f 1561 1739 1740
f 1561 1740 1741
f 1741 1740 1742
f 1741 1742 1743
f 1743 1742 1744
f 1743 1744 1745
f 1745 1744 1527
f 1554 1550 1555
f 1555 1550 1552
f 1555 1552 1746
f 1746 1552 1747
f 1746 1747 1748
f 1748 1747 1749
f 1748 1749 1750
f 1750 1749 1526
f 1751 1622 1752
f 1752 1622 1549
f 1752 1549 1753
f 1753 1549 1754
f 1753 1754 1755
f 1755 1754 1756
f 1755 1756 1757
f 1757 1756 1525
f 1545 1541 1546
f 1546 1541 1543
f 1546 1543 1758
f 1758 1543 1759
f 1758 1759 1760
f 1760 1759 1761
f 1760 1761 1762
f 1762 1761 1524
f 1643 1650 1644
f 1644 1650 1763
f 1644 1763 1645
f 1645 1763 1764
f 1645 1764 1646
f 1646 1764 1765
f 1646 1765 1647
f 1647 1765 1766
f 1647 1766 1648
f 854 1650 855
f 855 1650 1649
f 855 1649 856
f 762 856 1767
f 1767 856 1649
f 1767 1649 1768
f 1768 1649 1643
f 1768 1643 1769
f 1769 1643 1637
f 1769 1637 1612
f 1612 1637 1636
f 1612 1636 1613
f 1613 1636 1635
f 1611 1651 1612
f 1612 1651 1653
f 1612 1653 1769
f 1769 1653 1655
f 1769 1655 1768
f 1768 1655 1657
f 1768 1657 1767
f 1767 1657 1659
f 1767 1659 762
f 762 1659 764
f 1537 770 1659
f 1659 770 769
f 1659 769 764
f 849 771 1770
f 1770 771 1537
f 1770 1537 1771
f 1771 1537 1658
f 1771 1658 1772
f 1772 1658 1656
f 1772 1656 1609
f 1609 1656 1654
f 1609 1654 1614
f 1614 1654 1652
f 1608 1604 1609
f 1609 1604 1606
f 1609 1606 1772
f 1772 1606 1662
f 1772 1662 1771
f 1771 1662 1664
f 1771 1664 1770
f 1770 1664 1666
f 1770 1666 849
f 849 1666 850
f 1536 847 1666
f 1666 847 851
f 1666 851 850
f 845 848 1773
f 1773 848 1536
f 1773 1536 1774
f 1774 1536 1665
f 1774 1665 1775
f 1775 1665 1663
f 1775 1663 1776
f 1776 1663 1661
f 1776 1661 1777
f 1777 1661 1660
f 1777 1615 1776
f 1776 1615 1603
f 1776 1603 1775
f 1775 1603 1669
f 1775 1669 1774
f 1774 1669 1671
f 1774 1671 1773
f 1773 1671 1673
f 1773 1673 845
f 845 1673 843
f 1535 840 1673
f 1673 840 842
f 1673 842 843
f 838 839 1778
f 1778 839 1535
f 1778 1535 1779
f 1779 1535 1672
f 1779 1672 1780
f 1780 1672 1670
f 1780 1670 1781
f 1781 1670 1668
f 1781 1668 1782
f 1782 1668 1667
f 1782 1616 1781
f 1781 1616 1600
f 1781 1600 1780
f 1780 1600 1674
f 1780 1674 1779
f 1779 1674 1676
f 1779 1676 1778
f 1778 1676 1678
f 1778 1678 838
f 838 1678 836
f 1534 832 1678
f 1678 832 834
f 1678 834 836
f 826 825 1783
f 1783 825 1534
f 1783 1534 1784
f 1784 1534 1677
f 1784 1677 1785
f 1785 1677 1675
f 1785 1675 1786
f 1786 1675 1597
f 1786 1597 1787
f 1787 1597 1596
f 1787 1679 1786
f 1786 1679 1680
f 1786 1680 1785
f 1785 1680 1681
f 1785 1681 1784
f 1784 1681 1683
f 1784 1683 1783
f 1783 1683 1685
f 1783 1685 826
f 826 1685 828
f 1533 830 1685
f 1685 830 829
f 1685 829 828
f 824 831 1788
f 1788 831 1533
f 1788 1533 1789
f 1789 1533 1684
f 1789 1684 1790
f 1790 1684 1682
f 1790 1682 1791
f 1791 1682 1594
f 1791 1594 1792
f 1792 1594 1593
f 1792 1686 1791
f 1791 1686 1687
f 1791 1687 1790
f 1790 1687 1688
f 1790 1688 1789
f 1789 1688 1690
f 1789 1690 1788
f 1788 1690 1692
f 1788 1692 824
f 824 1692 822
f 1532 819 1692
f 1692 819 821
f 1692 821 822
f 809 808 1793
f 1793 808 1532
f 1793 1532 1794
f 1794 1532 1691
f 1794 1691 1795
f 1795 1691 1689
f 1795 1689 1588
f 1588 1689 1591
f 1588 1591 1586
f 1586 1591 1590
f 1587 1693 1588
f 1588 1693 1695
f 1588 1695 1795
f 1795 1695 1697
f 1795 1697 1794
f 1794 1697 1699
f 1794 1699 1793
f 1793 1699 1701
f 1793 1701 809
f 809 1701 811
f 1531 813 1701
f 1701 813 812
f 1701 812 811
f 817 815 1796
f 1796 815 1531
f 1796 1531 1797
f 1797 1531 1700
f 1797 1700 1798
f 1798 1700 1698
f 1798 1698 1585
f 1585 1698 1696
f 1585 1696 1619
f 1619 1696 1694
f 1584 1702 1585
f 1585 1702 1703
f 1585 1703 1798
f 1798 1703 1704
f 1798 1704 1797
f 1797 1704 1706
f 1797 1706 1796
f 1796 1706 1708
f 1796 1708 817
f 817 1708 818
f 806 805 1709
f 1709 805 804
f 1709 804 818
f 1581 1577 1582
f 1582 1577 1579
f 1582 1579 1705
f 1705 1579 1710
f 1705 1710 1707
f 1707 1710 1712
f 1707 1712 1709
f 1709 1712 1714
f 1709 1714 806
f 806 1714 1715
f 806 1715 807
f 807 1715 1720
f 807 1720 801
f 1530 798 1720
f 1720 798 802
f 1720 802 801
f 796 799 1799
f 1799 799 1530
f 1799 1530 1800
f 1800 1530 1724
f 1800 1724 1801
f 1801 1724 1723
f 1801 1723 1573
f 1573 1723 1722
f 1573 1722 1620
f 1620 1722 1721
f 1572 1725 1573
f 1573 1725 1726
f 1573 1726 1801
f 1801 1726 1727
f 1801 1727 1800
f 1800 1727 1729
f 1800 1729 1799
f 1799 1729 1731
f 1799 1731 796
f 796 1731 794
f 1529 792 1731
f 1731 792 793
f 1731 793 794
f 718 717 1802
f 1802 717 1529
f 1802 1529 1803
f 1803 1529 1730
f 1803 1730 1804
f 1804 1730 1728
f 1804 1728 1567
f 1567 1728 1570
f 1567 1570 1565
f 1565 1570 1569
f 1566 1562 1567
f 1567 1562 1564
f 1567 1564 1804
f 1804 1564 1734
f 1804 1734 1803
f 1803 1734 1736
f 1803 1736 1802
f 1802 1736 1738
f 1802 1738 718
f 718 1738 720
f 1528 727 1738
f 1738 727 728
f 1738 728 720
f 732 722 1805
f 1805 722 1528
f 1805 1528 1806
f 1806 1528 1737
f 1806 1737 1807
f 1807 1737 1735
f 1807 1735 1808
f 1808 1735 1733
f 1808 1733 1809
f 1809 1733 1732
f 1809 1621 1808
f 1808 1621 1561
f 1808 1561 1807
f 1807 1561 1741
f 1807 1741 1806
f 1806 1741 1743
f 1806 1743 1805
f 1805 1743 1745
f 1805 1745 732
f 732 1745 704
f 1527 791 1745
f 1745 791 705
f 1745 705 704
f 787 786 1810
f 1810 786 1527
f 1810 1527 1811
f 1811 1527 1744
f 1811 1744 1812
f 1812 1744 1742
f 1812 1742 1558
f 1558 1742 1740
f 1558 1740 1556
f 1556 1740 1739
f 1557 1553 1558
f 1558 1553 1555
f 1558 1555 1812
f 1812 1555 1746
f 1812 1746 1811
f 1811 1746 1748
f 1811 1748 1810
f 1810 1748 1750
f 1810 1750 787
f 787 1750 789
f 1526 784 1750
f 1750 784 790
f 1750 790 789
f 746 735 1813
f 1813 735 1526
f 1813 1526 1814
f 1814 1526 1749
f 1814 1749 1815
f 1815 1749 1747
f 1815 1747 1816
f 1816 1747 1552
f 1816 1552 1817
f 1817 1552 1551
f 1817 1751 1816
f 1816 1751 1752
f 1816 1752 1815
f 1815 1752 1753
f 1815 1753 1814
f 1814 1753 1755
f 1814 1755 1813
f 1813 1755 1757
f 1813 1757 746
f 746 1757 747
f 1525 744 1757
f 1757 744 742
f 1757 742 747
f 751 750 1818
f 1818 750 1525
f 1818 1525 1819
f 1819 1525 1756
f 1819 1756 1820
f 1820 1756 1754
f 1820 1754 1821
f 1821 1754 1549
f 1821 1549 1822
f 1822 1549 1548
f 1822 1544 1821
f 1821 1544 1546
f 1821 1546 1820
f 1820 1546 1758
f 1820 1758 1819
f 1819 1758 1760
f 1819 1760 1818
f 1818 1760 1762
f 1818 1762 751
f 751 1762 753
f 1524 759 1762
f 1762 759 758
f 1762 758 753
f 781 760 1823
f 1823 760 1524
f 1823 1524 1824
f 1824 1524 1761
f 1824 1761 1825
f 1825 1761 1759
f 1825 1759 1540
f 1540 1759 1543
f 1540 1543 1538
f 1538 1543 1542
f 1539 1629 1540
f 1540 1629 1628
f 1540 1628 1825
f 1825 1628 1642
f 1825 1642 1824
f 1824 1642 1648
f 1824 1648 1823
f 1823 1648 1766
f 1823 1766 781
f 781 1766 782
f 854 853 1650
f 1650 853 852
f 1650 852 1763
f 1763 852 777
f 1763 777 1764
f 1764 777 780
f 1764 780 1765
f 1765 780 779
f 1765 779 1766
f 1766 779 783
f 1766 783 782
f 1826 1827 1828
f 1829 1830 1831
f 1831 1830 1826
f 1831 1826 1832
f 1832 1826 1828
f 1833 1834 1835
f 1835 1834 1836
f 1835 1836 1837
f 1837 1836 1838
f 1837 1838 1827
f 1827 1838 1828
f 1839 1840 1841
f 1842 1843 1844
f 1844 1843 1839
f 1844 1839 1845
f 1845 1839 1841
f 1846 1847 1848
f 1848 1847 1849
f 1848 1849 1850
f 1850 1849 1851
f 1850 1851 1840
f 1840 1851 1841
f 1852 1853 1854
f 1855 1856 1857
f 1857 1856 1852
f 1857 1852 1858
f 1858 1852 1854
f 1859 1860 1861
f 1861 1860 1862
f 1861 1862 1863
f 1863 1862 1864
f 1863 1864 1853
f 1853 1864 1854
f 1865 1866 1867
f 1868 1869 1870
f 1870 1869 1865
f 1870 1865 1871
f 1871 1865 1867
f 939 1872 1873
f 1874 940 1875
f 1875 940 939
f 1875 939 1876
f 1876 939 1873
f 1876 1873 1866
f 1866 1873 1867
f 1877 1878 938
f 1879 1880 937
f 937 1880 1881
f 937 1881 938
f 938 1881 1882
f 938 1882 1877
f 1883 1884 1885
f 1885 1884 1886
f 1885 1886 1887
f 1887 1886 1888
f 1887 1888 1882
f 1882 1888 1877
f 1889 1702 1890
f 1890 1702 1584
f 1890 1584 1891
f 1891 1584 1583
f 1891 1583 1892
f 1892 1583 1619
f 1892 1619 1893
f 1893 1619 1694
f 1893 1694 1894
f 1694 1693 1894
f 1894 1693 1587
f 1894 1587 1895
f 1895 1587 1586
f 1895 1586 1896
f 1896 1586 1590
f 1896 1590 1897
f 1897 1590 1589
f 1897 1589 1898
f 1898 1589 1618
f 1898 1618 1899
f 1618 1686 1899
f 1899 1686 1792
f 1899 1792 1900
f 1900 1792 1593
f 1900 1593 1901
f 1901 1593 1592
f 1901 1592 1902
f 1902 1592 1617
f 1902 1617 1903
f 1903 1617 1679
f 1903 1679 1904
f 1679 1787 1904
f 1904 1787 1596
f 1904 1596 1905
f 1905 1596 1595
f 1905 1595 1906
f 1906 1595 1599
f 1906 1599 1907
f 1907 1599 1598
f 1907 1598 1908
f 1908 1598 1616
f 1908 1616 1909
f 1616 1782 1909
f 1909 1782 1667
f 1909 1667 1910
f 1910 1667 1602
f 1910 1602 1911
f 1911 1602 1601
f 1911 1601 1912
f 1912 1601 1615
f 1912 1615 1913
f 1913 1615 1777
f 1913 1777 1914
f 1777 1660 1914
f 1914 1660 1605
f 1914 1605 1915
f 1915 1605 1604
f 1915 1604 1916
f 1916 1604 1608
f 1916 1608 1917
f 1917 1608 1607
f 1917 1607 1918
f 1918 1607 1614
f 1918 1614 1919
f 1614 1652 1919
f 1919 1652 1651
f 1919 1651 1920
f 1920 1651 1611
f 1920 1611 1921
f 1921 1611 1610
f 1921 1610 1922
f 1922 1610 1613
f 1922 1613 1923
f 1923 1613 1635
f 1923 1635 1924
f 1924 1635 1633
f 1924 1633 1925
f 1925 1633 1631
f 1925 1631 1926
f 1926 1631 1630
f 1926 1630 1927
f 1927 1630 1623
f 1927 1623 1928
f 1928 1623 1625
f 1928 1625 1929
f 1929 1625 1627
f 1929 1627 1930
f 1627 1629 1930
f 1930 1629 1539
f 1930 1539 1931
f 1931 1539 1538
f 1931 1538 1932
f 1932 1538 1542
f 1932 1542 1933
f 1933 1542 1541
f 1933 1541 1934
f 1934 1541 1545
f 1934 1545 1935
f 1545 1544 1935
f 1935 1544 1822
f 1935 1822 1936
f 1936 1822 1548
f 1936 1548 1937
f 1937 1548 1547
f 1937 1547 1938
f 1938 1547 1622
f 1938 1622 1939
f 1939 1622 1751
f 1939 1751 1940
f 1751 1817 1940
f 1940 1817 1551
f 1940 1551 1941
f 1941 1551 1550
f 1941 1550 1942
f 1942 1550 1554
f 1942 1554 1943
f 1943 1554 1553
f 1943 1553 1944
f 1944 1553 1557
f 1944 1557 1945
f 1557 1556 1945
f 1945 1556 1739
f 1945 1739 1946
f 1946 1739 1560
f 1946 1560 1947
f 1947 1560 1559
f 1947 1559 1948
f 1948 1559 1621
f 1948 1621 1949
f 1949 1621 1809
f 1949 1809 1950
f 1809 1732 1950
f 1950 1732 1563
f 1950 1563 1951
f 1951 1563 1562
f 1951 1562 1952
f 1952 1562 1566
f 1952 1566 1953
f 1953 1566 1565
f 1953 1565 1954
f 1954 1565 1569
f 1954 1569 1955
f 1569 1568 1955
f 1955 1568 1725
f 1955 1725 1956
f 1956 1725 1572
f 1956 1572 1957
f 1957 1572 1571
f 1957 1571 1958
f 1958 1571 1620
f 1958 1620 1959
f 1959 1620 1721
f 1959 1721 1960
f 1721 1716 1960
f 1960 1716 1575
f 1960 1575 1961
f 1961 1575 1574
f 1961 1574 1962
f 1962 1574 1578
f 1962 1578 1963
f 1963 1578 1577
f 1963 1577 1964
f 1964 1577 1581
f 1964 1581 1889
f 1889 1581 1580
f 1889 1580 1702
f 1965 1966 1967
f 1967 1966 1522
f 1967 1522 1523
f 1965 1968 1966
f 1966 1968 1969
f 1966 1969 1970
f 1971 1972 1973
f 1973 1972 1970
f 1973 1970 1974
f 1974 1970 1969
f 1971 1975 1972
f 1972 1975 1976
f 1972 1976 1977
f 1977 1976 1978
f 1977 1978 1515
f 1515 1978 1979
f 1515 1979 1516
f 1980 1981 1982
f 1983 1984 1985
f 1986 1987 1988
f 933 935 1989
f 1990 1991 1992
f 1992 1991 1993
f 1992 1993 1994
f 1994 1993 1995
f 1994 1995 1996
f 1996 1995 1879
f 1996 1879 1989
f 1989 1879 937
f 1989 937 933
f 1842 1984 1997
f 1997 1984 1998
f 1999 1985 2000
f 2000 1985 1984
f 2000 1984 1844
f 1844 1984 1842
f 2001 2002 2003
f 2003 2002 2004
f 2003 2004 1998
f 1998 2004 2005
f 1998 2005 1997
f 1829 1981 2006
f 2006 1981 2007
f 2008 1982 2009
f 2009 1982 1981
f 2009 1981 1831
f 1831 1981 1829
f 2010 2011 2012
f 2012 2011 2013
f 2012 2013 2007
f 2007 2013 2014
f 2007 2014 2006
f 2015 2016 2017
f 2017 2016 1855
f 2017 1855 1857
f 2018 2019 2020
f 2020 2019 2021
f 2020 2021 2015
f 2015 2021 2022
f 2015 2022 2016
f 1868 1870 2023
f 2023 1870 2024
f 2025 944 942
f 1868 2023 2026
f 2026 2023 2027
f 2026 2027 942
f 942 2027 2028
f 942 2028 2025
f 2029 2030 2031
f 2032 2033 2034
f 2035 1990 2036
f 2036 1990 1992
f 2036 1992 2037
f 2037 1992 2038
f 2037 2038 2039
f 1985 2029 1983
f 1983 2029 2031
f 1983 2031 2040
f 2040 2031 2041
f 2040 2041 2038
f 2038 2041 2042
f 2038 2042 2039
f 2039 2042 2043
f 2039 2043 2030
f 2030 2043 2044
f 2030 2044 2031
f 2045 2046 2003
f 2003 2046 2047
f 2003 2047 2001
f 2001 2047 2048
f 1982 2032 1980
f 1980 2032 2034
f 1980 2034 2049
f 2049 2034 2050
f 2049 2050 2045
f 2045 2050 2051
f 2045 2051 2046
f 2046 2051 2052
f 2046 2052 2033
f 2033 2052 2053
f 2033 2053 2034
f 2054 2010 2055
f 2055 2010 2012
f 2055 2012 2056
f 2056 2012 2057
f 2056 2057 2058
f 2059 2060 2061
f 2061 2060 2058
f 2061 2058 2062
f 2062 2058 2057
f 2062 2057 2063
f 2063 2057 2064
f 2063 2064 2065
f 1857 1986 2017
f 2017 1986 1988
f 2017 1988 2066
f 2066 1988 2067
f 2066 2067 2064
f 2064 2067 2060
f 2064 2060 2065
f 2065 2060 2059
f 2068 2069 2070
f 2071 2018 2072
f 2072 2018 2020
f 2072 2020 2073
f 2073 2020 2074
f 2073 2074 2075
f 2070 2069 2076
f 2076 2069 2075
f 2076 2075 2077
f 2077 2075 2074
f 2077 2074 2078
f 2078 2074 2079
f 2078 2079 2080
f 2070 2080 2068
f 2068 2080 2079
f 2068 2079 2081
f 2081 2079 2082
f 2024 2083 2023
f 2023 2083 2084
f 2023 2084 2082
f 2082 2084 2085
f 2082 2085 2081
f 2011 1834 2013
f 2013 1834 2014
f 1834 1833 2014
f 2014 1833 1830
f 2014 1830 2006
f 2006 1830 1829
f 1832 1828 1836
f 1836 1828 1838
f 2002 1847 2004
f 2004 1847 2005
f 1847 1846 2005
f 2005 1846 1843
f 2005 1843 1997
f 1997 1843 1842
f 1845 1841 1849
f 1849 1841 1851
f 2019 1860 2021
f 2021 1860 2022
f 1860 1859 2022
f 2022 1859 1856
f 2022 1856 2016
f 2016 1856 1855
f 1858 1854 1862
f 1862 1854 1864
f 2026 942 940
f 940 1874 2026
f 2026 1874 1869
f 2026 1869 1868
f 1871 1867 1872
f 1872 1867 1873
f 1993 1991 1884
f 1880 1879 1995
f 1993 1884 1995
f 1995 1884 1883
f 1995 1883 1880
f 1878 1877 1886
f 1886 1877 1888
f 1887 1882 1885
f 1885 1882 1881
f 1883 1885 1880
f 1880 1885 1881
f 1876 1866 1875
f 1875 1866 1865
f 1874 1875 1869
f 1869 1875 1865
f 1863 1853 1861
f 1861 1853 1852
f 1859 1861 1856
f 1856 1861 1852
f 1850 1840 1848
f 1848 1840 1839
f 1846 1848 1843
f 1843 1848 1839
f 1837 1827 1835
f 1835 1827 1826
f 1833 1835 1830
f 1830 1835 1826
f 2066 2086 2017
f 2017 2086 2087
f 2017 2087 2015
f 2088 2028 2027
f 1992 2089 2038
f 2038 2089 2090
f 2038 2090 2040
f 2066 2064 2086
f 2086 2064 2057
f 2086 2057 2091
f 2092 2023 2082
f 2092 2082 2093
f 2094 2095 2096
f 2096 2095 2088
f 2096 2088 2092
f 2092 2088 2027
f 2092 2027 2023
f 1994 1996 2094
f 2003 2097 2098
f 2082 2079 2093
f 2093 2079 2074
f 2093 2074 2087
f 2087 2074 2020
f 2087 2020 2015
f 1992 1994 2089
f 2089 1994 2094
f 2089 2094 2099
f 2099 2094 2096
f 2003 1998 2097
f 2097 1998 1984
f 2097 1984 2090
f 2090 1984 1983
f 2090 1983 2040
f 1981 2100 2007
f 2007 2100 2091
f 2007 2091 2012
f 2012 2091 2057
f 1981 1980 2100
f 2100 1980 2049
f 2100 2049 2098
f 2098 2049 2045
f 2098 2045 2003
f 1356 2101 731
f 731 2101 706
f 706 2101 723
f 723 2101 2102
f 723 2102 724
f 724 2102 2103
f 724 2103 725
f 725 2103 1005
f 725 1005 726
f 2101 1356 1358
f 2104 2105 2106
f 2102 2101 2105
f 2104 2106 2107
f 2107 2106 2108
f 2107 2108 2109
f 2109 2108 2110
f 2109 2110 2111
f 2111 2110 2112
f 2111 2112 2113
f 2113 2112 2114
f 2113 2114 2115
f 2115 2114 2116
f 2115 2116 2117
f 2117 2116 2118
f 2117 2118 2119
f 2119 2118 2120
f 2119 2120 2121
f 2121 2120 2122
f 2121 2122 2123
f 2123 2122 2124
f 2123 2124 2125
f 2125 2124 2126
f 2125 2126 2127
f 2127 2126 2128
f 2127 2128 2129
f 2129 2128 2130
f 2129 2130 2131
f 2131 2130 2132
f 2131 2132 2133
f 2133 2132 2134
f 2133 2134 2135
f 1004 1005 2136
f 2136 1005 2103
f 2105 2104 2102
f 2102 2104 2137
f 2102 2137 2103
f 2103 2137 2138
f 2103 2138 2136
f 2101 1358 2105
f 2105 1358 1360
f 2105 1360 2106
f 2106 1360 1362
f 2106 1362 2108
f 2108 1362 1364
f 2108 1364 2110
f 2110 1364 1366
f 2110 1366 2112
f 2112 1366 1368
f 2112 1368 2114
f 2114 1368 1370
f 2114 1370 2116
f 2116 1370 1372
f 2116 1372 2118
f 2118 1372 1374
f 2118 1374 2120
f 2120 1374 1376
f 2120 1376 2122
f 2122 1376 1378
f 2122 1378 2124
f 2124 1378 1380
f 2124 1380 2126
f 2126 1380 1382
f 2126 1382 2128
f 2128 1382 1384
f 2128 1384 2130
f 2130 1384 1386
f 2130 1386 2132
f 2132 1386 1388
f 2132 1388 2134
f 2139 2140 2141
f 2141 2140 2142
f 2141 2142 1086
f 1086 2142 2143
f 1086 2143 1087
f 2139 2141 2144
f 2144 2141 2145
f 2144 2145 2146
f 1357 929 2145
f 2145 929 2147
f 2145 2147 2146
f 1148 2148 2149
f 2148 2150 2151
f 2150 1389 1387
f 2150 1387 2151
f 2151 1387 1385
f 2151 1385 2152
f 2152 1385 1383
f 2152 1383 2153
f 2153 1383 1381
f 2153 1381 2154
f 2154 1381 1379
f 2154 1379 2155
f 2155 1379 1377
f 2155 1377 2156
f 2156 1377 1375
f 2156 1375 2157
f 2157 1375 1373
f 2157 1373 2158
f 2158 1373 1371
f 2158 1371 2159
f 2159 1371 1369
f 2159 1369 2160
f 2160 1369 1367
f 2160 1367 2161
f 2161 1367 1365
f 2161 1365 2162
f 2162 1365 1363
f 2162 1363 2163
f 2163 1363 1361
f 2163 1361 2164
f 2164 1361 1359
f 2164 1359 2165
f 2165 1359 1357
f 2165 1357 2145
f 2148 2151 2149
f 2149 2151 2152
f 2149 2152 2166
f 2166 2152 2153
f 2166 2153 2167
f 2167 2153 2154
f 2167 2154 2168
f 2168 2154 2155
f 2168 2155 2169
f 2169 2155 2156
f 2169 2156 2170
f 2170 2156 2157
f 2170 2157 2171
f 2171 2157 2158
f 2171 2158 2172
f 2172 2158 2159
f 2172 2159 2173
f 2173 2159 2160
f 2173 2160 2174
f 2174 2160 2161
f 2174 2161 2175
f 2175 2161 2162
f 2175 2162 2176
f 2176 2162 2163
f 2176 2163 2177
f 2177 2163 2164
f 2177 2164 2178
f 2178 2164 2165
f 2178 2165 2179
f 2179 2165 2145
f 2179 2145 2141
f 1148 2149 1149
f 1149 2149 2166
f 1149 2166 1150
f 1150 2166 2167
f 1150 2167 1135
f 1135 2167 2168
f 1135 2168 1134
f 1134 2168 2169
f 1134 2169 1131
f 1131 2169 2170
f 1131 2170 1129
f 1129 2170 2171
f 1129 2171 1128
f 1128 2171 2172
f 1128 2172 1126
f 1126 2172 2173
f 1126 2173 1124
f 1124 2173 2174
f 1124 2174 1122
f 1122 2174 2175
f 1122 2175 1116
f 1116 2175 2176
f 1116 2176 1117
f 1117 2176 2177
f 1117 2177 1119
f 1119 2177 2178
f 1119 2178 1120
f 1120 2178 2179
f 1120 2179 1121
f 1121 2179 2141
f 1121 2141 1086
f 2180 2135 2134
f 1009 1007 2181
f 2181 1007 2182
f 2181 2182 2183
f 2183 2182 2184
f 2183 2184 2185
f 2185 2184 2186
f 2186 2184 2180
f 2186 2180 2187
f 1388 908 2134
f 2134 908 2188
f 2188 2189 2134
f 2134 2189 2190
f 2134 2190 2180
f 2180 2190 2191
f 2180 2191 2187
f 2144 2146 2192
f 2192 2146 2147
f 2142 2140 2193
f 2193 2140 2139
f 2193 2139 2144
f 2142 1110 2143
f 2143 1110 1087
f 2147 929 2192
f 2192 929 931
f 2192 931 2194
f 2194 931 932
f 2194 932 2195
f 2195 932 927
f 2195 927 2196
f 2196 927 926
f 2196 926 2197
f 2197 926 924
f 2197 924 2198
f 2198 924 923
f 2198 923 2199
f 2199 923 922
f 2199 922 2200
f 2200 922 920
f 2200 920 2201
f 2201 920 919
f 2201 919 2202
f 2202 919 918
f 2202 918 2203
f 2144 2192 2193
f 2193 2192 2194
f 2193 2194 2204
f 2204 2194 2195
f 2204 2195 2205
f 2205 2195 2196
f 2205 2196 2206
f 2206 2196 2197
f 2206 2197 2207
f 2207 2197 2198
f 2207 2198 2208
f 2208 2198 2199
f 2208 2199 2209
f 2209 2199 2200
f 2209 2200 2210
f 2210 2200 2201
f 2210 2201 2211
f 2211 2201 2202
f 2211 2202 2212
f 2212 2202 2203
f 2212 2203 2213
f 2142 2193 1110
f 1110 2193 2204
f 1110 2204 1112
f 1112 2204 2205
f 1112 2205 1114
f 1114 2205 2206
f 1114 2206 1115
f 1115 2206 2207
f 1115 2207 1103
f 1103 2207 2208
f 1103 2208 1105
f 1105 2208 2209
f 1105 2209 1088
f 1088 2209 2210
f 1088 2210 1089
f 1089 2210 2211
f 1089 2211 1099
f 1099 2211 2212
f 1099 2212 1097
f 1097 2212 2213
f 1097 2213 1091
f 1395 1389 2150
f 1395 2150 2214
f 2214 2150 2148
f 2214 2148 2215
f 2215 2148 1148
f 2215 1148 1138
f 914 701 739
f 912 914 2216
f 908 2217 2188
f 2188 2217 2218
f 2188 2218 2189
f 2219 2220 2221
f 2221 2220 2222
f 2221 2222 2223
f 2223 2222 2224
f 2223 2224 2225
f 2225 2224 2226
f 2225 2226 2227
f 2227 2226 2228
f 2227 2228 2229
f 2229 2228 2230
f 2229 2230 2216
f 2216 2230 2231
f 2216 2231 912
f 912 2231 910
f 914 739 2216
f 2216 739 734
f 2216 734 2229
f 2229 734 733
f 2229 733 2227
f 2227 733 738
f 2227 738 2225
f 2225 738 737
f 2225 737 2223
f 2223 737 736
f 2223 736 2221
f 2221 736 748
f 2221 748 2219
f 2219 748 749
f 2219 749 741
f 908 910 2217
f 2217 910 2231
f 2217 2231 2218
f 2218 2231 2230
f 2218 2230 2232
f 2232 2230 2228
f 2232 2228 2233
f 2233 2228 2226
f 2233 2226 2234
f 2234 2226 2224
f 2234 2224 2235
f 2235 2224 2222
f 2235 2222 2236
f 2236 2222 2220
f 2236 2220 2237
f 2237 2220 2238
f 2238 2220 2219
f 2238 2219 2239
f 2239 2219 741
f 2239 741 740
f 740 1063 2239
f 2239 1063 1061
f 2239 1061 2238
f 2238 1061 1059
f 2238 1059 2237
f 2237 1059 1057
f 2237 1057 1055
f 2189 2218 2190
f 2190 2218 2232
f 2190 2232 2191
f 2191 2232 2233
f 2191 2233 2187
f 2187 2233 2234
f 2187 2234 2186
f 2186 2234 2235
f 2186 2235 2185
f 2185 2235 2236
f 2185 2236 2183
f 2183 2236 2237
f 2183 2237 2181
f 2181 2237 1055
f 2181 1055 1009
f 1091 2213 2240
f 2213 2203 2241
f 2203 918 2242
f 2203 2242 2241
f 2241 2242 2243
f 2241 2243 2244
f 2244 2243 2245
f 2244 2245 2246
f 2246 2245 1395
f 2246 1395 2214
f 2213 2241 2240
f 2240 2241 2244
f 2240 2244 2247
f 2247 2244 2246
f 2247 2246 2248
f 2248 2246 2214
f 2248 2214 2215
f 1091 2240 1092
f 1092 2240 2247
f 1092 2247 1095
f 1095 2247 2248
f 1095 2248 1137
f 1137 2248 2215
f 1137 2215 1138
f 1394 1395 2249
f 2249 1395 2245
f 2249 2245 2250
f 2250 2245 2243
f 2250 2243 2251
f 2251 2243 2242
f 2251 2242 917
f 917 2242 918
f 1183 2252 1185
f 1185 2252 2253
f 1185 2253 1187
f 1187 2253 2254
f 1187 2254 1189
f 1189 2254 2255
f 1189 2255 1191
f 1191 2255 2256
f 1191 2256 1192
f 1192 2256 2257
f 1192 2257 1174
f 1174 2257 2258
f 1174 2258 1171
f 1171 2258 2259
f 1171 2259 1169
f 1169 2259 2260
f 1169 2260 1141
f 1141 2260 2261
f 1141 2261 1139
f 1139 2261 2262
f 1139 2262 1096
f 1096 2262 2263
f 1096 2263 1094
f 1094 2263 2264
f 1094 2264 1093
f 1093 2264 2265
f 1093 2265 1098
f 1098 2265 2266
f 1098 2266 1100
f 1100 2266 2267
f 1100 2267 1101
f 1101 2267 2268
f 1101 2268 1090
f 1090 2268 2269
f 1090 2269 1106
f 1106 2269 2270
f 1106 2270 1104
f 1104 2270 2271
f 1104 2271 1102
f 1102 2271 2272
f 1102 2272 1113
f 1113 2272 2273
f 1113 2273 1111
f 1111 2273 2274
f 1111 2274 1109
f 1109 2274 2275
f 1109 2275 1108
f 1108 2275 2276
f 1108 2276 1107
f 1107 2276 2277
f 1107 2277 1335
f 1335 2277 2278
f 1335 2278 1336
f 1336 2278 2279
f 1336 2279 1337
f 1337 2279 2280
f 1337 2280 1339
f 1339 2280 2281
f 1339 2281 1341
f 1341 2281 2282
f 1341 2282 1342
f 1342 2282 2283
f 1342 2283 1331
f 1331 2283 2284
f 1331 2284 1333
f 1333 2284 2285
f 1333 2285 1334
f 1334 2285 2286
f 1334 2286 1302
f 1302 2286 2287
f 1302 2287 1304
f 1304 2287 2288
f 1304 2288 1352
f 1352 2288 2289
f 1352 2289 1353
f 1353 2289 2290
f 1353 2290 1354
f 1354 2290 2291
f 1354 2291 1355
f 1355 2291 2292
f 1355 2292 1351
f 1351 2292 2293
f 1351 2293 1068
f 1068 2293 2294
f 1068 2294 1069
f 1069 2294 2295
f 1069 2295 1295
f 1295 2295 2296
f 1295 2296 1293
f 1293 2296 2297
f 1293 2297 1291
f 1291 2297 2298
f 1291 2298 1289
f 1289 2298 2299
f 1289 2299 1288
f 1288 2299 2300
f 1288 2300 1248
f 1248 2300 2301
f 1248 2301 1249
f 1249 2301 2302
f 1249 2302 1258
f 1258 2302 2303
f 1258 2303 1260
f 1260 2303 2304
f 1260 2304 1262
f 1262 2304 2305
f 1262 2305 1350
f 1350 2305 2306
f 1350 2306 1238
f 1238 2306 2307
f 1238 2307 1239
f 1239 2307 2308
f 1239 2308 1241
f 1241 2308 2309
f 1241 2309 1243
f 1243 2309 2310
f 1243 2310 1244
f 1244 2310 2311
f 1244 2311 1073
f 1073 2311 2312
f 1073 2312 1071
f 1071 2312 2313
f 1071 2313 1221
f 1221 2313 2314
f 1221 2314 1220
f 1220 2314 2315
f 1220 2315 1218
f 1218 2315 2316
f 1218 2316 1216
f 1216 2316 2317
f 1216 2317 1214
f 1214 2317 2318
f 1214 2318 1212
f 1212 2318 2319
f 1212 2319 1210
f 1210 2319 2320
f 1210 2320 1208
f 1208 2320 2321
f 1208 2321 1206
f 1206 2321 2322
f 1206 2322 1343
f 1343 2322 2323
f 1343 2323 1344
f 1344 2323 2324
f 1344 2324 1177
f 1177 2324 2325
f 1177 2325 1179
f 1179 2325 2326
f 1179 2326 1181
f 1181 2326 2327
f 1181 2327 1183
f 1183 2327 2252
f 2327 2328 2252
f 2252 2328 2329
f 2252 2329 2253
f 2253 2329 2330
f 2253 2330 2254
f 2254 2330 2331
f 2254 2331 2255
f 2255 2331 2332
f 2255 2332 2256
f 2256 2332 2333
f 2256 2333 2257
f 2257 2333 2334
f 2257 2334 2258
f 2258 2334 2335
f 2258 2335 2259
f 2259 2335 2336
f 2259 2336 2260
f 2260 2336 2337
f 2260 2337 2261
f 2261 2337 2338
f 2261 2338 2262
f 2262 2338 2339
f 2262 2339 2263
f 2263 2339 2340
f 2263 2340 2264
f 2264 2340 2341
f 2264 2341 2265
f 2265 2341 2342
f 2265 2342 2266
f 2266 2342 2343
f 2266 2343 2267
f 2267 2343 2344
f 2267 2344 2268
f 2268 2344 2345
f 2268 2345 2269
f 2269 2345 2346
f 2269 2346 2270
f 2270 2346 2347
f 2270 2347 2271
f 2271 2347 2348
f 2271 2348 2272
f 2272 2348 2349
f 2272 2349 2273
f 2273 2349 2350
f 2273 2350 2274
f 2274 2350 2351
f 2274 2351 2275
f 2275 2351 2352
f 2275 2352 2276
f 2276 2352 2353
f 2276 2353 2277
f 2277 2353 2354
f 2277 2354 2278
f 2278 2354 2355
f 2278 2355 2279
f 2279 2355 2356
f 2279 2356 2280
f 2280 2356 2357
f 2280 2357 2281
f 2281 2357 2358
f 2281 2358 2282
f 2282 2358 2359
f 2282 2359 2283
f 2283 2359 2360
f 2283 2360 2284
f 2284 2360 2361
f 2284 2361 2285
f 2285 2361 2362
f 2285 2362 2286
f 2286 2362 2363
f 2286 2363 2287
f 2287 2363 2364
f 2287 2364 2288
f 2288 2364 2365
f 2288 2365 2289
f 2289 2365 2366
f 2289 2366 2290
f 2290 2366 2367
f 2290 2367 2291
f 2291 2367 2368
f 2291 2368 2292
f 2292 2368 2369
f 2292 2369 2293
f 2293 2369 2370
f 2293 2370 2294
f 2294 2370 2371
f 2294 2371 2295
f 2295 2371 2372
f 2295 2372 2296
f 2296 2372 2373
f 2296 2373 2297
f 2297 2373 2374
f 2297 2374 2298
f 2298 2374 2375
f 2298 2375 2299
f 2299 2375 2376
f 2299 2376 2300
f 2300 2376 2377
f 2300 2377 2301
f 2301 2377 2378
f 2301 2378 2302
f 2302 2378 2379
f 2302 2379 2303
f 2303 2379 2380
f 2303 2380 2304
f 2304 2380 2381
f 2304 2381 2305
f 2305 2381 2382
f 2305 2382 2306
f 2306 2382 2383
f 2306 2383 2307
f 2307 2383 2384
f 2307 2384 2308
f 2308 2384 2385
f 2308 2385 2309
f 2309 2385 2386
f 2309 2386 2310
f 2310 2386 2387
f 2310 2387 2311
f 2311 2387 2388
f 2311 2388 2312
f 2312 2388 2389
f 2312 2389 2313
f 2313 2389 2390
f 2313 2390 2314
f 2314 2390 2391
f 2314 2391 2315
f 2315 2391 2392
f 2315 2392 2316
f 2316 2392 2393
f 2316 2393 2317
f 2317 2393 2394
f 2317 2394 2318
f 2318 2394 2395
f 2318 2395 2319
f 2319 2395 2396
f 2319 2396 2320
f 2320 2396 2397
f 2320 2397 2321
f 2321 2397 2398
f 2321 2398 2322
f 2322 2398 2399
f 2322 2399 2323
f 2323 2399 2400
f 2323 2400 2324
f 2324 2400 2401
f 2324 2401 2325
f 2325 2401 2402
f 2325 2402 2326
f 2326 2402 2403
f 2326 2403 2327
f 2327 2403 2328
f 2403 1926 2328
f 2328 1926 1927
f 2328 1927 2329
f 2329 1927 1928
f 2329 1928 2330
f 2330 1928 1929
f 2330 1929 2331
f 2331 1929 1930
f 2331 1930 2332
f 2332 1930 1931
f 2332 1931 2333
f 2333 1931 1932
f 2333 1932 2334
f 2334 1932 1933
f 2334 1933 2335
f 2335 1933 1934
f 2335 1934 2336
f 2336 1934 1935
f 2336 1935 2337
f 2337 1935 1936
f 2337 1936 2338
f 2338 1936 1937
f 2338 1937 2339
f 2339 1937 1938
f 2339 1938 2340
f 2340 1938 1939
f 2340 1939 2341
f 2341 1939 1940
f 2341 1940 2342
f 2342 1940 1941
f 2342 1941 2343
f 2343 1941 1942
f 2343 1942 2344
f 2344 1942 1943
f 2344 1943 2345
f 2345 1943 1944
f 2345 1944 2346
f 2346 1944 1945
f 2346 1945 2347
f 2347 1945 1946
f 2347 1946 2348
f 2348 1946 1947
f 2348 1947 2349
f 2349 1947 1948
f 2349 1948 2350
f 2350 1948 1949
f 2350 1949 2351
f 2351 1949 1950
f 2351 1950 2352
f 2352 1950 1951
f 2352 1951 2353
f 2353 1951 1952
f 2353 1952 2354
f 2354 1952 1953
f 2354 1953 2355
f 2355 1953 1954
f 2355 1954 2356
f 2356 1954 1955
f 2356 1955 2357
f 2357 1955 1956
f 2357 1956 2358
f 2358 1956 1957
f 2358 1957 2359
f 2359 1957 1958
f 2359 1958 2360
f 2360 1958 1959
f 2360 1959 2361
f 2361 1959 1960
f 2361 1960 2362
f 2362 1960 1961
f 2362 1961 2363
f 2363 1961 1962
f 2363 1962 2364
f 2364 1962 1963
f 2364 1963 2365
f 2365 1963 1964
f 2365 1964 2366
f 2366 1964 1889
f 2366 1889 2367
f 2367 1889 1890
f 2367 1890 2368
f 2368 1890 1891
f 2368 1891 2369
f 2369 1891 1892
f 2369 1892 2370
f 2370 1892 1893
f 2370 1893 2371
f 2371 1893 1894
f 2371 1894 2372
f 2372 1894 1895
f 2372 1895 2373
f 2373 1895 1896
f 2373 1896 2374
f 2374 1896 1897
f 2374 1897 2375
f 2375 1897 1898
f 2375 1898 2376
f 2376 1898 1899
f 2376 1899 2377
f 2377 1899 1900
f 2377 1900 2378
f 2378 1900 1901
f 2378 1901 2379
f 2379 1901 1902
f 2379 1902 2380
f 2380 1902 1903
f 2380 1903 2381
f 2381 1903 1904
f 2381 1904 2382
f 2382 1904 1905
f 2382 1905 2383
f 2383 1905 1906
f 2383 1906 2384
f 2384 1906 1907
f 2384 1907 2385
f 2385 1907 1908
f 2385 1908 2386
f 2386 1908 1909
f 2386 1909 2387
f 2387 1909 1910
f 2387 1910 2388
f 2388 1910 1911
f 2388 1911 2389
f 2389 1911 1912
f 2389 1912 2390
f 2390 1912 1913
f 2390 1913 2391
f 2391 1913 1914
f 2391 1914 2392
f 2392 1914 1915
f 2392 1915 2393
f 2393 1915 1916
f 2393 1916 2394
f 2394 1916 1917
f 2394 1917 2395
f 2395 1917 1918
f 2395 1918 2396
f 2396 1918 1919
f 2396 1919 2397
f 2397 1919 1920
f 2397 1920 2398
f 2398 1920 1921
f 2398 1921 2399
f 2399 1921 1922
f 2399 1922 2400
f 2400 1922 1923
f 2400 1923 2401
f 2401 1923 1924
f 2401 1924 2402
f 2402 1924 1925
f 2402 1925 2403
f 2403 1925 1926
f 2404 2405 2406
f 2407 1168 1167
f 2406 2405 1167
f 1167 2405 2408
f 1167 2408 2407
f 2409 1399 907
f 907 2410 2409
f 2409 2410 2411
f 2409 2411 2406
f 2406 2411 2412
f 2406 2412 2404
f 1348 2413 2414
f 2413 2415 2416
f 2415 1418 1420
f 2415 1420 2416
f 2416 1420 1421
f 2416 1421 2417
f 2417 1421 1416
f 2417 1416 2418
f 2418 1416 1415
f 2418 1415 2419
f 2419 1415 1413
f 2419 1413 2420
f 2420 1413 1412
f 2420 1412 2421
f 2421 1412 1410
f 2421 1410 2422
f 2422 1410 1409
f 2422 1409 2423
f 2423 1409 1407
f 2423 1407 2424
f 2424 1407 1406
f 2424 1406 2425
f 2425 1406 1404
f 2425 1404 2426
f 2426 1404 1403
f 2426 1403 2427
f 2427 1403 1401
f 2427 1401 2428
f 2428 1401 1400
f 2428 1400 2429
f 2429 1400 1398
f 2429 1398 2430
f 2430 1398 1399
f 2430 1399 2409
f 2413 2416 2414
f 2414 2416 2417
f 2414 2417 2431
f 2431 2417 2418
f 2431 2418 2432
f 2432 2418 2419
f 2432 2419 2433
f 2433 2419 2420
f 2433 2420 2434
f 2434 2420 2421
f 2434 2421 2435
f 2435 2421 2422
f 2435 2422 2436
f 2436 2422 2423
f 2436 2423 2437
f 2437 2423 2424
f 2437 2424 2438
f 2438 2424 2425
f 2438 2425 2439
f 2439 2425 2426
f 2439 2426 2440
f 2440 2426 2427
f 2440 2427 2441
f 2441 2427 2428
f 2441 2428 2442
f 2442 2428 2429
f 2442 2429 2443
f 2443 2429 2430
f 2443 2430 2444
f 2444 2430 2409
f 2444 2409 2406
f 1348 2414 1349
f 1349 2414 2431
f 1349 2431 1165
f 1165 2431 2432
f 1165 2432 1163
f 1163 2432 2433
f 1163 2433 1145
f 1145 2433 2434
f 1145 2434 1146
f 1146 2434 2435
f 1146 2435 1144
f 1144 2435 2436
f 1144 2436 1152
f 1152 2436 2437
f 1152 2437 1153
f 1153 2437 2438
f 1153 2438 1155
f 1155 2438 2439
f 1155 2439 1157
f 1157 2439 2440
f 1157 2440 1159
f 1159 2440 2441
f 1159 2441 1160
f 1160 2441 2442
f 1160 2442 1161
f 1161 2442 2443
f 1161 2443 1162
f 1162 2443 2444
f 1162 2444 1166
f 1166 2444 2406
f 1166 2406 1167
f 2445 2446 1178
f 1178 2446 2447
f 1178 2447 1176
f 2448 2449 2450
f 2450 2449 2451
f 2450 2451 2445
f 2452 2411 2410
f 2412 2453 2404
f 2404 2453 2405
f 2408 1170 2407
f 2407 1170 1168
f 2410 907 2452
f 2452 907 906
f 2452 906 2454
f 2454 906 904
f 2454 904 2455
f 2455 904 902
f 2455 902 2456
f 2456 902 901
f 2456 901 2457
f 2457 901 899
f 2457 899 2458
f 2458 899 898
f 2458 898 2459
f 2459 898 896
f 2459 896 2460
f 2460 896 895
f 2460 895 2461
f 2461 895 894
f 2461 894 2462
f 2462 894 892
f 2462 892 2463
f 2463 892 2464
f 2463 2464 2448
f 2448 2450 2463
f 2463 2450 2465
f 2463 2465 2462
f 2462 2465 2466
f 2462 2466 2461
f 2461 2466 2467
f 2461 2467 2460
f 2460 2467 2468
f 2460 2468 2459
f 2459 2468 2469
f 2459 2469 2458
f 2458 2469 2470
f 2458 2470 2457
f 2457 2470 2471
f 2457 2471 2456
f 2456 2471 2472
f 2456 2472 2455
f 2455 2472 2473
f 2455 2473 2454
f 2454 2473 2453
f 2454 2453 2452
f 2452 2453 2412
f 2452 2412 2411
f 2445 1178 2450
f 2450 1178 1180
f 2450 1180 2465
f 2465 1180 1182
f 2465 1182 2466
f 2466 1182 1184
f 2466 1184 2467
f 2467 1184 1186
f 2467 1186 2468
f 2468 1186 1188
f 2468 1188 2469
f 2469 1188 1190
f 2469 1190 2470
f 2470 1190 1175
f 2470 1175 2471
f 2471 1175 1173
f 2471 1173 2472
f 2472 1173 1172
f 2472 1172 2473
f 2473 1172 1170
f 2473 1170 2453
f 2453 1170 2408
f 2453 2408 2405
f 892 1418 2464
f 2464 1418 2415
f 2464 2415 2448
f 2448 2415 2449
f 2449 2415 2413
f 2449 2413 2451
f 1176 2447 1348
f 1348 2447 2446
f 1348 2446 2413
f 2413 2446 2445
f 2413 2445 2451
f 2474 2475 2476
f 2476 2475 2477
f 2476 2477 1205
f 1205 2477 2478
f 1205 2478 1207
f 2474 2476 2479
f 2479 2476 2480
f 2479 2480 2481
f 1430 887 2480
f 2480 887 2482
f 2480 2482 2481
f 1237 2483 2484
f 2483 2485 2486
f 2485 1449 1451
f 2485 1451 2486
f 2486 1451 1452
f 2486 1452 2487
f 2487 1452 1447
f 2487 1447 2488
f 2488 1447 1446
f 2488 1446 2489
f 2489 1446 1444
f 2489 1444 2490
f 2490 1444 1443
f 2490 1443 2491
f 2491 1443 1441
f 2491 1441 2492
f 2492 1441 1440
f 2492 1440 2493
f 2493 1440 1438
f 2493 1438 2494
f 2494 1438 1437
f 2494 1437 2495
f 2495 1437 1435
f 2495 1435 2496
f 2496 1435 1434
f 2496 1434 2497
f 2497 1434 1432
f 2497 1432 2498
f 2498 1432 1431
f 2498 1431 2499
f 2499 1431 1429
f 2499 1429 2500
f 2500 1429 1430
f 2500 1430 2480
f 2483 2486 2484
f 2484 2486 2487
f 2484 2487 2501
f 2501 2487 2488
f 2501 2488 2502
f 2502 2488 2489
f 2502 2489 2503
f 2503 2489 2490
f 2503 2490 2504
f 2504 2490 2491
f 2504 2491 2505
f 2505 2491 2492
f 2505 2492 2506
f 2506 2492 2493
f 2506 2493 2507
f 2507 2493 2494
f 2507 2494 2508
f 2508 2494 2495
f 2508 2495 2509
f 2509 2495 2496
f 2509 2496 2510
f 2510 2496 2497
f 2510 2497 2511
f 2511 2497 2498
f 2511 2498 2512
f 2512 2498 2499
f 2512 2499 2513
f 2513 2499 2500
f 2513 2500 2514
f 2514 2500 2480
f 2514 2480 2476
f 1237 2484 1235
f 1235 2484 2501
f 1235 2501 1229
f 1229 2501 2502
f 1229 2502 1230
f 1230 2502 2503
f 1230 2503 1232
f 1232 2503 2504
f 1232 2504 1233
f 1233 2504 2505
f 1233 2505 1228
f 1228 2505 2506
f 1228 2506 1226
f 1226 2506 2507
f 1226 2507 1224
f 1224 2507 2508
f 1224 2508 1222
f 1222 2508 2509
f 1222 2509 1196
f 1196 2509 2510
f 1196 2510 1195
f 1195 2510 2511
f 1195 2511 1193
f 1193 2511 2512
f 1193 2512 1194
f 1194 2512 2513
f 1194 2513 1202
f 1202 2513 2514
f 1202 2514 1203
f 1203 2514 2476
f 1203 2476 1205
f 2515 2516 1201
f 1201 2516 2517
f 1201 2517 1242
f 2518 2519 2520
f 2520 2519 2521
f 2520 2521 2515
f 2522 2481 2482
f 2479 2523 2474
f 2474 2523 2475
f 2477 1209 2478
f 2478 1209 1207
f 2482 887 2522
f 2522 887 889
f 2522 889 2524
f 2524 889 890
f 2524 890 2525
f 2525 890 885
f 2525 885 2526
f 2526 885 884
f 2526 884 2527
f 2527 884 883
f 2527 883 2528
f 2528 883 881
f 2528 881 2529
f 2529 881 880
f 2529 880 2530
f 2530 880 878
f 2530 878 2531
f 2531 878 877
f 2531 877 2532
f 2532 877 876
f 2532 876 2533
f 2533 876 2534
f 2533 2534 2518
f 2518 2520 2533
f 2533 2520 2535
f 2533 2535 2532
f 2532 2535 2536
f 2532 2536 2531
f 2531 2536 2537
f 2531 2537 2530
f 2530 2537 2538
f 2530 2538 2529
f 2529 2538 2539
f 2529 2539 2528
f 2528 2539 2540
f 2528 2540 2527
f 2527 2540 2541
f 2527 2541 2526
f 2526 2541 2542
f 2526 2542 2525
f 2525 2542 2543
f 2525 2543 2524
f 2524 2543 2523
f 2524 2523 2522
f 2522 2523 2479
f 2522 2479 2481
f 2515 1201 2520
f 2520 1201 1200
f 2520 1200 2535
f 2535 1200 1199
f 2535 1199 2536
f 2536 1199 1198
f 2536 1198 2537
f 2537 1198 1197
f 2537 1197 2538
f 2538 1197 1219
f 2538 1219 2539
f 2539 1219 1217
f 2539 1217 2540
f 2540 1217 1215
f 2540 1215 2541
f 2541 1215 1213
f 2541 1213 2542
f 2542 1213 1211
f 2542 1211 2543
f 2543 1211 1209
f 2543 1209 2523
f 2523 1209 2477
f 2523 2477 2475
f 876 1449 2534
f 2534 1449 2485
f 2534 2485 2518
f 2518 2485 2519
f 2519 2485 2483
f 2519 2483 2521
f 1242 2517 1237
f 1237 2517 2516
f 1237 2516 2483
f 2483 2516 2515
f 2483 2515 2521
f 2544 2545 2546
f 2546 2545 2547
f 2546 2547 1245
f 1245 2547 2548
f 1245 2548 1246
f 2544 2546 2549
f 2549 2546 2550
f 2549 2550 2551
f 1461 873 2550
f 2550 873 2552
f 2550 2552 2551
f 1266 2553 2554
f 2553 2555 2556
f 2555 1480 1482
f 2555 1482 2556
f 2556 1482 1483
f 2556 1483 2557
f 2557 1483 1478
f 2557 1478 2558
f 2558 1478 1477
f 2558 1477 2559
f 2559 1477 1475
f 2559 1475 2560
f 2560 1475 1474
f 2560 1474 2561
f 2561 1474 1472
f 2561 1472 2562
f 2562 1472 1471
f 2562 1471 2563
f 2563 1471 1469
f 2563 1469 2564
f 2564 1469 1468
f 2564 1468 2565
f 2565 1468 1466
f 2565 1466 2566
f 2566 1466 1465
f 2566 1465 2567
f 2567 1465 1463
f 2567 1463 2568
f 2568 1463 1462
f 2568 1462 2569
f 2569 1462 1460
f 2569 1460 2570
f 2570 1460 1461
f 2570 1461 2550
f 2553 2556 2554
f 2554 2556 2557
f 2554 2557 2571
f 2571 2557 2558
f 2571 2558 2572
f 2572 2558 2559
f 2572 2559 2573
f 2573 2559 2560
f 2573 2560 2574
f 2574 2560 2561
f 2574 2561 2575
f 2575 2561 2562
f 2575 2562 2576
f 2576 2562 2563
f 2576 2563 2577
f 2577 2563 2564
f 2577 2564 2578
f 2578 2564 2565
f 2578 2565 2579
f 2579 2565 2566
f 2579 2566 2580
f 2580 2566 2567
f 2580 2567 2581
f 2581 2567 2568
f 2581 2568 2582
f 2582 2568 2569
f 2582 2569 2583
f 2583 2569 2570
f 2583 2570 2584
f 2584 2570 2550
f 2584 2550 2546
f 1266 2554 1264
f 1264 2554 2571
f 1264 2571 1263
f 1263 2571 2572
f 1263 2572 1268
f 1268 2572 2573
f 1268 2573 1269
f 1269 2573 2574
f 1269 2574 1270
f 1270 2574 2575
f 1270 2575 1272
f 1272 2575 2576
f 1272 2576 1279
f 1279 2576 2577
f 1279 2577 1277
f 1277 2577 2578
f 1277 2578 1275
f 1275 2578 2579
f 1275 2579 1273
f 1273 2579 2580
f 1273 2580 1254
f 1254 2580 2581
f 1254 2581 1255
f 1255 2581 2582
f 1255 2582 1256
f 1256 2582 2583
f 1256 2583 1252
f 1252 2583 2584
f 1252 2584 1253
f 1253 2584 2546
f 1253 2546 1245
f 2585 2586 1297
f 1297 2586 2587
f 1297 2587 1282
f 2588 2589 2590
f 2590 2589 2591
f 2590 2591 2585
f 2592 2551 2552
f 2549 2593 2544
f 2544 2593 2545
f 2547 1261 2548
f 2548 1261 1246
f 2552 873 2592
f 2592 873 872
f 2592 872 2594
f 2594 872 870
f 2594 870 2595
f 2595 870 868
f 2595 868 2596
f 2596 868 867
f 2596 867 2597
f 2597 867 865
f 2597 865 2598
f 2598 865 864
f 2598 864 2599
f 2599 864 862
f 2599 862 2600
f 2600 862 861
f 2600 861 2601
f 2601 861 859
f 2601 859 2602
f 2602 859 858
f 2602 858 2603
f 2603 858 2604
f 2603 2604 2588
f 2588 2590 2603
f 2603 2590 2605
f 2603 2605 2602
f 2602 2605 2606
f 2602 2606 2601
f 2601 2606 2607
f 2601 2607 2600
f 2600 2607 2608
f 2600 2608 2599
f 2599 2608 2609
f 2599 2609 2598
f 2598 2609 2610
f 2598 2610 2597
f 2597 2610 2611
f 2597 2611 2596
f 2596 2611 2612
f 2596 2612 2595
f 2595 2612 2613
f 2595 2613 2594
f 2594 2613 2593
f 2594 2593 2592
f 2592 2593 2549
f 2592 2549 2551
f 2585 1297 2590
f 2590 1297 1296
f 2590 1296 2605
f 2605 1296 1294
f 2605 1294 2606
f 2606 1294 1292
f 2606 1292 2607
f 2607 1292 1290
f 2607 1290 2608
f 2608 1290 1287
f 2608 1287 2609
f 2609 1287 1286
f 2609 1286 2610
f 2610 1286 1250
f 2610 1250 2611
f 2611 1250 1257
f 2611 1257 2612
f 2612 1257 1259
f 2612 1259 2613
f 2613 1259 1261
f 2613 1261 2593
f 2593 1261 2547
f 2593 2547 2545
f 858 1480 2604
f 2604 1480 2555
f 2553 2589 2555
f 2555 2589 2588
f 2555 2588 2604
f 1285 1282 2587
f 2553 1266 1285
f 2587 2586 1285
f 1285 2586 2585
f 1285 2585 2553
f 2553 2585 2591
f 2553 2591 2589
f 2614 2615 2616
f 2617 1299 1306
f 2616 2615 1306
f 1306 2615 2618
f 1306 2618 2617
f 2619 1492 1516
f 1516 2620 2619
f 2619 2620 2621
f 2619 2621 2616
f 2616 2621 2622
f 2616 2622 2614
f 1320 2623 2624
f 2623 2625 2626
f 2625 1511 1513
f 2625 1513 2626
f 2626 1513 1514
f 2626 1514 2627
f 2627 1514 1509
f 2627 1509 2628
f 2628 1509 1508
f 2628 1508 2629
f 2629 1508 1506
f 2629 1506 2630
f 2630 1506 1505
f 2630 1505 2631
f 2631 1505 1503
f 2631 1503 2632
f 2632 1503 1502
f 2632 1502 2633
f 2633 1502 1500
f 2633 1500 2634
f 2634 1500 1499
f 2634 1499 2635
f 2635 1499 1497
f 2635 1497 2636
f 2636 1497 1496
f 2636 1496 2637
f 2637 1496 1494
f 2637 1494 2638
f 2638 1494 1493
f 2638 1493 2639
f 2639 1493 1491
f 2639 1491 2640
f 2640 1491 1492
f 2640 1492 2619
f 2623 2626 2624
f 2624 2626 2627
f 2624 2627 2641
f 2641 2627 2628
f 2641 2628 2642
f 2642 2628 2629
f 2642 2629 2643
f 2643 2629 2630
f 2643 2630 2644
f 2644 2630 2631
f 2644 2631 2645
f 2645 2631 2632
f 2645 2632 2646
f 2646 2632 2633
f 2646 2633 2647
f 2647 2633 2634
f 2647 2634 2648
f 2648 2634 2635
f 2648 2635 2649
f 2649 2635 2636
f 2649 2636 2650
f 2650 2636 2637
f 2650 2637 2651
f 2651 2637 2638
f 2651 2638 2652
f 2652 2638 2639
f 2652 2639 2653
f 2653 2639 2640
f 2653 2640 2654
f 2654 2640 2619
f 2654 2619 2616
f 1320 2624 1321
f 1321 2624 2641
f 1321 2641 1323
f 1323 2641 2642
f 1323 2642 1324
f 1324 2642 2643
f 1324 2643 1325
f 1325 2643 2644
f 1325 2644 1326
f 1326 2644 2645
f 1326 2645 1327
f 1327 2645 2646
f 1327 2646 1308
f 1308 2646 2647
f 1308 2647 1309
f 1309 2647 2648
f 1309 2648 1311
f 1311 2648 2649
f 1311 2649 1313
f 1313 2649 2650
f 1313 2650 1315
f 1315 2650 2651
f 1315 2651 1316
f 1316 2651 2652
f 1316 2652 1317
f 1317 2652 2653
f 1317 2653 1318
f 1318 2653 2654
f 1318 2654 1319
f 1319 2654 2616
f 1319 2616 1306
f 2620 1516 1979
f 2655 1083 1338
f 2655 1338 2656
f 2657 2658 2659
f 2659 2658 2660
f 2659 2660 2656
f 1523 2661 2662
f 2662 2661 2663
f 2662 2663 2657
f 2664 2622 2621
f 2617 2618 2665
f 2665 2618 2615
f 2665 2615 2614
f 1978 2666 1979
f 1979 2666 2667
f 1979 2667 2620
f 1978 1976 2666
f 2666 1976 1975
f 2666 1975 2668
f 2668 1975 1971
f 2668 1971 2669
f 2669 1971 1973
f 2669 1973 2670
f 2670 1973 1974
f 1974 1969 2670
f 2670 1969 1968
f 2670 1968 2671
f 2671 1968 1965
f 2671 1965 2662
f 2662 1965 1967
f 2662 1967 1523
f 2657 2672 2662
f 2662 2672 2673
f 2662 2673 2671
f 2671 2673 2674
f 2671 2674 2670
f 2670 2674 2675
f 2670 2675 2669
f 2669 2675 2676
f 2669 2676 2668
f 2668 2676 2677
f 2668 2677 2666
f 2666 2677 2664
f 2666 2664 2667
f 2667 2664 2621
f 2667 2621 2620
f 2657 2659 2672
f 2672 2659 2678
f 2672 2678 2673
f 2673 2678 2679
f 2673 2679 2674
f 2674 2679 2680
f 2674 2680 2675
f 2675 2680 2681
f 2675 2681 2676
f 2676 2681 2682
f 2676 2682 2677
f 2677 2682 2665
f 2677 2665 2664
f 2664 2665 2614
f 2664 2614 2622
f 2656 1338 2659
f 2659 1338 1340
f 2659 1340 2678
f 2678 1340 1330
f 2678 1330 2679
f 2679 1330 1332
f 2679 1332 2680
f 2680 1332 1301
f 2680 1301 2681
f 2681 1301 1303
f 2681 1303 2682
f 2682 1303 1300
f 2682 1300 2665
f 2665 1300 1299
f 2665 1299 2617
f 1523 1511 2661
f 2661 1511 2625
f 2661 2625 2663
f 2663 2625 2657
f 2657 2625 2623
f 2657 2623 2658
f 1083 2655 1320
f 1320 2655 2656
f 1320 2656 2623
f 2623 2656 2660
f 2623 2660 2658
f 1832 1836 2683
f 2683 1836 2684
f 2683 2684 2685
f 2684 2686 2685
f 2685 2686 2687
f 2685 2687 2688
f 2688 2687 1140
f 2688 1140 1136
f 2009 1831 1832
f 2685 2688 2689
f 1832 2683 2009
f 2009 2683 2685
f 2009 2685 2008
f 2008 2685 2689
f 1136 1133 2688
f 2688 1133 2690
f 2688 2690 2691
f 2691 2692 2688
f 2688 2692 2693
f 2688 2693 2689
f 2010 2686 2684
f 2010 2684 2011
f 2011 2684 1836
f 2011 1836 1834
f 2694 2687 2695
f 2695 2687 2686
f 2695 2686 2054
f 2054 2686 2010
f 1158 1140 2696
f 2696 1140 2687
f 2696 2687 2697
f 2697 2687 2694
f 2690 1133 1132
f 2698 2699 2700
f 2048 2047 2701
f 2701 2047 2702
f 2693 2692 2703
f 2703 2692 2691
f 2703 2691 2690
f 2693 1982 2689
f 2689 1982 2008
f 2693 2703 1982
f 1982 2703 2704
f 1982 2704 2032
f 2032 2704 2705
f 2032 2705 2033
f 2033 2705 2706
f 2033 2706 2046
f 2046 2706 2700
f 2046 2700 2047
f 2047 2700 2699
f 2047 2699 2702
f 2690 1132 2703
f 2703 1132 1130
f 2703 1130 2704
f 2704 1130 1127
f 2704 1127 2705
f 2705 1127 1125
f 2705 1125 2706
f 2706 1125 1123
f 2706 1123 2700
f 2700 1123 1118
f 2700 1118 2698
f 2696 2697 2707
f 2695 2054 2055
f 2708 1147 1151
f 2708 2709 2710
f 2710 2709 2711
f 1987 2712 1988
f 1988 2712 2713
f 2695 2055 2694
f 2697 2694 2707
f 2707 2694 2055
f 2707 2055 2714
f 2714 2055 2056
f 2056 2058 2714
f 2714 2058 2060
f 2714 2060 2715
f 2715 2060 2067
f 2715 2067 2716
f 2716 2067 1988
f 2716 1988 2709
f 2709 1988 2713
f 2709 2713 2711
f 2708 1151 2709
f 2709 1151 1143
f 2709 1143 2716
f 2716 1143 1142
f 2716 1142 2715
f 2715 1142 1154
f 2715 1154 2714
f 2714 1154 1156
f 2714 1156 2707
f 2707 1156 1158
f 2707 1158 2696
f 1849 1847 2002
f 1849 2002 2717
f 2717 2002 2001
f 2717 2001 2718
f 2718 2001 2048
f 2718 2048 2719
f 2719 2048 2701
f 2719 2701 2702
f 1118 1085 2698
f 2698 1085 2719
f 2698 2719 2699
f 2699 2719 2702
f 1345 1346 2720
f 2720 1346 1347
f 2712 2721 2713
f 2713 2721 2720
f 2713 2720 1164
f 1164 2720 1347
f 1164 1147 2708
f 2708 2710 1164
f 1164 2710 2711
f 1164 2711 2713
f 1986 1857 1858
f 2712 1987 2721
f 2721 1987 1986
f 2721 1986 2722
f 2722 1986 1858
f 2723 1845 1849
f 1849 2717 2723
f 2723 2717 2718
f 2723 2718 2724
f 2724 2718 2719
f 2724 2719 2725
f 2725 2719 1085
f 2725 1085 1084
f 2721 2726 2720
f 2720 2726 1204
f 2720 1204 1345
f 1858 1862 2722
f 2722 1862 2727
f 2722 2727 2721
f 2721 2727 2728
f 2721 2728 2726
f 2000 1844 1845
f 2724 2725 2729
f 1845 2723 2000
f 2000 2723 2724
f 2000 2724 1999
f 1999 2724 2729
f 1084 1322 2725
f 2725 1322 2730
f 2725 2730 2731
f 2731 2732 2725
f 2725 2732 2733
f 2725 2733 2729
f 1081 1204 2726
f 2018 2728 2727
f 2018 2727 2019
f 2019 2727 1862
f 2019 1862 1860
f 2734 1082 1081
f 2018 2071 2728
f 2728 2071 2735
f 2728 2735 2726
f 2726 2735 2736
f 2726 2736 1081
f 1081 2736 2737
f 1081 2737 2734
f 2730 1322 1329
f 2035 2036 2738
f 2738 2036 2739
f 2739 2036 2740
f 2740 2036 2741
f 2740 2741 2742
f 2730 2743 2731
f 2731 2743 2732
f 2733 1985 2729
f 2729 1985 1999
f 2036 2037 2741
f 2741 2037 2039
f 2741 2039 2744
f 2744 2039 2030
f 2744 2030 2745
f 2745 2030 2029
f 2745 2029 2746
f 2746 2029 1985
f 2746 1985 2743
f 2743 1985 2733
f 2743 2733 2732
f 2730 1329 2743
f 2743 1329 1328
f 2743 1328 2746
f 2746 1328 1307
f 2746 1307 2745
f 2745 1307 1310
f 2745 1310 2744
f 2744 1310 1312
f 2744 1312 2741
f 2741 1312 1314
f 2741 1314 2742
f 2734 2737 2747
f 2735 2071 2072
f 2748 1231 1234
f 2749 2750 2751
f 2751 2750 2752
f 2751 2752 2748
f 2084 2083 2753
f 2735 2072 2736
f 2737 2736 2747
f 2747 2736 2072
f 2747 2072 2754
f 2754 2072 2073
f 2073 2075 2754
f 2754 2075 2069
f 2754 2069 2755
f 2755 2069 2068
f 2755 2068 2756
f 2753 2749 2084
f 2084 2749 2751
f 2084 2751 2085
f 2085 2751 2756
f 2085 2756 2081
f 2081 2756 2068
f 2748 1234 2751
f 2751 1234 1227
f 2751 1227 2756
f 2756 1227 1225
f 2756 1225 2755
f 2755 1225 1223
f 2755 1223 2754
f 2754 1223 1080
f 2754 1080 2747
f 2747 1080 1082
f 2747 1082 2734
f 1079 1283 2757
f 2738 2757 2035
f 2035 2757 2758
f 2035 2758 1990
f 1990 2758 2759
f 1990 2759 1991
f 1991 2759 1886
f 1991 1886 1884
f 2738 2739 2757
f 2757 2739 2740
f 2757 2740 2742
f 2742 1314 1305
f 2742 1305 2757
f 2757 1305 1077
f 2757 1077 1079
f 2760 2749 2761
f 2761 2749 2753
f 1236 1231 2760
f 2760 1231 2748
f 2748 2752 2760
f 2760 2752 2750
f 2760 2750 2749
f 2024 1870 1871
f 2753 2083 2761
f 2761 2083 2024
f 2761 2024 2762
f 2762 2024 1871
f 2763 1878 1886
f 1886 2759 2763
f 2763 2759 2758
f 2763 2758 2764
f 2764 2758 2757
f 2764 2757 2765
f 2765 2757 1283
f 2765 1283 1284
f 2762 1871 1872
f 1872 2766 2762
f 2762 2766 2767
f 2762 2767 2761
f 2761 2767 2768
f 2761 2768 2760
f 2760 2768 1247
f 2760 1247 1236
f 2765 1284 1267
f 1265 1074 2769
f 1074 1076 2770
f 2771 2769 2772
f 2772 2769 1074
f 2772 1074 2773
f 2773 1074 2770
f 1267 1265 2765
f 2765 1265 2769
f 2765 2769 2764
f 938 1878 2774
f 2774 1878 2763
f 2774 2763 2775
f 2775 2763 2764
f 2775 2764 2776
f 2776 2764 2769
f 2766 1872 939
f 939 2777 2766
f 2766 2777 2778
f 2766 2778 2767
f 2767 2778 2768
f 2778 2779 2768
f 2768 2779 2780
f 2768 2780 2781
f 1251 1247 2782
f 2782 1247 2768
f 2782 2768 2783
f 2783 2768 2781
f 2770 1076 1075
f 2781 2784 2783
f 2783 2784 2782
f 2771 2772 2785
f 2785 2772 2773
f 2785 2773 2770
f 2770 1075 2785
f 2785 1075 1271
f 2785 1271 2786
f 2786 1271 1281
f 2786 1281 2787
f 2787 1281 1280
f 2787 1280 2788
f 2788 1280 1278
f 2788 1278 2789
f 2789 1278 1276
f 2789 1276 2790
f 2790 1276 1274
f 2790 1274 2784
f 2784 1274 1251
f 2784 1251 2782
f 2791 2792 2793
f 2793 2792 2794
f 2793 2794 2795
f 2795 2794 2796
f 2795 2796 2797
f 2797 2796 2798
f 2797 2798 2799
f 2799 2798 2800
f 2799 2800 2801
f 2801 2800 2802
f 2801 2802 2803
f 2802 2804 2803
f 2803 2804 2805
f 2803 2805 2806
f 2806 2805 2807
f 2806 2807 2808
f 2808 2807 2809
f 2808 2809 2810
f 2810 2809 2811
f 2810 2811 2812
f 2812 2811 2813
f 2812 2813 2814
f 2814 2813 2815
f 2814 2815 2791
f 2791 2815 2816
f 2791 2816 2792
f 2800 2798 2817
f 2817 2818 2800
f 2800 2818 2819
f 2800 2819 2802
f 2819 2820 2802
f 2802 2820 2821
f 2802 2821 2804
f 2821 2822 2804
f 2804 2822 2823
f 2804 2823 2805
f 2823 2824 2805
f 2805 2824 2825
f 2805 2825 2807
f 2825 2826 2807
f 2807 2826 2827
f 2807 2827 2809
f 2827 2828 2809
f 2809 2828 2829
f 2809 2829 2811
f 2829 2830 2811
f 2811 2830 2831
f 2811 2831 2813
f 2831 2832 2813
f 2813 2832 2833
f 2813 2833 2815
f 2833 2834 2815
f 2815 2834 2835
f 2815 2835 2816
f 2835 2836 2816
f 2816 2836 2837
f 2816 2837 2792
f 2837 2838 2792
f 2792 2838 2839
f 2792 2839 2794
f 2839 2840 2794
f 2794 2840 2841
f 2794 2841 2796
f 2841 2842 2796
f 2796 2842 2843
f 2796 2843 2798
f 2798 2843 2844
f 2798 2844 2817
f 2797 2845 2795
f 2795 2845 2846
f 2795 2846 2793
f 2793 2846 2847
f 2793 2847 2791
f 2791 2847 2848
f 2791 2848 2814
f 2814 2848 2849
f 2814 2849 2812
f 2812 2849 2850
f 2812 2850 2810
f 2810 2850 2851
f 2810 2851 2808
f 2808 2851 2852
f 2808 2852 2806
f 2806 2852 2853
f 2806 2853 2803
f 2803 2853 2854
f 2803 2854 2801
f 2801 2854 2855
f 2801 2855 2799
f 2799 2855 2856
f 2799 2856 2797
f 2797 2856 2845
f 2853 2852 2857
f 2857 2852 2851
f 2857 2851 2850
f 2856 2855 2857
f 2857 2855 2854
f 2857 2854 2853
f 2847 2846 2857
f 2857 2846 2845
f 2857 2845 2856
f 2850 2849 2857
f 2857 2849 2848
f 2857 2848 2847
f 2858 962 2859
f 2859 962 997
f 2859 997 2860
f 2860 997 994
f 2860 994 2861
f 2861 994 993
f 2861 993 2862
f 2862 993 991
f 2862 991 2863
f 2863 991 990
f 2863 990 2864
f 2864 990 989
f 2864 989 2865
f 2865 989 986
f 2865 986 2866
f 986 1017 2866
f 2866 1017 1016
f 2866 1016 2867
f 2867 1016 1015
f 2867 1015 2868
f 2868 1015 1013
f 2868 1013 2869
f 2869 1013 1012
f 2869 1012 2870
f 2870 1012 1042
f 2870 1042 2871
f 2871 1042 1041
f 2871 1041 2872
f 2872 1041 1040
f 2872 1040 2873
f 2873 1040 945
f 2873 945 2874
f 2874 945 1039
f 2874 1039 2875
f 1039 1032 2875
f 2875 1032 949
f 2875 949 2876
f 2876 949 948
f 2876 948 2877
f 2877 948 951
f 2877 951 2878
f 2878 951 967
f 2878 967 2879
f 2879 967 966
f 2879 966 2880
f 2880 966 954
f 2880 954 2881
f 2881 954 953
f 2881 953 2882
f 2882 953 976
f 2882 976 2883
f 2883 976 975
f 2883 975 2884
f 2884 975 973
f 2884 973 2885
f 2885 973 971
f 2885 971 2858
f 2858 971 963
f 2858 963 962
f 2886 2885 2887
f 2887 2885 2858
f 2887 2858 2888
f 2888 2858 2859
f 2888 2859 2889
f 2889 2859 2860
f 2889 2860 2890
f 2890 2860 2861
f 2890 2861 2891
f 2891 2861 2862
f 2891 2862 2892
f 2892 2862 2863
f 2892 2863 2893
f 2893 2863 2864
f 2893 2864 2894
f 2894 2864 2865
f 2894 2865 2895
f 2895 2865 2866
f 2895 2866 2896
f 2896 2866 2867
f 2896 2867 2897
f 2897 2867 2868
f 2897 2868 2898
f 2898 2868 2869
f 2898 2869 2899
f 2899 2869 2870
f 2899 2870 2900
f 2900 2870 2871
f 2900 2871 2901
f 2901 2871 2872
f 2901 2872 2902
f 2902 2872 2873
f 2902 2873 2903
f 2903 2873 2874
f 2903 2874 2904
f 2904 2874 2875
f 2904 2875 2905
f 2905 2875 2876
f 2905 2876 2906
f 2906 2876 2877
f 2906 2877 2907
f 2907 2877 2878
f 2907 2878 2908
f 2908 2878 2879
f 2908 2879 2909
f 2909 2879 2880
f 2909 2880 2910
f 2910 2880 2881
f 2910 2881 2911
f 2911 2881 2882
f 2911 2882 2912
f 2912 2882 2883
f 2912 2883 2913
f 2913 2883 2884
f 2913 2884 2886
f 2886 2884 2885
f 2830 2886 2831
f 2831 2886 2887
f 2831 2887 2832
f 2832 2887 2888
f 2832 2888 2833
f 2833 2888 2889
f 2833 2889 2834
f 2834 2889 2890
f 2834 2890 2835
f 2835 2890 2891
f 2835 2891 2836
f 2836 2891 2892
f 2836 2892 2837
f 2837 2892 2893
f 2837 2893 2838
f 2838 2893 2894
f 2838 2894 2839
f 2839 2894 2895
f 2839 2895 2840
f 2840 2895 2896
f 2840 2896 2841
f 2841 2896 2897
f 2841 2897 2842
f 2842 2897 2898
f 2842 2898 2843
f 2843 2898 2899
f 2843 2899 2844
f 2844 2899 2900
f 2844 2900 2817
f 2817 2900 2901
f 2817 2901 2818
f 2818 2901 2902
f 2818 2902 2819
f 2819 2902 2903
f 2819 2903 2820
f 2820 2903 2904
f 2820 2904 2821
f 2821 2904 2905
f 2821 2905 2822
f 2822 2905 2906
f 2822 2906 2823
f 2823 2906 2907
f 2823 2907 2824
f 2824 2907 2908
f 2824 2908 2825
f 2825 2908 2909
f 2825 2909 2826
f 2826 2909 2910
f 2826 2910 2827
f 2827 2910 2911
f 2827 2911 2828
f 2828 2911 2912
f 2828 2912 2829
f 2829 2912 2913
f 2829 2913 2830
f 2830 2913 2886
f 2914 2915 1037
f 1037 2915 946
f 1030 2916 1038
f 1038 2916 2914
f 1038 2914 1037
f 2917 2916 947
f 947 2916 1030
f 2915 2917 946
f 946 2917 947
f 2916 2917 2914
f 2914 2917 2915
f 1047 2918 1062
f 1062 2918 2919
f 1011 1010 2919
f 2919 1010 1054
f 2919 1054 1056
f 1056 1058 2919
f 2919 1058 1060
f 2919 1060 1062
f 1049 2920 1048
f 1048 2920 2918
f 1048 2918 1046
f 1046 2918 1047
f 1014 2921 1025
f 1025 2921 2920
f 1051 1044 1052
f 1052 1044 1050
f 2920 1049 1025
f 1025 1049 1050
f 1025 1050 1043
f 1043 1050 1044
f 2919 2921 1011
f 1011 2921 1014
f 2920 2921 2918
f 2918 2921 2919
f 2922 2923 1000
f 1000 2923 992
f 1001 2924 1002
f 1002 2924 2922
f 1002 2922 1000
f 2925 2924 988
f 988 2924 1001
f 2923 2925 992
f 992 2925 988
f 2924 2925 2922
f 2922 2925 2923
f 2926 2927 970
f 970 2927 974
f 968 2928 969
f 969 2928 2926
f 969 2926 970
f 2929 2928 972
f 972 2928 968
f 2927 2929 974
f 974 2929 972
f 2928 2929 2926
f 2926 2929 2927
f 2930 2931 957
f 957 2931 955
f 960 2932 978
f 978 2932 2930
f 978 2930 957
f 2933 2932 952
f 952 2932 960
f 2931 2933 955
f 955 2933 952
f 2932 2933 2930
f 2930 2933 2931
f 2044 2934 2031
f 2934 2044 2935
f 2935 2044 2043
f 2935 2043 2042
f 2935 2042 2934
f 2934 2042 2041
f 2934 2041 2031
f 2070 2936 2080
f 2936 2070 2937
f 2937 2070 2076
f 2937 2076 2077
f 2937 2077 2936
f 2936 2077 2078
f 2936 2078 2080
f 2059 2938 2065
f 2938 2059 2939
f 2939 2059 2061
f 2939 2061 2062
f 2939 2062 2938
f 2938 2062 2063
f 2938 2063 2065
f 2053 2940 2034
f 2940 2053 2941
f 2941 2053 2052
f 2941 2052 2051
f 2941 2051 2940
f 2940 2051 2050
f 2940 2050 2034
f 2089 2942 2090
f 2090 2942 2943
f 2090 2943 2097
f 2097 2943 2944
f 2097 2944 2098
f 2098 2944 2945
f 2098 2945 2100
f 2100 2945 2946
f 2100 2946 2091
f 2091 2946 2947
f 2091 2947 2086
f 2086 2947 2948
f 2086 2948 2087
f 2087 2948 2949
f 2087 2949 2093
f 2093 2949 2950
f 2093 2950 2092
f 2092 2950 2951
f 2092 2951 2096
f 2096 2951 2952
f 2096 2952 2099
f 2099 2952 2953
f 2099 2953 2089
f 2089 2953 2942
f 2949 2948 2954
f 2954 2948 2947
f 2954 2947 2946
f 2952 2951 2954
f 2954 2951 2950
f 2954 2950 2949
f 2943 2942 2954
f 2954 2942 2953
f 2954 2953 2952
f 2946 2945 2954
f 2954 2945 2944
f 2954 2944 2943
f 936 938 2955
f 2956 2094 2957
f 2957 2094 1996
f 2957 1996 2958
f 2958 1996 1989
f 2958 1989 2959
f 2959 1989 935
f 2959 935 2955
f 2955 935 934
f 2955 934 936
f 2960 2961 2088
f 2962 2963 2095
f 2095 2963 2088
f 2088 2963 2964
f 2088 2964 2960
f 2956 2965 2094
f 2094 2965 2966
f 2094 2966 2095
f 2095 2966 2967
f 2095 2967 2962
f 939 941 2968
f 2968 941 943
f 2088 2961 2028
f 2028 2961 2969
f 2028 2969 2025
f 2025 2969 944
f 944 2969 2970
f 944 2970 943
f 943 2970 2971
f 943 2971 2968
f 2777 939 2968
f 2781 2968 2784
f 2784 2968 2972
f 2777 2968 2778
f 2781 2780 2968
f 2968 2780 2779
f 2968 2779 2778
f 2973 2789 2972
f 2972 2789 2790
f 2972 2790 2784
f 2974 2787 2973
f 2973 2787 2788
f 2973 2788 2789
f 2955 938 2774
f 2774 2775 2955
f 2955 2775 2776
f 2955 2776 2769
f 2769 2771 2955
f 2955 2771 2785
f 2955 2785 2974
f 2974 2785 2786
f 2974 2786 2787
f 2968 2971 2975
f 2968 2975 2972
f 2972 2975 2976
f 2972 2976 2973
f 2959 2955 2977
f 2977 2955 2974
f 2977 2974 2978
f 2978 2974 2973
f 2978 2973 2979
f 2979 2973 2976
f 2980 2981 2982
f 2958 2959 2977
f 2983 2982 2957
f 2957 2982 2956
f 2981 2984 2982
f 2982 2984 2985
f 2982 2985 2956
f 2985 2986 2956
f 2956 2986 2987
f 2956 2987 2965
f 2965 2987 2988
f 2965 2988 2966
f 2966 2988 2989
f 2966 2989 2967
f 2967 2989 2990
f 2967 2990 2962
f 2962 2990 2991
f 2992 2960 2993
f 2993 2960 2964
f 2993 2964 2991
f 2991 2964 2963
f 2991 2963 2962
f 2994 2995 2996
f 2996 2995 2997
f 2992 2994 2960
f 2960 2994 2996
f 2960 2996 2961
f 2961 2996 2998
f 2961 2998 2969
f 2969 2998 2970
f 2999 3000 2976
f 2976 3000 3001
f 3001 3002 2976
f 2976 3002 3003
f 2976 3003 3004
f 3004 3005 2976
f 2976 3005 3006
f 2976 3006 2979
f 2979 3006 3007
f 2979 3007 3008
f 3008 3009 2979
f 2979 3009 3010
f 2979 3010 2978
f 2978 3010 3011
f 2978 3011 3012
f 2997 2999 2996
f 2996 2999 2976
f 2996 2976 2998
f 2998 2976 2975
f 2998 2975 2970
f 2970 2975 2971
f 2957 2958 2983
f 2983 2958 2977
f 2983 2977 2982
f 2982 2977 2978
f 2982 2978 2980
f 2980 2978 3012
f 3013 3014 3015
f 3015 3014 3016
f 3015 3016 3017
f 3018 3019 3015
f 3015 3019 3020
f 3015 3020 3013
f 3021 3022 3015
f 3015 3022 3023
f 3015 3023 3018
f 3017 3024 3015
f 3015 3024 3025
f 3015 3025 3021
f 2985 2984 3021
f 3016 3014 2995
f 3001 3000 3013
f 3013 3000 2999
f 3013 2999 3014
f 3014 2999 2997
f 3014 2997 2995
f 3001 3013 3002
f 3002 3013 3020
f 3002 3020 3003
f 3003 3020 3004
f 3004 3020 3019
f 3004 3019 3005
f 3009 3008 3018
f 3018 3008 3007
f 3018 3007 3019
f 3019 3007 3006
f 3019 3006 3005
f 3009 3018 3010
f 3010 3018 3023
f 3010 3023 3011
f 3011 3023 3012
f 3012 3023 3022
f 3012 3022 2980
f 3021 2984 3022
f 3022 2984 2981
f 3022 2981 2980
f 2985 3021 2986
f 2986 3021 3025
f 2986 3025 2987
f 3024 3017 2991
f 2991 2990 3024
f 3024 2990 2989
f 3024 2989 3025
f 3025 2989 2988
f 3025 2988 2987
f 2995 2994 3016
f 3016 2994 2992
f 3016 2992 3017
f 3017 2992 2993
f 3017 2993 2991
f 1517 1518 3026
f 3026 1518 3027
f 3026 3027 3028
f 3028 3027 3029
f 3028 3029 3030
f 3030 3029 3031
f 3030 3031 3032
f 3032 3031 3033
f 3032 3033 1520
f 1520 3033 1521
f 1520 1522 3032
f 3032 1522 1966
f 3032 1966 3030
f 3030 1966 1970
f 3030 1970 3028
f 3028 1970 1972
f 3028 1972 3026
f 3026 1972 1977
f 3026 1977 1517
f 1517 1977 1515
f 708 1521 709
f 709 1521 3033
f 709 3033 795
f 795 3033 3031
f 795 3031 797
f 797 3031 3029
f 797 3029 800
f 800 3029 3027
f 800 3027 713
f 713 3027 1518
f 713 1518 714
f 930 1390 928
f 928 1390 3034
f 928 3034 925
f 925 3034 3035
f 925 3035 921
f 921 3035 3036
f 921 3036 916
f 916 3036 3037
f 2250 2251 2249
f 2249 2251 917
f 2249 917 1394
f 1394 917 916
f 1394 916 1393
f 1393 916 3037
f 909 1392 3038
f 909 3038 911
f 1391 730 3039
f 3039 730 729
f 3039 729 3040
f 3040 729 788
f 3040 788 3041
f 3041 788 785
f 3041 785 3038
f 3038 785 703
f 913 911 915
f 915 911 3038
f 915 3038 702
f 702 3038 703
f 1390 1391 3034
f 3034 1391 3039
f 3034 3039 3035
f 3035 3039 3040
f 3035 3040 3036
f 3036 3040 3041
f 3036 3041 3037
f 3037 3041 3038
f 3037 3038 1393
f 1393 3038 1392
f 1422 1423 3042
f 3042 1423 3043
f 3042 3043 3044
f 3044 3043 3045
f 3044 3045 3046
f 3046 3045 3047
f 3046 3047 3048
f 3048 3047 3049
f 3048 3049 1425
f 1425 3049 1426
f 1425 891 3048
f 3048 891 893
f 3048 893 3046
f 3046 893 897
f 3046 897 3044
f 3044 897 900
f 3044 900 3042
f 3042 900 903
f 3042 903 1422
f 1422 903 905
f 699 1426 700
f 700 1426 3049
f 1423 756 3043
f 3043 756 755
f 3043 755 3045
f 3045 755 778
f 3045 778 3047
f 3047 778 776
f 3047 776 3049
f 3049 776 775
f 3049 775 700
f 1453 1454 3050
f 3050 1454 3051
f 3050 3051 3052
f 3052 3051 3053
f 3052 3053 3054
f 3054 3053 3055
f 3054 3055 3056
f 3056 3055 3057
f 3056 3057 1456
f 1456 3057 1455
f 1456 875 3056
f 3056 875 874
f 3056 874 3054
f 3054 874 879
f 3054 879 3052
f 3052 879 882
f 3052 882 3050
f 3050 882 886
f 3050 886 1453
f 1453 886 888
f 1454 767 3051
f 3051 767 766
f 3051 766 3053
f 3053 766 846
f 3053 846 3055
f 3055 846 844
f 3055 844 3057
f 3057 844 841
f 3057 841 1455
f 1455 841 697
f 1455 697 696
f 1484 1485 3058
f 3058 1485 3059
f 3058 3059 3060
f 3060 3059 3061
f 3060 3061 3062
f 3062 3061 3063
f 3062 3063 3064
f 3064 3063 3065
f 3064 3065 1487
f 1487 3065 1488
f 1487 857 3064
f 3064 857 860
f 3064 860 3062
f 3062 860 863
f 3062 863 3060
f 3060 863 866
f 3060 866 3058
f 3058 866 869
f 3058 869 1484
f 1484 869 871
f 711 1488 712
f 712 1488 3065
f 712 3065 810
f 810 3065 3063
f 810 3063 820
f 820 3063 3061
f 820 3061 823
f 823 3061 3059
f 823 3059 772
f 772 3059 1485
f 772 1485 773
f 3066 2137 2104
f 3067 2133 3068
f 3068 2133 2135
f 3068 2135 2180
f 2109 2111 3069
f 2125 2127 3067
f 3066 2104 3069
f 3069 2104 2107
f 3069 2107 2109
f 2111 2113 3069
f 3069 2113 2115
f 3069 2115 2117
f 2117 2119 3069
f 3069 2119 2121
f 3069 2121 3067
f 3067 2121 2123
f 3067 2123 2125
f 2127 2129 3067
f 3067 2129 2131
f 3067 2131 2133
f 2180 2184 1006
f 1006 2184 2182
f 1006 2182 1007
f 1004 2136 1003
f 1003 2136 2138
f 2180 1006 3068
f 3068 1006 1008
f 3068 1008 3067
f 3067 1008 985
f 3067 985 3069
f 985 984 3069
f 3069 984 1003
f 3069 1003 3066
f 3066 1003 2138
f 3066 2138 2137
f 1512 1519 3070
f 1501 1504 3070
f 1504 1507 3070
f 3070 1507 1510
f 3070 1510 1512
f 3071 1490 1489
f 3070 3072 1501
f 1501 3072 3073
f 1501 3073 1498
f 1498 3073 3071
f 1498 3071 1495
f 1495 3071 1489
f 965 1490 961
f 961 1490 3071
f 961 3071 995
f 995 3071 3073
f 995 3073 996
f 996 3073 3072
f 996 3072 998
f 998 3072 3070
f 998 3070 999
f 999 3070 1519
f 999 1519 987
f 3074 1459 1458
f 1458 1464 3074
f 3074 1464 1467
f 3074 1467 3075
f 3075 1467 1470
f 3075 1470 3076
f 1476 1479 3077
f 3077 1479 1481
f 3077 1481 1486
f 3076 1470 3077
f 3077 1470 1473
f 3077 1473 1476
f 1486 979 983
f 1486 983 3077
f 3077 983 982
f 3077 982 3076
f 3076 982 981
f 3076 981 3075
f 3075 981 980
f 3075 980 3074
f 3074 980 959
f 3074 959 1459
f 1450 1457 3078
f 1439 1442 3078
f 3079 1428 1427
f 1442 1445 3078
f 3078 1445 1448
f 3078 1448 1450
f 3078 3080 1439
f 1439 3080 3081
f 1439 3081 1436
f 1436 3081 3079
f 1436 3079 1433
f 1433 3079 1427
f 1457 956 950
f 1457 950 3078
f 950 1034 3078
f 3078 1034 1033
f 3078 1033 3080
f 3080 1033 1031
f 3080 1031 3081
f 3081 1031 1028
f 3081 1028 3079
f 3079 1028 1029
f 3079 1029 1428
f 1424 1036 1035
f 1424 1035 3082
f 3082 1035 1024
f 3082 1024 3083
f 3083 1024 1023
f 3083 1023 3084
f 3084 1023 1022
f 3084 1022 3085
f 3085 1022 1021
f 3085 1021 1397
f 3085 1397 1396
f 1414 1417 3082
f 3082 1417 1419
f 3082 1419 1424
f 1396 1402 3085
f 3085 1402 1405
f 3085 1405 3084
f 3084 1405 1408
f 3084 1408 3083
f 3083 1408 3082
f 3082 1408 1411
f 3082 1411 1414

