# https://github.com/mikedh/trimesh

o jq1_Link.STL
v 8.89980912 1.75447334 3.57620227
v 7.67225434 1.74982753 1.45000000
v 8.89943063 1.85447317 3.57620227
v 7.67187585 1.84982680 1.45000000
v 8.91362268 -1.89550072 3.57620227
v 7.68606791 -1.90014653 1.45000000
v 8.91324419 -1.79550145 3.57620227
v 7.68568942 -1.80014726 1.45000000
v 5.41664900 -1.75873414 1.30000000
v 5.15665084 -1.75971799 1.30000000
v 5.15622503 -1.64721888 1.30000000
v 5.94414517 -1.75673775 1.30000000
v 5.41622320 -1.64623484 1.30000000
v 6.36155651 0.35291233 1.30000000
v 6.22133775 0.30676506 1.30000000
v 6.17999430 0.66167209 1.30000000
v 6.05303943 -0.07512228 1.30000000
v 6.11359074 -0.20974921 1.30000000
v 5.93832645 -0.21924879 1.30000000
v 6.86167355 0.21924879 1.30000000
v 6.86331985 -0.21574809 1.30000000
v 6.75499746 0.00134351 1.30000000
v 6.33454085 -1.01025496 1.30000000
v 6.32397434 -1.05029531 1.30000000
v 6.18723223 -1.25081418 1.30000000
v 6.33484361 -1.09025436 1.30000000
v 6.44423568 -1.11912265 1.30000000
v 6.62222912 -1.24916788 1.30000000
v 6.40427653 -1.12999193 1.30000000
v 6.36423625 -1.11942543 1.30000000
v 6.51097800 -0.33720748 1.30000000
v 6.63853809 -0.26291553 1.30000000
v 6.44371128 -0.98055955 1.30000000
v 6.47340669 -1.08972993 1.30000000
v 6.48397319 -1.04968976 1.30000000
v 6.47310392 -1.00973062 1.30000000
v 6.36422881 -0.35319317 1.30000000
v 6.40367100 -0.96999304 1.30000000
v 6.22366478 -0.30810856 1.30000000
v 6.36371185 -0.98086232 1.30000000
v 5.94223400 -1.25174141 1.30000000
v 6.05248078 0.07249397 1.30000000
v 5.93668015 0.21574809 1.30000000
v 6.11201133 0.20757536 1.30000000
v 5.93499604 0.66074491 1.30000000
v 6.50842249 0.33803780 1.30000000
v 6.61499118 0.66331839 1.30000000
v 6.63654124 0.26471352 1.30000000
v 6.18914342 -1.75581053 1.30000000
v 6.18871767 -1.64331123 1.30000000
v 6.62414031 -1.75416432 1.30000000
v 6.62371456 -1.64166503 1.30000000
v 6.86913857 -1.75323710 1.30000000
v 6.86871281 -1.64073780 1.30000000
v 6.86722735 -1.24824066 1.30000000
v 6.72485276 -0.14316312 1.30000000
v 6.47492050 -1.48972720 1.30000000
v 6.48548701 -1.44968685 1.30000000
v 6.33635743 -1.49025153 1.30000000
v 6.36575007 -1.51942251 1.30000000
v 6.40579034 -1.52998902 1.30000000
v 6.44574949 -1.51911974 1.30000000
v 7.65663290 -1.75025668 1.30000000
v 6.47461774 -1.40972771 1.30000000
v 6.33605466 -1.41025204 1.30000000
v 6.32548816 -1.45029239 1.30000000
v 6.44522509 -1.38055673 1.30000000
v 6.40518482 -1.36999013 1.30000000
v 6.36522567 -1.38085950 1.30000000
v 5.94371941 -1.64423846 1.30000000
v 6.98086519 -0.03780196 1.30000000
v 7.01025782 -0.06697297 1.30000000
v 7.05029813 -0.07753948 1.30000000
v 6.96999591 0.00215719 1.30000000
v 6.98056242 0.04219746 1.30000000
v 7.65620719 -1.63775757 1.30000000
v 7.65472173 -1.24526033 1.30000000
v 7.65081418 -0.21276777 1.30000000
v 7.09025727 -0.06667020 1.30000000
v 7.11942825 -0.03727756 1.30000000
v 7.12999480 0.00276271 1.30000000
v 7.64916798 0.22222912 1.30000000
v 7.11912548 0.04272186 1.30000000
v 7.08973284 0.07189287 1.30000000
v 7.04969258 0.08245938 1.30000000
v 7.00973340 0.07159011 1.30000000
v 5.75030742 -0.08245938 1.30000000
v 5.79026660 -0.07159011 1.30000000
v 5.74970187 0.07753948 1.30000000
v 5.70974273 0.06667021 1.30000000
v 5.40918398 0.21375176 1.30000000
v 5.78974218 0.06697297 1.30000000
v 5.68057175 0.03727756 1.30000000
v 5.67000520 -0.00276271 1.30000000
v 5.41083019 -0.22124513 1.30000000
v 5.68087452 -0.04272186 1.30000000
v 5.71026716 -0.07189287 1.30000000
v 5.41473774 -1.25373770 1.30000000
v 5.81943758 -0.04219746 1.30000000
v 5.83000409 -0.00215719 1.30000000
v 5.81913481 0.03780196 1.30000000
v 6.85998944 0.66424557 1.30000000
v 7.64748377 0.66722590 1.30000000
v 7.64526042 1.25472173 1.30000000
v 6.85776600 1.25174141 1.30000000
v 6.61276777 1.25081418 1.30000000
v 6.47602566 1.05029531 1.30000000
v 6.46515639 1.09025436 1.30000000
v 6.32689608 1.00973053 1.30000000
v 6.31602681 1.04968976 1.30000000
v 6.17777088 1.24916788 1.30000000
v 6.32659331 1.08972993 1.30000000
v 6.35628872 0.98055964 1.30000000
v 6.39632900 0.96999304 1.30000000
v 6.43628815 0.98086232 1.30000000
v 6.46545915 1.01025496 1.30000000
v 6.72375986 0.14561783 1.30000000
v 6.43576375 1.11942543 1.30000000
v 6.39572347 1.12999193 1.30000000
v 6.35576432 1.11912265 1.30000000
v 6.31451299 1.44968685 1.30000000
v 6.32538226 1.40972771 1.30000000
v 6.46394534 1.41025204 1.30000000
v 6.47451184 1.45029239 1.30000000
v 6.61108366 1.69581100 1.30000000
v 6.85608189 1.69673823 1.30000000
v 7.64357631 1.69971846 1.30000000
v 6.35477491 1.38055673 1.30000000
v 6.39481518 1.36999022 1.30000000
v 6.43477433 1.38085950 1.30000000
v 6.32507950 1.48972720 1.30000000
v 6.17608677 1.69416461 1.30000000
v 6.35425051 1.51911974 1.30000000
v 6.46364257 1.49025153 1.30000000
v 6.43424993 1.51942251 1.30000000
v 6.39420966 1.52998902 1.30000000
v 5.93277265 1.24824066 1.30000000
v 5.93108854 1.69323739 1.30000000
v 5.40749987 0.65874853 1.30000000
v 5.40527643 1.24624437 1.30000000
v 5.40359232 1.69124119 1.30000000
v 5.15473958 -1.25472173 1.30000000
v 5.15083202 -0.22222912 1.30000000
v 5.14918582 0.21276777 1.30000000
v 5.14750171 0.65776459 1.30000000
v 5.14527827 1.24526033 1.30000000
v 5.14359416 1.69025715 1.30000000
v 7.65663290 -1.75025668 1.40000000
v 7.65620719 -1.63775757 1.40000000
v 6.86871281 -1.64073780 1.40000000
v 7.65472173 -1.24526033 1.40000000
v 6.86722735 -1.24824066 1.40000000
v 6.85998944 0.66424557 1.40000000
v 6.85776600 1.25174141 1.40000000
v 6.61276777 1.25081418 1.40000000
v 6.85608189 1.69673823 1.40000000
v 6.61108366 1.69581100 1.40000000
v 6.86167355 0.21924879 1.40000000
v 6.75499746 0.00134351 1.40000000
v 6.86331985 -0.21574809 1.40000000
v 6.72485276 -0.14316312 1.40000000
v 6.63853809 -0.26291553 1.40000000
v 6.11201133 0.20757536 1.40000000
v 6.22133775 0.30676506 1.40000000
v 6.17999430 0.66167209 1.40000000
v 6.36155651 0.35291233 1.40000000
v 6.61499118 0.66331839 1.40000000
v 6.50842249 0.33803780 1.40000000
v 6.63654124 0.26471352 1.40000000
v 5.94223400 -1.25174141 1.40000000
v 6.11359074 -0.20974921 1.40000000
v 5.93832645 -0.21924879 1.40000000
v 6.05303943 -0.07512228 1.40000000
v 5.93668015 0.21574809 1.40000000
v 6.47310392 -1.00973062 1.40000000
v 6.48397319 -1.04968976 1.40000000
v 6.62222912 -1.24916788 1.40000000
v 6.47340669 -1.08972993 1.40000000
v 6.44423568 -1.11912265 1.40000000
v 6.40427653 -1.12999193 1.40000000
v 6.18723223 -1.25081418 1.40000000
v 6.36423625 -1.11942543 1.40000000
v 6.33484361 -1.09025436 1.40000000
v 6.32397434 -1.05029531 1.40000000
v 6.33454085 -1.01025496 1.40000000
v 6.36371185 -0.98086232 1.40000000
v 6.44371128 -0.98055955 1.40000000
v 6.51097800 -0.33720748 1.40000000
v 6.40367100 -0.96999304 1.40000000
v 6.36422881 -0.35319317 1.40000000
v 6.22366478 -0.30810856 1.40000000
v 6.47451184 1.45029239 1.40000000
v 6.46394534 1.41025204 1.40000000
v 6.43477433 1.38085950 1.40000000
v 6.39481518 1.36999022 1.40000000
v 6.17777088 1.24916788 1.40000000
v 6.35477491 1.38055673 1.40000000
v 6.46364257 1.49025153 1.40000000
v 6.32507950 1.48972720 1.40000000
v 6.17608677 1.69416461 1.40000000
v 6.31451299 1.44968685 1.40000000
v 6.32538226 1.40972771 1.40000000
v 6.35425051 1.51911974 1.40000000
v 6.39420966 1.52998902 1.40000000
v 6.43424993 1.51942251 1.40000000
v 6.46515639 1.09025436 1.40000000
v 6.47602566 1.05029531 1.40000000
v 6.72375986 0.14561783 1.40000000
v 6.46545915 1.01025496 1.40000000
v 6.43628815 0.98086232 1.40000000
v 6.39632900 0.96999304 1.40000000
v 6.35628872 0.98055964 1.40000000
v 6.32689608 1.00973053 1.40000000
v 6.31602681 1.04968976 1.40000000
v 6.32659331 1.08972993 1.40000000
v 6.35576432 1.11912265 1.40000000
v 6.39572347 1.12999193 1.40000000
v 6.43576375 1.11942543 1.40000000
v 5.93108854 1.69323739 1.40000000
v 5.93277265 1.24824066 1.40000000
v 5.93499604 0.66074491 1.40000000
v 6.05248078 0.07249397 1.40000000
v 5.40359232 1.69124119 1.40000000
v 5.40527643 1.24624437 1.40000000
v 5.40749987 0.65874853 1.40000000
v 5.40918398 0.21375176 1.40000000
v 7.11942825 -0.03727756 1.40000000
v 7.09025727 -0.06667020 1.40000000
v 7.65081418 -0.21276777 1.40000000
v 7.05029813 -0.07753948 1.40000000
v 7.01025782 -0.06697297 1.40000000
v 6.98086519 -0.03780196 1.40000000
v 6.96999591 0.00215719 1.40000000
v 6.98056242 0.04219746 1.40000000
v 7.00973340 0.07159011 1.40000000
v 7.04969258 0.08245938 1.40000000
v 7.64916798 0.22222912 1.40000000
v 7.64748377 0.66722590 1.40000000
v 7.64526042 1.25472173 1.40000000
v 7.64357631 1.69971846 1.40000000
v 7.08973284 0.07189287 1.40000000
v 7.11912548 0.04272186 1.40000000
v 7.12999480 0.00276271 1.40000000
v 5.67000520 -0.00276271 1.40000000
v 5.68087452 -0.04272186 1.40000000
v 5.41083019 -0.22124513 1.40000000
v 5.71026716 -0.07189287 1.40000000
v 5.75030742 -0.08245938 1.40000000
v 5.68057175 0.03727756 1.40000000
v 5.70974273 0.06667021 1.40000000
v 5.74970187 0.07753948 1.40000000
v 5.78974218 0.06697297 1.40000000
v 5.81913481 0.03780196 1.40000000
v 5.83000409 -0.00215719 1.40000000
v 5.81943758 -0.04219746 1.40000000
v 5.79026660 -0.07159011 1.40000000
v 6.62371456 -1.64166503 1.40000000
v 6.48548701 -1.44968685 1.40000000
v 6.47492050 -1.48972720 1.40000000
v 6.44574949 -1.51911974 1.40000000
v 6.40579034 -1.52998902 1.40000000
v 6.18871767 -1.64331123 1.40000000
v 6.36575007 -1.51942251 1.40000000
v 6.47461774 -1.40972771 1.40000000
v 6.33605466 -1.41025204 1.40000000
v 6.32548816 -1.45029239 1.40000000
v 6.33635743 -1.49025153 1.40000000
v 6.36522567 -1.38085950 1.40000000
v 6.40518482 -1.36999013 1.40000000
v 6.44522509 -1.38055673 1.40000000
v 5.94371941 -1.64423846 1.40000000
v 5.41473774 -1.25373770 1.40000000
v 5.41622320 -1.64623484 1.40000000
v 6.86913857 -1.75323710 1.40000000
v 6.62414031 -1.75416432 1.40000000
v 6.18914342 -1.75581053 1.40000000
v 5.94414517 -1.75673775 1.40000000
v 5.41664900 -1.75873414 1.40000000
v 5.14359416 1.69025715 1.40000000
v 5.14527827 1.24526033 1.40000000
v 5.14750171 0.65776459 1.40000000
v 5.14918582 0.21276777 1.40000000
v 5.15083202 -0.22222912 1.40000000
v 5.15473958 -1.25472173 1.40000000
v 5.15622503 -1.64721888 1.40000000
v 5.15665084 -1.75971799 1.40000000
v 7.67167124 1.74980015 1.44841362
v 7.66222447 1.74248684 1.42398198
v 7.66470225 1.83838140 1.39259749
v 7.67036013 1.84930973 1.43762663
v 7.65291487 1.77475438 1.32009619
v 7.65408610 1.78309437 1.32527956
v 7.65288777 1.72423776 1.40640485
v 7.65965644 1.81720164 1.35666095
v 7.66232952 1.82969421 1.37500000
v 7.64909030 1.74542014 1.30712485
v 5.14417130 1.69184580 1.40002517
v 5.15355326 1.71631295 1.40730266
v 5.15059379 1.74768660 1.31141807
v 5.14506509 1.70263611 1.30051121
v 5.16234746 1.82023291 1.37500000
v 5.16116421 1.81504507 1.36666446
v 5.16289228 1.73392575 1.42551607
v 5.15558373 1.78364217 1.33257844
v 5.15293272 1.76529307 1.32009619
v 5.16623387 1.83321889 1.40431967
v 5.17227228 1.74036622 1.45000000
v 5.17189379 1.84036549 1.45000000
v 7.02444401 1.84737649 4.65873420
v 7.02482250 1.74737722 4.65873420
v 8.07945083 1.85136925 3.44594582
v 8.22180777 1.85190812 3.47620487
v 8.28517421 1.85214784 4.07910175
v 8.80046587 1.85409803 4.80211056
v 8.93994409 1.85462590 4.58154171
v 7.87372754 1.85059067 4.07910175
v 7.77634417 1.85022224 3.97094577
v 7.73137070 1.85005199 3.83253075
v 8.38255777 1.85251646 3.97094577
v 8.61225526 1.85338575 4.98289033
v 8.15221935 1.85164474 4.13829736
v 8.38625047 1.85253043 5.11337533
v 8.13558630 1.85158178 5.18598161
v 8.00668232 1.85109396 4.13829736
v 7.87483032 1.85059495 5.19648954
v 7.18121838 1.84796993 4.86736424
v 7.38336525 1.84873492 5.03241322
v 7.61913664 1.84962712 5.14428891
v 8.33954967 1.85235366 3.56175001
v 8.41231819 1.85262896 3.68778981
v 9.00172132 1.85485967 3.81628904
v 8.42753115 1.85268670 3.83253075
v 9.04358334 1.85501818 4.07387908
v 9.02258425 1.85493864 4.33400232
v 7.74658348 1.85010955 3.68778981
v 7.81935209 1.85038485 3.56175001
v 7.93709417 1.85083058 3.47620487
v 8.07982932 1.75136998 3.44594582
v 7.93747257 1.75083131 3.47620487
v 7.74696197 1.75011028 3.68778981
v 7.87520881 1.75059550 5.19648954
v 8.00706080 1.75109450 4.13829736
v 8.13596479 1.75158251 5.18598161
v 8.15259784 1.75164547 4.13829736
v 7.81973048 1.75038557 3.56175001
v 7.73174919 1.75005272 3.83253075
v 7.77672266 1.75022278 3.97094577
v 7.18159682 1.74797047 4.86736424
v 7.87410603 1.75059140 4.07910175
v 7.38374374 1.74873564 5.03241322
v 7.61951513 1.74962785 5.14428891
v 8.28555270 1.75214857 4.07910175
v 8.61263375 1.75338648 4.98289033
v 8.38662896 1.75253116 5.11337533
v 8.38293608 1.75251719 3.97094577
v 8.94032258 1.75462663 4.58154171
v 8.80084417 1.75409876 4.80211056
v 9.00209981 1.75486039 3.81628904
v 8.42790964 1.75268725 3.83253075
v 9.04396183 1.75501872 4.07387908
v 9.02296274 1.75493937 4.33400232
v 8.41269668 1.75262969 3.68778981
v 8.33992816 1.75235439 3.56175001
v 8.22218626 1.75190866 3.47620487
v 5.18608584 -1.90960784 1.45000000
v 5.18570735 -1.80960856 1.45000000
v 5.18512407 -1.80958565 1.44841362
v 5.17562216 -1.80234406 1.42398198
v 5.17882572 -1.89821701 1.39259749
v 5.18456611 -1.90910231 1.43762663
v 5.16655713 -1.83468107 1.32009619
v 5.16779141 -1.84301194 1.32527956
v 5.16614772 -1.78416613 1.40640485
v 5.17361972 -1.87707618 1.35666095
v 5.17638733 -1.88954808 1.37500000
v 5.16251053 -1.80537663 1.30712485
v 7.65722215 -1.75184086 1.40002517
v 7.66678897 -1.77623648 1.40730266
v 7.66406690 -1.80763155 1.31141807
v 7.65819743 -1.76262427 1.30051121
v 7.67636949 -1.88008677 1.37500000
v 7.67514694 -1.87490806 1.36666446
v 7.67626099 -1.79377794 1.42551607
v 7.66932887 -1.84354838 1.33257844
v 7.66653919 -1.82521977 1.32009619
v 7.68035396 -1.89304315 1.40431967
v 7.03825757 -1.80259738 4.65873420
v 7.03863606 -1.90259684 4.65873420
v 8.25757168 -1.89798363 3.21877427
v 8.07238805 -1.89868454 3.19632232
v 8.00911717 -1.89892389 3.08224014
v 7.07720474 -1.90245081 2.03339747
v 7.12720437 -1.90226156 2.02000002
v 7.17720401 -1.90207232 2.03339747
v 7.19541039 -1.90200340 4.86736424
v 8.42719495 -1.89734157 4.54487107
v 7.04060246 -1.90258939 2.06999998
v 7.02720510 -1.90264005 2.11999999
v 7.04060246 -1.90258939 2.17000000
v 7.88902237 -1.89937837 5.19648954
v 7.63332869 -1.90034602 5.14428891
v 8.44059239 -1.89729091 4.59487117
v 8.42690996 -1.89734269 3.29701542
v 7.07720474 -1.90245081 2.20660256
v 7.12720437 -1.90226156 2.22000000
v 7.39755730 -1.90123841 5.03241322
v 7.90224483 -1.89932846 3.00743296
v 7.77339681 -1.89981610 2.98703830
v 7.64864606 -1.90028809 3.02518304
v 8.14977835 -1.89839154 5.18598161
v 8.47719468 -1.89715251 4.63147364
v 8.40044252 -1.89744290 5.11337533
v 8.52719422 -1.89696327 4.64487127
v 8.62644731 -1.89658757 4.98289033
v 8.57719413 -1.89677402 4.63147364
v 8.81465773 -1.89587530 4.80211056
v 8.61379623 -1.89663544 4.59487117
v 8.95413614 -1.89534742 4.58154171
v 8.62719368 -1.89658478 4.54487107
v 9.03677631 -1.89503469 4.33400232
v 8.61379623 -1.89663544 4.49487116
v 9.05777539 -1.89495515 4.07387908
v 8.57719413 -1.89677402 4.45826850
v 9.01591338 -1.89511366 3.81628904
v 7.55323663 -1.90064926 3.11414874
v 7.50647464 -1.90082621 3.23593258
v 7.51782309 -1.90078318 3.36589101
v 8.12683392 -1.89847834 4.39502704
v 8.52719422 -1.89696327 4.44487105
v 7.94123986 -1.89918075 4.37626723
v 8.47719468 -1.89715251 4.45826850
v 8.44059239 -1.89729091 4.49487116
v 7.58498504 -1.90052912 3.47772646
v 7.51183692 -1.90080591 3.64932749
v 7.53588730 -1.90071482 4.01708871
v 7.63076113 -1.90035589 4.17770143
v 7.49492615 -1.90086998 3.83510045
v 8.56403473 -1.89682376 3.42348325
v 8.30921985 -1.89778823 4.35587964
v 8.47076799 -1.89717673 4.26260899
v 8.59586324 -1.89670324 4.12423085
v 8.67241404 -1.89641360 3.95412068
v 8.69302067 -1.89633556 3.76872118
v 8.65569159 -1.89647693 3.58595322
v 7.17720401 -1.90207232 2.20660256
v 7.21380634 -1.90193374 2.17000000
v 7.22720369 -1.90188307 2.11999999
v 7.21380634 -1.90193374 2.06999998
v 7.77037709 -1.89982746 4.30141348
v 8.44021391 -1.79729164 4.59487117
v 8.42681646 -1.79734230 4.54487107
v 8.12645543 -1.79847907 4.39502704
v 8.44021391 -1.79729164 4.49487116
v 8.30884136 -1.79778878 4.35587964
v 7.12682593 -1.80226229 2.02000002
v 7.07682629 -1.80245154 2.03339747
v 7.04022401 -1.80258993 2.06999998
v 7.02682666 -1.80264078 2.11999999
v 8.47038950 -1.79717746 4.26260899
v 8.47681637 -1.79715306 4.45826850
v 8.59548475 -1.79670397 4.12423085
v 7.17682557 -1.80207305 2.03339747
v 7.21342785 -1.80193447 2.06999998
v 7.50609625 -1.80082694 3.23593258
v 7.55285814 -1.80064999 3.11414874
v 7.12682593 -1.80226229 2.22000000
v 8.47681637 -1.79715306 4.63147364
v 8.14939986 -1.79839227 5.18598161
v 8.52681592 -1.79696400 4.64487127
v 8.40006422 -1.79744363 5.11337533
v 8.57681564 -1.79677475 4.63147364
v 8.62606882 -1.79658830 4.98289033
v 8.61341774 -1.79663617 4.59487117
v 8.81427943 -1.79587603 4.80211056
v 8.62681519 -1.79658551 4.54487107
v 8.95375765 -1.79534815 4.58154171
v 8.61341774 -1.79663617 4.49487116
v 8.67203555 -1.79641433 3.95412068
v 8.52681592 -1.79696400 4.44487105
v 8.57681564 -1.79677475 4.45826850
v 7.17682557 -1.80207305 2.20660256
v 7.51744460 -1.80078391 3.36589101
v 7.19503199 -1.80200413 4.86736424
v 7.07682629 -1.80245154 2.20660256
v 7.04022401 -1.80258993 2.17000000
v 7.94086137 -1.79918148 4.37626723
v 7.76999860 -1.79982819 4.30141348
v 7.39717882 -1.80123914 5.03241322
v 8.42653147 -1.79734342 3.29701542
v 8.56365624 -1.79682449 3.42348325
v 8.65531310 -1.79647766 3.58595322
v 9.01553489 -1.79511439 3.81628904
v 8.69264218 -1.79633629 3.76872118
v 7.64826767 -1.80028882 3.02518304
v 7.77301832 -1.79981664 2.98703830
v 7.21342785 -1.80193447 2.17000000
v 7.90186634 -1.79932900 3.00743296
v 8.00873886 -1.79892462 3.08224014
v 8.07200956 -1.79868508 3.19632232
v 8.25719319 -1.79798435 3.21877427
v 7.22682520 -1.80188380 2.11999999
v 9.05739691 -1.79495588 4.07387908
v 9.03639782 -1.79503541 4.33400232
v 7.63038264 -1.80035643 4.17770143
v 7.53550890 -1.80071555 4.01708871
v 7.49454775 -1.80087052 3.83510045
v 7.51145843 -1.80080663 3.64932749
v 7.58460665 -1.80052985 3.47772646
v 7.88864388 -1.79937910 5.19648954
v 7.63295020 -1.80034675 5.14428891
v 6.66942038 -0.22341141 1.40000000
v 6.63311346 -0.26107111 1.40000000
v 6.63311346 -0.26107111 1.18000000
v 6.59159911 -0.29289892 1.18000000
v 6.74845769 -0.03282126 1.18000000
v 6.72330244 -0.13407283 1.40000000
v 6.72330244 -0.13407283 1.18000000
v 6.66942038 -0.22341141 1.18000000
v 6.59159911 -0.29289892 1.40000000
v 6.49675344 -0.33636107 1.40000000
v 6.49675344 -0.33636107 1.18000000
v 6.39331078 -0.34993605 1.40000000
v 6.39331078 -0.34993605 1.18000000
v 6.29046251 -0.33241771 1.40000000
v 6.29046251 -0.33241771 1.18000000
v 6.19734709 -0.28536259 1.40000000
v 6.19734709 -0.28536259 1.18000000
v 6.12223830 -0.21295173 1.40000000
v 6.12223830 -0.21295173 1.18000000
v 6.07180984 -0.12161919 1.40000000
v 6.07180984 -0.12161919 1.18000000
v 6.05054253 -0.01948025 1.40000000
v 6.05054253 -0.01948025 1.18000000
v 6.06032605 0.08438961 1.40000000
v 6.06032605 0.08438961 1.18000000
v 6.10029108 0.18076107 1.40000000
v 6.10029108 0.18076107 1.18000000
v 6.16688658 0.26107114 1.40000000
v 6.16688658 0.26107114 1.18000000
v 6.25419519 0.31818384 1.40000000
v 6.25419519 0.31818384 1.18000000
v 6.35445924 0.34702455 1.40000000
v 6.35445924 0.34702455 1.18000000
v 6.45876978 0.34503061 1.40000000
v 6.45876978 0.34503061 1.18000000
v 6.55785834 0.31237917 1.40000000
v 6.55785834 0.31237917 1.18000000
v 6.64292052 0.25197149 1.40000000
v 6.64292052 0.25197149 1.18000000
v 6.70639814 0.16917501 1.40000000
v 6.70639814 0.16917501 1.18000000
v 6.74265092 0.07134658 1.40000000
v 6.74265092 0.07134658 1.18000000
v 6.74968990 0.01473050 1.40000000
v 6.74845769 -0.03282126 1.40000000
v 6.44340058 -0.24620397 1.40000000
v 6.52940896 -0.21390026 1.40000000
v 6.52940896 -0.21390026 1.18000000
v 6.56650960 -0.18647935 1.40000000
v 6.59793992 -0.15270815 1.18000000
v 6.59793992 -0.15270815 1.40000000
v 6.63973805 -0.07089194 1.18000000
v 6.63973805 -0.07089194 1.40000000
v 6.64915820 0.02049860 1.18000000
v 6.64915820 0.02049860 1.40000000
v 6.62492816 0.10912070 1.18000000
v 6.62492816 0.10912070 1.40000000
v 6.57032032 0.18300544 1.18000000
v 6.57032032 0.18300544 1.40000000
v 6.49270977 0.23217429 1.18000000
v 6.49270977 0.23217429 1.40000000
v 6.40257827 0.24998672 1.18000000
v 6.40257827 0.24998672 1.40000000
v 6.31209854 0.23403703 1.18000000
v 6.31209854 0.23403703 1.40000000
v 6.23349042 0.18647937 1.18000000
v 6.23349042 0.18647937 1.40000000
v 6.17737032 0.11373662 1.18000000
v 6.17737032 0.11373662 1.40000000
v 6.15131757 0.02563312 1.18000000
v 6.15131757 0.02563312 1.40000000
v 6.15885081 -0.06593228 1.18000000
v 6.15885081 -0.06593228 1.40000000
v 6.19895256 -0.14859315 1.18000000
v 6.19895256 -0.14859315 1.40000000
v 6.26620687 -0.21118571 1.18000000
v 6.26620687 -0.21118571 1.40000000
v 6.35153069 -0.24525647 1.18000000
v 6.35153069 -0.24525647 1.40000000
v 6.44340058 -0.24620397 1.18000000
v 5.68708654 -0.14755233 1.54000000
v 5.72807093 -0.11095689 1.54000000
v 5.69685229 -0.07599415 1.54000000
v 6.24518571 -0.69009010 1.54000000
v 6.30314140 -0.63834079 1.54000000
v 6.27192276 -0.60337805 1.54000000
v 6.27119705 -0.47378899 1.54000000
v 6.44828951 -0.31566108 1.54000000
v 6.38608327 -0.24599433 1.54000000
v 6.44351452 1.03434427 1.54000000
v 6.42932816 1.01269661 1.54000000
v 6.49534476 1.03833796 1.54000000
v 6.60369114 -0.97493595 1.54000000
v 6.60223239 -0.97330222 1.54000000
v 6.54427669 -1.02505153 1.54000000
v 6.19630888 0.97493595 1.54000000
v 6.19776761 0.97330222 1.54000000
v 6.29670770 1.06164701 1.54000000
v 6.19706577 0.77493740 1.54000000
v 6.19852452 0.77330372 1.54000000
v 6.23348729 0.80452235 1.54000000
v 6.19090563 0.49782079 1.54000000
v 6.19108577 0.49554976 1.54000000
v 6.26075249 0.55775600 1.54000000
v 6.15465457 -0.31785618 1.54000000
v 6.16493125 -0.35201248 1.54000000
v 6.20899082 -0.40412224 1.54000000
v 6.19005961 -0.46670781 1.54000000
v 6.20234203 -0.61921831 1.54000000
v 6.20242904 -0.64220554 1.54000000
v 6.21396707 -0.65512736 1.54000000
v 6.20251663 -0.66535156 1.54000000
v 6.20274257 -0.72505185 1.54000000
v 6.20420133 -0.72668558 1.54000000
v 6.20349946 -0.92505040 1.54000000
v 6.20495825 -0.92668412 1.54000000
v 6.30389833 -0.83833942 1.54000000
v 6.20425639 -1.12504903 1.54000000
v 6.20571516 -1.12668267 1.54000000
v 6.30465523 -1.03833796 1.54000000
v 6.36100109 0.41669486 1.54000000
v 6.34934682 0.43980442 1.54000000
v 6.28700745 0.38812405 1.54000000
v 6.38810459 0.49894694 1.54000000
v 6.41394519 0.49748505 1.54000000
v 6.42913716 0.51503330 1.54000000
v 6.43159888 0.41270093 1.54000000
v 6.40848933 0.40104664 1.54000000
v 6.71566105 0.04828950 1.54000000
v 7.09748359 -0.01318826 1.54000000
v 7.08329731 -0.03483589 1.54000000
v 7.14488902 -0.08740901 1.54000000
v 6.35275290 -0.46018916 1.54000000
v 6.36440716 -0.48329867 1.54000000
v 6.33590008 -0.54625198 1.54000000
v 6.35421480 -0.43434855 1.54000000
v 6.36840112 -0.41270093 1.54000000
v 6.39151067 -0.40104664 1.54000000
v 6.41735125 -0.40250854 1.54000000
v 6.51299254 -0.38812405 1.54000000
v 6.43899891 -0.41669486 1.54000000
v 6.45065317 -0.43980442 1.54000000
v 6.54421118 -0.42308681 1.54000000
v 6.44919129 -0.46564499 1.54000000
v 6.43500496 -0.48729265 1.54000000
v 6.36711872 -0.58121472 1.54000000
v 6.41189542 -0.49894690 1.54000000
v 6.38605482 -0.49748500 1.54000000
v 6.35350983 -0.66018775 1.54000000
v 6.35497171 -0.63434714 1.54000000
v 6.36516406 -0.68329726 1.54000000
v 6.46681574 -0.69286856 1.54000000
v 6.43576186 -0.68729119 1.54000000
v 6.40283842 -0.74999463 1.54000000
v 6.41265232 -0.69894549 1.54000000
v 6.38681173 -0.69748359 1.54000000
v 6.36915804 -0.61269947 1.54000000
v 6.39226759 -0.60104523 1.54000000
v 6.41810818 -0.60250713 1.54000000
v 6.61346691 -0.46510538 1.54000000
v 6.43975581 -0.61669340 1.54000000
v 6.60233919 -0.61770449 1.54000000
v 6.45141007 -0.63980296 1.54000000
v 6.44994819 -0.66564353 1.54000000
v 6.36592100 -0.88329585 1.54000000
v 6.35426673 -0.86018629 1.54000000
v 6.35572861 -0.83434572 1.54000000
v 6.34488272 -0.80174394 1.54000000
v 6.36991495 -0.81269806 1.54000000
v 6.39302448 -0.80104377 1.54000000
v 6.41886507 -0.80250567 1.54000000
v 6.44051274 -0.81669204 1.54000000
v 6.45216700 -0.83980160 1.54000000
v 6.50253540 -0.86164847 1.54000000
v 6.45070509 -0.86564207 1.54000000
v 6.44457971 -0.91339778 1.54000000
v 6.43651879 -0.88728983 1.54000000
v 6.40359531 -0.94999317 1.54000000
v 6.41340922 -0.89894403 1.54000000
v 6.38756866 -0.89748213 1.54000000
v 6.88329872 -0.03559282 1.54000000
v 6.86018916 -0.04724709 1.54000000
v 6.84257031 -0.09384021 1.54000000
v 6.91503330 -0.02913717 1.54000000
v 6.89748505 -0.01394516 1.54000000
v 6.83434855 -0.04578520 1.54000000
v 6.81270088 -0.03159887 1.54000000
v 6.77786730 -0.02137724 1.54000000
v 6.80104664 -0.00848934 1.54000000
v 6.80250854 0.01735126 1.54000000
v 6.78812405 0.11299254 1.54000000
v 6.81669486 0.03899892 1.54000000
v 6.83980442 0.05065319 1.54000000
v 6.89894690 0.01189540 1.54000000
v 6.94999609 0.00208149 1.54000000
v 6.88729260 0.03500495 1.54000000
v 7.08091173 -0.14453509 1.54000000
v 7.06018770 -0.04649019 1.54000000
v 7.03434714 -0.04502826 1.54000000
v 6.98121472 -0.03288125 1.54000000
v 7.01269947 -0.03084193 1.54000000
v 7.09894544 0.01265231 1.54000000
v 7.22499413 0.00312226 1.54000000
v 7.08729119 0.03576186 1.54000000
v 7.14413209 0.11258959 1.54000000
v 7.06564353 0.04994819 1.54000000
v 7.03980296 0.05141009 1.54000000
v 7.11291346 0.14755233 1.54000000
v 7.01669345 0.03975585 1.54000000
v 7.01397338 0.05920758 1.54000000
v 7.00250708 0.01810816 1.54000000
v 7.00104523 -0.00773239 1.54000000
v 5.75408225 0.10534425 1.54000000
v 5.73981230 0.04649018 1.54000000
v 5.76565286 0.04502829 1.54000000
v 5.81878528 0.03288126 1.54000000
v 5.71670274 0.03483592 1.54000000
v 5.69010491 0.04821815 1.54000000
v 5.70251641 0.01318826 1.54000000
v 5.63214922 -0.00353116 1.54000000
v 5.70105451 -0.01265233 1.54000000
v 5.78730053 0.03084196 1.54000000
v 5.79895482 0.00773241 1.54000000
v 5.85000391 -0.00208149 1.54000000
v 5.79749292 -0.01810817 1.54000000
v 5.78602662 -0.05920758 1.54000000
v 5.78330660 -0.03975582 1.54000000
v 5.76019704 -0.05141009 1.54000000
v 5.73435647 -0.04994821 1.54000000
v 5.71270881 -0.03576188 1.54000000
v 6.43215555 0.71080378 1.54000000
v 6.41318829 0.69748359 1.54000000
v 6.43483595 0.68329726 1.54000000
v 6.49685860 0.63834079 1.54000000
v 6.44649018 0.66018775 1.54000000
v 6.44502826 0.63434714 1.54000000
v 6.43288128 0.58121472 1.54000000
v 6.38734765 0.69894544 1.54000000
v 6.39716158 0.74999463 1.54000000
v 6.36423814 0.68729119 1.54000000
v 6.33318427 0.69286856 1.54000000
v 6.35005184 0.66564358 1.54000000
v 6.29822151 0.66164988 1.54000000
v 6.34858992 0.63980296 1.54000000
v 6.43084196 0.61269947 1.54000000
v 6.40773245 0.60104523 1.54000000
v 6.39791852 0.54999604 1.54000000
v 6.38189181 0.60250713 1.54000000
v 6.36024419 0.61669340 1.54000000
v 6.33321548 0.62245904 1.54000000
v 6.43559285 0.48329872 1.54000000
v 6.44724711 0.46018916 1.54000000
v 6.64534545 0.31785620 1.54000000
v 6.44578521 0.43434859 1.54000000
v 6.70304426 0.17614814 1.54000000
v 6.86564499 0.04919127 1.54000000
v 6.88529305 0.07454446 1.54000000
v 6.82308681 0.14421120 1.54000000
v 6.73163505 0.17625635 1.54000000
v 6.32545553 0.48529301 1.54000000
v 6.35080871 0.46564499 1.54000000
v 6.36499504 0.48729265 1.54000000
v 6.25578881 0.42308681 1.54000000
v 6.38264875 0.40250854 1.54000000
v 6.64599433 -0.01391673 1.54000000
v 6.36894862 -1.68329012 1.54000000
v 6.39090821 -1.79995559 1.54000000
v 6.39059625 -1.69747639 1.54000000
v 6.39681223 -1.80002507 1.54000000
v 6.41643688 -1.69893838 1.54000000
v 6.41681208 -1.79994926 1.54000000
v 6.43954642 -1.68728400 1.54000000
v 6.20602218 -1.59162618 1.54000000
v 6.35729432 -1.66018046 1.54000000
v 6.35875624 -1.63433999 1.54000000
v 6.56537891 -1.72748249 1.54000000
v 6.30616904 -1.43833505 1.54000000
v 6.44354038 -1.61668621 1.54000000
v 6.42189266 -1.60249993 1.54000000
v 6.45519458 -1.63979586 1.54000000
v 6.45373275 -1.66563634 1.54000000
v 6.55095082 -1.74379144 1.54000000
v 6.48946670 -1.78521127 1.54000000
v 6.20578126 -1.52797252 1.54000000
v 6.37294258 -1.61269233 1.54000000
v 6.39605212 -1.60103794 1.54000000
v 6.20609451 -1.61074530 1.54000000
v 6.22083252 -1.68340001 1.54000000
v 6.26225230 -1.74488407 1.54000000
v 6.32404819 -1.78583730 1.54000000
v 6.20502436 -1.32797388 1.54000000
v 6.20647205 -1.32668130 1.54000000
v 6.20501330 -1.32504757 1.54000000
v 6.30541213 -1.23833651 1.54000000
v 6.20426745 -1.12797534 1.54000000
v 6.20351056 -0.92797680 1.54000000
v 6.20275363 -0.72797821 1.54000000
v 5.91670133 0.03559283 1.54000000
v 5.93981084 0.04724709 1.54000000
v 6.02709639 0.15604643 1.54000000
v 5.98330514 -0.03899891 1.54000000
v 5.96019558 -0.05065318 1.54000000
v 6.00573833 -0.17649336 1.54000000
v 5.93435501 -0.04919128 1.54000000
v 5.91270735 -0.03500497 1.54000000
v 5.90105310 -0.01189542 1.54000000
v 5.90251495 0.01394517 1.54000000
v 5.99895336 0.00848934 1.54000000
v 5.98729912 0.03159887 1.54000000
v 5.96565145 0.04578520 1.54000000
v 6.09695574 -0.17614814 1.54000000
v 5.99749146 -0.01735126 1.54000000
v 5.68364740 -0.16439116 1.54000000
v 5.75066695 -0.17745870 1.54000000
v 5.78732730 -0.17731996 1.54000000
v 5.89113973 -0.17692707 1.54000000
v 5.57500587 -0.00312225 1.54000000
v 5.58858036 -0.07004093 1.54000000
v 5.59116488 -0.04012660 1.54000000
v 5.62673018 -0.12667107 1.54000000
v 5.71908827 0.14453509 1.54000000
v 5.75045522 0.17254303 1.54000000
v 5.74934233 0.17253880 1.54000000
v 6.01148433 0.17353089 1.54000000
v 5.97615351 0.17339718 1.54000000
v 5.82967608 0.17284284 1.54000000
v 6.42038475 -0.09790026 1.54000000
v 6.36870357 -0.09497650 1.54000000
v 6.49497647 -0.03129644 1.54000000
v 6.46660385 -0.07459174 1.54000000
v 6.32540826 -0.06660384 1.54000000
v 6.09563116 0.17384936 1.54000000
v 6.04682760 0.17366465 1.54000000
v 6.30209972 -0.02038475 1.54000000
v 6.30502352 0.03129643 1.54000000
v 6.15225572 0.31599004 1.54000000
v 6.33339618 0.07459176 1.54000000
v 6.37961524 0.09790026 1.54000000
v 6.43129643 0.09497649 1.54000000
v 6.47459174 0.06660383 1.54000000
v 6.49790027 0.02038474 1.54000000
v 6.19035377 0.49319332 1.54000000
v 6.18653309 0.46510538 1.54000000
v 6.19663501 0.56847902 1.54000000
v 6.19766081 0.61770449 1.54000000
v 6.22575852 0.59694685 1.54000000
v 6.19762009 0.62845997 1.54000000
v 6.19707683 0.77201105 1.54000000
v 6.19679829 0.84561156 1.54000000
v 6.29746460 0.86164847 1.54000000
v 6.19631996 0.97200964 1.54000000
v 6.19556305 1.17200818 1.54000000
v 6.19701072 1.17330085 1.54000000
v 6.29595080 1.26164556 1.54000000
v 6.19555197 1.17493449 1.54000000
v 6.19479506 1.37493303 1.54000000
v 6.42781432 1.41269378 1.54000000
v 6.40470481 1.40103949 1.54000000
v 6.37886420 1.40250130 1.54000000
v 6.35721652 1.41668767 1.54000000
v 6.34556228 1.43979723 1.54000000
v 6.19470312 1.39923310 1.54000000
v 6.20963740 1.47582684 1.54000000
v 6.34702417 1.46563789 1.54000000
v 6.36121047 1.48728546 1.54000000
v 6.56642612 1.50251165 1.54000000
v 6.44346257 1.46018192 1.54000000
v 6.44200069 1.43434145 1.54000000
v 6.43180827 1.48329157 1.54000000
v 6.53558679 1.54194562 1.54000000
v 6.41016065 1.49747785 1.54000000
v 6.47053848 1.58505421 1.54000000
v 6.38432005 1.49893984 1.54000000
v 6.39394477 1.59998853 1.54000000
v 6.31746615 1.58447493 1.54000000
v 6.25274610 1.54087516 1.54000000
v 6.42857122 1.21269515 1.54000000
v 6.40546171 1.20104095 1.54000000
v 6.39564778 1.14999171 1.54000000
v 6.37962111 1.20250275 1.54000000
v 6.35797342 1.21668912 1.54000000
v 6.34631918 1.23979868 1.54000000
v 6.34778108 1.26563935 1.54000000
v 6.36196737 1.28728691 1.54000000
v 6.38507695 1.29894121 1.54000000
v 6.41091755 1.29747931 1.54000000
v 6.57918657 1.47722540 1.54000000
v 6.43256518 1.28329303 1.54000000
v 6.59470023 1.40074687 1.54000000
v 6.59497561 1.32797388 1.54000000
v 6.44421948 1.26018338 1.54000000
v 6.44275759 1.23434290 1.54000000
v 6.59573250 1.12797534 1.54000000
v 6.59648941 0.92797680 1.54000000
v 6.59504174 0.92668412 1.54000000
v 6.59650052 0.92505040 1.54000000
v 6.49610166 0.83833942 1.54000000
v 6.59675514 0.85777668 1.54000000
v 6.59725743 0.72505185 1.54000000
v 6.59724634 0.72797821 1.54000000
v 6.59579867 0.72668553 1.54000000
v 6.53109563 0.79914853 1.54000000
v 6.59748334 0.66535156 1.54000000
v 6.46409992 0.54625198 1.54000000
v 6.60994041 0.46670781 1.54000000
v 6.52807724 0.60337805 1.54000000
v 6.59765797 0.61921831 1.54000000
v 7.04933305 0.17745867 1.54000000
v 7.00034227 0.17727327 1.54000000
v 6.94927035 0.13167055 1.54000000
v 6.90886027 0.17692707 1.54000000
v 6.85951717 0.17674030 1.54000000
v 6.79426167 0.17649337 1.54000000
v 7.17420645 -0.12081454 1.54000000
v 7.21192655 -0.06389734 1.54000000
v 7.11757636 -0.15896435 1.54000000
v 6.82384649 -0.17339716 1.54000000
v 6.87378899 -0.12880296 1.54000000
v 6.91330538 -0.17305862 1.54000000
v 7.04310380 -0.17256739 1.54000000
v 6.70820058 -0.08358347 1.54000000
v 6.70436884 -0.17384934 1.54000000
v 6.77290361 -0.15604644 1.54000000
v 6.75317240 -0.17366466 1.54000000
v 6.78851567 -0.17353089 1.54000000
v 6.60292315 -0.77201105 1.54000000
v 6.56651272 -0.80452235 1.54000000
v 6.60320171 -0.84561156 1.54000000
v 6.60368006 -0.97200964 1.54000000
v 6.60413450 -1.09208822 1.54000000
v 6.50329229 -1.06164701 1.54000000
v 6.60443695 -1.17200818 1.54000000
v 6.39529522 -1.40103949 1.54000000
v 6.42113579 -1.40250130 1.54000000
v 6.40510912 -1.34999035 1.54000000
v 6.44278348 -1.41668767 1.54000000
v 6.43878952 -1.48728555 1.54000000
v 6.41567998 -1.49893975 1.54000000
v 6.60596189 -1.57493167 1.54000000
v 6.60520494 -1.37493303 1.54000000
v 6.50404920 -1.26164556 1.54000000
v 6.60444803 -1.17493449 1.54000000
v 6.60298928 -1.17330085 1.54000000
v 6.37218567 -1.41269378 1.54000000
v 6.35799934 -1.43434145 1.54000000
v 6.45443771 -1.43979723 1.54000000
v 6.45297586 -1.46563789 1.54000000
v 6.60609172 -1.60923153 1.54000000
v 6.59190405 -1.68199558 1.54000000
v 6.38983934 -1.49747785 1.54000000
v 6.36819172 -1.48329157 1.54000000
v 6.35653742 -1.46018192 1.54000000
v 6.39640468 0.94999317 1.54000000
v 6.40621864 1.00104231 1.54000000
v 6.38037801 1.00250421 1.54000000
v 6.35873032 1.01669058 1.54000000
v 6.34707608 1.03980014 1.54000000
v 6.38583392 1.09894266 1.54000000
v 6.36272434 1.08728828 1.54000000
v 6.34853804 1.06564071 1.54000000
v 6.41167445 1.09748077 1.54000000
v 6.43332208 1.08329440 1.54000000
v 6.44497638 1.06018484 1.54000000
v 6.35948725 0.81669204 1.54000000
v 6.34783298 0.83980151 1.54000000
v 6.40697555 0.80104377 1.54000000
v 6.38113491 0.80250567 1.54000000
v 6.43008506 0.81269806 1.54000000
v 6.34929494 0.86564217 1.54000000
v 6.36348121 0.88728983 1.54000000
v 6.38659075 0.89894403 1.54000000
v 6.41243135 0.89748222 1.54000000
v 6.43407901 0.88329585 1.54000000
v 6.44573328 0.86018629 1.54000000
v 6.44427136 0.83434563 1.54000000
v 7.11635260 0.16439115 1.54000000
v 7.17326982 0.12667108 1.54000000
v 7.21141964 0.07004091 1.54000000
v 6.94625194 -0.06409991 1.54000000
v 7.04954474 -0.17254304 1.54000000
v 7.05065762 -0.17253881 1.54000000
v 6.64774426 -0.31599004 1.54000000
v 6.20721973 -0.53091510 1.54000000
v 5.65511098 0.08740901 1.54000000
v 5.59715524 0.03565970 1.54000000
v 5.65586786 -0.11258959 1.54000000
v 5.68242364 0.15896437 1.54000000
v 5.62579355 0.12081454 1.54000000
v 5.58807345 0.06389731 1.54000000
v 6.36667792 -1.08329440 1.54000000
v 6.35502363 -1.06018484 1.54000000
v 6.44126967 -1.01669058 1.54000000
v 6.45292391 -1.03980014 1.54000000
v 6.45146199 -1.06564071 1.54000000
v 6.43727566 -1.08728837 1.54000000
v 6.40435221 -1.14999171 1.54000000
v 6.41416611 -1.09894257 1.54000000
v 6.38832556 -1.09748077 1.54000000
v 6.35648551 -1.03434427 1.54000000
v 6.37067184 -1.01269661 1.54000000
v 6.39378139 -1.00104231 1.54000000
v 6.41962198 -1.00250421 1.54000000
v 6.36743482 -1.28329303 1.54000000
v 6.35578052 -1.26018338 1.54000000
v 6.44202657 -1.21668912 1.54000000
v 6.45368079 -1.23979868 1.54000000
v 6.35724244 -1.23434281 1.54000000
v 6.37142877 -1.21269515 1.54000000
v 6.39453832 -1.20104095 1.54000000
v 6.42037887 -1.20250275 1.54000000
v 6.45221895 -1.26563925 1.54000000
v 6.43803262 -1.28728691 1.54000000
v 6.41492307 -1.29894121 1.54000000
v 6.38908244 -1.29747931 1.54000000
v 6.38659075 0.89894403 1.40000000
v 6.36348121 0.88728983 1.40000000
v 6.39640468 0.94999317 1.40000000
v 6.54427669 -1.02505153 1.40000000
v 6.44457971 -0.91339778 1.40000000
v 6.50253540 -0.86164847 1.40000000
v 6.43559285 0.48329872 1.40000000
v 6.41394519 0.49748505 1.40000000
v 6.42919929 0.51613124 1.40000000
v 6.36423814 0.68729119 1.40000000
v 6.35005184 0.66564358 1.40000000
v 6.33318427 0.69286856 1.40000000
v 6.60413450 -1.09208822 1.40000000
v 6.60443695 -1.17200818 1.40000000
v 6.50404920 -1.26164556 1.40000000
v 6.20501330 -1.32504757 1.40000000
v 6.20647205 -1.32668130 1.40000000
v 6.20502436 -1.32797388 1.40000000
v 6.20425639 -1.12504903 1.40000000
v 6.20351056 -0.92797680 1.40000000
v 6.20495825 -0.92668412 1.40000000
v 6.20349946 -0.92505040 1.40000000
v 6.20234203 -0.61921831 1.40000000
v 6.20721973 -0.53091510 1.40000000
v 6.27244066 -0.60395808 1.40000000
v 6.12454023 -0.23626820 1.40000000
v 6.12733473 -0.24346597 1.40000000
v 6.15465457 -0.31785618 1.40000000
v 5.75045522 0.17254303 1.40000000
v 5.75585721 0.17256344 1.40000000
v 5.78846501 0.13604499 1.40000000
v 6.15225572 0.31599004 1.40000000
v 6.15653405 0.27266527 1.40000000
v 6.12582578 0.24173306 1.40000000
v 6.59724634 0.72797821 1.40000000
v 6.59579867 0.72668553 1.40000000
v 6.53109563 0.79914853 1.40000000
v 6.59725743 0.72505185 1.40000000
v 6.59747945 0.66639055 1.40000000
v 6.52755934 0.60395808 1.40000000
v 6.70304426 0.17614814 1.40000000
v 6.67266527 0.24346600 1.40000000
v 6.64534545 0.31785620 1.40000000
v 7.05065762 -0.17253881 1.40000000
v 7.04954474 -0.17254304 1.40000000
v 7.08091173 -0.14453509 1.40000000
v 6.64774426 -0.31599004 1.40000000
v 6.64346600 -0.27266524 1.40000000
v 6.67417419 -0.24173306 1.40000000
v 6.41810818 -0.60250713 1.40000000
v 6.39226759 -0.60104523 1.40000000
v 6.36711872 -0.58121472 1.40000000
v 6.39302448 -0.80104377 1.40000000
v 6.36991495 -0.81269806 1.40000000
v 6.34488272 -0.80174394 1.40000000
v 5.69685229 -0.07599415 1.40000000
v 5.73435647 -0.04994821 1.40000000
v 5.72755302 -0.11037688 1.40000000
v 5.76019704 -0.05141009 1.40000000
v 5.78550871 -0.05862757 1.40000000
v 5.78330660 -0.03975582 1.40000000
v 5.84948605 -0.00150147 1.40000000
v 5.79749292 -0.01810817 1.40000000
v 5.81878528 0.03288126 1.40000000
v 5.71670274 0.03483592 1.40000000
v 5.70251641 0.01318826 1.40000000
v 5.63214922 -0.00353116 1.40000000
v 5.70105451 -0.01265233 1.40000000
v 5.71270881 -0.03576188 1.40000000
v 5.79895482 0.00773241 1.40000000
v 5.78730053 0.03084196 1.40000000
v 5.75408225 0.10534425 1.40000000
v 5.76565286 0.04502829 1.40000000
v 5.96565145 0.04578520 1.40000000
v 5.93981084 0.04724709 1.40000000
v 6.04565514 0.17366020 1.40000000
v 5.91670133 0.03559283 1.40000000
v 5.98729912 0.03159887 1.40000000
v 5.99895336 0.00848934 1.40000000
v 5.90105310 -0.01189542 1.40000000
v 5.91270735 -0.03500497 1.40000000
v 5.90251495 0.01394517 1.40000000
v 5.98330514 -0.03899891 1.40000000
v 6.09695574 -0.17614814 1.40000000
v 5.96019558 -0.05065318 1.40000000
v 6.06732599 -0.17626028 1.40000000
v 5.93435501 -0.04919128 1.40000000
v 6.00573833 -0.17649336 1.40000000
v 6.98121472 -0.03288125 1.40000000
v 7.00104523 -0.00773239 1.40000000
v 7.01269947 -0.03084193 1.40000000
v 7.01669345 0.03975585 1.40000000
v 7.00250708 0.01810816 1.40000000
v 6.95051399 0.00150148 1.40000000
v 7.09748359 -0.01318826 1.40000000
v 7.22499413 0.00312226 1.40000000
v 7.08329731 -0.03483589 1.40000000
v 7.14488902 -0.08740901 1.40000000
v 7.06018770 -0.04649019 1.40000000
v 7.03434714 -0.04502826 1.40000000
v 7.09894544 0.01265231 1.40000000
v 7.08729119 0.03576186 1.40000000
v 7.14413209 0.11258959 1.40000000
v 7.06564353 0.04994819 1.40000000
v 7.11343137 0.14697232 1.40000000
v 7.03980296 0.05141009 1.40000000
v 7.01449129 0.05862757 1.40000000
v 6.83434855 -0.04578520 1.40000000
v 6.84308822 -0.09442022 1.40000000
v 6.81270088 -0.03159887 1.40000000
v 6.77786730 -0.02137724 1.40000000
v 6.80104664 -0.00848934 1.40000000
v 6.80250854 0.01735126 1.40000000
v 6.81669486 0.03899892 1.40000000
v 6.83980442 0.05065319 1.40000000
v 6.88529305 0.07454446 1.40000000
v 6.86564499 0.04919127 1.40000000
v 6.86018916 -0.04724709 1.40000000
v 6.88329872 -0.03559282 1.40000000
v 6.91613124 -0.02919926 1.40000000
v 6.89748505 -0.01394516 1.40000000
v 6.89894690 0.01189540 1.40000000
v 6.88729260 0.03500495 1.40000000
v 6.45216700 -0.83980160 1.40000000
v 6.44051274 -0.81669204 1.40000000
v 6.35426673 -0.86018629 1.40000000
v 6.36592100 -0.88329585 1.40000000
v 6.30465523 -1.03833796 1.40000000
v 6.38756866 -0.89748213 1.40000000
v 6.41340922 -0.89894403 1.40000000
v 6.43651879 -0.88728983 1.40000000
v 6.45070509 -0.86564207 1.40000000
v 6.36915804 -0.61269947 1.40000000
v 6.35497171 -0.63434714 1.40000000
v 6.30314140 -0.63834079 1.40000000
v 6.46681574 -0.69286856 1.40000000
v 6.40283842 -0.74999463 1.40000000
v 6.41265232 -0.69894549 1.40000000
v 6.35350983 -0.66018775 1.40000000
v 6.36516406 -0.68329726 1.40000000
v 6.38681173 -0.69748359 1.40000000
v 6.43975581 -0.61669340 1.40000000
v 6.40150146 -0.55051395 1.40000000
v 6.50119848 -0.66216779 1.40000000
v 6.43576186 -0.68729119 1.40000000
v 6.44994819 -0.66564353 1.40000000
v 6.45141007 -0.63980296 1.40000000
v 6.45065317 -0.43980442 1.40000000
v 6.44919129 -0.46564499 1.40000000
v 6.43500496 -0.48729265 1.40000000
v 6.39151067 -0.40104664 1.40000000
v 6.41735125 -0.40250854 1.40000000
v 6.43899891 -0.41669486 1.40000000
v 6.36840112 -0.41270093 1.40000000
v 6.35421480 -0.43434855 1.40000000
v 6.30557979 -0.44308826 1.40000000
v 6.35275290 -0.46018916 1.40000000
v 6.36440716 -0.48329867 1.40000000
v 6.37080072 -0.51613124 1.40000000
v 6.38605482 -0.49748500 1.40000000
v 6.41189542 -0.49894690 1.40000000
v 6.61346691 -0.46510538 1.40000000
v 6.70436884 -0.17384934 1.40000000
v 6.87378899 -0.12880296 1.40000000
v 6.82384649 -0.17339716 1.40000000
v 6.75434486 -0.17366019 1.40000000
v 6.91330538 -0.17305862 1.40000000
v 6.94683196 -0.06358200 1.40000000
v 7.04414279 -0.17256343 1.40000000
v 7.11757636 -0.15896435 1.40000000
v 7.17420645 -0.12081454 1.40000000
v 7.21192655 -0.06389734 1.40000000
v 7.17326982 0.12667108 1.40000000
v 7.21141964 0.07004091 1.40000000
v 7.11635260 0.16439115 1.40000000
v 7.12691250 0.15965007 1.40000000
v 7.04933305 0.17745867 1.40000000
v 7.00034227 0.17727327 1.40000000
v 6.94927035 0.13167055 1.40000000
v 6.90886027 0.17692707 1.40000000
v 6.49610166 0.83833942 1.40000000
v 6.59650052 0.92505040 1.40000000
v 6.59675514 0.85777668 1.40000000
v 6.40546171 1.20104095 1.40000000
v 6.42857122 1.21269515 1.40000000
v 6.39564778 1.14999171 1.40000000
v 6.29595080 1.26164556 1.40000000
v 6.36196737 1.28728691 1.40000000
v 6.34778108 1.26563935 1.40000000
v 6.59497561 1.32797388 1.40000000
v 6.59573250 1.12797534 1.40000000
v 6.49534476 1.03833796 1.40000000
v 6.59648941 0.92797680 1.40000000
v 6.59504174 0.92668412 1.40000000
v 6.34631918 1.23979868 1.40000000
v 6.35797342 1.21668912 1.40000000
v 6.37962111 1.20250275 1.40000000
v 6.44275759 1.23434290 1.40000000
v 6.44421948 1.26018338 1.40000000
v 6.59470023 1.40074687 1.40000000
v 6.43256518 1.28329303 1.40000000
v 6.57918657 1.47722540 1.40000000
v 6.41091755 1.29747931 1.40000000
v 6.56642612 1.50251165 1.40000000
v 6.38507695 1.29894121 1.40000000
v 6.34556228 1.43979723 1.40000000
v 6.35721652 1.41668767 1.40000000
v 6.37886420 1.40250130 1.40000000
v 6.40470481 1.40103949 1.40000000
v 6.42781432 1.41269378 1.40000000
v 6.44200069 1.43434145 1.40000000
v 6.44346257 1.46018192 1.40000000
v 6.53558679 1.54194562 1.40000000
v 6.43180827 1.48329157 1.40000000
v 6.47053848 1.58505421 1.40000000
v 6.41016065 1.49747785 1.40000000
v 6.39394477 1.59998853 1.40000000
v 6.38432005 1.49893984 1.40000000
v 6.36121047 1.48728546 1.40000000
v 6.20963740 1.47582684 1.40000000
v 6.34702417 1.46563789 1.40000000
v 6.19470312 1.39923310 1.40000000
v 6.19479506 1.37493303 1.40000000
v 6.25274610 1.54087516 1.40000000
v 6.31746615 1.58447493 1.40000000
v 6.29746460 0.86164847 1.40000000
v 6.19776761 0.97330222 1.40000000
v 6.29670770 1.06164701 1.40000000
v 6.19630888 0.97493595 1.40000000
v 6.19701072 1.17330085 1.40000000
v 6.19556305 1.17200818 1.40000000
v 6.19555197 1.17493449 1.40000000
v 6.19706132 0.77610989 1.40000000
v 6.19679829 0.84561156 1.40000000
v 6.19910455 0.77382163 1.40000000
v 6.23348729 0.80452235 1.40000000
v 6.29880153 0.66216779 1.40000000
v 6.19762009 0.62845997 1.40000000
v 6.19707683 0.77201105 1.40000000
v 6.18653309 0.46510538 1.40000000
v 6.19766081 0.61770449 1.40000000
v 6.22575852 0.59694685 1.40000000
v 6.26075249 0.55775600 1.40000000
v 6.32545553 0.48529301 1.40000000
v 6.34934682 0.43980442 1.40000000
v 5.82967608 0.17284284 1.40000000
v 5.97615351 0.17339718 1.40000000
v 5.85316804 0.06358200 1.40000000
v 5.88386876 0.02919927 1.40000000
v 5.58807345 0.06389731 1.40000000
v 5.59715524 0.03565970 1.40000000
v 5.57500587 -0.00312225 1.40000000
v 5.58858036 -0.07004093 1.40000000
v 5.62673018 -0.12667107 1.40000000
v 5.68364740 -0.16439116 1.40000000
v 5.89113973 -0.17692707 1.40000000
v 5.78732730 -0.17731996 1.40000000
v 5.75066695 -0.17745870 1.40000000
v 6.20242904 -0.64220554 1.40000000
v 6.21448497 -0.65570739 1.40000000
v 6.24518571 -0.69009010 1.40000000
v 6.20252057 -0.66639055 1.40000000
v 6.20275363 -0.72797821 1.40000000
v 6.35572861 -0.83434572 1.40000000
v 6.20426745 -1.12797534 1.40000000
v 6.20571516 -1.12668267 1.40000000
v 6.30541213 -1.23833651 1.40000000
v 6.30616904 -1.43833505 1.40000000
v 6.20578126 -1.52797252 1.40000000
v 6.44354038 -1.61668621 1.40000000
v 6.42189266 -1.60249993 1.40000000
v 6.39605212 -1.60103794 1.40000000
v 6.37294258 -1.61269233 1.40000000
v 6.35875624 -1.63433999 1.40000000
v 6.20602218 -1.59162618 1.40000000
v 6.35729432 -1.66018046 1.40000000
v 6.41643688 -1.69893838 1.40000000
v 6.39681223 -1.80002507 1.40000000
v 6.39059625 -1.69747639 1.40000000
v 6.39090821 -1.79995559 1.40000000
v 6.36894862 -1.68329012 1.40000000
v 6.45519458 -1.63979586 1.40000000
v 6.56537891 -1.72748249 1.40000000
v 6.45373275 -1.66563634 1.40000000
v 6.55095082 -1.74379144 1.40000000
v 6.43954642 -1.68728400 1.40000000
v 6.48946670 -1.78521127 1.40000000
v 6.41681208 -1.79994926 1.40000000
v 6.26225230 -1.74488407 1.40000000
v 6.22083252 -1.68340001 1.40000000
v 6.32404819 -1.78583730 1.40000000
v 6.20609451 -1.61074530 1.40000000
v 6.42113579 -1.40250130 1.40000000
v 6.39529522 -1.40103949 1.40000000
v 6.40510912 -1.34999035 1.40000000
v 6.37218567 -1.41269378 1.40000000
v 6.35799934 -1.43434145 1.40000000
v 6.35653742 -1.46018192 1.40000000
v 6.36819172 -1.48329157 1.40000000
v 6.38983934 -1.49747785 1.40000000
v 6.41567998 -1.49893975 1.40000000
v 6.59190405 -1.68199558 1.40000000
v 6.43878952 -1.48728555 1.40000000
v 6.60609172 -1.60923153 1.40000000
v 6.60596189 -1.57493167 1.40000000
v 6.45297586 -1.46563789 1.40000000
v 6.45443771 -1.43979723 1.40000000
v 6.44278348 -1.41668767 1.40000000
v 6.60520494 -1.37493303 1.40000000
v 6.60320171 -0.84561156 1.40000000
v 6.60368006 -0.97200964 1.40000000
v 6.60223239 -0.97330222 1.40000000
v 6.60369114 -0.97493595 1.40000000
v 6.60233919 -0.61770449 1.40000000
v 6.60292315 -0.77201105 1.40000000
v 6.60089545 -0.77382163 1.40000000
v 6.60293868 -0.77610989 1.40000000
v 6.43288128 0.58121472 1.40000000
v 6.40773245 0.60104523 1.40000000
v 6.43084196 0.61269947 1.40000000
v 6.49685860 0.63834079 1.40000000
v 6.44502826 0.63434714 1.40000000
v 6.44649018 0.66018775 1.40000000
v 6.43215555 0.71080378 1.40000000
v 6.38189181 0.60250713 1.40000000
v 6.39849855 0.55051399 1.40000000
v 6.36024419 0.61669340 1.40000000
v 6.33379550 0.62297694 1.40000000
v 6.34858992 0.63980296 1.40000000
v 6.43483595 0.68329726 1.40000000
v 6.41318829 0.69748359 1.40000000
v 6.39716158 0.74999463 1.40000000
v 6.38734765 0.69894544 1.40000000
v 6.59765797 0.61921831 1.40000000
v 6.60994041 0.46670781 1.40000000
v 6.46358202 0.54683196 1.40000000
v 6.73267401 0.17626028 1.40000000
v 6.79426167 0.17649337 1.40000000
v 6.36100109 0.41669486 1.40000000
v 6.09563116 0.17384936 1.40000000
v 6.38264875 0.40250854 1.40000000
v 6.40848933 0.40104664 1.40000000
v 6.43159888 0.41270093 1.40000000
v 6.44578521 0.43434859 1.40000000
v 6.44724711 0.46018916 1.40000000
v 6.38810459 0.49894694 1.40000000
v 6.36499504 0.48729265 1.40000000
v 6.35080871 0.46564499 1.40000000
v 5.99749146 -0.01735126 1.40000000
v 6.35578052 -1.26018338 1.40000000
v 6.36743482 -1.28329303 1.40000000
v 6.40435221 -1.14999171 1.40000000
v 6.44202657 -1.21668912 1.40000000
v 6.42037887 -1.20250275 1.40000000
v 6.38908244 -1.29747931 1.40000000
v 6.41492307 -1.29894121 1.40000000
v 6.43803262 -1.28728691 1.40000000
v 6.45221895 -1.26563925 1.40000000
v 6.45368079 -1.23979868 1.40000000
v 6.39453832 -1.20104095 1.40000000
v 6.37142877 -1.21269515 1.40000000
v 6.35724244 -1.23434281 1.40000000
v 6.35502363 -1.06018484 1.40000000
v 6.36667792 -1.08329440 1.40000000
v 6.38832556 -1.09748077 1.40000000
v 6.41416611 -1.09894257 1.40000000
v 6.43727566 -1.08728837 1.40000000
v 6.45146199 -1.06564071 1.40000000
v 6.45292391 -1.03980014 1.40000000
v 6.44126967 -1.01669058 1.40000000
v 6.41962198 -1.00250421 1.40000000
v 6.39378139 -1.00104231 1.40000000
v 6.37067184 -1.01269661 1.40000000
v 6.35648551 -1.03434427 1.40000000
v 6.41886507 -0.80250567 1.40000000
v 5.62579355 0.12081454 1.40000000
v 5.65511098 0.08740901 1.40000000
v 5.69010491 0.04821815 1.40000000
v 5.73981230 0.04649018 1.40000000
v 6.56651272 -0.80452235 1.40000000
v 6.19005961 -0.46670781 1.40000000
v 6.27119705 -0.47378899 1.40000000
v 6.33641798 -0.54683196 1.40000000
v 5.68242364 0.15896437 1.40000000
v 5.71908827 0.14453509 1.40000000
v 5.74934233 0.17253880 1.40000000
v 6.19631996 0.97200964 1.40000000
v 6.34929494 0.86564217 1.40000000
v 6.34783298 0.83980151 1.40000000
v 6.35948725 0.81669204 1.40000000
v 6.38113491 0.80250567 1.40000000
v 6.44427136 0.83434563 1.40000000
v 6.43008506 0.81269806 1.40000000
v 6.40697555 0.80104377 1.40000000
v 6.44573328 0.86018629 1.40000000
v 6.43407901 0.88329585 1.40000000
v 6.41243135 0.89748222 1.40000000
v 6.42932816 1.01269661 1.40000000
v 6.44351452 1.03434427 1.40000000
v 6.36272434 1.08728828 1.40000000
v 6.34853804 1.06564071 1.40000000
v 6.34707608 1.03980014 1.40000000
v 6.35873032 1.01669058 1.40000000
v 6.38037801 1.00250421 1.40000000
v 6.40621864 1.00104231 1.40000000
v 6.44497638 1.06018484 1.40000000
v 6.43332208 1.08329440 1.40000000
v 6.41167445 1.09748077 1.40000000
v 6.38583392 1.09894266 1.40000000
v 6.46660385 -0.07459174 1.40000000
v 6.42038475 -0.09790026 1.40000000
v 6.36870357 -0.09497650 1.40000000
v 6.37961524 0.09790026 1.40000000
v 6.43129643 0.09497649 1.40000000
v 6.47459174 0.06660383 1.40000000
v 6.30209972 -0.02038475 1.40000000
v 6.30502352 0.03129643 1.40000000
v 6.33339618 0.07459176 1.40000000
v 6.49497647 -0.03129644 1.40000000
v 6.49790027 0.02038474 1.40000000
v 6.32540826 -0.06660384 1.40000000
v 8.21911886 -0.01061553 4.40065074
v 8.32011204 0.00195992 4.57325518
v 8.22011276 0.00158147 4.40005022
v 8.32314778 0.01369601 4.57147709
v 8.22314850 0.01331756 4.39827196
v 8.32810874 0.02452035 4.56858925
v 8.22810947 0.02414189 4.39538411
v 8.33480421 0.03401675 4.56470303
v 8.23480494 0.03363829 4.39149789
v 8.34297675 0.04182046 4.55996744
v 8.24297748 0.04144200 4.38676230
v 8.35231270 0.04763143 4.55456465
v 8.25231343 0.04725297 4.38135970
v 8.36245294 0.05122646 4.54870253
v 8.26245367 0.05084800 4.37549739
v 8.37300781 0.05246726 4.54260572
v 8.27300853 0.05208880 4.36940077
v 8.38357198 0.05130638 4.53650928
v 8.28357271 0.05092793 4.36330415
v 8.39373905 0.04778821 4.53064680
v 8.29373977 0.04740975 4.35744184
v 8.40311858 0.04204807 4.52524438
v 8.30311931 0.04166961 4.35203924
v 8.41135017 0.03430644 4.52050879
v 8.31135090 0.03392799 4.34730365
v 8.41811735 0.02486099 4.51662238
v 8.31811807 0.02448254 4.34341724
v 8.42315990 0.01407451 4.51373454
v 8.32316063 0.01369606 4.34052958
v 8.42628449 0.00236174 4.51195627
v 8.32628521 0.00198329 4.33875113
v 8.42737059 -0.00982739 4.51135575
v 8.32737132 -0.01020584 4.33815080
v 8.42637669 -0.02202439 4.51195627
v 8.32637742 -0.02240285 4.33875113
v 8.42334095 -0.03376057 4.51373454
v 8.32334168 -0.03413903 4.34052958
v 8.41838017 -0.04458482 4.51662238
v 8.31838089 -0.04496327 4.34341724
v 8.41168470 -0.05408131 4.52050879
v 8.31168543 -0.05445976 4.34730365
v 8.40351197 -0.06188492 4.52524438
v 8.30351270 -0.06226338 4.35203924
v 8.39417621 -0.06769589 4.53064680
v 8.29417694 -0.06807435 4.35744184
v 8.38403578 -0.07129093 4.53650928
v 8.28403670 -0.07166938 4.36330415
v 8.37348092 -0.07253182 4.54260572
v 8.27348165 -0.07291028 4.36940077
v 8.36291693 -0.07137085 4.54870253
v 8.26291765 -0.07174931 4.37549739
v 8.35274968 -0.06785268 4.55456465
v 8.25275041 -0.06823113 4.38135970
v 8.34337014 -0.06211253 4.55996744
v 8.24337087 -0.06249099 4.38676230
v 8.33513855 -0.05437100 4.56470303
v 8.23513947 -0.05474946 4.39149789
v 8.32837156 -0.04492546 4.56858925
v 8.22837229 -0.04530391 4.39538411
v 8.32332882 -0.03413908 4.57147709
v 8.22332955 -0.03451753 4.39827196
v 8.32020442 -0.02242621 4.57325518
v 8.22020515 -0.02280466 4.40005022
v 8.31911813 -0.01023708 4.57385569
v 8.37324436 -0.01003223 4.54260572
v 8.27324509 -0.01041069 4.36940077
v 8.42836450 0.00236961 4.51075523
v 8.32836523 0.00199116 4.33755028
v 8.43140024 0.01410570 4.50897697
v 8.33140097 0.01372725 4.33577202
v 8.43636102 0.02493004 4.50608912
v 8.33636175 0.02455158 4.33288417
v 8.44305649 0.03442644 4.50220290
v 8.34305722 0.03404798 4.32899776
v 8.45122922 0.04223014 4.49746731
v 8.35122994 0.04185169 4.32426236
v 8.46056498 0.04804111 4.49206471
v 8.36056589 0.04766266 4.31885957
v 8.47070522 0.05163614 4.48620241
v 8.37070614 0.05125769 4.31299727
v 8.48126027 0.05287695 4.48010578
v 8.38126100 0.05249849 4.30690083
v 8.49182426 0.05171607 4.47400916
v 8.39182499 0.05133761 4.30080421
v 8.50199151 0.04819790 4.46814685
v 8.40199224 0.04781944 4.29494190
v 8.51137105 0.04245776 4.46274425
v 8.41137178 0.04207930 4.28953912
v 8.51960245 0.03471613 4.45800866
v 8.41960336 0.03433767 4.28480371
v 8.52636963 0.02527068 4.45412244
v 8.42637035 0.02489222 4.28091730
v 8.53141236 0.01448420 4.45123460
v 8.43141309 0.01410575 4.27802946
v 8.53453677 0.00277143 4.44945633
v 8.43453749 0.00239298 4.27625119
v 8.53562306 -0.00941770 4.44885581
v 8.43562379 -0.00979616 4.27565067
v 8.53462915 -0.02161470 4.44945633
v 8.43462988 -0.02199316 4.27625119
v 8.53159341 -0.03335089 4.45123460
v 8.43159414 -0.03372934 4.27802946
v 8.52663244 -0.04417513 4.45412244
v 8.42663317 -0.04455358 4.28091730
v 8.51993698 -0.05367162 4.45800866
v 8.41993771 -0.05405007 4.28480371
v 8.51176444 -0.06147524 4.46274425
v 8.41176517 -0.06185369 4.28953912
v 8.50242849 -0.06728621 4.46814685
v 8.40242922 -0.06766466 4.29494190
v 8.49228825 -0.07088124 4.47400916
v 8.39228898 -0.07125969 4.30080421
v 8.48173338 -0.07212213 4.48010578
v 8.38173411 -0.07250059 4.30690083
v 8.47116921 -0.07096116 4.48620241
v 8.37116993 -0.07133962 4.31299727
v 8.46100214 -0.06744299 4.49206471
v 8.36100287 -0.06782144 4.31885957
v 8.45162261 -0.06170285 4.49746731
v 8.35162334 -0.06208130 4.32426236
v 8.44339102 -0.05396131 4.50220290
v 8.34339175 -0.05433977 4.32899776
v 8.43662384 -0.04451577 4.50608912
v 8.33662457 -0.04489422 4.33288417
v 8.43158129 -0.03372939 4.50897697
v 8.33158202 -0.03410784 4.33577202
v 8.42845670 -0.02201652 4.51075523
v 8.32845743 -0.02239498 4.33755028
v 8.48149683 -0.00962255 4.48010578
v 8.38149756 -0.01000100 4.30690083
v 8.53661678 0.00277930 4.44825529
v 8.43661770 0.00240085 4.27505034
v 8.53965252 0.01451539 4.44647703
v 8.43965325 0.01413693 4.27327208
v 8.54461349 0.02533972 4.44358918
v 8.44461422 0.02496127 4.27038423
v 8.55130895 0.03483612 4.43970296
v 8.45130968 0.03445767 4.26649782
v 8.55948168 0.04263983 4.43496737
v 8.45948241 0.04226138 4.26176242
v 8.56881745 0.04845080 4.42956458
v 8.46881817 0.04807235 4.25635963
v 8.57895769 0.05204583 4.42370228
v 8.47895841 0.05166738 4.25049733
v 8.58951274 0.05328663 4.41760584
v 8.48951347 0.05290818 4.24440070
v 8.60007673 0.05212576 4.41150922
v 8.50007746 0.05174730 4.23830427
v 8.61024379 0.04860758 4.40564691
v 8.51024452 0.04822913 4.23244196
v 8.61962333 0.04286744 4.40024413
v 8.51962424 0.04248899 4.22703917
v 8.62785491 0.03512581 4.39550872
v 8.52785564 0.03474736 4.22230359
v 8.63462209 0.02568037 4.39162231
v 8.53462282 0.02530191 4.21841736
v 8.63966483 0.01489389 4.38873447
v 8.53966556 0.01451544 4.21552952
v 8.64278923 0.00318112 4.38695620
v 8.54278996 0.00280266 4.21375125
v 8.64387534 -0.00900801 4.38635587
v 8.54387607 -0.00938647 4.21315073
v 8.64288143 -0.02120502 4.38695620
v 8.54288235 -0.02158347 4.21375125
v 8.63984588 -0.03294120 4.38873447
v 8.53984661 -0.03331965 4.21552952
v 8.63488491 -0.04376544 4.39162231
v 8.53488564 -0.04414389 4.21841736
v 8.62818945 -0.05326193 4.39550872
v 8.52819017 -0.05364039 4.22230359
v 8.62001672 -0.06106555 4.40024413
v 8.52001745 -0.06144400 4.22703917
v 8.61068095 -0.06687652 4.40564691
v 8.51068168 -0.06725497 4.23244196
v 8.60054071 -0.07047155 4.41150922
v 8.50054144 -0.07085000 4.23830427
v 8.58998566 -0.07171244 4.41760584
v 8.48998639 -0.07209090 4.24440070
v 8.57942167 -0.07055147 4.42370228
v 8.47942240 -0.07092993 4.25049733
v 8.56925442 -0.06703330 4.42956458
v 8.46925534 -0.06741175 4.25635963
v 8.55987489 -0.06129316 4.43496737
v 8.45987561 -0.06167161 4.26176242
v 8.55164348 -0.05355162 4.43970296
v 8.45164421 -0.05393008 4.26649782
v 8.54487631 -0.04410608 4.44358918
v 8.44487704 -0.04448454 4.27038423
v 8.53983357 -0.03331970 4.44647703
v 8.43983430 -0.03369815 4.27327208
v 8.53670917 -0.02160683 4.44825529
v 8.43670990 -0.02198529 4.27505034
v 8.58974911 -0.00921286 4.41760584
v 8.48975002 -0.00959131 4.24440070
v 6.75231905 -1.80367958 2.65334356
v 7.61184746 -1.80042665 3.06966263
v 7.54645148 -1.80067420 3.15506063
v 7.52698330 -1.80074777 3.63035272
v 7.50338870 -1.80083718 3.78404758
v 7.77422178 -1.79981217 2.06334349
v 8.60421590 -1.79667100 3.50094582
v 8.59969545 -1.79668814 3.49325124
v 7.70499788 -1.80007406 3.01588173
v 7.81165210 -1.79967042 3.00194580
v 8.50302789 -1.79705396 3.37145604
v 8.37789837 -1.79752745 3.27914558
v 8.23299836 -1.79807581 3.22273183
v 7.52076653 -1.80077124 3.93856890
v 7.57790969 -1.80055499 4.08318374
v 7.58231317 -1.80053841 4.09094575
v 7.58730655 -1.80051941 3.45855258
v 7.59246664 -1.80050004 3.46773151
v 7.59338948 -1.80049650 3.47822099
v 7.51881457 -1.80077869 3.25901094
v 7.53316467 -1.80072449 3.36561106
v 7.58991146 -1.80050973 3.48815988
v 8.06804623 -1.79870017 3.20417579
v 8.05942349 -1.79873277 3.19813188
v 8.07839248 -1.79866087 3.20613324
v 8.05405441 -1.79875307 3.18907365
v 8.00063636 -1.79895516 3.09571433
v 7.91549364 -1.79927740 3.02998661
v 8.66118658 -1.79645531 3.63607142
v 8.89921381 -1.79555453 4.01190068
v 8.38826231 -1.79748815 4.30690083
v 8.51150497 -1.79702174 4.21208567
v 8.60569670 -1.79666542 4.08836580
v 8.66429515 -1.79644357 3.94433453
v 8.68323024 -1.79637186 3.78999631
v 8.10002896 -1.14857443 5.03192298
v 8.58499973 -1.14673898 4.75192308
v 8.52898999 -1.14695095 4.65491056
v 9.15657233 -1.14457589 4.42192308
v 8.91407418 -1.14549361 4.00190070
v 8.59331272 -1.14670750 4.46021459
v 8.47707956 -1.14714745 4.64487500
v 8.43584768 -1.14730345 4.61177877
v 7.85753073 -1.14949215 4.61190059
v 8.41482009 -1.14738308 4.56326842
v 8.41885477 -1.14736781 4.51055053
v 8.44701964 -1.14726117 4.46580495
v 8.49280793 -1.14708794 4.43936899
v 8.54564092 -1.14688799 4.43735007
v 8.61559182 -1.14662321 4.60491046
v 8.67160174 -1.14641124 4.70192298
v 8.63285612 -1.14655793 4.55493681
v 8.62481024 -1.14658838 4.50268048
v 7.54658391 -1.15066897 1.63332119
v 7.54753004 -1.40066715 1.63332119
v 7.06161314 -1.15250433 1.91332121
v 7.06255927 -1.40250260 1.91332121
v 8.10097519 -1.39857261 5.03192298
v 8.58594596 -1.39673725 4.75192308
v 6.97595735 -1.40283033 1.96332117
v 6.49098662 -1.40466569 2.24332116
v 6.97501122 -1.15283215 1.96332117
v 6.49004048 -1.15466751 2.24332116
v 6.73253876 -1.15374979 2.66334354
v 6.72648349 0.44623879 2.66334354
v 7.85147545 0.45049642 4.61190059
v 8.67254778 -1.39640942 4.70192298
v 9.15751855 -1.39457406 4.42192308
v 7.78908215 -1.14975125 2.05334351
v 8.90801891 0.45449496 4.00190070
v 7.78302688 0.45023737 2.05334351
v 7.11762302 -1.15229236 2.01033377
v 7.16953340 -1.15209594 2.02036919
v 7.21076529 -1.15193985 2.05346542
v 7.23179288 -1.15186032 2.10197601
v 7.15380504 -1.15215546 2.22587535
v 7.19959324 -1.15198214 2.19943938
v 7.22775811 -1.15187559 2.15469376
v 7.10097204 -1.15235541 2.22789427
v 7.05330011 -1.15253581 2.20502965
v 7.03102106 -1.15262009 2.06033378
v 7.01375676 -1.15268547 2.11030757
v 7.02180273 -1.15265502 2.16256376
v 7.77270791 -1.39981499 2.06334349
v 8.89769986 -1.39555736 4.01190068
v 7.11856915 -1.40229063 2.01033377
v 7.17047953 -1.40209412 2.02036919
v 8.52993603 -1.39694922 4.65491056
v 8.47802560 -1.39714563 4.64487500
v 8.43679372 -1.39730172 4.61177877
v 8.41576613 -1.39738126 4.56326842
v 7.02274886 -1.40265319 2.16256376
v 7.05424624 -1.40253399 2.20502965
v 6.75080526 -1.40368240 2.65334356
v 7.10191817 -1.40235359 2.22789427
v 8.61653804 -1.39662139 4.60491046
v 7.15475122 -1.40215363 2.22587535
v 7.20053937 -1.40198041 2.19943938
v 8.63380234 -1.39655611 4.55493681
v 8.62575627 -1.39658656 4.50268048
v 8.59425894 -1.39670577 4.46021459
v 8.54658696 -1.39688617 4.43735007
v 8.49375396 -1.39708612 4.43936899
v 7.87579722 -1.39942477 4.60190080
v 8.44796586 -1.39725944 4.46580495
v 8.41980099 -1.39736598 4.51055053
v 7.03196723 -1.40261836 2.06033378
v 7.01470289 -1.40268365 2.11030757
v 7.22870424 -1.40187377 2.15469376
v 7.23273901 -1.40185850 2.10197601
v 7.21171142 -1.40193813 2.05346542
v 7.87731109 -1.79942194 4.60190080
v 7.93625673 -1.79919880 4.36467077
v 8.09028975 -1.79861598 4.38593827
v 8.24452944 -1.79803222 4.36622515
v 7.67084916 -1.80020332 4.20784722
v 7.79312930 -1.79974064 4.30390011
v 8.08009549 -2.24865768 3.20613324
v 8.23470137 -2.24807262 3.22273183
v 8.37960138 -2.24752426 3.27914558
v 8.50473090 -2.24705078 3.37145604
v 8.60139846 -2.24668477 3.49325124
v 8.66288978 -2.24645212 3.63607142
v 8.68493325 -2.24636868 3.78999631
v 8.66599816 -2.24644039 3.94433453
v 8.60739972 -2.24666223 4.08836580
v 8.51320799 -2.24701855 4.21208567
v 8.38996551 -2.24748496 4.30690083
v 8.24623245 -2.24802904 4.36622515
v 8.09199277 -2.24861279 4.38593827
v 7.93795974 -2.24919561 4.36467077
v 7.79483241 -2.24973727 4.30390011
v 7.67255218 -2.25020014 4.20784722
v 7.57961280 -2.25055180 4.08318374
v 7.52246955 -2.25076806 3.93856890
v 7.50509172 -2.25083400 3.78404758
v 7.52868631 -2.25074459 3.63035272
v 7.59161457 -2.25050654 3.48815988
v 7.58900966 -2.25051623 3.45855258
v 7.53486778 -2.25072131 3.36561106
v 7.52051759 -2.25077551 3.25901094
v 7.54815449 -2.25067101 3.15506063
v 7.61355047 -2.25042347 3.06966263
v 7.70670089 -2.25007087 3.01588173
v 7.81335521 -2.24966723 3.00194580
v 7.91719674 -2.24927422 3.02998661
v 8.00233937 -2.24895198 3.09571433
v 8.05575743 -2.24874988 3.18907365
v 8.09496760 -2.24860143 3.55594564
v 7.99735139 -2.24897098 3.57669476
v 8.06974925 -2.24869698 3.20417579
v 7.91661402 -2.24927645 3.63535430
v 7.86671562 -2.24946532 3.72178159
v 7.59416965 -2.25049686 3.46773151
v 8.06112669 -2.24872958 3.19813188
v 7.59509250 -2.25049332 3.47822099
v 8.30281216 -2.24781483 3.91594577
v 8.23603503 -2.24806760 3.99010978
v 8.14486600 -2.24841256 4.03070110
v 8.19258361 -2.24823207 3.57669476
v 8.27332109 -2.24792641 3.63535430
v 8.30281216 -2.24781483 3.67594581
v 8.32321949 -2.24773772 3.72178159
v 8.33365104 -2.24769823 3.82103264
v 7.85628396 -2.24950481 3.82103264
v 7.88712294 -2.24938802 3.91594577
v 7.95390007 -2.24913545 3.99010978
v 8.04506901 -2.24879030 4.03070110
v 7.86775637 -2.52446327 3.87010980
v 7.85732472 -2.52450276 3.77085894
v 7.85732472 -2.52450276 3.82103264
v 7.88816369 -2.52438616 3.67594581
v 7.86775637 -2.52446327 3.72178159
v 7.95494083 -2.52413340 3.60178161
v 7.91765477 -2.52427459 3.63535430
v 8.04610986 -2.52378844 3.56119029
v 7.99839224 -2.52396893 3.57669476
v 8.14590666 -2.52341069 3.56119029
v 8.09600826 -2.52359957 3.55594564
v 8.23707569 -2.52306554 3.60178161
v 8.19362427 -2.52323002 3.57669476
v 8.33469189 -2.52269618 3.77085894
v 8.32426015 -2.52273567 3.72178159
v 8.30385282 -2.52281297 3.67594581
v 8.27436175 -2.52292454 3.63535430
v 8.32426015 -2.52273567 3.87010980
v 8.33469189 -2.52269618 3.82103264
v 8.27436175 -2.52292454 3.95653709
v 8.30385282 -2.52281297 3.91594577
v 8.19362427 -2.52323002 4.01519663
v 8.23707569 -2.52306554 3.99010978
v 8.09600826 -2.52359957 4.03594575
v 8.14590666 -2.52341069 4.03070110
v 7.99839224 -2.52396893 4.01519663
v 8.04610986 -2.52378844 4.03070110
v 7.88816369 -2.52438616 3.91594577
v 7.91765477 -2.52427459 3.95653709
v 7.95494083 -2.52413340 3.99010978
v 8.14610261 -2.54841000 3.70934322
v 8.09610288 -2.54859924 3.69594577
v 8.14080357 -2.54843011 3.58564402
v 8.25587797 -2.54799463 3.65208271
v 8.18270489 -2.54827160 3.74594569
v 8.22247590 -2.54812110 3.62200714
v 8.18355072 -2.54826825 3.59953340
v 7.96973004 -2.54907757 3.62200714
v 8.00865523 -2.54893024 3.59953340
v 8.04610334 -2.54878849 3.70934322
v 8.05140219 -2.54876837 3.58564402
v 8.09610288 -2.54859924 3.58094569
v 8.00950106 -2.54892707 3.84594570
v 7.90990877 -2.54930388 3.90344574
v 7.89162719 -2.54937317 3.86238448
v 7.93632788 -2.54920404 3.65208271
v 8.00950106 -2.54892707 3.74594569
v 7.90990877 -2.54930388 3.68844564
v 7.99610361 -2.54897773 3.79594579
v 8.22247572 -2.54812110 3.96988443
v 8.14610261 -2.54841000 3.88254836
v 8.25587797 -2.54799463 3.93980886
v 8.18270489 -2.54827160 3.84594570
v 8.28229699 -2.54789460 3.90344574
v 7.88228221 -2.54940856 3.81841935
v 7.88228221 -2.54940856 3.77347204
v 7.89162719 -2.54937317 3.72950710
v 7.93632788 -2.54920404 3.93980886
v 8.04610315 -2.54878849 3.88254817
v 7.96973004 -2.54907757 3.96988443
v 8.28229699 -2.54789460 3.68844583
v 8.30057866 -2.54782550 3.72950710
v 8.19610215 -2.54822075 3.79594579
v 8.09610288 -2.54859924 3.89594580
v 8.05140219 -2.54876837 4.00624755
v 8.00865523 -2.54893024 3.99235799
v 8.18355072 -2.54826825 3.99235799
v 8.14080357 -2.54843011 4.00624755
v 8.09610288 -2.54859924 4.01094570
v 8.30992355 -2.54779011 3.77347204
v 8.30992355 -2.54779011 3.81841935
v 8.30057866 -2.54782550 3.86238448
v 8.31245396 -2.54443102 3.72564434
v 8.32234237 -2.54439358 3.77216558
v 8.32234237 -2.54439358 3.81972599
v 8.31245396 -2.54443102 3.86624704
v 8.29310964 -2.54450422 3.90969566
v 8.26515450 -2.54461002 3.94817288
v 8.22981044 -2.54474375 3.97999711
v 8.18862214 -2.54489966 4.00377731
v 8.14338985 -2.54507083 4.01847433
v 8.09609021 -2.54524983 4.02344573
v 8.04879058 -2.54542883 4.01847433
v 8.00355829 -2.54560001 4.00377731
v 7.96236999 -2.54575592 3.97999711
v 7.92702592 -2.54588965 3.94817288
v 7.89907088 -2.54599545 3.90969566
v 7.87972638 -2.54606865 3.86624704
v 7.86983806 -2.54610609 3.81972599
v 7.86983815 -2.54610609 3.77216558
v 7.87972638 -2.54606865 3.72564434
v 7.89907088 -2.54599545 3.68219572
v 7.92702602 -2.54588965 3.64371850
v 7.96236999 -2.54575592 3.61189428
v 8.00355829 -2.54560001 3.58811408
v 8.04879058 -2.54542883 3.57341725
v 8.09609021 -2.54524983 3.56844566
v 8.14338985 -2.54507083 3.57341706
v 8.18862214 -2.54489966 3.58811408
v 8.22981044 -2.54474375 3.61189428
v 8.26515450 -2.54461002 3.64371850
v 8.29310964 -2.54450422 3.68219572
v 8.32112215 -2.53524762 3.72281666
v 8.33140823 -2.53520869 3.77120893
v 8.33140805 -2.53520869 3.82068246
v 8.32112215 -2.53524762 3.86907473
v 8.30099962 -2.53532380 3.91427107
v 8.27192000 -2.53543369 3.95429596
v 8.23515437 -2.53557283 3.98740019
v 8.19230943 -2.53573507 4.01213686
v 8.14525771 -2.53591314 4.02742508
v 8.09605557 -2.53609940 4.03259634
v 8.04685342 -2.53628548 4.02742508
v 7.99980170 -2.53646355 4.01213686
v 7.95695686 -2.53662579 3.98740019
v 7.92019113 -2.53676493 3.95429596
v 7.89111161 -2.53687501 3.91427107
v 7.87098908 -2.53695119 3.86907473
v 7.86070300 -2.53699012 3.82068246
v 7.86070300 -2.53699012 3.77120893
v 7.87098908 -2.53695119 3.72281666
v 7.89111161 -2.53687501 3.67762032
v 7.92019113 -2.53676493 3.63759562
v 7.95695686 -2.53662579 3.60449138
v 7.99980170 -2.53646355 3.57975453
v 8.04685342 -2.53628548 3.56446649
v 8.09605557 -2.53609940 3.55929504
v 8.14525771 -2.53591314 3.56446649
v 8.19230943 -2.53573507 3.57975471
v 8.23515437 -2.53557283 3.60449138
v 8.27192000 -2.53543369 3.63759562
v 8.30099962 -2.53532380 3.67762051
v 8.18081263 -2.04827506 3.74594569
v 8.19420989 -2.04822440 3.79594579
v 8.18081263 -2.04827506 3.84594570
v 8.14421035 -2.04841364 3.88254836
v 8.09421062 -2.04860289 3.89594580
v 8.04421089 -2.04879213 3.88254817
v 8.00760880 -2.04893071 3.84594570
v 7.99421135 -2.04898138 3.79594579
v 8.00760861 -2.04893071 3.74594569
v 8.04421089 -2.04879213 3.70934322
v 8.09421062 -2.04860289 3.69594577
v 8.14421035 -2.04841364 3.70934322
v 8.09421062 -2.04860289 3.79594579
v 6.37897135 -0.96484208 1.65371839
v 6.37186046 -0.94062462 1.64250259
v 6.35662265 -0.94630802 1.64250259
v 6.48912415 -1.02499006 1.65371839
v 6.51334164 -1.01787914 1.64250259
v 6.50765824 -1.00264139 1.64250259
v 6.42897618 -1.13514289 1.65371839
v 6.43608707 -1.15936035 1.64250259
v 6.45132488 -1.15367696 1.64250259
v 6.36514152 -0.91774203 1.62857103
v 6.34671558 -0.92461454 1.62857103
v 6.44280601 -1.18224295 1.62857103
v 6.46123196 -1.17537044 1.62857103
v 6.56069856 -1.01778470 1.61209372
v 6.55749264 -1.00491531 1.61209372
v 6.53622424 -1.01116020 1.62857103
v 6.35697376 -1.03299245 1.66495305
v 6.36279932 -1.03242146 1.66595918
v 6.34719260 -1.02406135 1.66208155
v 6.42097377 -1.00299250 1.66495305
v 6.42154482 -1.00881802 1.66595918
v 6.42990486 -0.99321129 1.66208155
v 6.45097376 -1.06699253 1.66495305
v 6.44514821 -1.06756352 1.66595918
v 6.46075493 -1.07592354 1.66208155
v 6.38697377 -1.09699247 1.66495305
v 6.38640271 -1.09116696 1.66595918
v 6.37804267 -1.10677369 1.66208155
v 6.32644181 -1.03299245 1.65706496
v 6.31522857 -1.04999244 1.65371839
v 6.32614615 -1.04999244 1.65757707
v 6.31613187 -1.06262220 1.65371839
v 6.32644181 -1.06699253 1.65706496
v 6.36281005 -1.06756566 1.66596084
v 6.35697376 -1.06699253 1.66495305
v 6.34719260 -1.07592354 1.66208155
v 6.34417757 -1.06699253 1.66214751
v 6.36845427 -1.06927613 1.66671139
v 6.35146093 -1.08374041 1.66208155
v 6.37363891 -1.07204709 1.66717077
v 6.35679827 -1.09087024 1.66208155
v 6.37818697 -1.07577927 1.66732585
v 6.36309596 -1.09716794 1.66208155
v 6.37022581 -1.10250534 1.66208155
v 6.38193212 -1.08034676 1.66716955
v 6.38469015 -1.08551197 1.66671139
v 6.36710768 -1.13071799 1.65371839
v 6.37897135 -1.13514289 1.65371839
v 6.38697377 -1.12752439 1.65706496
v 6.39134401 -1.13783441 1.65371839
v 6.40397377 -1.13873770 1.65371839
v 6.40397377 -1.12782009 1.65757707
v 6.42154694 -1.09115615 1.66596084
v 6.42097377 -1.09699247 1.66495305
v 6.42990486 -1.10677369 1.66208155
v 6.42097377 -1.10978866 1.66214751
v 6.42097377 -1.12752439 1.65706496
v 6.42325738 -1.08551197 1.66671139
v 6.43772172 -1.10250534 1.66208155
v 6.42602836 -1.08032729 1.66717077
v 6.44485157 -1.09716794 1.66208155
v 6.42976056 -1.07577927 1.66732585
v 6.45114927 -1.09087024 1.66208155
v 6.45648661 -1.08374041 1.66208155
v 6.43432802 -1.07203415 1.66716955
v 6.43949326 -1.06927613 1.66671139
v 6.48469924 -1.08685857 1.65371839
v 6.48912415 -1.07499491 1.65371839
v 6.48150572 -1.06699253 1.65706496
v 6.49181566 -1.06262220 1.65371839
v 6.49271896 -1.04999244 1.65371839
v 6.48180139 -1.04999244 1.65757707
v 6.49181566 -1.03736268 1.65371839
v 6.48150572 -1.03299245 1.65706496
v 6.44513748 -1.03241932 1.66596084
v 6.45097376 -1.03299245 1.66495305
v 6.46075493 -1.02406135 1.66208155
v 6.46376996 -1.03299245 1.66214751
v 6.43949326 -1.03070885 1.66671139
v 6.45648661 -1.01624457 1.66208155
v 6.43430862 -1.02793789 1.66717077
v 6.45114927 -1.00911465 1.66208155
v 6.42976056 -1.02420570 1.66732585
v 6.44485157 -1.00281695 1.66208155
v 6.43772172 -0.99747963 1.66208155
v 6.42601541 -1.01963822 1.66716955
v 6.42325738 -1.01447301 1.66671139
v 6.44083985 -0.96926698 1.65371839
v 6.42897618 -0.96484208 1.65371839
v 6.42097377 -0.97246049 1.65706496
v 6.41660352 -0.96215056 1.65371839
v 6.40397377 -0.96124727 1.65371839
v 6.40397377 -0.97216489 1.65757707
v 6.39134401 -0.96215056 1.65371839
v 6.38697377 -0.97246049 1.65706496
v 6.38640059 -1.00882873 1.66596084
v 6.38697377 -1.00299250 1.66495305
v 6.37804267 -0.99321129 1.66208155
v 6.38697377 -0.99019632 1.66214751
v 6.38469015 -1.01447301 1.66671139
v 6.37022581 -0.99747963 1.66208155
v 6.38191917 -1.01965759 1.66717077
v 6.36309596 -1.00281695 1.66208155
v 6.37818697 -1.02420570 1.66732585
v 6.35679827 -1.00911465 1.66208155
v 6.35146093 -1.01624457 1.66208155
v 6.37361951 -1.02795083 1.66716955
v 6.36845427 -1.03070885 1.66671139
v 6.32324830 -1.01312641 1.65371839
v 6.31882338 -1.02499006 1.65371839
v 6.31613187 -1.03736268 1.65371839
v 6.42674414 -1.20836394 1.61209372
v 6.42358955 -1.18642328 1.62857103
v 6.40397377 -1.18782623 1.62857103
v 6.42820221 -1.20814741 1.61209372
v 6.44905097 -1.20351138 1.61209372
v 6.45954261 -1.20003279 1.61209372
v 6.47044017 -1.19553357 1.61209372
v 6.48860801 -1.18577555 1.61209372
v 6.47849229 -1.16594555 1.62857103
v 6.49047630 -1.18459305 1.61209372
v 6.50875148 -1.17091238 1.61209372
v 6.49423565 -1.15416022 1.62857103
v 6.51420847 -1.16595933 1.61209372
v 6.50814153 -1.14025436 1.62857103
v 6.52489370 -1.15477024 1.61209372
v 6.53529592 -1.14139542 1.61209372
v 6.51992686 -1.12451101 1.62857103
v 6.53857434 -1.13649499 1.61209372
v 6.54951489 -1.11645889 1.61209372
v 6.52935172 -1.10725071 1.62857103
v 6.55100702 -1.11308945 1.61209372
v 6.53622424 -1.08882468 1.62857103
v 6.55749264 -1.09506967 1.61209372
v 6.56069856 -1.08220028 1.61209372
v 6.54040453 -1.06960824 1.62857103
v 6.56234519 -1.07276281 1.61209372
v 6.56397376 -1.04999244 1.61209372
v 6.54180747 -1.04999244 1.62857103
v 6.56234519 -1.02722207 1.61209372
v 6.54040453 -1.03037674 1.62857103
v 6.55100702 -0.98689552 1.61209372
v 6.52935172 -0.99273426 1.62857103
v 6.54951489 -0.98352609 1.61209372
v 6.53857434 -0.96348999 1.61209372
v 6.51992686 -0.97547397 1.62857103
v 6.53529592 -0.95858956 1.61209372
v 6.50814153 -0.95973061 1.62857103
v 6.52489370 -0.94521474 1.61209372
v 6.51420847 -0.93402565 1.61209372
v 6.49423565 -0.94582476 1.62857103
v 6.50875148 -0.92907259 1.61209372
v 6.49047630 -0.91539193 1.61209372
v 6.47849229 -0.93403943 1.62857103
v 6.48860801 -0.91420943 1.61209372
v 6.46123196 -0.92461454 1.62857103
v 6.47044017 -0.90445140 1.61209372
v 6.45954261 -0.89995218 1.61209372
v 6.44280601 -0.91774203 1.62857103
v 6.44905097 -0.89647360 1.61209372
v 6.42820221 -0.89183757 1.61209372
v 6.42358955 -0.91356169 1.62857103
v 6.38120339 -0.89162104 1.61209372
v 6.38435798 -0.91356169 1.62857103
v 6.39586990 -0.89019788 1.61209372
v 6.40397377 -0.91215875 1.62857103
v 6.40397377 -0.88999253 1.61209372
v 6.42674414 -0.89162104 1.61209372
v 6.36386936 -0.89510018 1.61209372
v 6.35889656 -0.89647360 1.61209372
v 6.33750736 -0.90445140 1.61209372
v 6.33351070 -0.90634376 1.61209372
v 6.32945524 -0.93403943 1.62857103
v 6.31747123 -0.91539193 1.61209372
v 6.30603680 -0.92346836 1.61209372
v 6.31371189 -0.94582476 1.62857103
v 6.29919605 -0.92907259 1.61209372
v 6.28305384 -0.94521474 1.61209372
v 6.29980600 -0.95973061 1.62857103
v 6.28257247 -0.94577288 1.61209372
v 6.28802067 -0.97547397 1.62857103
v 6.26937320 -0.96348999 1.61209372
v 6.26407831 -0.97234417 1.61209372
v 6.27859582 -0.99273426 1.62857103
v 6.25843265 -0.98352609 1.61209372
v 6.25131149 -1.00209434 1.61209372
v 6.27172330 -1.01116020 1.62857103
v 6.25045489 -1.00491531 1.61209372
v 6.24560234 -1.02722207 1.61209372
v 6.26754301 -1.03037674 1.62857103
v 6.24479467 -1.03380559 1.61209372
v 6.26614006 -1.04999244 1.62857103
v 6.24560234 -1.07276281 1.61209372
v 6.26754301 -1.06960824 1.62857103
v 6.24479467 -1.06617939 1.61209372
v 6.24397377 -1.04999244 1.61209372
v 6.27172330 -1.08882468 1.62857103
v 6.25045489 -1.09506967 1.61209372
v 6.25131149 -1.09789055 1.61209372
v 6.27859582 -1.10725071 1.62857103
v 6.25843265 -1.11645889 1.61209372
v 6.26407831 -1.12764081 1.61209372
v 6.28802067 -1.12451101 1.62857103
v 6.26937320 -1.13649499 1.61209372
v 6.28257247 -1.15421209 1.61209372
v 6.29980600 -1.14025436 1.62857103
v 6.28305384 -1.15477024 1.61209372
v 6.29919605 -1.17091238 1.61209372
v 6.31371189 -1.15416022 1.62857103
v 6.30603680 -1.17651662 1.61209372
v 6.32945524 -1.16594555 1.62857103
v 6.31747123 -1.18459305 1.61209372
v 6.33351070 -1.19364122 1.61209372
v 6.34671558 -1.17537044 1.62857103
v 6.33750736 -1.19553357 1.61209372
v 6.35889656 -1.20351138 1.61209372
v 6.36514152 -1.18224295 1.62857103
v 6.36386936 -1.20488480 1.61209372
v 6.38435798 -1.18642328 1.62857103
v 6.38120339 -1.20836394 1.61209372
v 6.39586990 -1.20978709 1.61209372
v 6.40397377 -1.20999245 1.61209372
v 6.42019553 -1.16281733 1.64250259
v 6.40397377 -1.16397757 1.64250259
v 6.46559875 -1.14588281 1.64250259
v 6.47861811 -1.13613661 1.64250259
v 6.49011794 -1.12463683 1.64250259
v 6.49986411 -1.11161750 1.64250259
v 6.50765824 -1.09734358 1.64250259
v 6.51334164 -1.08210575 1.64250259
v 6.51679863 -1.06621422 1.64250259
v 6.51795884 -1.04999244 1.64250259
v 6.51679863 -1.03377076 1.64250259
v 6.49986411 -0.98836748 1.64250259
v 6.49011794 -0.97534815 1.64250259
v 6.47861811 -0.96384827 1.64250259
v 6.46559875 -0.95410217 1.64250259
v 6.45132488 -0.94630802 1.64250259
v 6.43608707 -0.94062462 1.64250259
v 6.42019553 -0.93716765 1.64250259
v 6.40397377 -0.93600741 1.64250259
v 6.38775200 -0.93716765 1.64250259
v 6.34234879 -0.95410217 1.64250259
v 6.32932942 -0.96384827 1.64250259
v 6.31782960 -0.97534815 1.64250259
v 6.30808342 -0.98836748 1.64250259
v 6.30028930 -1.00264139 1.64250259
v 6.29460589 -1.01787914 1.64250259
v 6.29114890 -1.03377076 1.64250259
v 6.28998870 -1.04999244 1.64250259
v 6.29114890 -1.06621422 1.64250259
v 6.38775200 -1.16281733 1.64250259
v 6.37186046 -1.15936035 1.64250259
v 6.35662265 -1.15367696 1.64250259
v 6.34234879 -1.14588281 1.64250259
v 6.32932942 -1.13613661 1.64250259
v 6.31782960 -1.12463683 1.64250259
v 6.30808342 -1.11161750 1.64250259
v 6.30028930 -1.09734358 1.64250259
v 6.29460589 -1.08210575 1.64250259
v 6.41660352 -1.13783441 1.65371839
v 6.44083985 -1.13071799 1.65371839
v 6.45195304 -1.12464968 1.65371839
v 6.46208951 -1.11706164 1.65371839
v 6.47104291 -1.10810818 1.65371839
v 6.47863097 -1.09797176 1.65371839
v 6.48469924 -1.01312641 1.65371839
v 6.47863097 -1.00201322 1.65371839
v 6.47104291 -0.99187670 1.65371839
v 6.46208951 -0.98292334 1.65371839
v 6.45195304 -0.97533530 1.65371839
v 6.36710768 -0.96926698 1.65371839
v 6.35599449 -0.97533530 1.65371839
v 6.34585803 -0.98292334 1.65371839
v 6.33690462 -0.99187670 1.65371839
v 6.32931656 -1.00201322 1.65371839
v 6.35599449 -1.12464968 1.65371839
v 6.34585803 -1.11706164 1.65371839
v 6.33690462 -1.10810818 1.65371839
v 6.32931656 -1.09797176 1.65371839
v 6.32324830 -1.08685857 1.65371839
v 6.31882338 -1.07499491 1.65371839
v 6.48397377 -1.04999244 1.14000002
v 6.48073320 -1.07253110 1.14000002
v 6.40397377 -1.04999244 1.14000002
v 6.45636262 -0.98953247 1.14000002
v 6.47127405 -1.00674117 1.14000002
v 6.48073320 -1.02745388 1.14000002
v 6.39258858 -0.97080674 1.14000002
v 6.41535895 -0.97080674 1.14000002
v 6.43720697 -0.97722188 1.14000002
v 6.33667348 -1.00674117 1.14000002
v 6.35158491 -0.98953247 1.14000002
v 6.37074056 -0.97722188 1.14000002
v 6.32721433 -1.07253110 1.14000002
v 6.32397377 -1.04999244 1.14000002
v 6.32721433 -1.02745388 1.14000002
v 6.37074056 -1.12276301 1.14000002
v 6.35158491 -1.11045241 1.14000002
v 6.33667348 -1.09324371 1.14000002
v 6.43720697 -1.12276301 1.14000002
v 6.41535895 -1.12917824 1.14000002
v 6.39258858 -1.12917824 1.14000002
v 6.47127405 -1.09324371 1.14000002
v 6.45636262 -1.11045241 1.14000002
v 6.48073320 -1.07253110 1.54000000
v 6.47127405 -1.09324371 1.54000000
v 6.45636262 -1.11045241 1.54000000
v 6.43720697 -1.12276301 1.54000000
v 6.41535895 -1.12917824 1.54000000
v 6.39258858 -1.12917824 1.54000000
v 6.37074056 -1.12276301 1.54000000
v 6.35158491 -1.11045241 1.54000000
v 6.33667348 -1.09324371 1.54000000
v 6.32721433 -1.07253110 1.54000000
v 6.32397377 -1.04999244 1.54000000
v 6.32721433 -1.02745388 1.54000000
v 6.33667348 -1.00674117 1.54000000
v 6.35158491 -0.98953247 1.54000000
v 6.37074056 -0.97722188 1.54000000
v 6.39258858 -0.97080674 1.54000000
v 6.41535895 -0.97080674 1.54000000
v 6.43720697 -0.97722188 1.54000000
v 6.45636262 -0.98953247 1.54000000
v 6.47127405 -1.00674117 1.54000000
v 6.48073320 -1.02745388 1.54000000
v 6.48397377 -1.04999244 1.54000000
v 6.55100702 -0.98689552 1.54000000
v 6.56069856 -1.01778470 1.54000000
v 6.56397376 -1.04999244 1.54000000
v 6.36386936 -0.89510018 1.54000000
v 6.39586990 -0.89019788 1.54000000
v 6.42820221 -0.89183757 1.54000000
v 6.28257247 -1.15421209 1.54000000
v 6.26407831 -1.12764081 1.54000000
v 6.36386936 -1.20488480 1.54000000
v 6.33351070 -1.19364122 1.54000000
v 6.30603680 -1.17651662 1.54000000
v 6.45954261 -0.89995218 1.54000000
v 6.48860801 -0.91420943 1.54000000
v 6.51420847 -0.93402565 1.54000000
v 6.53529592 -0.95858956 1.54000000
v 6.28257247 -0.94577288 1.54000000
v 6.30603680 -0.92346836 1.54000000
v 6.33351070 -0.90634376 1.54000000
v 6.25131149 -1.09789055 1.54000000
v 6.24479467 -1.06617939 1.54000000
v 6.24479467 -1.03380559 1.54000000
v 6.25131149 -1.00209434 1.54000000
v 6.26407831 -0.97234417 1.54000000
v 6.48860801 -1.18577555 1.54000000
v 6.45954261 -1.20003279 1.54000000
v 6.42820221 -1.20814741 1.54000000
v 6.39586990 -1.20978709 1.54000000
v 6.56069856 -1.08220028 1.54000000
v 6.55100702 -1.11308945 1.54000000
v 6.53529592 -1.14139542 1.54000000
v 6.51420847 -1.16595933 1.54000000
v 6.35697376 -1.06699253 1.60418207
v 6.37151264 -1.07075088 1.57900000
v 6.37151264 -1.02923410 1.57900000
v 6.36836840 -1.03074424 1.58444597
v 6.35697376 -1.03299245 1.60418207
v 6.36282647 -1.03241606 1.59404488
v 6.36282647 -1.06756892 1.59404488
v 6.36836840 -1.06924064 1.58444597
v 6.38697377 -1.00299250 1.60418207
v 6.38321536 -1.01753138 1.57900000
v 6.42473217 -1.01753138 1.57900000
v 6.42322197 -1.01438714 1.58444597
v 6.42097377 -1.00299250 1.60418207
v 6.42155021 -1.00884521 1.59404488
v 6.38639732 -1.00884521 1.59404488
v 6.38472556 -1.01438714 1.58444597
v 6.45097376 -1.03299245 1.60418207
v 6.43643489 -1.02923410 1.57900000
v 6.43643489 -1.07075088 1.57900000
v 6.43957913 -1.06924064 1.58444597
v 6.45097376 -1.06699253 1.60418207
v 6.44512105 -1.06756892 1.59404488
v 6.44512105 -1.03241606 1.59404488
v 6.43957913 -1.03074424 1.58444597
v 6.42097377 -1.09699247 1.60418207
v 6.38697377 -1.09699247 1.60418207
v 6.38639732 -1.09113976 1.59404488
v 6.42155021 -1.09113976 1.59404488
v 6.38472556 -1.08559784 1.58444597
v 6.42322197 -1.08559784 1.58444597
v 6.38321536 -1.08245360 1.57900000
v 6.42473217 -1.08245360 1.57900000
v 6.42976056 -1.07577927 1.57900000
v 6.37818697 -1.02420570 1.57900000
v 6.42976056 -1.02420570 1.57900000
v 6.37818697 -1.07577927 1.57900000
v 7.02499293 0.08761034 1.65371839
v 7.01788205 0.11182782 1.64250259
v 7.00264422 0.10614442 1.64250259
v 7.13514571 0.02746236 1.65371839
v 7.15936322 0.03457326 1.64250259
v 7.15367982 0.04981106 1.64250259
v 7.07499774 -0.08269044 1.65371839
v 7.08210866 -0.10690793 1.64250259
v 7.09734645 -0.10122452 1.64250259
v 7.01116312 0.13471042 1.62857103
v 6.99273713 0.12783790 1.62857103
v 7.08882760 -0.12979052 1.62857103
v 7.10725353 -0.12291800 1.62857103
v 7.20672009 0.03466771 1.61209372
v 7.20351420 0.04753716 1.61209372
v 7.18224577 0.04129219 1.62857103
v 7.00299532 0.01945995 1.66495305
v 7.00882089 0.02003100 1.66595918
v 6.99321416 0.02839104 1.66208155
v 7.06699535 0.04945995 1.66495305
v 7.06756639 0.04363440 1.66595918
v 7.07592645 0.05924111 1.66208155
v 7.09699534 -0.01454005 1.66495305
v 7.09116978 -0.01511110 1.66595918
v 7.10677651 -0.02347114 1.66208155
v 7.03299537 -0.04454005 1.66495305
v 7.03242428 -0.03871450 1.66595918
v 7.02406426 -0.05432122 1.66208155
v 6.97246340 0.01945995 1.65706496
v 6.96125014 0.00245995 1.65371839
v 6.97216771 0.00245995 1.65757707
v 6.96215343 -0.01016981 1.65371839
v 6.97246340 -0.01454005 1.65706496
v 7.00883164 -0.01511323 1.66596084
v 7.00299532 -0.01454005 1.66495305
v 6.99321416 -0.02347114 1.66208155
v 6.99019914 -0.01454005 1.66214751
v 7.01447583 -0.01682366 1.66671139
v 6.99748250 -0.03128800 1.66208155
v 7.01966050 -0.01959465 1.66717077
v 7.00281986 -0.03841785 1.66208155
v 7.02420852 -0.02332685 1.66732585
v 7.00911756 -0.04471555 1.66208155
v 7.01624739 -0.05005289 1.66208155
v 7.02795370 -0.02789431 1.66716955
v 7.03071172 -0.03305955 1.66671139
v 7.01312928 -0.07826552 1.65371839
v 7.02499293 -0.08269044 1.65371839
v 7.03299537 -0.07507200 1.65706496
v 7.03736560 -0.08538195 1.65371839
v 7.04999536 -0.08628524 1.65371839
v 7.04999536 -0.07536767 1.65757707
v 7.06756853 -0.03870377 1.66596084
v 7.06699535 -0.04454005 1.66495305
v 7.07592645 -0.05432122 1.66208155
v 7.06699535 -0.05733625 1.66214751
v 7.06699535 -0.07507200 1.65706496
v 7.06927895 -0.03305955 1.66671139
v 7.08374327 -0.05005289 1.66208155
v 7.07204996 -0.02787491 1.66717077
v 7.09087315 -0.04471555 1.66208155
v 7.07578214 -0.02332685 1.66732585
v 7.09717085 -0.03841785 1.66208155
v 7.10250817 -0.03128800 1.66208155
v 7.08034958 -0.01958170 1.66716955
v 7.08551484 -0.01682366 1.66671139
v 7.13072081 -0.03440614 1.65371839
v 7.13514571 -0.02254246 1.65371839
v 7.12752731 -0.01454005 1.65706496
v 7.13783724 -0.01016981 1.65371839
v 7.13874053 0.00245995 1.65371839
v 7.12782296 0.00245995 1.65757707
v 7.13783724 0.01508971 1.65371839
v 7.12752731 0.01945995 1.65706496
v 7.09115907 0.02003313 1.66596084
v 7.09699534 0.01945995 1.66495305
v 7.10677651 0.02839104 1.66208155
v 7.10979153 0.01945995 1.66214751
v 7.08551484 0.02174356 1.66671139
v 7.10250817 0.03620790 1.66208155
v 7.08033021 0.02451455 1.66717077
v 7.09717085 0.04333775 1.66208155
v 7.07578214 0.02824675 1.66732585
v 7.09087315 0.04963545 1.66208155
v 7.08374327 0.05497279 1.66208155
v 7.07203701 0.03281421 1.66716955
v 7.06927895 0.03797945 1.66671139
v 7.08686143 0.08318542 1.65371839
v 7.07499774 0.08761034 1.65371839
v 7.06699535 0.07999190 1.65706496
v 7.06262512 0.09030185 1.65371839
v 7.04999536 0.09120514 1.65371839
v 7.04999536 0.08028757 1.65757707
v 7.03736560 0.09030185 1.65371839
v 7.03299537 0.07999190 1.65706496
v 7.03242218 0.04362367 1.66596084
v 7.03299537 0.04945995 1.66495305
v 7.02406426 0.05924111 1.66208155
v 7.03299537 0.06225614 1.66214751
v 7.03071172 0.03797945 1.66671139
v 7.01624739 0.05497279 1.66208155
v 7.02794075 0.03279480 1.66717077
v 7.00911756 0.04963545 1.66208155
v 7.02420852 0.02824675 1.66732585
v 7.00281986 0.04333775 1.66208155
v 6.99748250 0.03620790 1.66208155
v 7.01964109 0.02450160 1.66716955
v 7.01447583 0.02174356 1.66671139
v 6.96926985 0.03932603 1.65371839
v 6.96484495 0.02746236 1.65371839
v 6.96215343 0.01508971 1.65371839
v 7.07276573 -0.15591148 1.61209372
v 7.06961111 -0.13397081 1.62857103
v 7.04999536 -0.13537375 1.62857103
v 7.07422381 -0.15569498 1.61209372
v 7.09507253 -0.15105893 1.61209372
v 7.10556416 -0.14758039 1.61209372
v 7.11646175 -0.14308117 1.61209372
v 7.13462958 -0.13332313 1.61209372
v 7.12451388 -0.11349315 1.62857103
v 7.13649785 -0.13214062 1.61209372
v 7.15477306 -0.11845998 1.61209372
v 7.14025723 -0.10170782 1.62857103
v 7.16023005 -0.11350689 1.61209372
v 7.15416309 -0.08780193 1.62857103
v 7.17091525 -0.10231776 1.61209372
v 7.18131752 -0.08894296 1.61209372
v 7.16594842 -0.07205858 1.62857103
v 7.18459587 -0.08404258 1.61209372
v 7.19553649 -0.06400645 1.61209372
v 7.17537331 -0.05479824 1.62857103
v 7.19702856 -0.06063699 1.61209372
v 7.18224577 -0.03637229 1.62857103
v 7.20351420 -0.04261726 1.61209372
v 7.20672009 -0.02974781 1.61209372
v 7.18642610 -0.01715583 1.62857103
v 7.20836676 -0.02031042 1.61209372
v 7.20999536 0.00245995 1.61209372
v 7.18782905 0.00245995 1.62857103
v 7.20836676 0.02523032 1.61209372
v 7.18642610 0.02207573 1.62857103
v 7.19702856 0.06555688 1.61209372
v 7.17537331 0.05971814 1.62857103
v 7.19553649 0.06892635 1.61209372
v 7.18459587 0.08896248 1.61209372
v 7.16594842 0.07697847 1.62857103
v 7.18131752 0.09386286 1.61209372
v 7.15416309 0.09272183 1.62857103
v 7.17091525 0.10723766 1.61209372
v 7.16023005 0.11842679 1.61209372
v 7.14025723 0.10662772 1.62857103
v 7.15477306 0.12337988 1.61209372
v 7.13649785 0.13706052 1.61209372
v 7.12451388 0.11841304 1.62857103
v 7.13462958 0.13824303 1.61209372
v 7.10725353 0.12783790 1.62857103
v 7.11646175 0.14800107 1.61209372
v 7.10556416 0.15250029 1.61209372
v 7.08882760 0.13471042 1.62857103
v 7.09507253 0.15597882 1.61209372
v 7.07422381 0.16061488 1.61209372
v 7.06961111 0.13889071 1.62857103
v 7.02722499 0.16083138 1.61209372
v 7.03037956 0.13889071 1.62857103
v 7.04189150 0.16225459 1.61209372
v 7.04999536 0.14029365 1.62857103
v 7.04999536 0.16245994 1.61209372
v 7.07276573 0.16083138 1.61209372
v 7.00989093 0.15735229 1.61209372
v 7.00491813 0.15597882 1.61209372
v 6.98352896 0.14800107 1.61209372
v 6.97953228 0.14610868 1.61209372
v 6.97547684 0.11841304 1.62857103
v 6.96349281 0.13706052 1.61209372
v 6.95205836 0.12898407 1.61209372
v 6.95973348 0.10662772 1.62857103
v 6.94521761 0.12337988 1.61209372
v 6.92907541 0.10723766 1.61209372
v 6.94582758 0.09272183 1.62857103
v 6.92859406 0.10667954 1.61209372
v 6.93404225 0.07697847 1.62857103
v 6.91539475 0.08896248 1.61209372
v 6.91009990 0.08010826 1.61209372
v 6.92461741 0.05971814 1.62857103
v 6.90445423 0.06892635 1.61209372
v 6.89733305 0.05035805 1.61209372
v 6.91774485 0.04129219 1.62857103
v 6.89647647 0.04753716 1.61209372
v 6.89162391 0.02523032 1.61209372
v 6.91356456 0.02207573 1.62857103
v 6.89081626 0.01864688 1.61209372
v 6.91216162 0.00245995 1.62857103
v 6.89162391 -0.02031042 1.61209372
v 6.91356456 -0.01715583 1.62857103
v 6.89081626 -0.01372698 1.61209372
v 6.88999535 0.00245995 1.61209372
v 6.91774485 -0.03637229 1.62857103
v 6.89647647 -0.04261726 1.61209372
v 6.89733305 -0.04543815 1.61209372
v 6.92461741 -0.05479824 1.62857103
v 6.90445423 -0.06400645 1.61209372
v 6.91009990 -0.07518837 1.61209372
v 6.93404225 -0.07205858 1.62857103
v 6.91539475 -0.08404258 1.61209372
v 6.92859406 -0.10175965 1.61209372
v 6.94582758 -0.08780193 1.62857103
v 6.92907541 -0.10231776 1.61209372
v 6.94521761 -0.11845998 1.61209372
v 6.95973348 -0.10170782 1.62857103
v 6.95205836 -0.12406417 1.61209372
v 6.97547684 -0.11349315 1.62857103
v 6.96349281 -0.13214062 1.61209372
v 6.97953228 -0.14118878 1.61209372
v 6.99273713 -0.12291800 1.62857103
v 6.98352896 -0.14308117 1.61209372
v 7.00491813 -0.15105893 1.61209372
v 7.01116312 -0.12979052 1.62857103
v 7.00989093 -0.15243239 1.61209372
v 7.03037956 -0.13397081 1.62857103
v 7.02722499 -0.15591148 1.61209372
v 7.04189150 -0.15733469 1.61209372
v 7.04999536 -0.15754005 1.61209372
v 7.06621713 -0.11036491 1.64250259
v 7.04999536 -0.11152512 1.64250259
v 7.11162032 -0.09343040 1.64250259
v 7.12463970 -0.08368422 1.64250259
v 7.13613953 -0.07218440 1.64250259
v 7.14588568 -0.05916503 1.64250259
v 7.15367982 -0.04489116 1.64250259
v 7.15936322 -0.02965336 1.64250259
v 7.16282020 -0.01376182 1.64250259
v 7.16398039 0.00245995 1.64250259
v 7.16282020 0.01868172 1.64250259
v 7.14588568 0.06408493 1.64250259
v 7.13613953 0.07710429 1.64250259
v 7.12463970 0.08860412 1.64250259
v 7.11162032 0.09835029 1.64250259
v 7.09734645 0.10614442 1.64250259
v 7.08210866 0.11182782 1.64250259
v 7.06621713 0.11528481 1.64250259
v 7.04999536 0.11644502 1.64250259
v 7.03377358 0.11528481 1.64250259
v 6.98837035 0.09835029 1.64250259
v 6.97535102 0.08860412 1.64250259
v 6.96385119 0.07710429 1.64250259
v 6.95410499 0.06408493 1.64250259
v 6.94631089 0.04981106 1.64250259
v 6.94062745 0.03457326 1.64250259
v 6.93717047 0.01868172 1.64250259
v 6.93601027 0.00245995 1.64250259
v 6.93717047 -0.01376182 1.64250259
v 7.03377358 -0.11036491 1.64250259
v 7.01788205 -0.10690793 1.64250259
v 7.00264422 -0.10122452 1.64250259
v 6.98837035 -0.09343040 1.64250259
v 6.97535102 -0.08368422 1.64250259
v 6.96385119 -0.07218440 1.64250259
v 6.95410499 -0.05916503 1.64250259
v 6.94631089 -0.04489116 1.64250259
v 6.94062745 -0.02965336 1.64250259
v 7.06262512 -0.08538195 1.65371839
v 7.08686143 -0.07826552 1.65371839
v 7.09797463 -0.07219726 1.65371839
v 7.10811110 -0.06460919 1.65371839
v 7.11706451 -0.05565579 1.65371839
v 7.12465255 -0.04551933 1.65371839
v 7.13072081 0.03932603 1.65371839
v 7.12465255 0.05043923 1.65371839
v 7.11706451 0.06057569 1.65371839
v 7.10811110 0.06952909 1.65371839
v 7.09797463 0.07711715 1.65371839
v 7.01312928 0.08318542 1.65371839
v 7.00201609 0.07711715 1.65371839
v 6.99187962 0.06952909 1.65371839
v 6.98292621 0.06057569 1.65371839
v 6.97533812 0.05043923 1.65371839
v 7.00201609 -0.07219726 1.65371839
v 6.99187962 -0.06460919 1.65371839
v 6.98292621 -0.05565579 1.65371839
v 6.97533812 -0.04551933 1.65371839
v 6.96926985 -0.03440614 1.65371839
v 6.96484495 -0.02254246 1.65371839
v 7.12999536 0.00245995 1.14000002
v 7.12675478 -0.02007865 1.14000002
v 7.04999536 0.00245995 1.14000002
v 7.10238421 0.06291991 1.14000002
v 7.11729561 0.04571122 1.14000002
v 7.12675478 0.02499855 1.14000002
v 7.03861017 0.08164566 1.14000002
v 7.06138054 0.08164566 1.14000002
v 7.08322853 0.07523051 1.14000002
v 6.98269505 0.04571122 1.14000002
v 6.99760651 0.06291991 1.14000002
v 7.01676214 0.07523051 1.14000002
v 6.97323589 -0.02007865 1.14000002
v 6.96999535 0.00245995 1.14000002
v 6.97323589 0.02499855 1.14000002
v 7.01676214 -0.07031061 1.14000002
v 6.99760651 -0.05800002 1.14000002
v 6.98269505 -0.04079132 1.14000002
v 7.08322853 -0.07031061 1.14000002
v 7.06138054 -0.07672576 1.14000002
v 7.03861017 -0.07672576 1.14000002
v 7.11729561 -0.04079132 1.14000002
v 7.10238421 -0.05800002 1.14000002
v 7.12675478 -0.02007865 1.54000000
v 7.11729561 -0.04079132 1.54000000
v 7.10238421 -0.05800002 1.54000000
v 7.08322853 -0.07031061 1.54000000
v 7.06138054 -0.07672576 1.54000000
v 7.03861017 -0.07672576 1.54000000
v 7.01676214 -0.07031061 1.54000000
v 6.99760651 -0.05800002 1.54000000
v 6.98269505 -0.04079132 1.54000000
v 6.97323589 -0.02007865 1.54000000
v 6.96999535 0.00245995 1.54000000
v 6.97323589 0.02499855 1.54000000
v 6.98269505 0.04571122 1.54000000
v 6.99760651 0.06291991 1.54000000
v 7.01676214 0.07523051 1.54000000
v 7.03861017 0.08164566 1.54000000
v 7.06138054 0.08164566 1.54000000
v 7.08322853 0.07523051 1.54000000
v 7.10238421 0.06291991 1.54000000
v 7.11729561 0.04571122 1.54000000
v 7.12675478 0.02499855 1.54000000
v 7.12999536 0.00245995 1.54000000
v 7.19702856 0.06555688 1.54000000
v 7.20672009 0.03466771 1.54000000
v 7.20999536 0.00245995 1.54000000
v 7.00989093 0.15735229 1.54000000
v 7.04189150 0.16225459 1.54000000
v 7.07422381 0.16061488 1.54000000
v 6.92859406 -0.10175965 1.54000000
v 6.91009990 -0.07518837 1.54000000
v 7.00989093 -0.15243239 1.54000000
v 6.97953228 -0.14118878 1.54000000
v 6.95205836 -0.12406417 1.54000000
v 7.10556416 0.15250029 1.54000000
v 7.13462958 0.13824303 1.54000000
v 7.16023005 0.11842679 1.54000000
v 7.18131752 0.09386286 1.54000000
v 6.92859406 0.10667954 1.54000000
v 6.95205836 0.12898407 1.54000000
v 6.97953228 0.14610868 1.54000000
v 6.89733305 -0.04543815 1.54000000
v 6.89081626 -0.01372698 1.54000000
v 6.89081626 0.01864688 1.54000000
v 6.89733305 0.05035805 1.54000000
v 6.91009990 0.08010826 1.54000000
v 7.13462958 -0.13332313 1.54000000
v 7.10556416 -0.14758039 1.54000000
v 7.07422381 -0.15569498 1.54000000
v 7.04189150 -0.15733469 1.54000000
v 7.20672009 -0.02974781 1.54000000
v 7.19702856 -0.06063699 1.54000000
v 7.18131752 -0.08894296 1.54000000
v 7.16023005 -0.11350689 1.54000000
v 7.00299532 -0.01454005 1.60418207
v 7.01753420 -0.01829846 1.57900000
v 7.01753420 0.02321836 1.57900000
v 7.01438996 0.02170815 1.58444597
v 7.00299532 0.01945995 1.60418207
v 7.00884804 0.02003639 1.59404488
v 7.00884804 -0.01511649 1.59404488
v 7.01438996 -0.01678825 1.58444597
v 7.03299537 0.04945995 1.60418207
v 7.02923692 0.03492107 1.57900000
v 7.07075375 0.03492107 1.57900000
v 7.06924356 0.03806531 1.58444597
v 7.06699535 0.04945995 1.60418207
v 7.06757179 0.04360724 1.59404488
v 7.03241892 0.04360724 1.59404488
v 7.03074715 0.03806531 1.58444597
v 7.09699534 0.01945995 1.60418207
v 7.08245647 0.02321836 1.57900000
v 7.08245647 -0.01829846 1.57900000
v 7.08560070 -0.01678825 1.58444597
v 7.09699534 -0.01454005 1.60418207
v 7.09114263 -0.01511649 1.59404488
v 7.09114263 0.02003639 1.59404488
v 7.08560070 0.02170815 1.58444597
v 7.06699535 -0.04454005 1.60418207
v 7.03299537 -0.04454005 1.60418207
v 7.03241892 -0.03868734 1.59404488
v 7.06757179 -0.03868734 1.59404488
v 7.03074715 -0.03314541 1.58444597
v 7.06924356 -0.03314541 1.58444597
v 7.02923692 -0.03000118 1.57900000
v 7.07075375 -0.03000118 1.57900000
v 7.07578214 -0.02332685 1.57900000
v 7.02420852 0.02824675 1.57900000
v 7.07578214 0.02824675 1.57900000
v 7.02420852 -0.02332685 1.57900000
v 7.20319252 -2.04727799 2.17915252
v 7.22507413 -2.03700792 2.19634059
v 7.21377244 -2.03705058 2.20888653
v 7.05231607 -2.04784907 2.06084750
v 7.03035730 -2.03774478 2.04365943
v 7.04165909 -2.03770194 2.03111344
v 7.24610982 -2.02420559 2.21287278
v 7.23236061 -2.02425756 2.22813576
v 7.00922536 -2.02510208 2.02712724
v 7.02297462 -2.02504992 2.01186426
v 7.26611882 -2.00898107 2.22860710
v 7.25004019 -2.00904179 2.24645590
v 7.20391355 -1.99177172 1.93515509
v 7.21634969 -1.99172460 1.94079769
v 7.20576465 -2.00920943 1.96229075
v 7.17451547 -2.05495115 2.16826932
v 7.16582506 -2.05777138 2.15627090
v 7.20147078 -2.04916988 2.17101151
v 7.12894380 -2.05791090 2.06745784
v 7.13116217 -2.05511525 2.05289955
v 7.14365227 -2.04938874 2.03177985
v 7.08105035 -2.05530487 2.07173070
v 7.08976185 -2.05805916 2.08372912
v 7.05405206 -2.04972774 2.06898852
v 7.12293254 -2.04758178 2.21574330
v 7.10994054 -2.04763096 2.21419498
v 7.11187061 -2.04950888 2.20822017
v 7.09728033 -2.04767883 2.21089195
v 7.09420123 -2.05007978 2.20123395
v 7.06060876 -2.05538217 2.12120768
v 7.08499558 -2.05950160 2.12534406
v 7.06139889 -2.05537919 2.13034340
v 7.08871928 -2.05985941 2.12986786
v 7.06342559 -2.05537155 2.13928642
v 7.09150939 -2.05997564 2.13507088
v 7.06665118 -2.05535926 2.14787014
v 7.09322074 -2.05984358 2.14069509
v 7.07101554 -2.05534287 2.15593474
v 7.09380146 -2.05946844 2.14654929
v 7.07643733 -2.05532219 2.16332991
v 7.09322661 -2.05886327 2.15240964
v 7.08281563 -2.05529816 2.16991795
v 7.09152284 -2.05805246 2.15803185
v 7.07675030 -2.04964187 2.19370989
v 7.03954191 -2.04978269 2.10410906
v 7.07525171 -2.05811411 2.11884966
v 7.08042632 -2.05891002 2.12160559
v 7.03915448 -2.04789881 2.08339417
v 7.04652995 -2.05026027 2.08643764
v 7.09538713 -2.05885507 2.08542981
v 7.08805828 -2.05527823 2.06581680
v 7.10124976 -2.05944013 2.08600238
v 7.09580614 -2.05524899 2.06091227
v 7.10710531 -2.05979105 2.08542021
v 7.10414972 -2.05521733 2.05710843
v 7.11272999 -2.05989536 2.08370840
v 7.11293353 -2.05518417 2.05447609
v 7.11793250 -2.05974896 2.08091871
v 7.12199390 -2.05514990 2.05306439
v 7.12245486 -2.05935985 2.07719640
v 7.12619100 -2.05873679 2.07262943
v 7.13257606 -2.04754528 2.02425672
v 7.14556805 -2.04749610 2.02580504
v 7.15822826 -2.04744823 2.02910803
v 7.16132542 -2.04982590 2.03876603
v 7.19495711 -2.05487367 2.11879230
v 7.17060214 -2.05917768 2.11465597
v 7.19416698 -2.05487665 2.10965663
v 7.16688128 -2.05956362 2.11013216
v 7.19214023 -2.05488447 2.10071360
v 7.16409210 -2.05970109 2.10492914
v 7.18891469 -2.05489658 2.09212983
v 7.16237977 -2.05958169 2.09930488
v 7.18455033 -2.05491316 2.08406528
v 7.16179625 -2.05921102 2.09345068
v 7.17912849 -2.05493364 2.07667007
v 7.16236650 -2.05860157 2.08759033
v 7.17275024 -2.05495786 2.07008203
v 7.16406412 -2.05777790 2.08196813
v 7.17877254 -2.04925574 2.04629014
v 7.21598097 -2.04911493 2.13589096
v 7.18033525 -2.05771644 2.12115036
v 7.17516679 -2.05855146 2.11839443
v 7.21635406 -2.04722825 2.15660585
v 7.20899671 -2.04964541 2.15356234
v 7.16020597 -2.05860976 2.15457022
v 7.16750759 -2.05497760 2.17418317
v 7.15434800 -2.05923915 2.15399764
v 7.15975969 -2.05500685 2.17908775
v 7.14849520 -2.05963440 2.15457976
v 7.15141615 -2.05503851 2.18289155
v 7.14287150 -2.05978137 2.15629163
v 7.14263234 -2.05507167 2.18552393
v 7.13766806 -2.05967426 2.15908126
v 7.13357192 -2.05510613 2.18693563
v 7.13314286 -2.05931943 2.16280357
v 7.12440365 -2.05514077 2.18710048
v 7.12664311 -2.05791965 2.17254213
v 7.12940211 -2.05872469 2.16737059
v 6.97560322 -2.01008040 2.03126483
v 6.96591583 -1.99267250 2.00220403
v 6.98910172 -2.01002937 2.01139287
v 6.97015936 -1.99265648 1.99659160
v 6.98842921 -1.99258719 1.97631028
v 7.02353965 -2.00989898 1.97805092
v 7.00518035 -2.00996846 1.99354408
v 6.99112953 -1.99257713 1.97374416
v 7.00929055 -1.99250840 1.95870567
v 7.02127365 -1.99246295 1.95057039
v 7.04383755 -2.00982224 1.96520198
v 7.03235476 -1.99242104 1.94410566
v 7.05525863 -1.99233443 1.93352020
v 7.06569601 -2.00973954 1.95523664
v 7.05719211 -1.99232697 1.93278222
v 7.08334001 -1.99222807 1.92494626
v 7.08870778 -2.00965237 1.94834057
v 7.09185621 -1.99219584 1.92320990
v 7.11244426 -2.00956259 1.94464214
v 7.11031135 -1.99212600 1.92074380
v 7.12974362 -1.99205242 1.92001211
v 7.13646321 -2.00947169 1.94421029
v 7.19112137 -1.99182015 1.93037433
v 7.18356210 -2.00929344 1.95311760
v 7.16755160 -1.99190937 1.92404241
v 7.16031727 -2.00938135 1.94705311
v 7.16470869 -1.99192017 1.92348338
v 7.13760371 -1.99202262 1.92025313
v 7.23751539 -1.99164450 1.95294856
v 7.22651125 -2.00913083 1.97440177
v 7.19449937 -2.02440079 1.98513870
v 7.23992379 -1.99163537 1.95455919
v 7.26140437 -1.99155416 1.97140258
v 7.24541561 -2.00905930 1.98922498
v 7.26714253 -1.99153237 1.97677971
v 7.26212540 -2.00899616 2.00648429
v 7.28039152 -1.99148227 1.99101405
v 7.29172423 -1.99143942 2.00578724
v 7.27632947 -2.00894233 2.02585822
v 7.29653134 -1.99142117 2.01302828
v 7.30952329 -1.99137200 2.03703516
v 7.28776313 -2.00889912 2.04698579
v 7.31037201 -1.99136883 2.03892268
v 7.29621348 -2.00886708 2.06947346
v 7.31912523 -1.99133568 2.06258758
v 7.32241196 -1.99132320 2.07498847
v 7.30152314 -2.00884696 2.09290237
v 7.32515843 -1.99131295 2.08920944
v 7.32740888 -1.99130438 2.11268114
v 7.30359300 -2.00883914 2.11683605
v 7.32751049 -1.99130401 2.11640490
v 7.32613753 -1.99130923 2.14366732
v 7.30238471 -2.00884379 2.14082869
v 7.32518218 -1.99131276 2.15063827
v 7.29792078 -2.00886056 2.16443334
v 7.32106517 -1.99132841 2.17048885
v 7.31581224 -1.99134834 2.18748809
v 7.29028412 -2.00888962 2.18721028
v 7.31238786 -1.99136119 2.19636984
v 7.30026725 -1.99140701 2.22082823
v 7.27961731 -2.00892985 2.20873519
v 7.29963786 -1.99140944 2.22189869
v 7.28492911 -1.99146513 2.24340842
v 7.27724365 -1.99149419 2.25262647
v 7.26665927 -1.99153423 2.26368974
v 7.24943883 -1.99159943 2.27856073
v 7.23168084 -2.00911127 2.26194910
v 7.24579792 -1.99161321 2.28129435
v 7.22273372 -1.99170057 2.29589432
v 7.21138294 -2.00918820 2.27479800
v 7.21722848 -1.99172143 2.29876419
v 7.18952452 -2.00927090 2.28476334
v 7.19789637 -1.99179444 2.30721780
v 7.18177666 -1.99185554 2.31250660
v 7.16651275 -2.00935788 2.29165941
v 7.17174846 -1.99189354 2.31505377
v 7.14477713 -1.99199561 2.31925617
v 7.14277627 -2.00944785 2.29535788
v 7.11748476 -1.99209880 2.31974689
v 7.11875728 -2.00953875 2.29578973
v 7.10634489 -1.99214108 2.31887331
v 7.09490322 -2.00962890 2.29294687
v 7.06396715 -1.99230146 2.30962565
v 7.07165843 -2.00971700 2.28688238
v 7.06909124 -1.99228190 2.31126738
v 7.09037979 -1.99220143 2.31651659
v 7.04945593 -2.00980101 2.27770922
v 7.03873879 -1.99239682 2.29920228
v 7.03395021 -1.99241489 2.29674853
v 7.02870928 -2.00987943 2.26559821
v 7.01516473 -1.99248604 2.28544078
v 7.00219197 -1.99253522 2.27584155
v 7.00980497 -2.00995095 2.25077500
v 6.99368405 -1.99256744 2.26859744
v 6.97469700 -1.99263915 2.24898593
v 6.99309513 -2.01001428 2.23351573
v 6.95855713 -1.99270025 2.22697170
v 6.97889107 -2.01006811 2.21414180
v 6.95325115 -1.99272037 2.21808921
v 6.96745736 -2.01011132 2.19301419
v 6.94556523 -1.99274942 2.20296481
v 6.93783748 -1.99277867 2.18333123
v 6.95900700 -2.01014336 2.17052652
v 6.93596324 -1.99278574 2.17741244
v 6.92993000 -1.99280865 2.15079054
v 6.95369739 -2.01016329 2.14709761
v 6.92928035 -1.99281108 2.14628424
v 6.95162748 -2.01017130 2.12316392
v 6.92757799 -1.99281760 2.12359513
v 6.92788896 -1.99281629 2.10828726
v 6.95283578 -2.01016665 2.09917128
v 6.92895094 -1.99281238 2.09633271
v 6.93371363 -1.99279431 2.07071365
v 6.95729980 -2.01014969 2.07556668
v 6.93402334 -1.99279319 2.06951117
v 6.94270062 -1.99276023 2.04363014
v 6.96493636 -2.01012082 2.05278974
v 6.94654381 -1.99274570 2.03492134
v 6.95482127 -1.99271441 2.01917175
v 7.03867411 -2.02499051 1.99861564
v 7.05603135 -2.02492494 1.98762818
v 7.07472309 -2.02485416 1.97910657
v 7.09440105 -2.02477966 1.97320953
v 7.11469871 -2.02470291 1.97004695
v 7.13523801 -2.02462506 1.96967768
v 7.15563621 -2.02454794 1.97210862
v 7.17551347 -2.02447269 1.97729450
v 7.21224041 -2.02433374 1.99549515
v 7.22840594 -2.02427246 2.00817087
v 7.24269494 -2.02421844 2.02292977
v 7.25484125 -2.02417243 2.03949688
v 7.26461846 -2.02413537 2.05756366
v 7.27184459 -2.02410817 2.07679347
v 7.27638497 -2.02409085 2.09682812
v 7.27815505 -2.02408414 2.11729445
v 7.27712184 -2.02408805 2.13781116
v 7.27330453 -2.02410258 2.15799609
v 7.26677428 -2.02412736 2.17747321
v 7.25765272 -2.02416182 2.19587977
v 7.21666112 -2.02431697 2.24138438
v 7.19930378 -2.02438273 2.25237185
v 7.18061209 -2.02445332 2.26089345
v 7.16093413 -2.02452783 2.26679049
v 7.14063647 -2.02460475 2.26995307
v 7.12009717 -2.02468242 2.27032234
v 7.09969897 -2.02475954 2.26789140
v 7.07982175 -2.02483479 2.26270552
v 6.99768246 -2.02514566 2.04412025
v 6.98856090 -2.02518012 2.06252677
v 6.98203069 -2.02520490 2.08200389
v 6.97821339 -2.02521943 2.10218882
v 6.97718013 -2.02522334 2.12270557
v 6.97895021 -2.02521663 2.14317185
v 6.98349054 -2.02519931 2.16320656
v 6.99071667 -2.02517211 2.18243632
v 7.00049393 -2.02513505 2.20050314
v 7.01264019 -2.02508904 2.21707025
v 7.02692920 -2.02503502 2.23182910
v 7.04309477 -2.02497374 2.24450487
v 7.06083577 -2.02490669 2.25486127
v 7.05456391 -2.03765314 2.02022321
v 7.06883145 -2.03759912 2.01119162
v 7.08419585 -2.03754101 2.00418691
v 7.10037097 -2.03747973 1.99933960
v 7.11705547 -2.03741658 1.99673996
v 7.13393853 -2.03735270 1.99643644
v 7.15070569 -2.03728937 1.99843464
v 7.16704458 -2.03722753 2.00269739
v 7.24206015 -2.03694347 2.16724244
v 7.24742792 -2.03692317 2.15123245
v 7.25056573 -2.03691144 2.13464061
v 7.25141500 -2.03690808 2.11777608
v 7.24996009 -2.03691367 2.10095295
v 7.24622791 -2.03692783 2.08448461
v 7.24028812 -2.03695018 2.06867787
v 7.23225127 -2.03698073 2.05382719
v 7.22226722 -2.03701854 2.04020916
v 7.21052175 -2.03706287 2.02807752
v 7.19723382 -2.03711316 2.01765816
v 7.18265090 -2.03716848 2.00914527
v 7.20086756 -2.03709938 2.21977686
v 7.18660008 -2.03715339 2.22880836
v 7.17123563 -2.03721151 2.23581312
v 7.15506051 -2.03727279 2.24066037
v 7.13837601 -2.03733593 2.24326006
v 7.12149294 -2.03739982 2.24356358
v 7.10472579 -2.03746334 2.24156534
v 7.08838689 -2.03752518 2.23730258
v 7.01337133 -2.03780904 2.07275753
v 7.00800356 -2.03782935 2.08876757
v 7.00486575 -2.03784127 2.10535941
v 7.00401647 -2.03784443 2.12222394
v 7.00547143 -2.03783885 2.13904707
v 7.00920357 -2.03782488 2.15551537
v 7.01514336 -2.03780234 2.17132210
v 7.02318021 -2.03777198 2.18617278
v 7.03316431 -2.03773417 2.19979086
v 7.04490973 -2.03768965 2.21192246
v 7.05819765 -2.03763936 2.22234181
v 7.07278063 -2.03758422 2.23085475
v 7.04496417 -2.04787683 2.07167068
v 7.02086917 -2.03778073 2.05762755
v 7.06107325 -2.04781592 2.05112622
v 7.07107258 -2.04777811 2.04268792
v 7.08212776 -2.04773620 2.03568978
v 7.09403290 -2.04769112 2.03026217
v 7.10656617 -2.04764381 2.02650624
v 7.11949419 -2.04759482 2.02449193
v 7.22051335 -2.04721242 2.14420045
v 7.22294466 -2.04720329 2.13134429
v 7.22360273 -2.04720087 2.11827676
v 7.22247537 -2.04720497 2.10524137
v 7.21958352 -2.04721596 2.09248090
v 7.21498101 -2.04723347 2.08023303
v 7.20875373 -2.04725694 2.06872598
v 7.20101751 -2.04728618 2.05817405
v 7.19191653 -2.04732064 2.04877383
v 7.18162039 -2.04735976 2.04070038
v 7.17032079 -2.04740241 2.03410420
v 7.21054438 -2.04725023 2.16832930
v 7.23456235 -2.03697197 2.18237243
v 7.19443529 -2.04731114 2.18887381
v 7.18443596 -2.04734895 2.19731205
v 7.17338084 -2.04739086 2.20431020
v 7.16147569 -2.04743594 2.20973785
v 7.14894242 -2.04748344 2.21349378
v 7.13601441 -2.04753224 2.21550805
v 7.03499524 -2.04791464 2.09579952
v 7.03256393 -2.04792377 2.10865573
v 7.03190586 -2.04792637 2.12172321
v 7.03303323 -2.04792209 2.13475861
v 7.03592508 -2.04791110 2.14751908
v 7.04052753 -2.04789359 2.15976695
v 7.04675487 -2.04787012 2.17127400
v 7.05449108 -2.04784088 2.18182593
v 7.06359201 -2.04780642 2.19122614
v 7.07388820 -2.04776749 2.19929959
v 7.08518780 -2.04772465 2.20589578
v 7.16387525 -1.50211984 2.02757754
v 7.13752413 -1.50221959 2.02070265
v 7.12569055 -1.50226438 2.11999999
v 7.18739431 -1.50203081 2.04130700
v 7.22531795 -1.50188729 2.11138348
v 7.21929881 -1.50191011 2.08482370
v 7.20633713 -1.50195919 2.06087274
v 7.19998877 -1.50198322 2.18693060
v 7.21529105 -1.50192529 2.16440303
v 7.22394816 -1.50189251 2.13858234
v 7.12748810 -1.50225759 2.21998380
v 7.15439657 -1.50215570 2.21579117
v 7.17917604 -1.50206191 2.20449414
v 7.05384624 -1.50253624 2.18955805
v 7.07527681 -1.50245521 2.20636209
v 7.10044636 -1.50235994 2.21676114
v 7.02581785 -1.50264231 2.11497024
v 7.02816441 -1.50263347 2.14210227
v 7.03774404 -1.50259724 2.16759509
v 7.06119805 -1.50250848 2.04357584
v 7.04297076 -1.50257740 2.06380985
v 7.03087842 -1.50262322 2.08821120
v 7.11029542 -1.50232259 2.02119216
v 7.08420847 -1.50242141 2.02900982
v 7.13903794 -1.90221667 2.02070265
v 7.11180924 -1.90231968 2.02119216
v 7.08572229 -1.90241840 2.02900982
v 7.06271187 -1.90250557 2.04357584
v 7.04448458 -1.90257449 2.06380985
v 7.03239224 -1.90262031 2.08821120
v 7.02733167 -1.90263949 2.11497024
v 7.02967823 -1.90263055 2.14210227
v 7.03925786 -1.90259442 2.16759509
v 7.05536005 -1.90253332 2.18955805
v 7.07679062 -1.90245230 2.20636209
v 7.10196018 -1.90235712 2.21676114
v 7.12900192 -1.90225467 2.21998380
v 7.15591039 -1.90215278 2.21579117
v 7.18068986 -1.90205909 2.20449414
v 7.20150254 -1.90198030 2.18693060
v 7.21680492 -1.90192237 2.16440303
v 7.22546202 -1.90188959 2.13858234
v 7.22683172 -1.90188438 2.11138348
v 7.22081258 -1.90190729 2.08482370
v 7.20785099 -1.90195628 2.06087274
v 7.18890817 -1.90202799 2.04130700
v 7.16538906 -1.90211702 2.02757754
v 7.26680260 -1.90173313 1.97677971
v 7.23717545 -1.90184526 1.95294856
v 7.20357371 -1.90197248 1.93515509
v 7.32207212 -1.90152396 2.07498847
v 7.31003217 -1.90156959 2.03892268
v 7.29138439 -1.90164018 2.00578724
v 7.31547240 -1.90154891 2.18748809
v 7.32484225 -1.90151352 2.15063827
v 7.32706904 -1.90150514 2.11268114
v 7.21688855 -1.90192200 2.29876419
v 7.24909899 -1.90180019 2.27856073
v 7.27690381 -1.90169495 2.25262647
v 7.29929802 -1.90161020 2.22189869
v 7.10600500 -1.90234166 2.31887331
v 7.14402485 -1.90219786 2.31929138
v 7.18143682 -1.90205630 2.31250660
v 7.00185213 -1.90273598 2.27584155
v 7.03361037 -1.90261565 2.29674853
v 7.06875136 -1.90248266 2.31126738
v 6.93749764 -1.90297943 2.18333123
v 6.95291131 -1.90292113 2.21808921
v 6.97462440 -1.90283898 2.24930202
v 6.94620397 -1.90294646 2.03492134
v 6.93337375 -1.90299507 2.07071365
v 6.92754907 -1.90301705 2.10828726
v 6.92894047 -1.90301184 2.14628424
v 7.02093381 -1.90266371 1.95057039
v 6.99078969 -1.90277770 1.97374416
v 6.96557599 -1.90287326 2.00220403
v 7.16721171 -1.90211013 1.92404241
v 7.12940378 -1.90225318 1.92001211
v 7.09151637 -1.90239660 1.92320990
v 7.05491879 -1.90253500 1.93352020
v 7.09123777 -1.98272392 2.15803185
v 7.12635803 -1.98259093 2.17254213
v 7.12908727 -1.97244342 2.16735304
v 7.09290148 -1.97258033 2.15240252
v 7.13277713 -1.96268167 2.16280357
v 7.09343573 -1.96283050 2.14654929
v 7.13938076 -1.95021573 2.15777974
v 7.09222338 -1.95039418 2.13829624
v 7.16553999 -1.98244266 2.15627090
v 7.18005013 -1.98238771 2.12115036
v 7.17482271 -1.97227020 2.11838275
v 7.15987233 -1.97232682 2.15456877
v 7.17023641 -1.96253993 2.11465597
v 7.15398223 -1.96260139 2.15399764
v 7.16516555 -1.95011813 2.10800520
v 7.14568214 -1.95019189 2.15516296
v 7.16377899 -1.98244937 2.08196813
v 7.16254872 -1.95012800 2.10170378
v 7.11539134 -1.95030645 2.08222024
v 7.12208913 -1.96272209 2.07719640
v 7.12865873 -1.98258217 2.06745784
v 7.12585274 -1.97245553 2.07264698
v 7.16203858 -1.97231863 2.08759746
v 7.16143052 -1.96257327 2.09345068
v 7.08947678 -1.98273044 2.08372912
v 7.10908996 -1.95033047 2.08483707
v 7.08960655 -1.95040405 2.13199477
v 7.08462985 -1.96286384 2.12534406
v 7.07496663 -1.98278539 2.11884966
v 7.08011731 -1.97262876 2.12161728
v 7.09506774 -1.97257213 2.08543120
v 7.10088403 -1.96280237 2.08600238
v 7.16367739 -1.95012372 2.10492914
v 7.09109472 -1.95039846 2.13507088
v 7.14245683 -1.95020419 2.15629163
v 7.11231527 -1.95031818 2.08370840
v 7.22425149 -1.80189349 2.10282174
v 7.27560043 -1.80169921 2.11304929
v 7.22560154 -1.80188846 2.12600106
v 7.27424358 -1.80170424 2.14153380
v 7.22156966 -1.80190373 2.14886689
v 7.26752055 -1.80172976 2.16924679
v 7.21237331 -1.80193838 2.17018659
v 7.25567432 -1.80177465 2.19518659
v 7.19850825 -1.80199090 2.18881076
v 7.23913300 -1.80183724 2.21841564
v 7.18072194 -1.80205833 2.20373539
v 7.09156964 -1.80239566 2.21415586
v 7.05703792 -1.80252641 2.25351188
v 7.07082089 -1.80247426 2.20373539
v 7.03304822 -1.80261713 2.23809458
v 7.05303459 -1.80254150 2.18881076
v 7.01240979 -1.80269517 2.21841564
v 7.03916948 -1.80259403 2.17018659
v 6.99586852 -1.80275775 2.19518659
v 7.02997313 -1.80262886 2.14886689
v 6.98402233 -1.80280264 2.16924679
v 7.02594130 -1.80264395 2.12600106
v 7.21849461 -1.80191528 2.23809458
v 7.19450486 -1.80200618 2.25351188
v 7.15997319 -1.80213675 2.21415586
v 7.16803099 -1.80210620 2.26411051
v 7.13738061 -1.80222224 2.21951041
v 7.14002971 -1.80221219 2.26950734
v 7.12577139 -1.80226620 2.22018655
v 7.12577139 -1.80226620 2.27018656
v 7.11416222 -1.80231016 2.21951041
v 7.11151312 -1.80232022 2.26950734
v 7.08351184 -1.80242620 2.26411051
v 6.97729925 -1.80282816 2.14153380
v 6.97594236 -1.80283319 2.11304929
v 7.02729134 -1.80263892 2.10282174
v 6.98000074 -1.80281792 2.08482272
v 7.03395044 -1.80261377 2.08057859
v 6.98932761 -1.80278253 2.05787435
v 7.04555965 -1.80256981 2.06047073
v 7.00358588 -1.80272870 2.03317805
v 7.06149309 -1.80250946 2.04358213
v 7.17065099 -1.80209633 2.03082329
v 7.20686696 -1.80195924 1.99399856
v 7.19004969 -1.80202294 2.04358213
v 7.22928250 -1.80187449 2.01162645
v 7.20598313 -1.80196259 2.06047073
v 7.24795691 -1.80180371 2.03317805
v 7.21759235 -1.80191863 2.08057859
v 7.26221527 -1.80174988 2.05787435
v 7.27154210 -1.80171449 2.08482272
v 7.02226029 -1.80265792 2.01162645
v 7.04467588 -1.80257317 1.99399856
v 7.08089180 -1.80243608 2.03082329
v 7.07002242 -1.80247724 1.98093136
v 7.10270998 -1.80235356 2.02288209
v 7.09738394 -1.80237368 1.97289726
v 7.12577139 -1.80226620 2.02018656
v 7.12577139 -1.80226620 1.97018655
v 7.14883285 -1.80217903 2.02288209
v 7.15415890 -1.80215873 1.97289726
v 7.18152036 -1.80205517 1.98093136
v 7.18853592 -1.40202576 2.04358213
v 7.20535319 -1.40196215 1.99399856
v 7.16913717 -1.40209924 2.03082329
v 7.18000659 -1.40205808 1.98093136
v 7.14731903 -1.40218176 2.02288209
v 7.15264508 -1.40216164 1.97289726
v 7.12425762 -1.40226902 2.02018656
v 7.12425762 -1.40226902 1.97018655
v 7.10119617 -1.40235638 2.02288209
v 7.09587012 -1.40237650 1.97289726
v 7.07937803 -1.40243890 2.03082329
v 7.22408767 -1.40189128 2.12600106
v 7.27408666 -1.40170204 2.11304929
v 7.22273763 -1.40189640 2.10282174
v 7.27002832 -1.40171740 2.08482272
v 7.21607858 -1.40192155 2.08057859
v 7.26070141 -1.40175270 2.05787435
v 7.20446936 -1.40196551 2.06047073
v 7.24644314 -1.40180662 2.03317805
v 7.22776872 -1.40187731 2.01162645
v 7.15845937 -1.40213966 2.21415586
v 7.19299109 -1.40200891 2.25351188
v 7.17920812 -1.40206106 2.20373539
v 7.21698075 -1.40191810 2.23809458
v 7.19699447 -1.40199382 2.18881076
v 7.23761923 -1.40184006 2.21841564
v 7.21085954 -1.40194129 2.17018659
v 7.25416045 -1.40177747 2.19518659
v 7.22005588 -1.40190646 2.14886689
v 7.26600669 -1.40173258 2.16924679
v 7.27272972 -1.40170716 2.14153380
v 7.02577752 -1.40264174 2.10282174
v 6.97442859 -1.40283611 2.11304929
v 7.02442748 -1.40264686 2.12600106
v 6.97578543 -1.40283098 2.14153380
v 7.02845931 -1.40263159 2.14886689
v 6.98250851 -1.40280556 2.16924679
v 7.03765566 -1.40259685 2.17018659
v 6.99435470 -1.40276067 2.19518659
v 7.05152077 -1.40254432 2.18881076
v 7.01089597 -1.40269808 2.21841564
v 7.06930708 -1.40247699 2.20373539
v 7.06850861 -1.40248006 1.98093136
v 7.04316206 -1.40257599 1.99399856
v 7.05997932 -1.40251229 2.04358213
v 7.02074647 -1.40266083 2.01162645
v 7.04404584 -1.40257264 2.06047073
v 7.00207210 -1.40273152 2.03317805
v 7.03243667 -1.40261659 2.08057859
v 6.98781379 -1.40278544 2.05787435
v 6.97848692 -1.40282074 2.08482272
v 7.03153440 -1.40261995 2.23809458
v 7.05552411 -1.40252914 2.25351188
v 7.09005582 -1.40239848 2.21415586
v 7.08199802 -1.40242903 2.26411051
v 7.11264841 -1.40231298 2.21951041
v 7.10999931 -1.40232304 2.26950734
v 7.12425762 -1.40226902 2.22018655
v 7.12425762 -1.40226902 2.27018656
v 7.13586679 -1.40222516 2.21951041
v 7.13851589 -1.40221510 2.26950734
v 7.16651718 -1.40210912 2.26411051
v 8.62574901 -1.79658942 4.54352699
v 8.67482673 -1.79640371 4.56176675
v 8.62340673 -1.79659836 4.56662714
v 8.66897076 -1.79642588 4.58967588
v 8.61580062 -1.79662704 4.58856426
v 8.65793887 -1.79646760 4.61597233
v 8.60334027 -1.79667417 4.60815630
v 8.64212967 -1.79652739 4.63970579
v 8.58669772 -1.79673731 4.62434641
v 8.62211462 -1.79660320 4.66001830
v 8.56677003 -1.79681275 4.63626213
v 8.47709335 -1.79715212 4.63241539
v 8.43675833 -1.79730467 4.66579846
v 8.45825921 -1.79722328 4.61883708
v 8.41551653 -1.79738514 4.64677266
v 8.44306412 -1.79728083 4.60128128
v 8.39825931 -1.79745033 4.62407037
v 8.43232728 -1.79732144 4.58069421
v 8.38561028 -1.79749820 4.59851227
v 8.42662759 -1.79734305 4.55818600
v 8.37802670 -1.79752689 4.57102261
v 8.42627219 -1.79734435 4.53497037
v 8.59861716 -1.79669205 4.67617563
v 8.57248648 -1.79679096 4.68759439
v 8.54463156 -1.79689638 4.64326120
v 8.54466695 -1.79689638 4.69386145
v 8.52147571 -1.79698411 4.64496590
v 8.51616419 -1.79700423 4.69475030
v 8.50990626 -1.79702789 4.64379280
v 8.50197866 -1.79705787 4.69316035
v 8.49855102 -1.79707091 4.64128456
v 8.48800845 -1.79711077 4.69022892
v 8.46121691 -1.79721210 4.68046083
v 8.37578277 -1.79753546 4.54259417
v 8.37895933 -1.79752354 4.51425477
v 8.43128029 -1.79732535 4.51229806
v 8.38744163 -1.79749131 4.48702867
v 8.44138178 -1.79728717 4.49139211
v 8.40092327 -1.79744028 4.46189992
v 8.45603223 -1.79723185 4.47337940
v 8.41891679 -1.79737229 4.43977672
v 8.47444187 -1.79716200 4.45923074
v 8.58424201 -1.79674663 4.46394063
v 8.62583842 -1.79658905 4.43332396
v 8.60137239 -1.79668162 4.47961386
v 8.64517547 -1.79651584 4.45428300
v 8.61442655 -1.79663226 4.49881512
v 8.66019658 -1.79645903 4.47852272
v 8.62270079 -1.79660097 4.52050935
v 8.67035899 -1.79642066 4.50516730
v 8.67529518 -1.79640185 4.53325375
v 8.44077195 -1.79728959 4.42145872
v 8.46569899 -1.79719515 4.40760791
v 8.49561810 -1.79708190 4.44970909
v 8.49279675 -1.79709271 4.39872477
v 8.51841948 -1.79699566 4.44532759
v 8.52108586 -1.79698560 4.39513061
v 8.54161649 -1.79690793 4.44632261
v 8.54954410 -1.79687794 4.39695507
v 8.56395892 -1.79682337 4.45264052
v 8.57714272 -1.79677345 4.40413240
v 8.60288429 -1.79667603 4.41640332
v 8.59985861 -1.39668453 4.47961386
v 8.62432464 -1.39659196 4.43332396
v 8.58272824 -1.39674935 4.46394063
v 8.60137052 -1.39667885 4.41640332
v 8.56244515 -1.39682619 4.45264052
v 8.57562895 -1.39677627 4.40413240
v 8.54010272 -1.39691066 4.44632261
v 8.54803033 -1.39688067 4.39695507
v 8.51690571 -1.39699848 4.44532759
v 8.51957209 -1.39698843 4.39513061
v 8.49410433 -1.39708482 4.44970909
v 8.62189296 -1.39660118 4.56662714
v 8.67331296 -1.39640654 4.56176675
v 8.62423505 -1.39659233 4.54352699
v 8.67378141 -1.39640477 4.53325375
v 8.62118702 -1.39660379 4.52050935
v 8.66884522 -1.39642349 4.50516730
v 8.61291278 -1.39663517 4.49881512
v 8.65868281 -1.39646195 4.47852272
v 8.64366169 -1.39651876 4.45428300
v 8.54311779 -1.39689930 4.64326120
v 8.57097271 -1.39679387 4.68759439
v 8.56525625 -1.39681548 4.63626213
v 8.59710339 -1.39669497 4.67617563
v 8.58518395 -1.39674013 4.62434641
v 8.62060084 -1.39660602 4.66001830
v 8.60182650 -1.39667708 4.60815630
v 8.64061590 -1.39653031 4.63970579
v 8.61428666 -1.39662996 4.58856426
v 8.65642510 -1.39647052 4.61597233
v 8.66745699 -1.39642870 4.58967588
v 8.42976651 -1.39732827 4.51229806
v 8.37744537 -1.39752626 4.51425477
v 8.42475842 -1.39734726 4.53497037
v 8.37426882 -1.39753828 4.54259417
v 8.42511381 -1.39734587 4.55818600
v 8.37651293 -1.39752980 4.57102261
v 8.43081351 -1.39732435 4.58069421
v 8.38409650 -1.39750112 4.59851227
v 8.44155035 -1.39728365 4.60128128
v 8.39674554 -1.39745325 4.62407037
v 8.45674544 -1.39722619 4.61883708
v 8.49128298 -1.39709543 4.39872477
v 8.46418522 -1.39719797 4.40760791
v 8.47292810 -1.39716491 4.45923074
v 8.43925818 -1.39729232 4.42145872
v 8.45451846 -1.39723457 4.47337940
v 8.41740302 -1.39737511 4.43977672
v 8.43986801 -1.39729008 4.49139211
v 8.39940950 -1.39744319 4.46189992
v 8.38592786 -1.39749423 4.48702867
v 8.41400276 -1.39738796 4.64677266
v 8.43524455 -1.39730759 4.66579846
v 8.47557939 -1.39715485 4.63241539
v 8.45970313 -1.39721502 4.68046083
v 8.49703725 -1.39707364 4.64128456
v 8.48649449 -1.39711360 4.69022892
v 8.50839249 -1.39703071 4.64379280
v 8.50046489 -1.39706070 4.69316035
v 8.51996194 -1.39698694 4.64496590
v 8.51465042 -1.39700705 4.69475030
v 8.54315318 -1.39689911 4.69386145
v 5.72500226 0.08269044 1.65371839
v 5.71789134 0.10690793 1.64250259
v 5.70265355 0.10122452 1.64250259
v 5.83515505 0.02254246 1.65371839
v 5.85937255 0.02965336 1.64250259
v 5.85368911 0.04489116 1.64250259
v 5.77500707 -0.08761034 1.65371839
v 5.78211795 -0.11182782 1.64250259
v 5.79735578 -0.10614442 1.64250259
v 5.71117240 0.12979052 1.62857103
v 5.69274647 0.12291800 1.62857103
v 5.78883688 -0.13471042 1.62857103
v 5.80726287 -0.12783790 1.62857103
v 5.90672947 0.02974781 1.61209372
v 5.90352353 0.04261726 1.61209372
v 5.88225515 0.03637229 1.62857103
v 5.70300466 0.01454005 1.66495305
v 5.70883022 0.01511110 1.66595918
v 5.69322349 0.02347114 1.66208155
v 5.76700463 0.04454005 1.66495305
v 5.76757572 0.03871450 1.66595918
v 5.77593574 0.05432122 1.66208155
v 5.79700468 -0.01945995 1.66495305
v 5.79117911 -0.02003100 1.66595918
v 5.80678584 -0.02839104 1.66208155
v 5.73300465 -0.04945995 1.66495305
v 5.73243361 -0.04363440 1.66595918
v 5.72407355 -0.05924111 1.66208155
v 5.67247269 0.01454005 1.65706496
v 5.66125947 -0.00245995 1.65371839
v 5.67217704 -0.00245995 1.65757707
v 5.66216276 -0.01508971 1.65371839
v 5.67247269 -0.01945995 1.65706496
v 5.70884093 -0.02003313 1.66596084
v 5.70300466 -0.01945995 1.66495305
v 5.69322349 -0.02839104 1.66208155
v 5.69020847 -0.01945995 1.66214751
v 5.71448516 -0.02174356 1.66671139
v 5.69749183 -0.03620790 1.66208155
v 5.71966979 -0.02451455 1.66717077
v 5.70282915 -0.04333775 1.66208155
v 5.72421786 -0.02824675 1.66732585
v 5.70912685 -0.04963545 1.66208155
v 5.71625673 -0.05497279 1.66208155
v 5.72796299 -0.03281421 1.66716955
v 5.73072105 -0.03797945 1.66671139
v 5.71313857 -0.08318542 1.65371839
v 5.72500226 -0.08761034 1.65371839
v 5.73300465 -0.07999190 1.65706496
v 5.73737488 -0.09030185 1.65371839
v 5.75000464 -0.09120514 1.65371839
v 5.75000464 -0.08028757 1.65757707
v 5.76757782 -0.04362367 1.66596084
v 5.76700463 -0.04945995 1.66495305
v 5.77593574 -0.05924111 1.66208155
v 5.76700463 -0.06225614 1.66214751
v 5.76700463 -0.07999190 1.65706496
v 5.76928828 -0.03797945 1.66671139
v 5.78375261 -0.05497279 1.66208155
v 5.77205925 -0.03279480 1.66717077
v 5.79088244 -0.04963545 1.66208155
v 5.77579148 -0.02824675 1.66732585
v 5.79718014 -0.04333775 1.66208155
v 5.80251750 -0.03620790 1.66208155
v 5.78035891 -0.02450160 1.66716955
v 5.78552417 -0.02174356 1.66671139
v 5.83073015 -0.03932603 1.65371839
v 5.83515505 -0.02746236 1.65371839
v 5.82753660 -0.01945995 1.65706496
v 5.83784657 -0.01508971 1.65371839
v 5.83874986 -0.00245995 1.65371839
v 5.82783229 -0.00245995 1.65757707
v 5.83784657 0.01016981 1.65371839
v 5.82753660 0.01454005 1.65706496
v 5.79116836 0.01511323 1.66596084
v 5.79700468 0.01454005 1.66495305
v 5.80678584 0.02347114 1.66208155
v 5.80980086 0.01454005 1.66214751
v 5.78552417 0.01682366 1.66671139
v 5.80251750 0.03128800 1.66208155
v 5.78033950 0.01959465 1.66717077
v 5.79718014 0.03841785 1.66208155
v 5.77579148 0.02332685 1.66732585
v 5.79088244 0.04471555 1.66208155
v 5.78375261 0.05005289 1.66208155
v 5.77204630 0.02789431 1.66716955
v 5.76928828 0.03305955 1.66671139
v 5.78687072 0.07826552 1.65371839
v 5.77500707 0.08269044 1.65371839
v 5.76700463 0.07507200 1.65706496
v 5.76263440 0.08538195 1.65371839
v 5.75000464 0.08628524 1.65371839
v 5.75000464 0.07536767 1.65757707
v 5.73737488 0.08538195 1.65371839
v 5.73300465 0.07507200 1.65706496
v 5.73243147 0.03870377 1.66596084
v 5.73300465 0.04454005 1.66495305
v 5.72407355 0.05432122 1.66208155
v 5.73300465 0.05733625 1.66214751
v 5.73072105 0.03305955 1.66671139
v 5.71625673 0.05005289 1.66208155
v 5.72795004 0.02787491 1.66717077
v 5.70912685 0.04471555 1.66208155
v 5.72421786 0.02332685 1.66732585
v 5.70282915 0.03841785 1.66208155
v 5.69749183 0.03128800 1.66208155
v 5.71965042 0.01958170 1.66716955
v 5.71448516 0.01682366 1.66671139
v 5.66927919 0.03440614 1.65371839
v 5.66485429 0.02254246 1.65371839
v 5.66216276 0.01016981 1.65371839
v 5.77277501 -0.16083138 1.61209372
v 5.76962044 -0.13889071 1.62857103
v 5.75000464 -0.14029365 1.62857103
v 5.77423309 -0.16061488 1.61209372
v 5.79508187 -0.15597882 1.61209372
v 5.80557349 -0.15250029 1.61209372
v 5.81647104 -0.14800107 1.61209372
v 5.83463891 -0.13824303 1.61209372
v 5.82452316 -0.11841304 1.62857103
v 5.83650719 -0.13706052 1.61209372
v 5.85478239 -0.12337988 1.61209372
v 5.84026652 -0.10662772 1.62857103
v 5.86023938 -0.11842679 1.61209372
v 5.85417242 -0.09272183 1.62857103
v 5.87092459 -0.10723766 1.61209372
v 5.88132681 -0.09386286 1.61209372
v 5.86595775 -0.07697847 1.62857103
v 5.88460525 -0.08896248 1.61209372
v 5.89554577 -0.06892635 1.61209372
v 5.87538259 -0.05971814 1.62857103
v 5.89703789 -0.06555688 1.61209372
v 5.88225515 -0.04129219 1.62857103
v 5.90352353 -0.04753716 1.61209372
v 5.90672947 -0.03466771 1.61209372
v 5.88643544 -0.02207573 1.62857103
v 5.90837609 -0.02523032 1.61209372
v 5.91000465 -0.00245995 1.61209372
v 5.88783838 -0.00245995 1.62857103
v 5.90837609 0.02031042 1.61209372
v 5.88643544 0.01715583 1.62857103
v 5.89703789 0.06063699 1.61209372
v 5.87538259 0.05479824 1.62857103
v 5.89554577 0.06400645 1.61209372
v 5.88460525 0.08404258 1.61209372
v 5.86595775 0.07205858 1.62857103
v 5.88132681 0.08894296 1.61209372
v 5.85417242 0.08780193 1.62857103
v 5.87092459 0.10231776 1.61209372
v 5.86023938 0.11350689 1.61209372
v 5.84026652 0.10170782 1.62857103
v 5.85478239 0.11845998 1.61209372
v 5.83650719 0.13214062 1.61209372
v 5.82452316 0.11349315 1.62857103
v 5.83463891 0.13332313 1.61209372
v 5.80726287 0.12291800 1.62857103
v 5.81647104 0.14308117 1.61209372
v 5.80557349 0.14758039 1.61209372
v 5.78883688 0.12979052 1.62857103
v 5.79508187 0.15105893 1.61209372
v 5.77423309 0.15569498 1.61209372
v 5.76962044 0.13397081 1.62857103
v 5.72723427 0.15591148 1.61209372
v 5.73038889 0.13397081 1.62857103
v 5.74190079 0.15733469 1.61209372
v 5.75000464 0.13537375 1.62857103
v 5.75000464 0.15754005 1.61209372
v 5.77277501 0.15591148 1.61209372
v 5.70990026 0.15243239 1.61209372
v 5.70492747 0.15105893 1.61209372
v 5.68353825 0.14308117 1.61209372
v 5.67954162 0.14118878 1.61209372
v 5.67548612 0.11349315 1.62857103
v 5.66350215 0.13214062 1.61209372
v 5.65206769 0.12406417 1.61209372
v 5.65974277 0.10170782 1.62857103
v 5.64522694 0.11845998 1.61209372
v 5.62908475 0.10231776 1.61209372
v 5.64583691 0.08780193 1.62857103
v 5.62860335 0.10175965 1.61209372
v 5.63405158 0.07205858 1.62857103
v 5.61540413 0.08404258 1.61209372
v 5.61010919 0.07518837 1.61209372
v 5.62462669 0.05479824 1.62857103
v 5.60446351 0.06400645 1.61209372
v 5.59734234 0.04543815 1.61209372
v 5.61775423 0.03637229 1.62857103
v 5.59648580 0.04261726 1.61209372
v 5.59163324 0.02031042 1.61209372
v 5.61357390 0.01715583 1.62857103
v 5.59082560 0.01372698 1.61209372
v 5.61217095 -0.00245995 1.62857103
v 5.59163324 -0.02523032 1.61209372
v 5.61357390 -0.02207573 1.62857103
v 5.59082560 -0.01864688 1.61209372
v 5.59000464 -0.00245995 1.61209372
v 5.61775423 -0.04129219 1.62857103
v 5.59648580 -0.04753716 1.61209372
v 5.59734234 -0.05035805 1.61209372
v 5.62462669 -0.05971814 1.62857103
v 5.60446351 -0.06892635 1.61209372
v 5.61010919 -0.08010826 1.61209372
v 5.63405158 -0.07697847 1.62857103
v 5.61540413 -0.08896248 1.61209372
v 5.62860335 -0.10667954 1.61209372
v 5.64583691 -0.09272183 1.62857103
v 5.62908475 -0.10723766 1.61209372
v 5.64522694 -0.12337988 1.61209372
v 5.65974277 -0.10662772 1.62857103
v 5.65206769 -0.12898407 1.61209372
v 5.67548612 -0.11841304 1.62857103
v 5.66350215 -0.13706052 1.61209372
v 5.67954162 -0.14610868 1.61209372
v 5.69274647 -0.12783790 1.62857103
v 5.68353825 -0.14800107 1.61209372
v 5.70492747 -0.15597882 1.61209372
v 5.71117240 -0.13471042 1.62857103
v 5.70990026 -0.15735229 1.61209372
v 5.73038889 -0.13889071 1.62857103
v 5.72723427 -0.16083138 1.61209372
v 5.74190079 -0.16225459 1.61209372
v 5.75000464 -0.16245994 1.61209372
v 5.76622642 -0.11528481 1.64250259
v 5.75000464 -0.11644502 1.64250259
v 5.81162965 -0.09835029 1.64250259
v 5.82464898 -0.08860412 1.64250259
v 5.83614881 -0.07710429 1.64250259
v 5.84589501 -0.06408493 1.64250259
v 5.85368911 -0.04981106 1.64250259
v 5.85937255 -0.03457326 1.64250259
v 5.86282953 -0.01868172 1.64250259
v 5.86398973 -0.00245995 1.64250259
v 5.86282953 0.01376182 1.64250259
v 5.84589501 0.05916503 1.64250259
v 5.83614881 0.07218440 1.64250259
v 5.82464898 0.08368422 1.64250259
v 5.81162965 0.09343040 1.64250259
v 5.79735578 0.10122452 1.64250259
v 5.78211795 0.10690793 1.64250259
v 5.76622642 0.11036491 1.64250259
v 5.75000464 0.11152512 1.64250259
v 5.73378287 0.11036491 1.64250259
v 5.68837968 0.09343040 1.64250259
v 5.67536030 0.08368422 1.64250259
v 5.66386047 0.07218440 1.64250259
v 5.65411432 0.05916503 1.64250259
v 5.64632018 0.04489116 1.64250259
v 5.64063678 0.02965336 1.64250259
v 5.63717980 0.01376182 1.64250259
v 5.63601961 -0.00245995 1.64250259
v 5.63717980 -0.01868172 1.64250259
v 5.73378287 -0.11528481 1.64250259
v 5.71789134 -0.11182782 1.64250259
v 5.70265355 -0.10614442 1.64250259
v 5.68837968 -0.09835029 1.64250259
v 5.67536030 -0.08860412 1.64250259
v 5.66386047 -0.07710429 1.64250259
v 5.65411432 -0.06408493 1.64250259
v 5.64632018 -0.04981106 1.64250259
v 5.64063678 -0.03457326 1.64250259
v 5.76263440 -0.09030185 1.65371839
v 5.78687072 -0.08318542 1.65371839
v 5.79798391 -0.07711715 1.65371839
v 5.80812038 -0.06952909 1.65371839
v 5.81707379 -0.06057569 1.65371839
v 5.82466188 -0.05043923 1.65371839
v 5.83073015 0.03440614 1.65371839
v 5.82466188 0.04551933 1.65371839
v 5.81707379 0.05565579 1.65371839
v 5.80812038 0.06460919 1.65371839
v 5.79798391 0.07219726 1.65371839
v 5.71313857 0.07826552 1.65371839
v 5.70202537 0.07219726 1.65371839
v 5.69188890 0.06460919 1.65371839
v 5.68293549 0.05565579 1.65371839
v 5.67534745 0.04551933 1.65371839
v 5.70202537 -0.07711715 1.65371839
v 5.69188890 -0.06952909 1.65371839
v 5.68293549 -0.06057569 1.65371839
v 5.67534745 -0.05043923 1.65371839
v 5.66927919 -0.03932603 1.65371839
v 5.66485429 -0.02746236 1.65371839
v 5.83000465 -0.00245995 1.14000002
v 5.82676411 -0.02499855 1.14000002
v 5.75000464 -0.00245995 1.14000002
v 5.80239349 0.05800002 1.14000002
v 5.81730495 0.04079132 1.14000002
v 5.82676411 0.02007865 1.14000002
v 5.73861946 0.07672576 1.14000002
v 5.76138983 0.07672576 1.14000002
v 5.78323786 0.07031061 1.14000002
v 5.68270439 0.04079132 1.14000002
v 5.69761579 0.05800002 1.14000002
v 5.71677147 0.07031061 1.14000002
v 5.67324522 -0.02499855 1.14000002
v 5.67000464 -0.00245995 1.14000002
v 5.67324522 0.02007865 1.14000002
v 5.71677147 -0.07523051 1.14000002
v 5.69761579 -0.06291991 1.14000002
v 5.68270439 -0.04571122 1.14000002
v 5.78323786 -0.07523051 1.14000002
v 5.76138983 -0.08164566 1.14000002
v 5.73861946 -0.08164566 1.14000002
v 5.81730495 -0.04571122 1.14000002
v 5.80239349 -0.06291991 1.14000002
v 5.82676411 -0.02499855 1.54000000
v 5.81730495 -0.04571122 1.54000000
v 5.80239349 -0.06291991 1.54000000
v 5.78323786 -0.07523051 1.54000000
v 5.76138983 -0.08164566 1.54000000
v 5.73861946 -0.08164566 1.54000000
v 5.71677147 -0.07523051 1.54000000
v 5.69761579 -0.06291991 1.54000000
v 5.68270439 -0.04571122 1.54000000
v 5.67324522 -0.02499855 1.54000000
v 5.67000464 -0.00245995 1.54000000
v 5.67324522 0.02007865 1.54000000
v 5.68270439 0.04079132 1.54000000
v 5.69761579 0.05800002 1.54000000
v 5.71677147 0.07031061 1.54000000
v 5.73861946 0.07672576 1.54000000
v 5.76138983 0.07672576 1.54000000
v 5.78323786 0.07031061 1.54000000
v 5.80239349 0.05800002 1.54000000
v 5.81730495 0.04079132 1.54000000
v 5.82676411 0.02007865 1.54000000
v 5.83000465 -0.00245995 1.54000000
v 5.89703789 0.06063699 1.54000000
v 5.90672947 0.02974781 1.54000000
v 5.91000465 -0.00245995 1.54000000
v 5.70990026 0.15243239 1.54000000
v 5.74190079 0.15733469 1.54000000
v 5.77423309 0.15569498 1.54000000
v 5.62860335 -0.10667954 1.54000000
v 5.61010919 -0.08010826 1.54000000
v 5.70990026 -0.15735229 1.54000000
v 5.67954162 -0.14610868 1.54000000
v 5.65206769 -0.12898407 1.54000000
v 5.80557349 0.14758039 1.54000000
v 5.83463891 0.13332313 1.54000000
v 5.86023938 0.11350689 1.54000000
v 5.88132681 0.08894296 1.54000000
v 5.62860335 0.10175965 1.54000000
v 5.65206769 0.12406417 1.54000000
v 5.67954162 0.14118878 1.54000000
v 5.59734234 -0.05035805 1.54000000
v 5.59082560 -0.01864688 1.54000000
v 5.59082560 0.01372698 1.54000000
v 5.59734234 0.04543815 1.54000000
v 5.61010919 0.07518837 1.54000000
v 5.83463891 -0.13824303 1.54000000
v 5.80557349 -0.15250029 1.54000000
v 5.77423309 -0.16061488 1.54000000
v 5.74190079 -0.16225459 1.54000000
v 5.90672947 -0.03466771 1.54000000
v 5.89703789 -0.06555688 1.54000000
v 5.88132681 -0.09386286 1.54000000
v 5.86023938 -0.11842679 1.54000000
v 5.70300466 -0.01945995 1.60418207
v 5.71754353 -0.02321836 1.57900000
v 5.71754353 0.01829846 1.57900000
v 5.71439930 0.01678825 1.58444597
v 5.70300466 0.01454005 1.60418207
v 5.70885737 0.01511649 1.59404488
v 5.70885737 -0.02003639 1.59404488
v 5.71439930 -0.02170815 1.58444597
v 5.73300465 0.04454005 1.60418207
v 5.72924625 0.03000118 1.57900000
v 5.77076308 0.03000118 1.57900000
v 5.76925285 0.03314541 1.58444597
v 5.76700463 0.04454005 1.60418207
v 5.76758108 0.03868734 1.59404488
v 5.73242821 0.03868734 1.59404488
v 5.73075644 0.03314541 1.58444597
v 5.79700468 0.01454005 1.60418207
v 5.78246580 0.01829846 1.57900000
v 5.78246580 -0.02321836 1.57900000
v 5.78561004 -0.02170815 1.58444597
v 5.79700468 -0.01945995 1.60418207
v 5.79115196 -0.02003639 1.59404488
v 5.79115196 0.01511649 1.59404488
v 5.78561004 0.01678825 1.58444597
v 5.76700463 -0.04945995 1.60418207
v 5.73300465 -0.04945995 1.60418207
v 5.73242821 -0.04360724 1.59404488
v 5.76758108 -0.04360724 1.59404488
v 5.73075644 -0.03806531 1.58444597
v 5.76925285 -0.03806531 1.58444597
v 5.72924625 -0.03492107 1.57900000
v 5.77076308 -0.03492107 1.57900000
v 5.77579148 -0.02824675 1.57900000
v 5.72421786 0.02332685 1.57900000
v 5.77579148 0.02332685 1.57900000
v 5.72421786 -0.02824675 1.57900000
v 6.35807475 0.14963318 1.71858131
v 6.34911184 0.18162223 1.70273753
v 6.32485492 0.17300132 1.70273753
v 6.55503342 0.01060458 1.71858131
v 6.58817694 0.01287166 1.70273753
v 6.58467156 0.03837519 1.70273753
v 6.44192525 -0.14963318 1.71858131
v 6.45088816 -0.18162223 1.70273753
v 6.47514508 -0.17300132 1.70273753
v 6.34057978 0.21207354 1.68390724
v 6.31225588 0.20200722 1.68390724
v 6.45942022 -0.21207354 1.68390724
v 6.48774412 -0.20200722 1.68390724
v 6.64999999 0.00000000 1.66224991
v 6.64941720 0.01706060 1.66224991
v 6.61972724 0.01502976 1.68390724
v 6.34300000 0.02700000 1.74499620
v 6.32426417 0.03924314 1.74079927
v 6.31962597 0.02856494 1.74079927
v 6.45700000 -0.02700000 1.74499620
v 6.47573583 -0.03924314 1.74079927
v 6.48037403 -0.02856494 1.74079927
v 6.25357673 0.05203884 1.71858131
v 6.24785457 0.03161618 1.71858131
v 6.27678360 0.02700000 1.72959019
v 6.24496658 0.01060458 1.71858131
v 6.27631727 0.00000000 1.73039793
v 6.37300000 -0.09043685 1.73870577
v 6.37300000 -0.05700000 1.74499620
v 6.36601674 -0.07823732 1.74079927
v 6.37198424 -0.04925959 1.74596540
v 6.35567995 -0.07288122 1.74079927
v 6.36898076 -0.04200000 1.74657761
v 6.34616875 -0.06616749 1.74079927
v 6.36421062 -0.03578421 1.74678534
v 6.33766033 -0.05822118 1.74079927
v 6.35800000 -0.03101924 1.74657761
v 6.33031319 -0.04919032 1.74079927
v 6.35077144 -0.02802406 1.74596869
v 6.32426417 -0.03924314 1.74079927
v 6.34300000 -0.02700000 1.74499620
v 6.31962597 -0.02856494 1.74079927
v 6.30956315 -0.02700000 1.73870577
v 6.35184963 -0.11085327 1.73130446
v 6.36739262 -0.11637725 1.73130446
v 6.35807475 -0.14963318 1.71858131
v 6.37884029 -0.15394831 1.71858131
v 6.37300000 -0.12321640 1.72959019
v 6.40000000 -0.15539568 1.71858131
v 6.40000000 -0.12368273 1.73039793
v 6.42700000 -0.09043685 1.73870577
v 6.43398326 -0.07823732 1.74079927
v 6.42700000 -0.05700000 1.74499620
v 6.44432005 -0.07288122 1.74079927
v 6.42802406 -0.04922856 1.74596869
v 6.45383125 -0.06616749 1.74079927
v 6.43101924 -0.04200000 1.74657761
v 6.46233967 -0.05822118 1.74079927
v 6.43578421 -0.03578938 1.74678534
v 6.46968681 -0.04919032 1.74079927
v 6.44200000 -0.03101924 1.74657761
v 6.44925959 -0.02801576 1.74596540
v 6.51388074 -0.04047322 1.73130446
v 6.52321640 -0.02700000 1.72959019
v 6.49043685 -0.02700000 1.73870577
v 6.54642327 -0.05203884 1.71858131
v 6.55214543 -0.03161618 1.71858131
v 6.55503342 -0.01060458 1.71858131
v 6.52368273 0.00000000 1.73039793
v 6.42700000 0.09043685 1.73870577
v 6.42700000 0.05700000 1.74499620
v 6.43398326 0.07823732 1.74079927
v 6.42801576 0.04925959 1.74596540
v 6.44432005 0.07288122 1.74079927
v 6.43101924 0.04200000 1.74657761
v 6.45383125 0.06616749 1.74079927
v 6.43578938 0.03578421 1.74678534
v 6.46233967 0.05822118 1.74079927
v 6.44200000 0.03101924 1.74657761
v 6.46968681 0.04919032 1.74079927
v 6.44922856 0.02802406 1.74596869
v 6.47573583 0.03924314 1.74079927
v 6.45700000 0.02700000 1.74499620
v 6.48037403 0.02856494 1.74079927
v 6.49043685 0.02700000 1.73870577
v 6.44815037 0.11085327 1.73130446
v 6.43260738 0.11637725 1.73130446
v 6.44192525 0.14963318 1.71858131
v 6.42115971 0.15394831 1.71858131
v 6.42700000 0.12321640 1.72959019
v 6.40000000 0.15539568 1.71858131
v 6.40000000 0.12368273 1.73039793
v 6.37884029 0.15394831 1.71858131
v 6.37300000 0.12321640 1.72959019
v 6.37300000 0.09043685 1.73870577
v 6.36601674 0.07823732 1.74079927
v 6.37300000 0.05700000 1.74499620
v 6.35567995 0.07288122 1.74079927
v 6.37197594 0.04922856 1.74596869
v 6.34616875 0.06616749 1.74079927
v 6.36898076 0.04200000 1.74657761
v 6.33766033 0.05822118 1.74079927
v 6.36421579 0.03578938 1.74678534
v 6.33031319 0.04919032 1.74079927
v 6.35800000 0.03101924 1.74657761
v 6.35074041 0.02801576 1.74596540
v 6.28611926 0.04047322 1.73130446
v 6.30956315 0.02700000 1.73870577
v 6.45893973 -0.24295289 1.66224991
v 6.46744919 -0.24072933 1.66224991
v 6.49960027 -0.22930282 1.66224991
v 6.50385375 -0.22740799 1.66224991
v 6.51443351 -0.18817791 1.68390724
v 6.52989598 -0.21360484 1.66224991
v 6.54501422 -0.20364400 1.66224991
v 6.53899123 -0.17084318 1.68390724
v 6.55777198 -0.19392782 1.66224991
v 6.58093351 -0.17251975 1.66224991
v 6.56095981 -0.15032596 1.68390724
v 6.58270899 -0.17063828 1.66224991
v 6.60424246 -0.14417008 1.66224991
v 6.57993000 -0.12700846 1.68390724
v 6.61031338 -0.13516020 1.66224991
v 6.59554843 -0.10132503 1.68390724
v 6.62197131 -0.11501625 1.66224991
v 6.63209199 -0.09291561 1.66224991
v 6.60752416 -0.07375411 1.68390724
v 6.64941720 -0.01706060 1.66224991
v 6.61972724 -0.01502976 1.68390724
v 6.64548217 -0.04731281 1.66224991
v 6.61563414 -0.04480929 1.68390724
v 6.64477101 -0.05086400 1.66224991
v 6.63556524 -0.08371990 1.66224991
v 6.64548217 0.04731281 1.66224991
v 6.61563414 0.04480929 1.68390724
v 6.64477101 0.05086400 1.66224991
v 6.63556524 0.08371990 1.66224991
v 6.60752416 0.07375411 1.68390724
v 6.63209199 0.09291561 1.66224991
v 6.59554843 0.10132503 1.68390724
v 6.62197131 0.11501625 1.66224991
v 6.61031338 0.13516020 1.66224991
v 6.57993000 0.12700846 1.68390724
v 6.60424246 0.14417008 1.66224991
v 6.58270899 0.17063828 1.66224991
v 6.56095981 0.15032596 1.68390724
v 6.58093351 0.17251975 1.66224991
v 6.53899123 0.17084318 1.68390724
v 6.55777198 0.19392782 1.66224991
v 6.54501422 0.20364400 1.66224991
v 6.51443351 0.18817791 1.68390724
v 6.52989598 0.21360484 1.66224991
v 6.50385375 0.22740799 1.66224991
v 6.48774412 0.20200722 1.68390724
v 6.49960027 0.22930282 1.66224991
v 6.46744919 0.24072933 1.66224991
v 6.45942022 0.21207354 1.68390724
v 6.45893973 0.24295289 1.66224991
v 6.42998943 0.21818934 1.68390724
v 6.43404166 0.24767148 1.66224991
v 6.41189548 0.24971683 1.66224991
v 6.40000000 0.22024068 1.68390724
v 6.40000000 0.24999999 1.66224991
v 6.36595834 0.24767148 1.66224991
v 6.37001057 0.21818934 1.68390724
v 6.36442129 0.24745537 1.66224991
v 6.33255081 0.24072933 1.66224991
v 6.31823301 0.23625020 1.66224991
v 6.30039973 0.22930282 1.66224991
v 6.27500000 0.21650635 1.66224991
v 6.28556649 0.18817791 1.68390724
v 6.27010402 0.21360484 1.66224991
v 6.24222802 0.19392782 1.66224991
v 6.26100877 0.17084318 1.68390724
v 6.23628482 0.18893740 1.66224991
v 6.23904019 0.15032596 1.68390724
v 6.21729101 0.17063828 1.66224991
v 6.20348672 0.15453974 1.66224991
v 6.22007000 0.12700846 1.68390724
v 6.19575754 0.14417008 1.66224991
v 6.17802869 0.11501625 1.66224991
v 6.20445157 0.10132503 1.68390724
v 6.16443476 0.08371990 1.66224991
v 6.19247584 0.07375411 1.68390724
v 6.16012676 0.07043314 1.66224991
v 6.18436586 0.04480929 1.68390724
v 6.15058280 0.01706060 1.66224991
v 6.18027276 0.01502976 1.68390724
v 6.15113203 0.02376401 1.66224991
v 6.15522899 0.05086400 1.66224991
v 6.18027276 -0.01502976 1.68390724
v 6.15058280 -0.01706060 1.66224991
v 6.15113203 -0.02376401 1.66224991
v 6.18436586 -0.04480929 1.68390724
v 6.15522899 -0.05086400 1.66224991
v 6.16012676 -0.07043314 1.66224991
v 6.19247584 -0.07375411 1.68390724
v 6.16443476 -0.08371990 1.66224991
v 6.17802869 -0.11501625 1.66224991
v 6.20445157 -0.10132503 1.68390724
v 6.19575754 -0.14417008 1.66224991
v 6.22007000 -0.12700846 1.68390724
v 6.20348672 -0.15453974 1.66224991
v 6.23904019 -0.15032596 1.68390724
v 6.21729101 -0.17063828 1.66224991
v 6.23628482 -0.18893740 1.66224991
v 6.26100877 -0.17084318 1.68390724
v 6.24222802 -0.19392782 1.66224991
v 6.27010402 -0.21360484 1.66224991
v 6.28556649 -0.18817791 1.68390724
v 6.27500000 -0.21650635 1.66224991
v 6.31225588 -0.20200722 1.68390724
v 6.30039973 -0.22930282 1.66224991
v 6.31823301 -0.23625020 1.66224991
v 6.34057978 -0.21207354 1.68390724
v 6.33255081 -0.24072933 1.66224991
v 6.36442129 -0.24745537 1.66224991
v 6.37001057 -0.21818934 1.68390724
v 6.43404166 -0.24767148 1.66224991
v 6.42998943 -0.21818934 1.68390724
v 6.41189548 -0.24971683 1.66224991
v 6.40000000 -0.22024068 1.68390724
v 6.40000000 -0.24999999 1.66224991
v 6.36595834 -0.24767148 1.66224991
v 6.42568330 -0.18685986 1.70273753
v 6.40000000 -0.18861664 1.70273753
v 6.49800218 -0.16115772 1.70273753
v 6.51903369 -0.14631206 1.70273753
v 6.53784782 -0.12874089 1.70273753
v 6.55409412 -0.10877150 1.70273753
v 6.56746992 -0.08677592 1.70273753
v 6.57772609 -0.06316387 1.70273753
v 6.58467156 -0.03837519 1.70273753
v 6.58817694 -0.01287166 1.70273753
v 6.57772609 0.06316387 1.70273753
v 6.56746992 0.08677592 1.70273753
v 6.55409412 0.10877150 1.70273753
v 6.53784782 0.12874089 1.70273753
v 6.51903369 0.14631206 1.70273753
v 6.49800218 0.16115772 1.70273753
v 6.47514508 0.17300132 1.70273753
v 6.45088816 0.18162223 1.70273753
v 6.42568330 0.18685986 1.70273753
v 6.40000000 0.18861664 1.70273753
v 6.37431670 0.18685986 1.70273753
v 6.30199782 0.16115772 1.70273753
v 6.28096631 0.14631206 1.70273753
v 6.26215218 0.12874089 1.70273753
v 6.24590588 0.10877150 1.70273753
v 6.23253008 0.08677592 1.70273753
v 6.22227391 0.06316387 1.70273753
v 6.21532844 0.03837519 1.70273753
v 6.21182306 0.01287166 1.70273753
v 6.37431670 -0.18685986 1.70273753
v 6.34911184 -0.18162223 1.70273753
v 6.32485492 -0.17300132 1.70273753
v 6.30199782 -0.16115772 1.70273753
v 6.28096631 -0.14631206 1.70273753
v 6.26215218 -0.12874089 1.70273753
v 6.24590588 -0.10877150 1.70273753
v 6.23253008 -0.08677592 1.70273753
v 6.22227391 -0.06316387 1.70273753
v 6.21532844 -0.03837519 1.70273753
v 6.21182306 -0.01287166 1.70273753
v 6.42700000 -0.12321640 1.72959019
v 6.42115971 -0.15394831 1.71858131
v 6.46190981 -0.14253067 1.71858131
v 6.48074110 -0.13277308 1.71858131
v 6.49806834 -0.12054218 1.71858131
v 6.51356875 -0.10606580 1.71858131
v 6.52695359 -0.08961363 1.71858131
v 6.53797352 -0.07149212 1.71858131
v 6.55214543 0.03161618 1.71858131
v 6.54642327 0.05203884 1.71858131
v 6.53797352 0.07149212 1.71858131
v 6.52695359 0.08961363 1.71858131
v 6.51356875 0.10606580 1.71858131
v 6.49806834 0.12054218 1.71858131
v 6.48074110 0.13277308 1.71858131
v 6.46190981 0.14253067 1.71858131
v 6.33809019 0.14253067 1.71858131
v 6.31925890 0.13277308 1.71858131
v 6.30193166 0.12054218 1.71858131
v 6.28643125 0.10606580 1.71858131
v 6.27304641 0.08961363 1.71858131
v 6.26202648 0.07149212 1.71858131
v 6.33809019 -0.14253067 1.71858131
v 6.31925890 -0.13277308 1.71858131
v 6.30193166 -0.12054218 1.71858131
v 6.28643125 -0.10606580 1.71858131
v 6.27304641 -0.08961363 1.71858131
v 6.26202648 -0.07149212 1.71858131
v 6.25357673 -0.05203884 1.71858131
v 6.24785457 -0.03161618 1.71858131
v 6.24496658 -0.01060458 1.71858131
v 6.50730894 -0.05560301 1.73130446
v 6.49873819 -0.06969703 1.73130446
v 6.48832813 -0.08249271 1.73130446
v 6.47627268 -0.09375172 1.73130446
v 6.46279642 -0.10326430 1.73130446
v 6.44815037 -0.11085327 1.73130446
v 6.43260738 -0.11637725 1.73130446
v 6.52321640 0.02700000 1.72959019
v 6.51388074 0.04047322 1.73130446
v 6.50730894 0.05560301 1.73130446
v 6.49873819 0.06969703 1.73130446
v 6.48832813 0.08249271 1.73130446
v 6.47627268 0.09375172 1.73130446
v 6.46279642 0.10326430 1.73130446
v 6.29269106 0.05560301 1.73130446
v 6.30126181 0.06969703 1.73130446
v 6.31167187 0.08249271 1.73130446
v 6.32372732 0.09375172 1.73130446
v 6.33720358 0.10326430 1.73130446
v 6.35184963 0.11085327 1.73130446
v 6.36739262 0.11637725 1.73130446
v 6.27678360 -0.02700000 1.72959019
v 6.28611926 -0.04047322 1.73130446
v 6.29269106 -0.05560301 1.73130446
v 6.30126181 -0.06969703 1.73130446
v 6.31167187 -0.08249271 1.73130446
v 6.32372732 -0.09375172 1.73130446
v 6.33720358 -0.10326430 1.73130446
v 6.52500000 0.00000000 1.04000001
v 6.52036467 -0.03372460 1.04000001
v 6.40000000 0.00000000 1.04000001
v 6.52036467 0.03372460 1.04000001
v 6.45750813 0.11098565 1.04000001
v 6.48531914 0.09135450 1.04000001
v 6.50680242 0.06494799 1.04000001
v 6.35814005 0.11778262 1.04000001
v 6.39146970 0.12470860 1.04000001
v 6.42543200 0.12238551 1.04000001
v 6.28534859 0.04980013 1.04000001
v 6.30303609 0.07888599 1.04000001
v 6.32791496 0.10212123 1.04000001
v 6.28534859 -0.04980013 1.04000001
v 6.27616426 -0.01702083 1.04000001
v 6.27616426 0.01702083 1.04000001
v 6.35814005 -0.11778262 1.04000001
v 6.32791496 -0.10212123 1.04000001
v 6.30303609 -0.07888599 1.04000001
v 6.45750813 -0.11098565 1.04000001
v 6.42543200 -0.12238551 1.04000001
v 6.39146970 -0.12470860 1.04000001
v 6.50680242 -0.06494799 1.04000001
v 6.48531914 -0.09135450 1.04000001
v 6.52036467 -0.03372460 1.54000001
v 6.50680242 -0.06494799 1.54000001
v 6.48531914 -0.09135450 1.54000001
v 6.45750813 -0.11098565 1.54000001
v 6.42543200 -0.12238551 1.54000001
v 6.39146970 -0.12470860 1.54000001
v 6.35814005 -0.11778262 1.54000001
v 6.32791496 -0.10212123 1.54000001
v 6.30303609 -0.07888599 1.54000001
v 6.28534859 -0.04980013 1.54000001
v 6.27616426 -0.01702083 1.54000001
v 6.27616426 0.01702083 1.54000001
v 6.28534859 0.04980013 1.54000001
v 6.30303609 0.07888599 1.54000001
v 6.32791496 0.10212123 1.54000001
v 6.35814005 0.11778262 1.54000001
v 6.39146970 0.12470860 1.54000001
v 6.42543200 0.12238551 1.54000001
v 6.45750813 0.11098565 1.54000001
v 6.48531914 0.09135450 1.54000001
v 6.50680242 0.06494799 1.54000001
v 6.52036467 0.03372460 1.54000001
v 6.52500000 0.00000000 1.54000001
v 6.54501422 0.20364400 1.54000001
v 6.58093351 0.17251975 1.54000001
v 6.61031338 0.13516020 1.54000001
v 6.63209199 0.09291561 1.54000001
v 6.64548217 0.04731281 1.54000001
v 6.64999999 0.00000000 1.54000001
v 6.41189548 0.24971683 1.54000001
v 6.45893973 0.24295289 1.54000001
v 6.50385375 0.22740799 1.54000001
v 6.16012676 0.07043314 1.54000001
v 6.17779114 0.11455663 1.54000001
v 6.20348672 0.15453974 1.54000001
v 6.23628482 0.18893740 1.54000001
v 6.27500000 0.21650635 1.54000001
v 6.31823301 0.23625020 1.54000001
v 6.36442129 0.24745537 1.54000001
v 6.16012676 -0.07043314 1.54000001
v 6.15113203 -0.02376401 1.54000001
v 6.15113203 0.02376401 1.54000001
v 6.23628482 -0.18893740 1.54000001
v 6.20348672 -0.15453974 1.54000001
v 6.17779114 -0.11455663 1.54000001
v 6.41189548 -0.24971683 1.54000001
v 6.36442129 -0.24745537 1.54000001
v 6.31823301 -0.23625020 1.54000001
v 6.27500000 -0.21650635 1.54000001
v 6.64548217 -0.04731281 1.54000001
v 6.63209199 -0.09291561 1.54000001
v 6.61031338 -0.13516020 1.54000001
v 6.58093351 -0.17251975 1.54000001
v 6.54501422 -0.20364400 1.54000001
v 6.50385375 -0.22740799 1.54000001
v 6.45893973 -0.24295289 1.54000001
v 6.34300000 -0.02700000 1.61490005
v 6.34987049 -0.02779732 1.60300001
v 6.34987049 0.02779732 1.60300001
v 6.34300000 0.02700000 1.61490005
v 6.37300000 0.05700000 1.61490005
v 6.42700000 0.05700000 1.61490005
v 6.42779732 0.05012951 1.60300001
v 6.37220268 0.05012951 1.60300001
v 6.45700000 0.02700000 1.61490005
v 6.45700000 -0.02700000 1.61490005
v 6.45012951 -0.02779732 1.60300001
v 6.45012951 0.02779732 1.60300001
v 6.42700000 -0.05700000 1.61490005
v 6.37300000 -0.05700000 1.61490005
v 6.37220268 -0.05012951 1.60300001
v 6.42779732 -0.05012951 1.60300001
v 6.36898076 -0.04200000 1.60300001
v 6.43101924 -0.04200000 1.60300001
v 6.35800000 -0.03101924 1.60300001
v 6.43101924 0.04200000 1.60300001
v 6.36898076 0.04200000 1.60300001
v 6.35800000 0.03101924 1.60300001
v 6.44200000 0.03101924 1.60300001
v 6.44200000 -0.03101924 1.60300001
v 6.37178073 0.93514426 1.65371839
v 6.36466984 0.95936181 1.64250259
v 6.34943203 0.95367841 1.64250259
v 6.48193353 0.87499628 1.65371839
v 6.50615102 0.88210721 1.64250259
v 6.50046761 0.89734504 1.64250259
v 6.42178555 0.76484354 1.65371839
v 6.42889645 0.74062604 1.64250259
v 6.44413425 0.74630943 1.64250259
v 6.35795090 0.98224441 1.62857103
v 6.33952495 0.97537190 1.62857103
v 6.43561538 0.71774344 1.62857103
v 6.45404133 0.72461595 1.62857103
v 6.55350793 0.88220164 1.61209372
v 6.55030202 0.89507112 1.61209372
v 6.52903361 0.88882614 1.62857103
v 6.34978314 0.86699389 1.66495305
v 6.35560869 0.86756498 1.66595918
v 6.34000198 0.87592499 1.66208155
v 6.41378314 0.89699393 1.66495305
v 6.41435419 0.89116832 1.66595918
v 6.42271423 0.90677505 1.66208155
v 6.44378314 0.83299391 1.66495305
v 6.43795759 0.83242282 1.66595918
v 6.45356431 0.82406281 1.66208155
v 6.37978314 0.80299387 1.66495305
v 6.37921209 0.80881948 1.66595918
v 6.37085205 0.79321275 1.66208155
v 6.31925119 0.86699389 1.65706496
v 6.30803795 0.84999390 1.65371839
v 6.31895552 0.84999390 1.65757707
v 6.30894124 0.83736414 1.65371839
v 6.31925119 0.83299391 1.65706496
v 6.35561942 0.83242077 1.66596084
v 6.34978314 0.83299391 1.66495305
v 6.34000198 0.82406281 1.66208155
v 6.33698695 0.83299391 1.66214751
v 6.36126365 0.83071031 1.66671139
v 6.34427030 0.81624594 1.66208155
v 6.36644829 0.82793934 1.66717077
v 6.34960764 0.80911610 1.66208155
v 6.37099634 0.82420716 1.66732585
v 6.35590534 0.80281841 1.66208155
v 6.36303519 0.79748109 1.66208155
v 6.37474149 0.81963968 1.66716955
v 6.37749953 0.81447437 1.66671139
v 6.35991706 0.76926844 1.65371839
v 6.37178073 0.76484354 1.65371839
v 6.37978314 0.77246195 1.65706496
v 6.38415338 0.76215202 1.65371839
v 6.39678314 0.76124873 1.65371839
v 6.39678314 0.77216630 1.65757707
v 6.41435632 0.80883019 1.66596084
v 6.41378314 0.80299387 1.66495305
v 6.42271423 0.79321275 1.66208155
v 6.41378314 0.79019768 1.66214751
v 6.41378314 0.77246195 1.65706496
v 6.41606676 0.81447437 1.66671139
v 6.43053109 0.79748109 1.66208155
v 6.41883774 0.81965905 1.66717077
v 6.43766094 0.80281841 1.66208155
v 6.42256994 0.82420716 1.66732585
v 6.44395864 0.80911610 1.66208155
v 6.44929598 0.81624594 1.66208155
v 6.42713740 0.82795229 1.66716955
v 6.43230264 0.83071031 1.66671139
v 6.47750861 0.81312787 1.65371839
v 6.48193353 0.82499152 1.65371839
v 6.47431509 0.83299391 1.65706496
v 6.48462504 0.83736414 1.65371839
v 6.48552833 0.84999390 1.65371839
v 6.47461076 0.84999390 1.65757707
v 6.48462504 0.86262366 1.65371839
v 6.47431509 0.86699389 1.65706496
v 6.43794686 0.86756712 1.66596084
v 6.44378314 0.86699389 1.66495305
v 6.45356431 0.87592499 1.66208155
v 6.45657934 0.86699389 1.66214751
v 6.43230264 0.86927749 1.66671139
v 6.44929598 0.88374186 1.66208155
v 6.42711800 0.87204855 1.66717077
v 6.44395864 0.89087170 1.66208155
v 6.42256994 0.87578073 1.66732585
v 6.43766094 0.89716939 1.66208155
v 6.43053109 0.90250671 1.66208155
v 6.41882479 0.88034822 1.66716955
v 6.41606676 0.88551342 1.66671139
v 6.43364923 0.93071936 1.65371839
v 6.42178555 0.93514426 1.65371839
v 6.41378314 0.92752585 1.65706496
v 6.40941290 0.93783578 1.65371839
v 6.39678314 0.93873907 1.65371839
v 6.39678314 0.92782155 1.65757707
v 6.38415338 0.93783578 1.65371839
v 6.37978314 0.92752585 1.65706496
v 6.37920996 0.89115761 1.66596084
v 6.37978314 0.89699393 1.66495305
v 6.37085205 0.90677505 1.66208155
v 6.37978314 0.90979012 1.66214751
v 6.37749953 0.88551342 1.66671139
v 6.36303519 0.90250671 1.66208155
v 6.37472854 0.88032875 1.66717077
v 6.35590534 0.89716939 1.66208155
v 6.37099634 0.87578073 1.66732585
v 6.34960764 0.89087170 1.66208155
v 6.34427030 0.88374186 1.66208155
v 6.36642888 0.87203560 1.66716955
v 6.36126365 0.86927749 1.66671139
v 6.31605767 0.88686002 1.65371839
v 6.31163276 0.87499628 1.65371839
v 6.30894124 0.86262366 1.65371839
v 6.41955352 0.69162250 1.61209372
v 6.41639892 0.71356315 1.62857103
v 6.39678314 0.71216021 1.62857103
v 6.42101159 0.69183898 1.61209372
v 6.44186035 0.69647506 1.61209372
v 6.45235198 0.69995360 1.61209372
v 6.46324954 0.70445281 1.61209372
v 6.48141738 0.71421084 1.61209372
v 6.47130167 0.73404084 1.62857103
v 6.48328567 0.71539334 1.61209372
v 6.50156085 0.72907400 1.61209372
v 6.48704502 0.74582617 1.62857103
v 6.50701785 0.73402706 1.61209372
v 6.50095091 0.75973202 1.62857103
v 6.51770307 0.74521620 1.61209372
v 6.52810529 0.75859101 1.61209372
v 6.51273624 0.77547538 1.62857103
v 6.53138371 0.76349140 1.61209372
v 6.54232426 0.78352755 1.61209372
v 6.52216109 0.79273572 1.62857103
v 6.54381639 0.78689698 1.61209372
v 6.52903361 0.81116166 1.62857103
v 6.55030202 0.80491668 1.61209372
v 6.55350793 0.81778616 1.61209372
v 6.53321390 0.83037810 1.62857103
v 6.55515457 0.82722353 1.61209372
v 6.55678314 0.84999390 1.61209372
v 6.53461685 0.84999390 1.62857103
v 6.55515457 0.87276427 1.61209372
v 6.53321390 0.86960969 1.62857103
v 6.54381639 0.91309082 1.61209372
v 6.52216109 0.90725208 1.62857103
v 6.54232426 0.91646034 1.61209372
v 6.53138371 0.93649644 1.61209372
v 6.51273624 0.92451246 1.62857103
v 6.52810529 0.94139678 1.61209372
v 6.50095091 0.94025582 1.62857103
v 6.51770307 0.95477160 1.61209372
v 6.50701785 0.96596079 1.61209372
v 6.48704502 0.95416168 1.62857103
v 6.50156085 0.97091384 1.61209372
v 6.48328567 0.98459451 1.61209372
v 6.47130167 0.96594701 1.62857103
v 6.48141738 0.98577701 1.61209372
v 6.45404133 0.97537190 1.62857103
v 6.46324954 0.99553503 1.61209372
v 6.45235198 1.00003425 1.61209372
v 6.43561538 0.98224441 1.62857103
v 6.44186035 1.00351283 1.61209372
v 6.42101159 1.00814886 1.61209372
v 6.41639892 0.98642465 1.62857103
v 6.37401277 1.00836530 1.61209372
v 6.37716736 0.98642465 1.62857103
v 6.38867927 1.00978855 1.61209372
v 6.39678314 0.98782759 1.62857103
v 6.39678314 1.00999391 1.61209372
v 6.41955352 1.00836530 1.61209372
v 6.35667874 1.00488625 1.61209372
v 6.35170593 1.00351283 1.61209372
v 6.33031674 0.99553503 1.61209372
v 6.32632008 0.99364268 1.61209372
v 6.32226462 0.96594701 1.62857103
v 6.31028061 0.98459451 1.61209372
v 6.29884618 0.97651808 1.61209372
v 6.30652126 0.95416168 1.62857103
v 6.29200543 0.97091384 1.61209372
v 6.27586321 0.95477160 1.61209372
v 6.29261538 0.94025582 1.62857103
v 6.27538185 0.95421355 1.61209372
v 6.28083005 0.92451246 1.62857103
v 6.26218257 0.93649644 1.61209372
v 6.25688769 0.92764227 1.61209372
v 6.27140519 0.90725208 1.62857103
v 6.25124202 0.91646034 1.61209372
v 6.24412086 0.89789201 1.61209372
v 6.26453267 0.88882614 1.62857103
v 6.24326427 0.89507112 1.61209372
v 6.23841171 0.87276427 1.61209372
v 6.26035238 0.86960969 1.62857103
v 6.23760405 0.86618084 1.61209372
v 6.25894944 0.84999390 1.62857103
v 6.23841171 0.82722353 1.61209372
v 6.26035238 0.83037810 1.62857103
v 6.23760405 0.83380695 1.61209372
v 6.23678315 0.84999390 1.61209372
v 6.26453267 0.81116166 1.62857103
v 6.24326427 0.80491668 1.61209372
v 6.24412086 0.80209579 1.61209372
v 6.27140519 0.79273572 1.62857103
v 6.25124202 0.78352755 1.61209372
v 6.25688769 0.77234558 1.61209372
v 6.28083005 0.77547538 1.62857103
v 6.26218257 0.76349140 1.61209372
v 6.27538185 0.74577434 1.61209372
v 6.29261538 0.75973202 1.62857103
v 6.27586321 0.74521620 1.61209372
v 6.29200543 0.72907400 1.61209372
v 6.30652126 0.74582617 1.62857103
v 6.29884618 0.72346982 1.61209372
v 6.32226462 0.73404084 1.62857103
v 6.31028061 0.71539334 1.61209372
v 6.32632008 0.70634517 1.61209372
v 6.33952495 0.72461595 1.62857103
v 6.33031674 0.70445281 1.61209372
v 6.35170593 0.69647506 1.61209372
v 6.35795090 0.71774344 1.62857103
v 6.35667874 0.69510159 1.61209372
v 6.37716736 0.71356315 1.62857103
v 6.37401277 0.69162250 1.61209372
v 6.38867927 0.69019930 1.61209372
v 6.39678314 0.68999394 1.61209372
v 6.41300491 0.73716906 1.64250259
v 6.39678314 0.73600886 1.64250259
v 6.45840812 0.75410358 1.64250259
v 6.47142749 0.76384973 1.64250259
v 6.48292731 0.77534956 1.64250259
v 6.49267349 0.78836894 1.64250259
v 6.50046761 0.80264276 1.64250259
v 6.50615102 0.81788059 1.64250259
v 6.50960801 0.83377212 1.64250259
v 6.51076821 0.84999390 1.64250259
v 6.50960801 0.86621568 1.64250259
v 6.49267349 0.91161886 1.64250259
v 6.48292731 0.92463829 1.64250259
v 6.47142749 0.93613807 1.64250259
v 6.45840812 0.94588427 1.64250259
v 6.44413425 0.95367841 1.64250259
v 6.42889645 0.95936181 1.64250259
v 6.41300491 0.96281879 1.64250259
v 6.39678314 0.96397903 1.64250259
v 6.38056138 0.96281879 1.64250259
v 6.33515816 0.94588427 1.64250259
v 6.32213880 0.93613807 1.64250259
v 6.31063897 0.92463829 1.64250259
v 6.30089280 0.91161886 1.64250259
v 6.29309867 0.89734504 1.64250259
v 6.28741527 0.88210721 1.64250259
v 6.28395828 0.86621568 1.64250259
v 6.28279807 0.84999390 1.64250259
v 6.28395828 0.83377212 1.64250259
v 6.38056138 0.73716906 1.64250259
v 6.36466984 0.74062604 1.64250259
v 6.34943203 0.74630943 1.64250259
v 6.33515816 0.75410358 1.64250259
v 6.32213880 0.76384973 1.64250259
v 6.31063897 0.77534956 1.64250259
v 6.30089280 0.78836894 1.64250259
v 6.29309867 0.80264276 1.64250259
v 6.28741527 0.81788059 1.64250259
v 6.40941290 0.76215202 1.65371839
v 6.43364923 0.76926844 1.65371839
v 6.44476242 0.77533671 1.65371839
v 6.45489888 0.78292480 1.65371839
v 6.46385228 0.79187816 1.65371839
v 6.47144035 0.80201467 1.65371839
v 6.47750861 0.88686002 1.65371839
v 6.47144035 0.89797322 1.65371839
v 6.46385228 0.90810964 1.65371839
v 6.45489888 0.91706309 1.65371839
v 6.44476242 0.92465114 1.65371839
v 6.35991706 0.93071936 1.65371839
v 6.34880387 0.92465114 1.65371839
v 6.33866740 0.91706309 1.65371839
v 6.32971400 0.90810964 1.65371839
v 6.32212594 0.89797322 1.65371839
v 6.34880387 0.77533671 1.65371839
v 6.33866740 0.78292480 1.65371839
v 6.32971400 0.79187816 1.65371839
v 6.32212594 0.80201467 1.65371839
v 6.31605767 0.81312787 1.65371839
v 6.31163276 0.82499152 1.65371839
v 6.47678314 0.84999390 1.14000002
v 6.47354258 0.82745533 1.14000002
v 6.39678314 0.84999390 1.14000002
v 6.44917200 0.91045387 1.14000002
v 6.46408343 0.89324517 1.14000002
v 6.47354258 0.87253256 1.14000002
v 6.38539795 0.92917960 1.14000002
v 6.40816833 0.92917960 1.14000002
v 6.43001634 0.92276447 1.14000002
v 6.32948286 0.89324517 1.14000002
v 6.34439429 0.91045387 1.14000002
v 6.36354994 0.92276447 1.14000002
v 6.32002370 0.82745533 1.14000002
v 6.31678314 0.84999390 1.14000002
v 6.32002370 0.87253256 1.14000002
v 6.36354994 0.77722333 1.14000002
v 6.34439429 0.78953393 1.14000002
v 6.32948286 0.80674263 1.14000002
v 6.43001634 0.77722333 1.14000002
v 6.40816833 0.77080820 1.14000002
v 6.38539795 0.77080820 1.14000002
v 6.46408343 0.80674263 1.14000002
v 6.44917200 0.78953393 1.14000002
v 6.47354258 0.82745533 1.54000000
v 6.46408343 0.80674263 1.54000000
v 6.44917200 0.78953393 1.54000000
v 6.43001634 0.77722333 1.54000000
v 6.40816833 0.77080820 1.54000000
v 6.38539795 0.77080820 1.54000000
v 6.36354994 0.77722333 1.54000000
v 6.34439429 0.78953393 1.54000000
v 6.32948286 0.80674263 1.54000000
v 6.32002370 0.82745533 1.54000000
v 6.31678314 0.84999390 1.54000000
v 6.32002370 0.87253256 1.54000000
v 6.32948286 0.89324517 1.54000000
v 6.34439429 0.91045387 1.54000000
v 6.36354994 0.92276447 1.54000000
v 6.38539795 0.92917960 1.54000000
v 6.40816833 0.92917960 1.54000000
v 6.43001634 0.92276447 1.54000000
v 6.44917200 0.91045387 1.54000000
v 6.46408343 0.89324517 1.54000000
v 6.47354258 0.87253256 1.54000000
v 6.47678314 0.84999390 1.54000000
v 6.54381639 0.91309082 1.54000000
v 6.55350793 0.88220164 1.54000000
v 6.55678314 0.84999390 1.54000000
v 6.35667874 1.00488625 1.54000000
v 6.38867927 1.00978855 1.54000000
v 6.42101159 1.00814886 1.54000000
v 6.27538185 0.74577434 1.54000000
v 6.25688769 0.77234558 1.54000000
v 6.35667874 0.69510159 1.54000000
v 6.32632008 0.70634517 1.54000000
v 6.29884618 0.72346982 1.54000000
v 6.45235198 1.00003425 1.54000000
v 6.48141738 0.98577701 1.54000000
v 6.50701785 0.96596079 1.54000000
v 6.52810529 0.94139678 1.54000000
v 6.27538185 0.95421355 1.54000000
v 6.29884618 0.97651808 1.54000000
v 6.32632008 0.99364268 1.54000000
v 6.24412086 0.80209579 1.54000000
v 6.23760405 0.83380695 1.54000000
v 6.23760405 0.86618084 1.54000000
v 6.24412086 0.89789201 1.54000000
v 6.25688769 0.92764227 1.54000000
v 6.48141738 0.71421084 1.54000000
v 6.45235198 0.69995360 1.54000000
v 6.42101159 0.69183898 1.54000000
v 6.38867927 0.69019930 1.54000000
v 6.55350793 0.81778616 1.54000000
v 6.54381639 0.78689698 1.54000000
v 6.52810529 0.75859101 1.54000000
v 6.50701785 0.73402706 1.54000000
v 6.34978314 0.83299391 1.60418207
v 6.36432202 0.82923546 1.57900000
v 6.36432202 0.87075233 1.57900000
v 6.36117778 0.86924210 1.58444597
v 6.34978314 0.86699389 1.60418207
v 6.35563585 0.86757038 1.59404488
v 6.35563585 0.83241751 1.59404488
v 6.36117778 0.83074570 1.58444597
v 6.37978314 0.89699393 1.60418207
v 6.37602473 0.88245505 1.57900000
v 6.41754155 0.88245505 1.57900000
v 6.41603135 0.88559929 1.58444597
v 6.41378314 0.89699393 1.60418207
v 6.41435958 0.89114122 1.59404488
v 6.37920670 0.89114122 1.59404488
v 6.37753494 0.88559929 1.58444597
v 6.44378314 0.86699389 1.60418207
v 6.42924427 0.87075233 1.57900000
v 6.42924427 0.82923546 1.57900000
v 6.43238850 0.83074570 1.58444597
v 6.44378314 0.83299391 1.60418207
v 6.43793043 0.83241751 1.59404488
v 6.43793043 0.86757038 1.59404488
v 6.43238850 0.86924210 1.58444597
v 6.41378314 0.80299387 1.60418207
v 6.37978314 0.80299387 1.60418207
v 6.37920670 0.80884658 1.59404488
v 6.41435958 0.80884658 1.59404488
v 6.37753494 0.81438851 1.58444597
v 6.41603135 0.81438851 1.58444597
v 6.37602473 0.81753274 1.57900000
v 6.41754155 0.81753274 1.57900000
v 6.42256994 0.82420716 1.57900000
v 6.37099634 0.87578073 1.57900000
v 6.42256994 0.87578073 1.57900000
v 6.37099634 0.82420716 1.57900000
v 7.09689779 -1.00706667 2.02787686
v 7.08942104 -1.01728234 2.00105426
v 7.07351023 -1.01734260 2.00670902
v 7.14862535 -1.00687090 2.21249624
v 7.15617917 -1.01702968 2.23931889
v 7.17209002 -1.01696951 2.23366409
v 7.08224068 -1.03003224 1.97525514
v 7.06288421 -1.03010554 1.98213449
v 7.16345587 -1.02972491 2.26511802
v 7.18281229 -1.02965161 2.25823862
v 7.07541832 -1.04520684 1.95070110
v 7.05278253 -1.04529252 1.95874595
v 7.32297019 -1.06171463 2.12018658
v 7.32250388 -1.06171640 2.10653809
v 7.29850649 -1.04436260 2.10817508
v 7.09596637 -0.99950572 2.05856329
v 7.10372252 -0.99668903 2.07118658
v 7.10375456 -1.00515550 2.03258340
v 7.17172201 -0.99643162 2.13918658
v 7.18603877 -0.99916477 2.14268561
v 7.21035700 -1.00475205 2.13918658
v 7.14949949 -0.99930307 2.18180982
v 7.14172225 -0.99654514 2.16918658
v 7.14175429 -1.00501161 2.20778981
v 7.03243271 -1.00731067 2.08808347
v 7.02890272 -1.00732399 2.10068236
v 7.03515184 -1.00541506 2.10118657
v 7.02712110 -1.00733079 2.11364455
v 7.03485894 -1.00491215 2.12018658
v 7.09596637 -0.99950572 2.18180982
v 7.10143351 -0.99527324 2.15770607
v 7.08782470 -0.99953646 2.17759116
v 7.09867251 -0.99491179 2.15253840
v 7.08033328 -0.99956486 2.17230311
v 7.09492850 -0.99479910 2.14797338
v 7.07363172 -0.99959020 2.16604425
v 7.09038463 -0.99494206 2.14424362
v 7.06784481 -0.99961208 2.15893113
v 7.08519777 -0.99533461 2.14147019
v 7.06308035 -0.99963015 2.15109629
v 7.07956517 -0.99596335 2.13976158
v 7.05942714 -0.99964393 2.14268561
v 7.07372276 -0.99680256 2.13918658
v 7.03515184 -1.00541506 2.13918658
v 7.10375456 -1.00515550 2.20778981
v 7.10372252 -0.99668903 2.16918658
v 7.10314710 -0.99587571 2.16335454
v 7.12276155 -1.00696879 2.21605120
v 7.12275251 -1.00457948 2.20808075
v 7.14229417 -0.99572595 2.16334099
v 7.15764116 -0.99927224 2.17759116
v 7.14400045 -0.99511212 2.15770607
v 7.16513258 -0.99924393 2.17230311
v 7.14677248 -0.99472869 2.15251777
v 7.17183414 -0.99921860 2.16604425
v 7.15050169 -0.99458881 2.14797338
v 7.17762106 -0.99919662 2.15893113
v 7.15506717 -0.99469833 2.14422983
v 7.18238547 -0.99917864 2.15109629
v 7.16023624 -0.99505065 2.14147019
v 7.16588695 -0.99563831 2.13975893
v 7.21309043 -1.00662699 2.15228969
v 7.21662042 -1.00661358 2.13969080
v 7.21840204 -1.00660687 2.12672861
v 7.21064608 -1.00424690 2.12018658
v 7.14949949 -0.99930307 2.05856329
v 7.14400045 -0.99511212 2.08266708
v 7.15764116 -0.99927224 2.06278200
v 7.14675865 -0.99472972 2.08783476
v 7.16513258 -0.99924393 2.06807005
v 7.15050169 -0.99458881 2.09239978
v 7.17183414 -0.99921860 2.07432891
v 7.15504654 -0.99469731 2.09612949
v 7.17762106 -0.99919662 2.08144202
v 7.16023624 -0.99505065 2.09890297
v 7.18238547 -0.99917864 2.08927687
v 7.16587340 -0.99563664 2.10061153
v 7.18603877 -0.99916477 2.09768755
v 7.17172201 -0.99643162 2.10118657
v 7.21035700 -1.00475205 2.10118657
v 7.14175429 -1.00501161 2.03258340
v 7.14172225 -0.99654514 2.07118658
v 7.14229147 -0.99572763 2.07701861
v 7.12276155 -1.00696879 2.02432196
v 7.12275251 -1.00457948 2.03229236
v 7.10314440 -0.99587403 2.07703216
v 7.08782470 -0.99953646 2.06278200
v 7.10143351 -0.99527324 2.08266708
v 7.08033328 -0.99956486 2.06807005
v 7.09865868 -0.99491077 2.08785539
v 7.07363172 -0.99959020 2.07432891
v 7.09492850 -0.99479910 2.09239978
v 7.06784481 -0.99961208 2.08144202
v 7.09036400 -0.99494318 2.09614332
v 7.06308035 -0.99963015 2.08927687
v 7.08519777 -0.99533461 2.09890297
v 7.05942714 -0.99964393 2.09768755
v 7.07372276 -0.99680256 2.10118657
v 7.07955167 -0.99596502 2.10061423
v 7.14687246 -1.04493648 2.29455964
v 7.17012307 -1.06229316 2.31454890
v 7.17039287 -1.04484744 2.28967206
v 7.17693057 -1.06226737 2.31277007
v 7.20265123 -1.06217004 2.30362886
v 7.21435824 -1.04468102 2.27057501
v 7.19302862 -1.04476176 2.28162720
v 7.20605401 -1.06215710 2.30211295
v 7.22688769 -1.06207831 2.29107044
v 7.23898213 -1.06203249 2.28310177
v 7.23398419 -1.04460679 2.25672140
v 7.24918831 -1.06199393 2.27532885
v 7.26771734 -1.06192380 2.25820239
v 7.25154092 -1.04454029 2.24032444
v 7.26913779 -1.06191840 2.25669719
v 7.28636447 -1.06185321 2.23552264
v 7.26670145 -1.04448292 2.22168952
v 7.29122113 -1.06183486 2.22831476
v 7.27918332 -1.04443571 2.20116373
v 7.30054739 -1.06179956 2.21219962
v 7.30864385 -1.06176892 2.19451911
v 7.28875405 -1.04439948 2.17912956
v 7.32250388 -1.06171640 2.13383506
v 7.29850649 -1.04436260 2.13219808
v 7.31935592 -1.06172832 2.15803683
v 7.29523541 -1.04437498 2.15599737
v 7.31878707 -1.06173046 2.16087778
v 7.31142245 -1.06175840 2.18716250
v 7.31935592 -1.06172832 2.08233632
v 7.29523541 -1.04437498 2.08437578
v 7.27300912 -1.02931028 2.10991521
v 7.31878707 -1.06173046 2.07949537
v 7.31142245 -1.06175840 2.05321065
v 7.28875405 -1.04439948 2.06124359
v 7.30864385 -1.06176892 2.04585409
v 7.27918332 -1.04443571 2.03920938
v 7.30054739 -1.06179956 2.02817358
v 7.29122113 -1.06183486 2.01205840
v 7.26670145 -1.04448292 2.01868364
v 7.28636447 -1.06185321 2.00485052
v 7.26913779 -1.06191840 1.98367592
v 7.25154092 -1.04454029 2.00004871
v 7.26771734 -1.06192380 1.98217077
v 7.23398419 -1.04460679 1.98365171
v 7.24918831 -1.06199393 1.96504430
v 7.23898213 -1.06203249 1.95727139
v 7.21435824 -1.04468102 1.96979810
v 7.22688769 -1.06207831 1.94930267
v 7.20605401 -1.06215710 1.93826016
v 7.19302862 -1.04476176 1.95874595
v 7.20265123 -1.06217004 1.93674430
v 7.17693057 -1.06226737 1.92760313
v 7.17039287 -1.04484744 1.95070110
v 7.17012307 -1.06229316 1.92582426
v 7.14687246 -1.04493648 1.94581347
v 7.15020473 -1.06236851 1.92204938
v 7.13248791 -1.06243556 1.92041309
v 7.12290557 -1.04502719 1.94417411
v 7.12297161 -1.06247161 1.92018655
v 7.09573848 -1.06257461 1.92204938
v 7.09893873 -1.04511790 1.94581347
v 7.09450885 -1.06257927 1.92222228
v 7.06901264 -1.06267575 1.92760313
v 7.05755849 -1.06271915 1.93118640
v 7.04329198 -1.06277317 1.93674430
v 7.02297233 -1.06285000 1.94698149
v 7.03145300 -1.04537327 1.96979810
v 7.01905556 -1.06286481 1.94930267
v 6.99675495 -1.06294928 1.96504430
v 7.01182706 -1.04544749 1.98365171
v 6.99200041 -1.06296726 1.96903665
v 6.99427028 -1.04551399 2.00004871
v 6.97680546 -1.06302472 1.98367592
v 6.96576212 -1.06306653 1.99655476
v 6.97910974 -1.04557136 2.01868364
v 6.95957879 -1.06308991 2.00485052
v 6.94539582 -1.06314365 2.02817358
v 6.96662783 -1.04561858 2.03920938
v 6.93452076 -1.06318481 2.05321065
v 6.95705709 -1.04565481 2.06124359
v 6.93107440 -1.06319785 2.06384007
v 6.95057579 -1.04567930 2.08437578
v 6.92343928 -1.06322672 2.10653809
v 6.94730470 -1.04569169 2.10817508
v 6.92387863 -1.06322505 2.10117535
v 6.92715619 -1.06321266 2.07949537
v 6.94730470 -1.04569169 2.13219808
v 6.92343928 -1.06322672 2.13383506
v 6.92387863 -1.06322505 2.13919781
v 6.95057579 -1.04567930 2.15599737
v 6.92715619 -1.06321266 2.16087778
v 6.93107440 -1.06319785 2.17653308
v 6.95705709 -1.04565481 2.17912956
v 6.93452076 -1.06318481 2.18716250
v 6.94539582 -1.06314365 2.21219962
v 6.96662783 -1.04561858 2.20116373
v 6.95957879 -1.06308991 2.23552264
v 6.97910974 -1.04557136 2.22168952
v 6.96576212 -1.06306653 2.24381839
v 6.99427028 -1.04551399 2.24032444
v 6.97680546 -1.06302472 2.25669719
v 6.99200041 -1.06296726 2.27133646
v 7.01182706 -1.04544749 2.25672140
v 6.99675495 -1.06294928 2.27532885
v 7.01905556 -1.06286481 2.29107044
v 7.03145300 -1.04537327 2.27057501
v 7.02297233 -1.06285000 2.29339167
v 7.05278253 -1.04529252 2.28162720
v 7.04329198 -1.06277317 2.30362886
v 7.05755849 -1.06271915 2.30918671
v 7.07541832 -1.04520684 2.28967206
v 7.06901264 -1.06267575 2.31277007
v 7.09450885 -1.06257927 2.31815088
v 7.09893873 -1.04511790 2.29455964
v 7.09573848 -1.06257461 2.31832373
v 7.12297161 -1.06247161 2.32018656
v 7.12290557 -1.04502719 2.29619905
v 7.13248791 -1.06243556 2.31996007
v 7.15020473 -1.06236851 2.31832373
v 7.20105178 -1.02958260 2.24878765
v 7.21783440 -1.02951908 2.23694113
v 7.23284769 -1.02946227 2.22291961
v 7.24581189 -1.02941319 2.20698440
v 7.25648540 -1.02937287 2.18943232
v 7.26466959 -1.02934185 2.17059027
v 7.27021198 -1.02932090 2.15080930
v 7.27300912 -1.02931028 2.13045795
v 7.27021198 -1.02932090 2.08956381
v 7.26466959 -1.02934185 2.06978289
v 7.25648540 -1.02937287 2.05094088
v 7.24581189 -1.02941319 2.03338876
v 7.23284769 -1.02946227 2.01745355
v 7.21783440 -1.02951908 2.00343207
v 7.20105178 -1.02958260 1.99158546
v 7.18281229 -1.02965161 1.98213449
v 7.16345587 -1.02972491 1.97525514
v 7.14334294 -1.02980100 1.97107559
v 7.12284825 -1.02987858 1.96967372
v 7.10235357 -1.02995615 1.97107559
v 7.04464477 -1.03017455 1.99158546
v 7.02786210 -1.03023807 2.00343207
v 7.01284886 -1.03029488 2.01745355
v 6.99988466 -1.03034396 2.03338876
v 6.98921110 -1.03038438 2.05094088
v 6.98102692 -1.03041530 2.06978289
v 6.97548457 -1.03043634 2.08956381
v 6.97268739 -1.03044687 2.10991521
v 7.14334294 -1.02980100 2.26929752
v 7.12284825 -1.02987858 2.27069944
v 7.10235357 -1.02995615 2.26929752
v 7.08224068 -1.03003224 2.26511802
v 7.06288421 -1.03010554 2.25823862
v 7.04464477 -1.03017455 2.24878765
v 7.02786210 -1.03023807 2.23694113
v 7.01284886 -1.03029488 2.22291961
v 6.99988466 -1.03034396 2.20698440
v 6.98921110 -1.03038438 2.18943232
v 6.98102692 -1.03041530 2.17059027
v 6.97548457 -1.03043634 2.15080930
v 6.97268739 -1.03044687 2.13045795
v 7.18708269 -1.01691280 2.22589546
v 7.20087790 -1.01686055 2.21615774
v 7.21321858 -1.01681389 2.20463216
v 7.22387505 -1.01677356 2.19153357
v 7.23264867 -1.01674031 2.17710589
v 7.23937598 -1.01671489 2.16161795
v 7.24393173 -1.01669766 2.14535818
v 7.24623098 -1.01668891 2.12862953
v 7.12280010 -1.01715606 1.99646643
v 7.13964656 -1.01709226 1.99761875
v 7.15617917 -1.01702968 2.00105426
v 7.17209002 -1.01696951 2.00670902
v 7.18708269 -1.01691280 2.01447765
v 7.20087790 -1.01686055 2.02421546
v 7.21321858 -1.01681389 2.03574100
v 7.22387505 -1.01677356 2.04883959
v 7.23264867 -1.01674031 2.06326726
v 7.23937598 -1.01671489 2.07875520
v 7.24393173 -1.01669766 2.09501498
v 7.24623098 -1.01668891 2.11174363
v 7.05851756 -1.01739932 2.01447765
v 7.04472235 -1.01745157 2.02421546
v 7.03238163 -1.01749822 2.03574100
v 7.02172520 -1.01753855 2.04883959
v 7.01295158 -1.01757180 2.06326726
v 7.00622427 -1.01759722 2.07875520
v 7.00166852 -1.01761445 2.09501498
v 6.99936927 -1.01762321 2.11174363
v 7.12280010 -1.01715606 2.24390678
v 7.10595369 -1.01721976 2.24275436
v 7.08942104 -1.01728234 2.23931889
v 7.07351023 -1.01734260 2.23366409
v 7.05851756 -1.01739932 2.22589546
v 7.04472235 -1.01745157 2.21615774
v 7.03238163 -1.01749822 2.20463216
v 7.02172520 -1.01753855 2.19153357
v 7.01295158 -1.01757180 2.17710589
v 7.00622427 -1.01759722 2.16161795
v 7.00166852 -1.01761445 2.14535818
v 6.99936927 -1.01762321 2.12862953
v 7.13581501 -1.00691942 2.21515834
v 7.13964656 -1.01709226 2.24275436
v 7.16095387 -1.00682424 2.20811465
v 7.17257091 -1.00678029 2.20209514
v 7.18326017 -1.00673987 2.19454985
v 7.19282233 -1.00670364 2.18561930
v 7.20107953 -1.00667244 2.17546979
v 7.20787772 -1.00664664 2.16429052
v 7.13581501 -1.00691942 2.02521487
v 7.14862535 -1.00687090 2.02787686
v 7.16095387 -1.00682424 2.03225846
v 7.17257091 -1.00678029 2.03827801
v 7.18326017 -1.00673987 2.04582331
v 7.19282233 -1.00670364 2.05475390
v 7.20107953 -1.00667244 2.06490336
v 7.20787772 -1.00664664 2.07608263
v 7.21309043 -1.00662699 2.08808347
v 7.21662042 -1.00661358 2.10068236
v 7.21840204 -1.00660687 2.11364455
v 7.10970808 -1.00701824 2.02521487
v 7.10595369 -1.01721976 1.99761875
v 7.08456926 -1.00711333 2.03225846
v 7.07295218 -1.00715728 2.03827801
v 7.06226297 -1.00719780 2.04582331
v 7.05270076 -1.00723393 2.05475390
v 7.04444360 -1.00726523 2.06490336
v 7.03764541 -1.00729093 2.07608263
v 7.10970808 -1.00701824 2.21515834
v 7.09689779 -1.00706667 2.21249624
v 7.08456926 -1.00711333 2.20811465
v 7.07295218 -1.00715728 2.20209514
v 7.06226297 -1.00719780 2.19454985
v 7.05270076 -1.00723393 2.18561930
v 7.04444360 -1.00726523 2.17546979
v 7.03764541 -1.00729093 2.16429052
v 7.03243271 -1.00731067 2.15228969
v 7.02890272 -1.00732399 2.13969080
v 7.02712110 -1.00733079 2.12672861
v 7.22482453 -1.55188954 2.12018658
v 7.22111629 -1.55190350 2.14716625
v 7.12482526 -1.55226793 2.12018658
v 7.22111629 -1.55190350 2.09320691
v 7.17083143 -1.55209387 2.03139806
v 7.19308013 -1.55200968 2.04710299
v 7.21026657 -1.55194458 2.06822818
v 7.09133756 -1.55239468 2.02596048
v 7.11800109 -1.55229382 2.02041972
v 7.14517075 -1.55219100 2.02227817
v 7.03310480 -1.55261513 2.08034646
v 7.04725471 -1.55256158 2.05707779
v 7.06715768 -1.55248623 2.03848956
v 7.03310480 -1.55261513 2.16002670
v 7.02575741 -1.55264288 2.13380326
v 7.02575741 -1.55264288 2.10656990
v 7.09133756 -1.55239468 2.21441263
v 7.06715768 -1.55248623 2.20188354
v 7.04725471 -1.55256158 2.18329537
v 7.17083143 -1.55209387 2.20897510
v 7.14517075 -1.55219100 2.21809498
v 7.11800109 -1.55229382 2.21995344
v 7.21026657 -1.55194458 2.17214497
v 7.19308013 -1.55200968 2.19327021
v 7.21960252 -1.15190642 2.14716625
v 7.20875279 -1.15194749 2.17214497
v 7.19156626 -1.15201250 2.19327021
v 7.16931762 -1.15209669 2.20897510
v 7.14365693 -1.15219383 2.21809498
v 7.11648727 -1.15229664 2.21995344
v 7.08982374 -1.15239760 2.21441263
v 7.06564386 -1.15248905 2.20188354
v 7.04574089 -1.15256440 2.18329537
v 7.03159098 -1.15261795 2.16002670
v 7.02424359 -1.15264580 2.13380326
v 7.02424359 -1.15264580 2.10656990
v 7.03159098 -1.15261795 2.08034646
v 7.04574089 -1.15256440 2.05707779
v 7.06564386 -1.15248905 2.03848956
v 7.08982374 -1.15239760 2.02596048
v 7.11648727 -1.15229664 2.02041972
v 7.14365693 -1.15219383 2.02227817
v 7.16931762 -1.15209669 2.03139806
v 7.19156626 -1.15201250 2.04710299
v 7.20875279 -1.15194749 2.06822818
v 7.21960252 -1.15190642 2.09320691
v 7.22331076 -1.15189236 2.12018658
v 7.30898369 -1.15156816 2.04585409
v 7.31969576 -1.15152765 2.08233632
v 7.32331003 -1.15151396 2.12018658
v 7.23932206 -1.15183182 1.95727139
v 7.26805727 -1.15172304 1.98217077
v 7.29156097 -1.15163410 2.01205840
v 7.13282779 -1.15223480 1.92041309
v 7.17046291 -1.15209240 1.92582426
v 7.20639385 -1.15195643 1.93826016
v 6.99234025 -1.15276650 1.96903665
v 7.02331217 -1.15264934 1.94698149
v 7.05789833 -1.15251839 1.93118640
v 7.09484869 -1.15237860 1.92222228
v 6.93141424 -1.15299709 2.06384007
v 6.94554567 -1.15294363 2.02854127
v 6.96610196 -1.15286577 1.99655476
v 6.93141424 -1.15299709 2.17653308
v 6.92421852 -1.15302429 2.13919781
v 6.92421852 -1.15302429 2.10117535
v 6.99234025 -1.15276650 2.27133646
v 6.96610196 -1.15286577 2.24381839
v 6.94554567 -1.15294363 2.21183184
v 7.13282779 -1.15223480 2.31996007
v 7.09484869 -1.15237860 2.31815088
v 7.05789833 -1.15251839 2.30918671
v 7.02331217 -1.15264934 2.29339167
v 7.23932206 -1.15183182 2.28310177
v 7.20639385 -1.15195643 2.30211295
v 7.17046291 -1.15209240 2.31454890
v 7.31969576 -1.15152765 2.15803683
v 7.30898369 -1.15156816 2.19451911
v 7.29156097 -1.15163410 2.22831476
v 7.26805727 -1.15172304 2.25820239
v 7.07400783 -1.07213119 2.13918658
v 7.07400783 -1.07213119 2.10118657
v 7.07989887 -1.08224619 2.10061013
v 7.07989887 -1.08224619 2.13976303
v 7.08556350 -1.09197246 2.09890297
v 7.08556350 -1.09197246 2.14147019
v 7.09279326 -1.10438596 2.09467453
v 7.09279326 -1.10438596 2.14569862
v 7.10400760 -1.07201766 2.07118658
v 7.14200733 -1.07187387 2.07118658
v 7.14262214 -1.08200880 2.07703929
v 7.10346952 -1.08215697 2.07703929
v 7.14436618 -1.09174987 2.08266708
v 7.10179924 -1.09191099 2.08266708
v 7.14864165 -1.10417465 2.08984982
v 7.09761793 -1.10436771 2.08984982
v 7.17200714 -1.07176034 2.10118657
v 7.15346637 -1.10415639 2.09467453
v 7.15346637 -1.10415639 2.14569862
v 7.16060197 -1.09168841 2.14147019
v 7.17200714 -1.07176034 2.13918658
v 7.16619280 -1.08191958 2.13976303
v 7.16619280 -1.08191958 2.10061013
v 7.16060197 -1.09168841 2.09890297
v 7.14200733 -1.07187387 2.16918658
v 7.14864165 -1.10417465 2.15052334
v 7.09761793 -1.10436771 2.15052334
v 7.10179924 -1.09191099 2.15770607
v 7.10400760 -1.07201766 2.16918658
v 7.10346952 -1.08215697 2.16333387
v 7.14262214 -1.08200880 2.16333387
v 7.14436618 -1.09174987 2.15770607
v 7.15091640 -1.10416608 2.09239978
v 7.09534322 -1.10437637 2.14797338
v 7.09534322 -1.10437637 2.09239978
v 7.15091640 -1.10416608 2.14797338
v 8.49688768 -1.00176837 4.45274799
v 8.48941102 -1.01198405 4.42592535
v 8.47350012 -1.01204421 4.43158015
v 8.54861538 -1.00157261 4.63736742
v 8.55616915 -1.01173138 4.66418988
v 8.57208005 -1.01167113 4.65853527
v 8.48223071 -1.02473395 4.40012622
v 8.46287410 -1.02480715 4.40700553
v 8.56344576 -1.02442652 4.68998901
v 8.58280237 -1.02435332 4.68310989
v 8.47540840 -1.03990855 4.37557227
v 8.45277242 -1.03999414 4.38361704
v 8.72296009 -1.05641633 4.54505771
v 8.72249387 -1.05641810 4.53140936
v 8.69849648 -1.03906421 4.53304625
v 8.49595636 -0.99420734 4.48343433
v 8.50371241 -0.99139065 4.49605766
v 8.50374445 -0.99985711 4.45745453
v 8.57171200 -0.99113332 4.56405781
v 8.58602866 -0.99386647 4.56755660
v 8.61034698 -0.99945366 4.56405781
v 8.54948952 -0.99400477 4.60668109
v 8.54171223 -0.99124685 4.59405757
v 8.54174427 -0.99971332 4.63266089
v 8.43242265 -1.00201229 4.51295465
v 8.42889275 -1.00202570 4.52555358
v 8.43514192 -1.00011677 4.52605761
v 8.42711113 -1.00203240 4.53851573
v 8.43484893 -0.99961376 4.54505771
v 8.49595636 -0.99420734 4.60668109
v 8.50142359 -0.98997485 4.58257734
v 8.48781473 -0.99423816 4.60246220
v 8.49866241 -0.98961340 4.57740962
v 8.48032317 -0.99426648 4.59717415
v 8.49491849 -0.98950081 4.57284465
v 8.47362175 -0.99429190 4.59091529
v 8.49037457 -0.98964367 4.56911489
v 8.46783470 -0.99431379 4.58380222
v 8.48518766 -0.99003632 4.56634141
v 8.46307042 -0.99433176 4.57596756
v 8.47955521 -0.99066496 4.56463262
v 8.45941703 -0.99434564 4.56755660
v 8.47371265 -0.99150417 4.56405781
v 8.43514192 -1.00011677 4.56405781
v 8.50374445 -0.99985711 4.63266089
v 8.50371241 -0.99139065 4.59405757
v 8.50313704 -0.99057741 4.58822563
v 8.52275162 -1.00167049 4.64092247
v 8.52274250 -0.99928118 4.63295183
v 8.54228407 -0.99042756 4.58821222
v 8.55763114 -0.99397395 4.60246220
v 8.54399043 -0.98981373 4.58257734
v 8.56512252 -0.99394554 4.59717415
v 8.54676242 -0.98943030 4.57738876
v 8.57182413 -0.99392021 4.59091529
v 8.55049163 -0.98929042 4.57284465
v 8.57761099 -0.99389832 4.58380222
v 8.55505715 -0.98939994 4.56910110
v 8.58237545 -0.99388026 4.57596756
v 8.56022618 -0.98975226 4.56634141
v 8.56587689 -0.99033993 4.56463001
v 8.61308041 -1.00132860 4.57716077
v 8.61661031 -1.00131519 4.56456184
v 8.61839193 -1.00130849 4.55159969
v 8.61063606 -0.99894851 4.54505771
v 8.54948952 -0.99400477 4.48343433
v 8.54399043 -0.98981373 4.50753826
v 8.55763114 -0.99397395 4.48765303
v 8.54674864 -0.98943142 4.51270580
v 8.56512252 -0.99394554 4.49294108
v 8.55049163 -0.98929042 4.51727095
v 8.57182413 -0.99392021 4.49920013
v 8.55503648 -0.98939901 4.52100071
v 8.57761099 -0.99389832 4.50631320
v 8.56022618 -0.98975226 4.52377401
v 8.58237545 -0.99388026 4.51414804
v 8.56586329 -0.99033834 4.52548280
v 8.58602866 -0.99386647 4.52255863
v 8.57171200 -0.99113332 4.52605761
v 8.61034698 -0.99945366 4.52605761
v 8.54174427 -0.99971332 4.45745453
v 8.54171223 -0.99124685 4.49605766
v 8.54228146 -0.99042924 4.50188979
v 8.52275162 -1.00167049 4.44919314
v 8.52274250 -0.99928118 4.45716358
v 8.50313443 -0.99057574 4.50190339
v 8.48781473 -0.99423816 4.48765303
v 8.50142359 -0.98997485 4.50753826
v 8.48032317 -0.99426648 4.49294108
v 8.49864862 -0.98961238 4.51272647
v 8.47362175 -0.99429190 4.49920013
v 8.49491849 -0.98950081 4.51727095
v 8.46783470 -0.99431379 4.50631320
v 8.49035389 -0.98964488 4.52101450
v 8.46307042 -0.99433176 4.51414804
v 8.48518766 -0.99003632 4.52377401
v 8.45941703 -0.99434564 4.52255863
v 8.47371265 -0.99150417 4.52605761
v 8.47954161 -0.99066673 4.52548541
v 8.54686245 -1.03963809 4.71943072
v 8.57011310 -1.05699478 4.73941989
v 8.57038281 -1.03954906 4.71454314
v 8.57692051 -1.05696898 4.73764106
v 8.60264122 -1.05687166 4.72849994
v 8.61434813 -1.03938272 4.69544619
v 8.59301861 -1.03946337 4.70649838
v 8.60604409 -1.05685880 4.72698412
v 8.62687759 -1.05677992 4.71594162
v 8.63897211 -1.05673419 4.70797285
v 8.63397408 -1.03930840 4.68159258
v 8.64917829 -1.05669554 4.70020003
v 8.66770733 -1.05662541 4.68307338
v 8.65153081 -1.03924200 4.66519571
v 8.66912778 -1.05662001 4.68156836
v 8.68635445 -1.05655482 4.66039381
v 8.66669144 -1.03918463 4.64656069
v 8.69121111 -1.05653647 4.65318575
v 8.67917340 -1.03913732 4.62603472
v 8.70053738 -1.05650118 4.63707089
v 8.70863392 -1.05647054 4.61939029
v 8.68874404 -1.03910109 4.60400074
v 8.72249387 -1.05641810 4.55870605
v 8.69849648 -1.03906421 4.55706916
v 8.71934600 -1.05643002 4.58290778
v 8.69522530 -1.03907660 4.58086855
v 8.71877696 -1.05643217 4.58574905
v 8.71141243 -1.05646001 4.61203358
v 8.71934600 -1.05643002 4.50720745
v 8.69522530 -1.03907660 4.50924686
v 8.67299910 -1.02401199 4.53478634
v 8.71877696 -1.05643217 4.50436655
v 8.71141243 -1.05646001 4.47808183
v 8.68874404 -1.03910109 4.48611467
v 8.70863392 -1.05647054 4.47072513
v 8.67917340 -1.03913732 4.46408051
v 8.70053738 -1.05650118 4.45304471
v 8.69121111 -1.05653647 4.43692948
v 8.66669144 -1.03918463 4.44355472
v 8.68635445 -1.05655482 4.42972160
v 8.66912778 -1.05662001 4.40854705
v 8.65153081 -1.03924200 4.42491989
v 8.66770733 -1.05662541 4.40704185
v 8.63397408 -1.03930840 4.40852284
v 8.64917829 -1.05669554 4.38991539
v 8.63897211 -1.05673419 4.38214257
v 8.61434813 -1.03938272 4.39466923
v 8.62687759 -1.05677992 4.37417380
v 8.60604409 -1.05685880 4.36313129
v 8.59301861 -1.03946337 4.38361704
v 8.60264122 -1.05687166 4.36161547
v 8.57692051 -1.05696898 4.35247417
v 8.57038281 -1.03954906 4.37557227
v 8.57011310 -1.05699478 4.35069534
v 8.54686245 -1.03963809 4.37068469
v 8.55019472 -1.05707012 4.34692051
v 8.53247798 -1.05713718 4.34528417
v 8.52289561 -1.03972880 4.36904519
v 8.52296154 -1.05717322 4.34505768
v 8.49572837 -1.05727632 4.34692051
v 8.49892876 -1.03981951 4.37068469
v 8.49449884 -1.05728097 4.34709336
v 8.46900258 -1.05737746 4.35247417
v 8.45754843 -1.05742076 4.35605753
v 8.44328187 -1.05747478 4.36161547
v 8.42296227 -1.05755171 4.37185257
v 8.43144290 -1.04007488 4.39466923
v 8.41904550 -1.05756652 4.37417380
v 8.39674498 -1.05765089 4.38991539
v 8.41181695 -1.04014920 4.40852284
v 8.39199039 -1.05766887 4.39390778
v 8.39426021 -1.04021560 4.42491989
v 8.37679549 -1.05772642 4.40854705
v 8.36575206 -1.05776815 4.42142594
v 8.37909977 -1.04027297 4.44355472
v 8.35956882 -1.05779162 4.42972160
v 8.34538590 -1.05784526 4.45304471
v 8.36661782 -1.04032028 4.46408051
v 8.33451084 -1.05788643 4.47808183
v 8.35704699 -1.04035642 4.48611467
v 8.33106439 -1.05789946 4.48871120
v 8.35056573 -1.04038101 4.50924686
v 8.32342922 -1.05792833 4.53140936
v 8.34729473 -1.04039339 4.53304625
v 8.32386862 -1.05792666 4.52604643
v 8.32714613 -1.05791427 4.50436655
v 8.34729473 -1.04039339 4.55706916
v 8.32342922 -1.05792833 4.55870605
v 8.32386862 -1.05792666 4.56406898
v 8.35056573 -1.04038101 4.58086855
v 8.32714613 -1.05791427 4.58574905
v 8.33106439 -1.05789946 4.60140421
v 8.35704699 -1.04035642 4.60400074
v 8.33451084 -1.05788643 4.61203358
v 8.34538590 -1.05784526 4.63707089
v 8.36661782 -1.04032028 4.62603472
v 8.35956882 -1.05779162 4.66039381
v 8.37909977 -1.04027297 4.64656069
v 8.36575206 -1.05776815 4.66868966
v 8.39426021 -1.04021560 4.66519571
v 8.37679549 -1.05772642 4.68156836
v 8.39199039 -1.05766887 4.69620764
v 8.41181695 -1.04014920 4.68159258
v 8.39674498 -1.05765089 4.70020003
v 8.41904550 -1.05756652 4.71594162
v 8.43144290 -1.04007488 4.69544619
v 8.42296227 -1.05755171 4.71826285
v 8.45277242 -1.03999414 4.70649838
v 8.44328187 -1.05747478 4.72849994
v 8.45754843 -1.05742076 4.73405770
v 8.47540840 -1.03990855 4.71454314
v 8.46900258 -1.05737746 4.73764106
v 8.49449884 -1.05728097 4.74302187
v 8.49892876 -1.03981951 4.71943072
v 8.49572837 -1.05727632 4.74319472
v 8.52296154 -1.05717322 4.74505774
v 8.52289561 -1.03972880 4.72107022
v 8.53247798 -1.05713718 4.74483124
v 8.55019472 -1.05707012 4.74319472
v 8.60104177 -1.02428431 4.67365883
v 8.61782438 -1.02422079 4.66181240
v 8.63283768 -1.02416398 4.64779078
v 8.64580187 -1.02411490 4.63185548
v 8.65647539 -1.02407448 4.61430340
v 8.66465967 -1.02404347 4.59546126
v 8.67020197 -1.02402251 4.57568034
v 8.67299910 -1.02401199 4.55532908
v 8.67020197 -1.02402251 4.51443489
v 8.66465967 -1.02404347 4.49465397
v 8.65647539 -1.02407448 4.47581201
v 8.64580187 -1.02411490 4.45825993
v 8.63283768 -1.02416398 4.44232463
v 8.61782438 -1.02422079 4.42830320
v 8.60104177 -1.02428431 4.41645659
v 8.58280237 -1.02435332 4.40700553
v 8.56344576 -1.02442652 4.40012622
v 8.54333292 -1.02450270 4.39594682
v 8.52283824 -1.02458028 4.39454480
v 8.50234355 -1.02465777 4.39594682
v 8.44463471 -1.02487616 4.41645659
v 8.42785209 -1.02493968 4.42830320
v 8.41283880 -1.02499658 4.44232463
v 8.39987460 -1.02504557 4.45825993
v 8.38920108 -1.02508599 4.47581201
v 8.38101681 -1.02511700 4.49465397
v 8.37547451 -1.02513796 4.51443489
v 8.37267737 -1.02514857 4.53478634
v 8.54333292 -1.02450270 4.69416879
v 8.52283824 -1.02458028 4.69557061
v 8.50234355 -1.02465777 4.69416879
v 8.48223071 -1.02473395 4.68998901
v 8.46287410 -1.02480715 4.68310989
v 8.44463471 -1.02487616 4.67365883
v 8.42785209 -1.02493968 4.66181240
v 8.41283880 -1.02499658 4.64779078
v 8.39987460 -1.02504557 4.63185548
v 8.38920108 -1.02508599 4.61430340
v 8.38101681 -1.02511700 4.59546126
v 8.37547451 -1.02513796 4.57568034
v 8.37267737 -1.02514857 4.55532908
v 8.58707267 -1.01161441 4.65076655
v 8.60086779 -1.01156216 4.64102901
v 8.61320856 -1.01151550 4.62950333
v 8.62386494 -1.01147518 4.61640484
v 8.63263856 -1.01144193 4.60197716
v 8.63936588 -1.01141650 4.58648890
v 8.64392172 -1.01139927 4.57022949
v 8.64622097 -1.01139052 4.55350071
v 8.52279018 -1.01185767 4.42133746
v 8.53963650 -1.01179397 4.42248988
v 8.55616915 -1.01173138 4.42592535
v 8.57208005 -1.01167113 4.43158015
v 8.58707267 -1.01161441 4.43934887
v 8.60086779 -1.01156216 4.44908659
v 8.61320856 -1.01151550 4.46061208
v 8.62386494 -1.01147518 4.47371076
v 8.63263856 -1.01144193 4.48813844
v 8.63936588 -1.01141650 4.50362633
v 8.64392172 -1.01139927 4.51988611
v 8.64622097 -1.01139052 4.53661471
v 8.45850750 -1.01210093 4.43934887
v 8.44471238 -1.01215318 4.44908659
v 8.43237161 -1.01219993 4.46061208
v 8.42171523 -1.01224026 4.47371076
v 8.41294161 -1.01227341 4.48813844
v 8.40621430 -1.01229884 4.50362633
v 8.40165845 -1.01231616 4.51988611
v 8.39935921 -1.01232482 4.53661471
v 8.52279018 -1.01185767 4.66877795
v 8.50594367 -1.01192147 4.66762535
v 8.48941102 -1.01198405 4.66418988
v 8.47350012 -1.01204421 4.65853527
v 8.45850750 -1.01210093 4.65076655
v 8.44471238 -1.01215318 4.64102901
v 8.43237161 -1.01219993 4.62950333
v 8.42171523 -1.01224026 4.61640484
v 8.41294161 -1.01227341 4.60197716
v 8.40621430 -1.01229884 4.58648890
v 8.40165845 -1.01231616 4.57022949
v 8.39935921 -1.01232482 4.55350071
v 8.53580504 -1.00162104 4.64002951
v 8.53963650 -1.01179397 4.66762535
v 8.56094386 -1.00152595 4.63298573
v 8.57256080 -1.00148190 4.62696641
v 8.58325015 -1.00144148 4.61942084
v 8.59281241 -1.00140534 4.61049057
v 8.60106952 -1.00137405 4.60034102
v 8.60786761 -1.00134835 4.58916179
v 8.53580504 -1.00162104 4.45008590
v 8.54861538 -1.00157261 4.45274799
v 8.56094386 -1.00152595 4.45712968
v 8.57256080 -1.00148190 4.46314919
v 8.58325015 -1.00144148 4.47069439
v 8.59281241 -1.00140534 4.47962503
v 8.60106952 -1.00137405 4.48977440
v 8.60786761 -1.00134835 4.50095381
v 8.61308041 -1.00132860 4.51295465
v 8.61661031 -1.00131519 4.52555358
v 8.61839193 -1.00130849 4.53851573
v 8.50969802 -1.00171985 4.45008590
v 8.50594367 -1.01192147 4.42248988
v 8.48455920 -1.00181503 4.45712968
v 8.47294226 -1.00185899 4.46314919
v 8.46225291 -1.00189941 4.47069439
v 8.45269065 -1.00193564 4.47962503
v 8.44443354 -1.00196684 4.48977440
v 8.43763545 -1.00199254 4.50095381
v 8.50969802 -1.00171985 4.64002951
v 8.49688768 -1.00176837 4.63736742
v 8.48455920 -1.00181503 4.63298573
v 8.47294226 -1.00185899 4.62696641
v 8.46225291 -1.00189941 4.61942084
v 8.45269065 -1.00193564 4.61049057
v 8.44443354 -1.00196684 4.60034102
v 8.43763545 -1.00199254 4.58916179
v 8.43242265 -1.00201229 4.57716077
v 8.42889275 -1.00202570 4.56456184
v 8.42711113 -1.00203240 4.55159969
v 8.62481452 -1.54659115 4.54505771
v 8.62110637 -1.54660521 4.57203738
v 8.52481525 -1.54696964 4.54505771
v 8.62110637 -1.54660521 4.51807804
v 8.57082147 -1.54679548 4.45626914
v 8.59307002 -1.54671129 4.47197403
v 8.61025664 -1.54664628 4.49309922
v 8.49132750 -1.54709639 4.45083171
v 8.51799107 -1.54699543 4.44529089
v 8.54516073 -1.54689262 4.44714926
v 8.43309469 -1.54731674 4.50521759
v 8.44724465 -1.54726319 4.48194887
v 8.46714757 -1.54718785 4.46336079
v 8.43309469 -1.54731674 4.58489783
v 8.42574730 -1.54734459 4.55867439
v 8.42574730 -1.54734459 4.53144103
v 8.49132750 -1.54709639 4.63928371
v 8.46714757 -1.54718785 4.62675481
v 8.44724465 -1.54726319 4.60816636
v 8.57082147 -1.54679548 4.63384628
v 8.54516073 -1.54689262 4.64296616
v 8.51799107 -1.54699543 4.64482471
v 8.61025664 -1.54664628 4.59701619
v 8.59307002 -1.54671129 4.61814120
v 8.61959241 -1.14660803 4.57203738
v 8.60874269 -1.14664910 4.59701619
v 8.59155625 -1.14671420 4.61814120
v 8.56930769 -1.14679839 4.63384628
v 8.54364696 -1.14689553 4.64296616
v 8.51647730 -1.14699835 4.64482471
v 8.48981372 -1.14709921 4.63928371
v 8.46563380 -1.14719076 4.62675481
v 8.44573087 -1.14726610 4.60816636
v 8.43158092 -1.14731966 4.58489783
v 8.42423353 -1.14734741 4.55867439
v 8.42423353 -1.14734741 4.53144103
v 8.43158092 -1.14731966 4.50521759
v 8.44573087 -1.14726610 4.48194887
v 8.46563380 -1.14719076 4.46336079
v 8.48981372 -1.14709921 4.45083171
v 8.51647730 -1.14699835 4.44529089
v 8.54364696 -1.14689553 4.44714926
v 8.56930769 -1.14679839 4.45626914
v 8.59155625 -1.14671420 4.47197403
v 8.60874269 -1.14664910 4.49309922
v 8.61959241 -1.14660803 4.51807804
v 8.62330075 -1.14659406 4.54505771
v 8.70897367 -1.14626978 4.47072513
v 8.71968574 -1.14622926 4.50720745
v 8.72330002 -1.14621557 4.54505771
v 8.63931205 -1.14653343 4.38214257
v 8.66804726 -1.14642465 4.40704185
v 8.69155086 -1.14633571 4.43692948
v 8.53281773 -1.14693651 4.34528417
v 8.57045285 -1.14679402 4.35069534
v 8.60638383 -1.14665804 4.36313129
v 8.39233014 -1.14746820 4.39390778
v 8.42330220 -1.14735095 4.37185257
v 8.45788836 -1.14722010 4.35605753
v 8.49483877 -1.14708021 4.34709336
v 8.33140414 -1.14769870 4.48871120
v 8.34553565 -1.14764525 4.45341240
v 8.36609199 -1.14756748 4.42142594
v 8.33140414 -1.14769870 4.60140421
v 8.32420855 -1.14772599 4.56406898
v 8.32420855 -1.14772599 4.52604643
v 8.39233014 -1.14746820 4.69620764
v 8.36609199 -1.14756748 4.66868966
v 8.34553565 -1.14764525 4.63670283
v 8.53281773 -1.14693651 4.74483124
v 8.49483877 -1.14708021 4.74302187
v 8.45788836 -1.14722010 4.73405770
v 8.42330220 -1.14735095 4.71826285
v 8.63931205 -1.14653343 4.70797285
v 8.60638383 -1.14665804 4.72698412
v 8.57045285 -1.14679402 4.73941989
v 8.71968574 -1.14622926 4.58290778
v 8.70897367 -1.14626978 4.61939029
v 8.69155086 -1.14633571 4.65318575
v 8.66804726 -1.14642465 4.68307338
v 8.47399782 -1.06683290 4.56405781
v 8.47399782 -1.06683290 4.52605761
v 8.47988881 -1.07694780 4.52548131
v 8.47988881 -1.07694780 4.56463411
v 8.48555348 -1.08667407 4.52377401
v 8.48555348 -1.08667407 4.56634141
v 8.49278315 -1.09908767 4.51954562
v 8.49278315 -1.09908767 4.57056961
v 8.50399758 -1.06671927 4.49605766
v 8.54199722 -1.06657548 4.49605766
v 8.54261208 -1.07671041 4.50191046
v 8.50345946 -1.07685858 4.50191046
v 8.54435607 -1.08645158 4.50753826
v 8.50178923 -1.08661260 4.50753826
v 8.54863159 -1.09887626 4.51472099
v 8.49760796 -1.09906942 4.51472099
v 8.57199717 -1.06646195 4.52605761
v 8.55345640 -1.09885801 4.51954562
v 8.55345640 -1.09885801 4.57056961
v 8.56059200 -1.08639011 4.56634141
v 8.57199717 -1.06646195 4.56405781
v 8.56618273 -1.07662119 4.56463411
v 8.56618273 -1.07662119 4.52548131
v 8.56059200 -1.08639011 4.52377401
v 8.54199722 -1.06657548 4.59405757
v 8.54863159 -1.09887626 4.57539461
v 8.49760796 -1.09906942 4.57539461
v 8.50178923 -1.08661260 4.58257734
v 8.50399758 -1.06671927 4.59405757
v 8.50345946 -1.07685858 4.58820514
v 8.54261208 -1.07671041 4.58820514
v 8.54435607 -1.08645158 4.58257734
v 8.55090644 -1.09886769 4.51727095
v 8.49533311 -1.09907798 4.57284465
v 8.49533311 -1.09907798 4.51727095
v 8.55090644 -1.09886769 4.57284465
v 8.60318250 -2.04197969 4.60402347
v 8.62506411 -2.03170944 4.62121158
v 8.61376233 -2.03175228 4.63375762
v 8.45230601 -2.04255059 4.48571868
v 8.43034729 -2.03244649 4.46853056
v 8.44164907 -2.03240365 4.45598453
v 8.64609990 -2.01890711 4.63774405
v 8.63235060 -2.01895926 4.65300694
v 8.40921539 -2.01980360 4.45199828
v 8.42296451 -2.01975163 4.43673539
v 8.66610880 -2.00368259 4.65347818
v 8.65003008 -2.00374350 4.67132717
v 8.60390353 -1.98647343 4.36002626
v 8.61633967 -1.98642630 4.36566878
v 8.60575463 -2.00391114 4.38716184
v 8.57450541 -2.04965267 4.59314040
v 8.56581505 -2.05247290 4.58114199
v 8.60146067 -2.04387140 4.59588259
v 8.52893374 -2.05261260 4.49232902
v 8.53115215 -2.04981677 4.47777077
v 8.54364231 -2.04409026 4.45665098
v 8.48104029 -2.05000639 4.49660174
v 8.48975188 -2.05276087 4.50860015
v 8.45404200 -2.04442944 4.49385955
v 8.52292261 -2.04228349 4.64061438
v 8.50993048 -2.04233266 4.63906615
v 8.51186055 -2.04421058 4.63309116
v 8.49727027 -2.04238053 4.63576294
v 8.49419113 -2.04478148 4.62610512
v 8.46059869 -2.05008388 4.54607881
v 8.48498556 -2.05420330 4.55021500
v 8.46138883 -2.05008090 4.55521434
v 8.48870918 -2.05456112 4.55473899
v 8.46341557 -2.05007326 4.56415764
v 8.49149942 -2.05467734 4.55994211
v 8.46664111 -2.05006097 4.57274146
v 8.49321082 -2.05454510 4.56556618
v 8.47100548 -2.05004439 4.58080597
v 8.49379140 -2.05416996 4.57142047
v 8.47642727 -2.05002390 4.58820104
v 8.49321659 -2.05356479 4.57728072
v 8.48280552 -2.04999987 4.59478922
v 8.49151283 -2.05275416 4.58290293
v 8.47674038 -2.04434358 4.61858115
v 8.43953180 -2.04448439 4.52898010
v 8.47524169 -2.05281582 4.54372070
v 8.48041631 -2.05361154 4.54647667
v 8.43914456 -2.04260051 4.50826525
v 8.44651989 -2.04496197 4.51130881
v 8.49537707 -2.05355659 4.51030094
v 8.48804831 -2.04997994 4.49068803
v 8.50123975 -2.05414183 4.51087351
v 8.49579617 -2.04995070 4.48578331
v 8.50709535 -2.05449257 4.51029144
v 8.50413970 -2.04991903 4.48197960
v 8.51271998 -2.05459706 4.50857948
v 8.51292356 -2.04988588 4.47934731
v 8.51792253 -2.05445066 4.50578980
v 8.52198384 -2.04985142 4.47793543
v 8.52244485 -2.05406155 4.50206749
v 8.52618094 -2.05343831 4.49750065
v 8.53256609 -2.04224698 4.44912794
v 8.54555804 -2.04219781 4.45067617
v 8.55821825 -2.04214994 4.45397920
v 8.56131546 -2.04452742 4.46363720
v 8.59494700 -2.04957537 4.54366333
v 8.57059217 -2.05387939 4.53952714
v 8.59415687 -2.04957835 4.53452780
v 8.56687117 -2.05426533 4.53500315
v 8.59213031 -2.04958599 4.52558487
v 8.56408204 -2.05440260 4.52980041
v 8.58890458 -2.04959828 4.51700106
v 8.56236971 -2.05428340 4.52417597
v 8.58454022 -2.04961468 4.50893636
v 8.56178615 -2.05391273 4.51832186
v 8.57911843 -2.04963535 4.50154129
v 8.56235649 -2.05330309 4.51246142
v 8.57274018 -2.04965938 4.49495311
v 8.56405410 -2.05247961 4.50683921
v 8.57876248 -2.04395745 4.47116117
v 8.61597087 -2.04381663 4.56076204
v 8.58032524 -2.05241796 4.54602144
v 8.57515677 -2.05325298 4.54326547
v 8.61634414 -2.04192996 4.58147689
v 8.60898669 -2.04434711 4.57843333
v 8.56019601 -2.05331128 4.57944139
v 8.56749758 -2.04967931 4.59905430
v 8.55433799 -2.05394085 4.57886882
v 8.55974972 -2.04970855 4.60395902
v 8.54848518 -2.05433592 4.57945108
v 8.55140618 -2.04974022 4.60776254
v 8.54286149 -2.05448288 4.58116285
v 8.54262232 -2.04977337 4.61039520
v 8.53765800 -2.05437597 4.58395235
v 8.53356186 -2.04980765 4.61180671
v 8.53313289 -2.05402113 4.58767466
v 8.52439373 -2.04984248 4.61197174
v 8.52663319 -2.05262117 4.59741331
v 8.52939214 -2.05342621 4.59224186
v 8.37559316 -2.00478211 4.45613596
v 8.36590573 -1.98737402 4.42707516
v 8.38909175 -2.00473107 4.43626396
v 8.37014939 -1.98735800 4.42146263
v 8.38841915 -1.98728889 4.40118141
v 8.42352963 -2.00460069 4.40292205
v 8.40517029 -2.00467017 4.41841516
v 8.39111961 -1.98727865 4.39861524
v 8.40928058 -1.98720992 4.38357680
v 8.42126354 -1.98716465 4.37544152
v 8.44382744 -2.00452395 4.39007315
v 8.43234479 -1.98712274 4.36897683
v 8.45524862 -1.98703595 4.35839142
v 8.46568595 -2.00444125 4.38010781
v 8.45718204 -1.98702868 4.35765325
v 8.48333004 -1.98692977 4.34981748
v 8.48869781 -2.00435407 4.37321174
v 8.49184624 -1.98689755 4.34808093
v 8.51243425 -2.00426430 4.36951327
v 8.51030133 -1.98682770 4.34561498
v 8.52973356 -1.98675413 4.34488315
v 8.53645324 -2.00417340 4.36908151
v 8.59111126 -1.98652185 4.35524541
v 8.58355209 -2.00399514 4.37798868
v 8.56754153 -1.98661108 4.34891354
v 8.56030721 -2.00408306 4.37192428
v 8.56469858 -1.98662169 4.34835456
v 8.53759374 -1.98672432 4.34512436
v 8.63750528 -1.98634621 4.37781974
v 8.62650114 -2.00383253 4.39927294
v 8.59448935 -2.01910250 4.41000979
v 8.63991368 -1.98633708 4.37943037
v 8.66139445 -1.98625587 4.39627371
v 8.64540550 -2.00376101 4.41409606
v 8.66713251 -1.98623408 4.40165080
v 8.66211529 -2.00369768 4.43135552
v 8.68038151 -1.98618397 4.41588513
v 8.69171421 -1.98614113 4.43065833
v 8.67631945 -2.00364403 4.45072926
v 8.69652133 -1.98612288 4.43789936
v 8.70951328 -1.98607370 4.46190625
v 8.68775311 -2.00360082 4.47185687
v 8.71036190 -1.98607054 4.46379385
v 8.69620356 -2.00356878 4.49434459
v 8.71911521 -1.98603738 4.48745876
v 8.72240185 -1.98602490 4.49985969
v 8.70151303 -2.00354867 4.51777350
v 8.72514851 -1.98601447 4.51408062
v 8.72739877 -1.98600609 4.53755237
v 8.70358299 -2.00354084 4.54170718
v 8.72750047 -1.98600572 4.54127617
v 8.72612751 -1.98601075 4.56853859
v 8.70237469 -2.00354531 4.56569991
v 8.72517216 -1.98601447 4.57550935
v 8.69791068 -2.00356226 4.58930447
v 8.72105516 -1.98602993 4.59535993
v 8.71580231 -1.98604986 4.61235918
v 8.69027420 -2.00359114 4.61208127
v 8.71237784 -1.98606290 4.62124101
v 8.70025724 -1.98610872 4.64569941
v 8.67960721 -2.00363155 4.63360637
v 8.69962785 -1.98611114 4.64676968
v 8.68491910 -1.98616683 4.66827951
v 8.67723364 -1.98619589 4.67749774
v 8.66664916 -1.98623594 4.68856073
v 8.64942882 -1.98630113 4.70343172
v 8.63167092 -2.00381298 4.68682028
v 8.64578790 -1.98631492 4.70616534
v 8.62272370 -1.98640209 4.72076550
v 8.61137293 -2.00388972 4.69966918
v 8.61721847 -1.98642295 4.72363546
v 8.58951441 -2.00397260 4.70963433
v 8.59788644 -1.98649615 4.73208889
v 8.58176655 -1.98655725 4.73737768
v 8.56650274 -2.00405959 4.71653059
v 8.57173845 -1.98659506 4.73992504
v 8.54476716 -1.98669713 4.74412716
v 8.54276630 -2.00414937 4.72022905
v 8.51747475 -1.98680051 4.74461816
v 8.51874731 -2.00424027 4.72066081
v 8.50633483 -1.98684260 4.74374458
v 8.49489316 -2.00433061 4.71781805
v 8.46395704 -1.98700298 4.73449692
v 8.47164846 -2.00441852 4.71175365
v 8.46908118 -1.98698360 4.73613865
v 8.49036972 -1.98690314 4.74138758
v 8.44944592 -2.00450253 4.70258049
v 8.43872882 -1.98709853 4.72407355
v 8.43394014 -1.98711660 4.72161970
v 8.42869922 -2.00458113 4.69046920
v 8.41515462 -1.98718775 4.71031196
v 8.40218186 -1.98723674 4.70071263
v 8.40979486 -2.00465266 4.67564627
v 8.39367404 -1.98726896 4.69346843
v 8.37468698 -1.98734086 4.67385701
v 8.39308507 -2.00471599 4.65838700
v 8.35854716 -1.98740195 4.65184278
v 8.37888110 -2.00476963 4.63901288
v 8.35324123 -1.98742207 4.64296020
v 8.36744725 -2.00481303 4.61788527
v 8.34555521 -1.98745113 4.62783589
v 8.33782747 -1.98748037 4.60820250
v 8.35899699 -2.00484488 4.59539756
v 8.33595327 -1.98748745 4.60228338
v 8.32991998 -1.98751036 4.57566171
v 8.35368733 -2.00486500 4.57196883
v 8.32927029 -1.98751278 4.57115523
v 8.35161738 -2.00487282 4.54803496
v 8.32756802 -1.98751912 4.54846635
v 8.32787889 -1.98751800 4.53315839
v 8.35282567 -2.00486835 4.52404241
v 8.32894097 -1.98751409 4.52120374
v 8.33370357 -1.98749602 4.49558474
v 8.35728969 -2.00485140 4.50043786
v 8.33401333 -1.98749471 4.49438221
v 8.34269065 -1.98746193 4.46850132
v 8.36492635 -2.00482253 4.47766087
v 8.34653384 -1.98744740 4.45979252
v 8.35481125 -1.98741611 4.44404292
v 8.43866400 -2.01969221 4.42348677
v 8.45602143 -2.01962646 4.41249940
v 8.47471307 -2.01955568 4.40397780
v 8.49439099 -2.01948136 4.39808066
v 8.51468879 -2.01940443 4.39491808
v 8.53522799 -2.01932676 4.39454872
v 8.55562619 -2.01924946 4.39697984
v 8.57550341 -2.01917440 4.40216563
v 8.61223030 -2.01903526 4.42036628
v 8.62839601 -2.01897416 4.43304195
v 8.64268492 -2.01892015 4.44780100
v 8.65483123 -2.01887414 4.46436811
v 8.66460844 -2.01883707 4.48243483
v 8.67183457 -2.01880969 4.50166460
v 8.67637496 -2.01879255 4.52169921
v 8.67814503 -2.01878585 4.54216539
v 8.67711182 -2.01878976 4.56268243
v 8.67329452 -2.01880429 4.58286717
v 8.66676427 -2.01882888 4.60234448
v 8.65764271 -2.01886352 4.62075076
v 8.61665110 -2.01901868 4.66625556
v 8.59929386 -2.01908424 4.67724293
v 8.58060203 -2.01915503 4.68576453
v 8.56092411 -2.01922953 4.69166166
v 8.54062650 -2.01930627 4.69482406
v 8.52008711 -2.01938413 4.69519361
v 8.49968891 -2.01946124 4.69276249
v 8.47981169 -2.01953650 4.68757651
v 8.39767239 -2.01984737 4.46899138
v 8.38855083 -2.01988183 4.48739785
v 8.38202059 -2.01990660 4.50687497
v 8.37820328 -2.01992095 4.52706009
v 8.37717007 -2.01992486 4.54757675
v 8.37894014 -2.01991815 4.56804312
v 8.38348053 -2.01990101 4.58807773
v 8.39070666 -2.01987363 4.60730731
v 8.40048387 -2.01983675 4.62537422
v 8.41263018 -2.01979075 4.64194133
v 8.42691928 -2.01973673 4.65670019
v 8.44308480 -2.01967545 4.66937586
v 8.46082575 -2.01960839 4.67973254
v 8.45455385 -2.03235485 4.44509439
v 8.46882134 -2.03230083 4.43606279
v 8.48418574 -2.03224272 4.42905813
v 8.50036095 -2.03218143 4.42421078
v 8.51704541 -2.03211829 4.42161109
v 8.53392843 -2.03205440 4.42130748
v 8.55069558 -2.03199089 4.42330572
v 8.56703452 -2.03192905 4.42756857
v 8.64205013 -2.03164518 4.59211371
v 8.64741790 -2.03162488 4.57610353
v 8.65055572 -2.03161296 4.55951183
v 8.65140508 -2.03160979 4.54264707
v 8.64994998 -2.03161538 4.52582403
v 8.64621780 -2.03162935 4.50935583
v 8.64027801 -2.03165188 4.49354905
v 8.63224126 -2.03168225 4.47869837
v 8.62225711 -2.03172006 4.46508038
v 8.61051164 -2.03176457 4.45294860
v 8.59722372 -2.03181487 4.44252934
v 8.58264088 -2.03187000 4.43401649
v 8.60085755 -2.03180108 4.64464813
v 8.58659006 -2.03185510 4.65367935
v 8.57122566 -2.03191321 4.66068439
v 8.55505045 -2.03197449 4.66553136
v 8.53836599 -2.03203764 4.66813124
v 8.52148298 -2.03210153 4.66843485
v 8.50471582 -2.03216486 4.66643661
v 8.48837688 -2.03222670 4.66217376
v 8.41336127 -2.03251075 4.49762862
v 8.40799350 -2.03253105 4.51363861
v 8.40485568 -2.03254279 4.53023068
v 8.40400651 -2.03254614 4.54709507
v 8.40546142 -2.03254055 4.56391811
v 8.40919360 -2.03252640 4.58038650
v 8.41513339 -2.03250404 4.59619328
v 8.42317014 -2.03247350 4.61104378
v 8.43315429 -2.03243569 4.62466195
v 8.44489976 -2.03239135 4.63679373
v 8.45818769 -2.03234106 4.64721299
v 8.47277052 -2.03228593 4.65572602
v 8.44495415 -2.04257853 4.49654176
v 8.42085916 -2.03248225 4.48249872
v 8.46106324 -2.04251762 4.47599735
v 8.47106248 -2.04247963 4.46755900
v 8.48211783 -2.04243790 4.46056086
v 8.49402293 -2.04239283 4.45513330
v 8.50655611 -2.04234533 4.45137746
v 8.51948417 -2.04229653 4.44936301
v 8.62050324 -2.04191413 4.56907167
v 8.62293455 -2.04190500 4.55621532
v 8.62359262 -2.04190239 4.54314775
v 8.62246535 -2.04190668 4.53011259
v 8.61957341 -2.04191767 4.51735198
v 8.61497100 -2.04193499 4.50510416
v 8.60874362 -2.04195864 4.49359711
v 8.60100749 -2.04198789 4.48304522
v 8.59190661 -2.04202235 4.47364501
v 8.58161028 -2.04206128 4.46557156
v 8.57031073 -2.04210412 4.45897538
v 8.61053436 -2.04195194 4.59320038
v 8.63455224 -2.03167349 4.60724361
v 8.59442528 -2.04201285 4.61374498
v 8.58442604 -2.04205066 4.62218314
v 8.57337087 -2.04209257 4.62918147
v 8.56146559 -2.04213765 4.63460884
v 8.54893240 -2.04218496 4.63836505
v 8.53600434 -2.04223394 4.64037932
v 8.43498527 -2.04261616 4.52067065
v 8.43255396 -2.04262547 4.53352682
v 8.43189589 -2.04262789 4.54659439
v 8.43302316 -2.04262361 4.55962993
v 8.43591511 -2.04261281 4.57239016
v 8.44051752 -2.04259530 4.58463817
v 8.44674490 -2.04257164 4.59614522
v 8.45448102 -2.04254240 4.60669711
v 8.46358209 -2.04250794 4.61609713
v 8.47387824 -2.04246901 4.62417058
v 8.48517779 -2.04242636 4.63076695
v 8.56386523 -1.49682155 4.45244867
v 8.53751420 -1.49692120 4.44557383
v 8.52568063 -1.49696600 4.54487107
v 8.58738429 -1.49673251 4.46617804
v 8.62530793 -1.49658900 4.53625447
v 8.61928880 -1.49661172 4.50969483
v 8.60632721 -1.49666080 4.48574382
v 8.59997875 -1.49668483 4.61180187
v 8.61528113 -1.49662690 4.58927430
v 8.62393814 -1.49659412 4.56345356
v 8.52747809 -1.49695920 4.64485488
v 8.55438660 -1.49685740 4.64066244
v 8.57916612 -1.49676362 4.62936513
v 8.45383617 -1.49723794 4.61442932
v 8.47526684 -1.49715682 4.63123336
v 8.50043639 -1.49706155 4.64163213
v 8.42580784 -1.49734402 4.53984118
v 8.42815440 -1.49733508 4.56697322
v 8.43773398 -1.49729885 4.59246612
v 8.46118803 -1.49721010 4.46844693
v 8.44296075 -1.49727911 4.48868103
v 8.43086846 -1.49732484 4.51308242
v 8.51028531 -1.49702430 4.44606333
v 8.48419841 -1.49712302 4.45388104
v 8.53902798 -1.89691838 4.44557383
v 8.51179927 -1.89702138 4.44606333
v 8.48571218 -1.89712010 4.45388104
v 8.46270181 -1.89720728 4.46844693
v 8.44447452 -1.89727619 4.48868103
v 8.43238223 -1.89732201 4.51308242
v 8.42732161 -1.89734120 4.53984118
v 8.42966817 -1.89733226 4.56697322
v 8.43924775 -1.89729594 4.59246612
v 8.45534995 -1.89723503 4.61442932
v 8.47678061 -1.89715400 4.63123336
v 8.50195016 -1.89705864 4.64163213
v 8.52899186 -1.89695638 4.64485488
v 8.55590037 -1.89685449 4.64066244
v 8.58067989 -1.89676080 4.62936513
v 8.60149253 -1.89668201 4.61180187
v 8.61679490 -1.89662408 4.58927430
v 8.62545192 -1.89659130 4.56345356
v 8.62682171 -1.89658608 4.53625447
v 8.62080257 -1.89660881 4.50969483
v 8.60784098 -1.89665798 4.48574382
v 8.58889806 -1.89672969 4.46617804
v 8.56537900 -1.89681854 4.45244867
v 8.66679258 -1.89643484 4.40165080
v 8.63716553 -1.89654697 4.37781974
v 8.60356360 -1.89667419 4.36002626
v 8.72206210 -1.89622566 4.49985969
v 8.71002215 -1.89627130 4.46379385
v 8.69137428 -1.89634170 4.43065833
v 8.71546238 -1.89625062 4.61235918
v 8.72483223 -1.89621523 4.57550935
v 8.72705902 -1.89620666 4.53755237
v 8.61687853 -1.89662371 4.72363546
v 8.64908888 -1.89650189 4.70343172
v 8.67689371 -1.89639665 4.67749774
v 8.69928810 -1.89631190 4.64676968
v 8.50599508 -1.89704336 4.74374458
v 8.54401484 -1.89689957 4.74416255
v 8.58142681 -1.89675782 4.73737768
v 8.40184211 -1.89743750 4.70071263
v 8.43360040 -1.89731736 4.72161970
v 8.46874143 -1.89718436 4.73613865
v 8.33748754 -1.89768113 4.60820250
v 8.35290130 -1.89762283 4.64296020
v 8.37461434 -1.89754050 4.67417329
v 8.34619391 -1.89764816 4.45979252
v 8.33336383 -1.89769678 4.49558474
v 8.32753915 -1.89771876 4.53315839
v 8.32893054 -1.89771354 4.57115523
v 8.42092379 -1.89736541 4.37544152
v 8.39077968 -1.89747941 4.39861524
v 8.36556598 -1.89757477 4.42707516
v 8.56720179 -1.89681165 4.34891354
v 8.52939382 -1.89695489 4.34488315
v 8.49150631 -1.89709812 4.34808093
v 8.45490869 -1.89723670 4.35839142
v 8.49122766 -1.97742544 4.58290293
v 8.52634802 -1.97729263 4.59741331
v 8.52907717 -1.96714494 4.59222435
v 8.49289137 -1.96728185 4.57727365
v 8.53276707 -1.95738338 4.58767466
v 8.49342577 -1.95753220 4.57142047
v 8.53937070 -1.94491744 4.58265073
v 8.49221337 -1.94509588 4.56316746
v 8.56552988 -1.97714437 4.58114199
v 8.58004007 -1.97708942 4.54602144
v 8.57481274 -1.96697190 4.54325392
v 8.55986222 -1.96702853 4.57943990
v 8.57022635 -1.95724163 4.53952714
v 8.55397216 -1.95730310 4.57886882
v 8.56515549 -1.94481984 4.53287638
v 8.54567203 -1.94489360 4.58003409
v 8.56376893 -1.97715089 4.50683921
v 8.56253866 -1.94482971 4.52657505
v 8.51538132 -1.94500815 4.50709141
v 8.52207902 -1.95742380 4.50206749
v 8.52864876 -1.97728388 4.49232902
v 8.52584268 -1.96715724 4.49751816
v 8.56202848 -1.96702033 4.51246868
v 8.56142051 -1.95727497 4.51832186
v 8.48946671 -1.97743215 4.50860015
v 8.50907999 -1.94503199 4.50970824
v 8.48959654 -1.94510575 4.55686576
v 8.48461992 -1.95756555 4.55021500
v 8.47495652 -1.97748709 4.54372070
v 8.48010729 -1.96733028 4.54648822
v 8.49505763 -1.96727365 4.51030243
v 8.50087392 -1.95750408 4.51087351
v 8.56366742 -1.94482543 4.52980041
v 8.49108461 -1.94510017 4.55994211
v 8.54244686 -1.94490571 4.58116285
v 8.51230535 -1.94501989 4.50857948
f 1 2 3
f 3 2 4
f 5 6 7
f 7 6 8
f 9 10 11
f 12 9 13
f 14 15 16
f 17 18 19
f 20 21 22
f 23 24 25
f 25 24 26
f 27 28 29
f 29 28 25
f 29 25 30
f 30 25 26
f 31 32 33
f 27 34 28
f 28 34 35
f 28 35 32
f 32 35 36
f 32 36 33
f 31 33 37
f 37 33 38
f 37 38 39
f 39 38 40
f 39 40 18
f 19 18 41
f 17 19 42
f 42 19 43
f 42 43 44
f 44 43 45
f 44 45 15
f 14 16 46
f 46 16 47
f 46 47 48
f 49 50 51
f 51 50 52
f 51 52 53
f 54 28 55
f 55 28 32
f 55 32 21
f 21 32 56
f 21 56 22
f 57 58 52
f 59 60 50
f 50 60 61
f 50 61 52
f 52 61 62
f 52 62 57
f 63 53 54
f 54 53 52
f 54 52 28
f 28 52 58
f 28 58 64
f 25 65 50
f 50 65 66
f 50 66 59
f 64 67 28
f 28 67 68
f 28 68 25
f 25 68 69
f 25 69 65
f 40 23 18
f 18 23 25
f 18 25 41
f 41 25 50
f 41 50 70
f 70 50 49
f 70 49 12
f 71 72 21
f 21 72 73
f 71 21 74
f 74 21 20
f 74 20 75
f 63 54 76
f 76 54 55
f 76 55 77
f 77 55 21
f 77 21 78
f 78 21 73
f 78 73 79
f 79 80 78
f 78 80 81
f 78 81 82
f 82 81 83
f 82 83 84
f 84 85 20
f 20 85 86
f 20 86 75
f 87 88 19
f 89 90 91
f 43 92 89
f 90 93 91
f 91 93 94
f 91 94 95
f 95 94 96
f 95 96 97
f 12 13 70
f 70 13 98
f 70 98 41
f 41 98 95
f 41 95 19
f 19 95 97
f 19 97 87
f 88 99 19
f 19 99 100
f 19 100 43
f 43 100 101
f 43 101 92
f 84 20 82
f 82 20 102
f 82 102 103
f 104 103 105
f 105 103 102
f 105 102 106
f 106 107 108
f 109 16 110
f 110 16 111
f 110 111 112
f 109 113 16
f 16 113 114
f 16 114 47
f 47 114 115
f 47 115 116
f 22 117 20
f 20 117 48
f 20 48 102
f 102 48 47
f 102 47 106
f 106 47 116
f 106 116 107
f 108 118 106
f 106 118 119
f 106 119 111
f 111 119 120
f 111 120 112
f 111 121 122
f 123 124 106
f 106 124 125
f 106 125 105
f 105 125 126
f 105 126 104
f 104 126 127
f 122 128 111
f 111 128 129
f 111 129 106
f 106 129 130
f 106 130 123
f 121 111 131
f 131 111 132
f 131 132 133
f 124 134 125
f 125 134 135
f 125 135 132
f 132 135 136
f 132 136 133
f 15 45 16
f 16 45 137
f 16 137 111
f 111 137 138
f 111 138 132
f 89 91 43
f 43 91 139
f 43 139 45
f 45 139 140
f 45 140 137
f 137 140 141
f 137 141 138
f 9 11 13
f 13 11 142
f 13 142 98
f 98 142 143
f 98 143 95
f 95 143 144
f 95 144 91
f 91 144 145
f 91 145 139
f 139 145 146
f 139 146 140
f 140 146 147
f 140 147 141
f 148 149 150
f 149 151 152
f 153 154 155
f 154 156 157
f 158 159 160
f 160 159 161
f 160 161 162
f 163 164 165
f 165 164 166
f 165 166 167
f 167 166 168
f 167 168 169
f 170 171 172
f 172 171 173
f 172 173 174
f 175 176 177
f 177 176 178
f 178 179 177
f 177 179 180
f 177 180 181
f 180 182 181
f 181 182 183
f 181 183 184
f 171 185 186
f 175 162 187
f 187 162 188
f 187 188 189
f 189 188 190
f 189 190 186
f 186 190 191
f 186 191 171
f 155 192 193
f 193 194 155
f 155 194 195
f 155 195 196
f 196 195 197
f 154 157 155
f 155 157 198
f 155 198 192
f 199 200 201
f 201 200 196
f 201 196 202
f 202 196 197
f 199 203 200
f 200 203 204
f 200 204 157
f 157 204 205
f 157 205 198
f 206 207 155
f 155 207 167
f 155 167 153
f 153 167 169
f 153 169 158
f 158 169 208
f 158 208 159
f 207 209 167
f 167 209 210
f 167 210 165
f 165 210 211
f 211 212 165
f 165 212 213
f 165 213 196
f 196 213 214
f 196 214 215
f 215 216 196
f 196 216 217
f 196 217 155
f 155 217 218
f 155 218 206
f 200 219 196
f 196 219 220
f 196 220 165
f 165 220 221
f 165 221 163
f 163 221 174
f 163 174 222
f 222 174 173
f 219 223 220
f 220 223 224
f 220 224 221
f 221 224 225
f 221 225 174
f 174 225 226
f 227 228 229
f 229 228 160
f 160 228 230
f 160 230 231
f 231 232 160
f 160 232 233
f 160 233 158
f 158 233 234
f 158 234 235
f 235 236 158
f 158 236 237
f 158 237 153
f 153 237 238
f 153 238 154
f 154 238 239
f 154 239 156
f 156 239 240
f 236 241 237
f 237 241 242
f 237 242 229
f 229 242 243
f 229 243 227
f 244 226 245
f 245 226 246
f 245 246 247
f 247 246 248
f 244 249 226
f 226 249 250
f 226 250 174
f 174 250 251
f 174 251 252
f 252 253 174
f 174 253 254
f 174 254 172
f 172 254 255
f 172 255 256
f 175 177 162
f 162 177 152
f 162 152 160
f 160 152 151
f 160 151 229
f 257 258 259
f 259 260 257
f 257 260 261
f 257 261 262
f 262 261 263
f 149 152 150
f 150 152 177
f 150 177 257
f 257 177 264
f 257 264 258
f 265 181 266
f 266 181 262
f 266 262 267
f 267 262 263
f 265 268 181
f 181 268 269
f 181 269 177
f 177 269 270
f 177 270 264
f 271 262 170
f 170 262 181
f 170 181 171
f 171 181 184
f 171 184 185
f 256 248 172
f 172 248 246
f 172 246 170
f 170 246 272
f 170 272 271
f 271 272 273
f 148 150 274
f 274 150 257
f 274 257 275
f 275 257 262
f 275 262 276
f 276 262 271
f 276 271 277
f 277 271 273
f 277 273 278
f 223 279 224
f 224 279 280
f 224 280 225
f 225 280 281
f 225 281 226
f 226 281 282
f 226 282 246
f 246 282 283
f 246 283 272
f 272 283 284
f 272 284 273
f 273 284 285
f 273 285 278
f 278 285 286
f 127 240 104
f 104 240 239
f 104 239 103
f 103 239 238
f 103 238 82
f 82 238 237
f 82 237 78
f 78 237 229
f 78 229 77
f 77 229 151
f 77 151 76
f 76 151 149
f 76 149 63
f 63 149 148
f 10 286 11
f 11 286 285
f 11 285 142
f 142 285 284
f 142 284 143
f 143 284 283
f 143 283 144
f 144 283 282
f 144 282 145
f 145 282 281
f 145 281 146
f 146 281 280
f 146 280 147
f 147 280 279
f 4 2 287
f 288 289 287
f 287 289 290
f 287 290 4
f 291 292 293
f 293 292 294
f 293 294 288
f 288 294 295
f 288 295 289
f 291 293 296
f 296 293 240
f 296 240 127
f 147 279 297
f 298 299 297
f 297 299 300
f 297 300 147
f 301 302 303
f 303 302 304
f 303 304 298
f 298 304 305
f 298 305 299
f 301 303 306
f 306 303 307
f 306 307 308
f 296 127 126
f 126 125 296
f 296 125 305
f 296 305 291
f 125 132 305
f 305 132 138
f 305 138 299
f 299 138 141
f 299 141 300
f 300 141 147
f 295 294 301
f 301 294 292
f 301 292 302
f 302 292 291
f 302 291 304
f 304 291 305
f 308 4 306
f 306 4 290
f 306 290 301
f 301 290 289
f 301 289 295
f 279 223 297
f 297 223 298
f 223 219 298
f 298 219 200
f 298 200 157
f 240 293 156
f 156 293 157
f 157 293 298
f 298 293 288
f 298 288 303
f 303 288 307
f 307 288 287
f 307 287 2
f 308 307 309
f 309 307 310
f 311 312 4
f 4 312 3
f 313 314 315
f 316 317 309
f 309 317 318
f 309 318 308
f 313 315 319
f 314 313 320
f 320 313 321
f 320 321 322
f 322 321 323
f 323 321 324
f 323 324 325
f 309 326 316
f 316 326 327
f 316 327 324
f 324 327 328
f 324 328 325
f 312 329 3
f 3 329 330
f 3 330 331
f 331 330 332
f 331 332 333
f 333 332 319
f 333 319 334
f 334 319 315
f 318 335 308
f 308 335 336
f 308 336 4
f 4 336 337
f 4 337 311
f 2 338 339
f 310 307 340
f 341 342 343
f 343 342 344
f 2 339 307
f 307 339 345
f 307 345 340
f 340 346 310
f 310 346 347
f 310 347 348
f 348 347 349
f 348 349 350
f 350 349 342
f 350 342 351
f 351 342 341
f 352 353 344
f 344 353 354
f 344 354 343
f 355 356 352
f 352 356 357
f 352 357 353
f 1 358 359
f 359 358 360
f 359 360 355
f 355 360 361
f 355 361 356
f 359 362 1
f 1 362 363
f 1 363 2
f 2 363 364
f 2 364 338
f 365 366 367
f 368 369 367
f 367 369 370
f 367 370 365
f 371 372 373
f 373 372 374
f 373 374 368
f 368 374 375
f 368 375 369
f 371 373 376
f 376 373 286
f 376 286 10
f 63 148 377
f 378 379 377
f 377 379 380
f 377 380 63
f 381 382 383
f 383 382 384
f 383 384 378
f 378 384 385
f 378 385 379
f 381 383 386
f 386 383 8
f 386 8 6
f 376 10 9
f 376 9 371
f 371 9 12
f 371 12 49
f 63 380 53
f 53 380 371
f 53 371 51
f 51 371 49
f 380 379 371
f 371 379 385
f 371 385 372
f 372 385 374
f 374 385 384
f 374 384 375
f 375 384 382
f 375 382 381
f 6 365 386
f 386 365 370
f 386 370 381
f 381 370 369
f 381 369 375
f 276 373 275
f 275 373 274
f 276 277 373
f 373 277 278
f 373 278 286
f 366 8 367
f 367 8 383
f 367 383 368
f 368 383 378
f 368 378 373
f 373 378 377
f 373 377 274
f 274 377 148
f 366 365 387
f 387 365 388
f 389 390 391
f 392 365 393
f 393 365 6
f 393 6 394
f 395 388 396
f 392 397 365
f 365 397 398
f 365 398 399
f 400 401 402
f 389 391 403
f 403 391 404
f 403 404 405
f 402 401 396
f 396 401 406
f 396 406 395
f 391 407 404
f 404 407 408
f 404 408 399
f 399 408 409
f 399 409 365
f 400 402 410
f 410 402 411
f 410 411 412
f 412 411 413
f 412 413 414
f 414 413 415
f 414 415 416
f 416 415 417
f 416 417 418
f 418 417 419
f 418 419 420
f 420 419 421
f 420 421 422
f 422 421 423
f 422 423 424
f 409 425 365
f 365 425 426
f 365 426 388
f 388 426 427
f 428 429 430
f 430 429 431
f 430 431 432
f 427 433 434
f 435 436 388
f 427 434 388
f 388 434 437
f 388 437 435
f 5 438 403
f 428 439 429
f 429 439 440
f 429 440 423
f 423 440 441
f 423 441 424
f 441 442 424
f 424 442 443
f 424 443 5
f 5 443 444
f 5 444 438
f 405 445 403
f 403 445 446
f 403 446 5
f 5 446 447
f 5 447 6
f 6 447 448
f 6 448 394
f 432 396 430
f 430 396 388
f 430 388 449
f 449 388 436
f 450 451 452
f 452 451 453
f 452 453 454
f 455 8 456
f 456 8 366
f 456 366 457
f 457 366 458
f 454 453 459
f 459 453 460
f 459 460 461
f 455 462 8
f 8 462 463
f 8 463 7
f 464 465 466
f 467 468 469
f 469 468 470
f 469 470 471
f 471 470 472
f 471 472 473
f 473 472 474
f 473 474 475
f 475 474 476
f 475 476 477
f 461 460 478
f 478 460 479
f 478 479 480
f 466 465 481
f 482 464 483
f 483 464 466
f 483 466 387
f 387 466 484
f 387 484 366
f 366 484 485
f 366 485 458
f 486 487 488
f 489 490 7
f 7 490 491
f 7 491 492
f 492 491 493
f 465 494 481
f 481 494 495
f 481 495 496
f 496 495 497
f 496 497 498
f 499 500 498
f 498 500 489
f 498 489 496
f 496 489 7
f 496 7 501
f 501 7 463
f 493 478 492
f 492 478 480
f 492 480 502
f 502 480 477
f 502 477 503
f 503 477 476
f 488 487 483
f 483 487 504
f 483 504 505
f 505 506 483
f 483 506 507
f 483 507 482
f 482 507 508
f 467 450 468
f 468 450 452
f 468 452 509
f 509 452 486
f 509 486 510
f 510 486 488
f 22 159 117
f 117 159 208
f 117 208 48
f 48 208 169
f 48 169 46
f 46 169 168
f 46 168 14
f 14 168 166
f 14 166 15
f 15 166 164
f 15 164 44
f 44 164 163
f 44 163 42
f 42 163 222
f 42 222 17
f 17 222 173
f 17 173 18
f 18 173 171
f 18 171 39
f 39 171 191
f 39 191 37
f 37 191 190
f 37 190 31
f 31 190 188
f 31 188 32
f 32 188 162
f 32 162 56
f 56 162 161
f 56 161 22
f 22 161 159
f 81 243 83
f 83 243 242
f 83 242 84
f 84 242 241
f 84 241 85
f 85 241 236
f 85 236 86
f 86 236 235
f 86 235 75
f 75 235 234
f 75 234 74
f 74 234 233
f 74 233 71
f 71 233 232
f 71 232 72
f 72 232 231
f 72 231 73
f 73 231 230
f 73 230 79
f 79 230 228
f 79 228 80
f 80 228 227
f 80 227 81
f 81 227 243
f 58 258 64
f 64 258 264
f 64 264 67
f 67 264 270
f 67 270 68
f 68 270 269
f 68 269 69
f 69 269 268
f 69 268 65
f 65 268 265
f 65 265 66
f 66 265 266
f 66 266 59
f 59 266 267
f 59 267 60
f 60 267 263
f 60 263 61
f 61 263 261
f 61 261 62
f 62 261 260
f 62 260 57
f 57 260 259
f 57 259 58
f 58 259 258
f 35 176 36
f 36 176 175
f 36 175 33
f 33 175 187
f 33 187 38
f 38 187 189
f 38 189 40
f 40 189 186
f 40 186 23
f 23 186 185
f 23 185 24
f 24 185 184
f 24 184 26
f 26 184 183
f 26 183 30
f 30 183 182
f 30 182 29
f 29 182 180
f 29 180 27
f 27 180 179
f 27 179 34
f 34 179 178
f 34 178 35
f 35 178 176
f 100 254 101
f 101 254 253
f 101 253 92
f 92 253 252
f 92 252 89
f 89 252 251
f 89 251 90
f 90 251 250
f 90 250 93
f 93 250 249
f 93 249 94
f 94 249 244
f 94 244 96
f 96 244 245
f 96 245 97
f 97 245 247
f 97 247 87
f 87 247 248
f 87 248 88
f 88 248 256
f 88 256 99
f 99 256 255
f 99 255 100
f 100 255 254
f 107 207 108
f 108 207 206
f 108 206 118
f 118 206 218
f 118 218 119
f 119 218 217
f 119 217 120
f 120 217 216
f 120 216 112
f 112 216 215
f 112 215 110
f 110 215 214
f 110 214 109
f 109 214 213
f 109 213 113
f 113 213 212
f 113 212 114
f 114 212 211
f 114 211 115
f 115 211 210
f 115 210 116
f 116 210 209
f 116 209 107
f 107 209 207
f 124 192 134
f 134 192 198
f 134 198 135
f 135 198 205
f 135 205 136
f 136 205 204
f 136 204 133
f 133 204 203
f 133 203 131
f 131 203 199
f 131 199 121
f 121 199 201
f 121 201 122
f 122 201 202
f 122 202 128
f 128 202 197
f 128 197 129
f 129 197 195
f 129 195 130
f 130 195 194
f 130 194 123
f 123 194 193
f 123 193 124
f 124 193 192
f 405 466 445
f 445 466 481
f 445 481 446
f 446 481 496
f 446 496 447
f 447 496 501
f 447 501 448
f 448 501 463
f 448 463 394
f 394 463 462
f 394 462 393
f 393 462 455
f 393 455 392
f 392 455 456
f 392 456 397
f 397 456 457
f 397 457 398
f 398 457 458
f 398 458 399
f 399 458 485
f 399 485 404
f 404 485 484
f 404 484 405
f 405 484 466
f 413 469 415
f 415 469 471
f 415 471 417
f 417 471 473
f 417 473 419
f 419 473 475
f 419 475 421
f 421 475 477
f 421 477 423
f 423 477 480
f 423 480 429
f 429 480 479
f 429 479 431
f 431 479 460
f 431 460 432
f 432 460 453
f 432 453 396
f 396 453 451
f 396 451 402
f 402 451 450
f 402 450 411
f 411 450 467
f 411 467 413
f 413 467 469
f 508 433 482
f 482 433 427
f 482 427 464
f 464 427 426
f 464 426 465
f 465 426 425
f 465 425 494
f 494 425 409
f 494 409 495
f 495 409 408
f 495 408 497
f 497 408 407
f 497 407 498
f 498 407 391
f 498 391 499
f 499 391 390
f 499 390 500
f 500 390 389
f 500 389 489
f 489 389 403
f 489 403 490
f 490 403 438
f 490 438 491
f 491 438 444
f 491 444 493
f 493 444 443
f 493 443 478
f 478 443 442
f 478 442 461
f 461 442 441
f 461 441 459
f 459 441 440
f 459 440 454
f 454 440 439
f 454 439 452
f 452 439 428
f 452 428 486
f 486 428 430
f 486 430 487
f 487 430 449
f 487 449 504
f 504 449 436
f 504 436 505
f 505 436 435
f 505 435 506
f 506 435 437
f 506 437 507
f 507 437 434
f 507 434 508
f 508 434 433
f 311 338 312
f 312 338 364
f 312 364 329
f 329 364 363
f 329 363 330
f 330 363 362
f 330 362 332
f 332 362 359
f 332 359 319
f 319 359 355
f 319 355 313
f 313 355 352
f 313 352 321
f 321 352 344
f 321 344 324
f 324 344 342
f 324 342 316
f 316 342 349
f 316 349 317
f 317 349 347
f 317 347 318
f 318 347 346
f 318 346 335
f 335 346 340
f 335 340 336
f 336 340 345
f 336 345 337
f 337 345 339
f 337 339 311
f 311 339 338
f 5 7 492
f 5 492 424
f 424 492 502
f 424 502 422
f 422 502 503
f 422 503 420
f 420 503 476
f 420 476 418
f 418 476 474
f 418 474 416
f 416 474 472
f 416 472 414
f 414 472 470
f 414 470 412
f 412 470 468
f 412 468 410
f 410 468 509
f 410 509 400
f 400 509 510
f 400 510 401
f 401 510 488
f 401 488 406
f 406 488 483
f 406 483 395
f 395 483 387
f 395 387 388
f 1 3 331
f 1 331 358
f 358 331 333
f 358 333 360
f 360 333 334
f 360 334 361
f 361 334 315
f 361 315 356
f 356 315 314
f 356 314 357
f 357 314 320
f 357 320 353
f 353 320 322
f 353 322 354
f 354 322 323
f 354 323 343
f 343 323 325
f 343 325 341
f 341 325 328
f 341 328 351
f 351 328 327
f 351 327 350
f 350 327 326
f 350 326 348
f 348 326 309
f 348 309 310
f 511 512 513
f 513 512 514
f 515 516 517
f 517 516 511
f 517 511 518
f 518 511 513
f 512 519 514
f 514 519 520
f 514 520 521
f 521 520 522
f 521 522 523
f 523 522 524
f 523 524 525
f 525 524 526
f 525 526 527
f 527 526 528
f 527 528 529
f 529 528 530
f 529 530 531
f 531 530 532
f 531 532 533
f 533 532 534
f 533 534 535
f 535 534 536
f 535 536 537
f 537 536 538
f 537 538 539
f 539 538 540
f 539 540 541
f 541 540 542
f 541 542 543
f 543 542 544
f 543 544 545
f 545 544 546
f 545 546 547
f 547 546 548
f 547 548 549
f 549 548 550
f 549 550 551
f 551 550 552
f 551 552 553
f 553 552 554
f 553 554 515
f 515 554 555
f 515 555 516
f 556 557 558
f 558 557 559
f 558 559 560
f 560 559 561
f 560 561 562
f 562 561 563
f 562 563 564
f 564 563 565
f 564 565 566
f 566 565 567
f 566 567 568
f 568 567 569
f 568 569 570
f 570 569 571
f 570 571 572
f 572 571 573
f 572 573 574
f 574 573 575
f 574 575 576
f 576 575 577
f 576 577 578
f 578 577 579
f 578 579 580
f 580 579 581
f 580 581 582
f 582 581 583
f 582 583 584
f 584 583 585
f 584 585 586
f 586 585 587
f 586 587 588
f 588 587 589
f 588 589 590
f 590 589 556
f 590 556 558
f 591 592 593
f 594 595 596
f 597 598 599
f 600 601 602
f 603 604 605
f 606 607 608
f 609 610 611
f 612 613 614
f 615 616 617
f 617 616 618
f 619 620 621
f 621 620 622
f 623 624 594
f 625 626 627
f 628 629 630
f 631 632 633
f 634 635 636
f 637 638 639
f 640 641 642
f 643 597 644
f 644 597 645
f 643 646 597
f 597 646 647
f 597 647 598
f 647 648 598
f 598 648 649
f 598 649 650
f 649 651 650
f 650 651 652
f 650 652 653
f 652 654 653
f 653 654 655
f 653 655 656
f 656 655 657
f 656 657 645
f 645 657 658
f 645 658 644
f 659 660 595
f 659 595 661
f 662 663 664
f 664 663 665
f 664 665 666
f 660 667 656
f 656 667 668
f 656 668 653
f 653 668 669
f 653 669 670
f 670 669 671
f 670 671 672
f 672 671 673
f 672 673 662
f 662 673 674
f 662 674 663
f 675 676 627
f 627 676 677
f 627 677 678
f 678 677 679
f 678 679 664
f 664 679 680
f 664 680 681
f 682 683 684
f 684 683 685
f 684 685 686
f 686 685 687
f 686 687 688
f 688 687 689
f 688 689 690
f 691 692 693
f 694 695 691
f 692 696 693
f 693 696 697
f 693 697 698
f 698 697 699
f 698 699 639
f 639 699 700
f 639 700 701
f 701 700 702
f 701 702 703
f 695 694 704
f 704 694 705
f 704 705 706
f 642 641 707
f 641 708 707
f 707 708 709
f 707 709 710
f 710 709 711
f 712 713 714
f 714 713 715
f 714 715 716
f 716 715 717
f 717 715 718
f 717 718 719
f 719 718 720
f 719 720 721
f 721 720 705
f 721 705 722
f 723 724 725
f 723 725 726
f 724 723 727
f 727 723 728
f 727 728 729
f 729 728 730
f 729 730 731
f 725 732 726
f 726 732 733
f 726 733 734
f 734 733 735
f 734 735 736
f 736 735 737
f 736 737 592
f 592 737 738
f 592 738 593
f 593 738 739
f 593 739 740
f 741 742 743
f 741 743 744
f 743 745 744
f 744 745 746
f 744 746 747
f 742 741 748
f 748 741 749
f 748 749 750
f 750 749 751
f 750 751 752
f 752 751 753
f 752 753 754
f 746 755 747
f 747 755 756
f 747 756 757
f 758 759 760
f 761 762 763
f 763 762 764
f 763 764 765
f 766 767 703
f 703 767 768
f 703 768 701
f 701 768 769
f 701 769 639
f 639 769 765
f 639 765 637
f 637 765 764
f 770 771 772
f 770 772 757
f 771 770 632
f 632 770 773
f 632 773 633
f 631 633 774
f 774 633 775
f 774 775 638
f 776 777 778
f 778 777 779
f 778 779 780
f 780 779 781
f 780 781 782
f 783 784 785
f 786 787 788
f 788 787 789
f 788 790 786
f 786 790 791
f 786 791 792
f 792 791 782
f 792 782 793
f 793 782 781
f 783 785 794
f 794 785 795
f 794 795 787
f 787 795 796
f 787 796 789
f 797 798 799
f 799 800 797
f 797 800 777
f 797 777 783
f 783 777 776
f 783 776 784
f 801 802 803
f 803 802 804
f 803 804 805
f 628 630 806
f 625 627 807
f 808 809 810
f 811 812 813
f 813 812 814
f 813 814 815
f 816 817 734
f 734 817 808
f 818 599 819
f 819 599 810
f 819 810 820
f 820 810 809
f 813 821 811
f 811 821 599
f 811 599 822
f 822 599 818
f 823 824 591
f 591 824 825
f 591 825 592
f 592 825 826
f 592 826 736
f 736 826 813
f 736 813 734
f 734 813 815
f 734 815 816
f 827 828 829
f 829 828 830
f 831 832 833
f 810 834 835
f 808 810 734
f 734 810 835
f 734 835 726
f 726 835 836
f 726 836 723
f 599 837 838
f 775 839 840
f 838 841 599
f 599 841 842
f 599 842 810
f 810 842 843
f 810 843 834
f 841 844 842
f 842 844 845
f 842 845 846
f 846 845 847
f 848 849 633
f 633 849 850
f 633 850 775
f 775 850 851
f 775 851 839
f 852 853 773
f 773 853 846
f 773 846 633
f 633 846 847
f 633 847 848
f 612 614 854
f 855 856 857
f 857 856 753
f 857 753 858
f 609 611 859
f 859 611 860
f 859 860 861
f 606 608 862
f 863 864 865
f 865 864 866
f 867 868 864
f 868 869 864
f 864 869 870
f 864 870 866
f 866 870 871
f 866 871 872
f 872 871 873
f 873 871 874
f 873 874 875
f 876 877 878
f 877 876 879
f 879 876 880
f 879 880 881
f 881 880 882
f 881 882 883
f 883 882 884
f 883 884 875
f 875 884 873
f 873 884 885
f 873 885 886
f 887 888 889
f 889 888 890
f 891 892 864
f 864 892 893
f 893 894 864
f 864 894 876
f 864 876 867
f 867 876 878
f 894 895 876
f 876 895 896
f 876 896 897
f 897 896 898
f 897 898 899
f 899 898 900
f 898 901 900
f 900 901 902
f 900 902 887
f 887 889 900
f 900 889 602
f 900 602 903
f 904 905 906
f 906 905 907
f 906 907 908
f 909 910 911
f 911 910 908
f 911 908 912
f 912 908 907
f 913 909 744
f 635 761 636
f 636 761 763
f 636 763 914
f 914 763 915
f 914 915 916
f 916 915 917
f 918 919 920
f 920 919 921
f 920 921 767
f 767 921 922
f 767 922 768
f 768 922 923
f 768 923 769
f 924 925 713
f 712 640 713
f 713 640 642
f 713 642 924
f 924 642 707
f 924 707 926
f 693 927 928
f 928 927 929
f 928 929 930
f 931 932 933
f 933 932 934
f 933 934 935
f 936 937 938
f 938 937 684
f 938 684 939
f 603 605 940
f 940 605 941
f 940 941 942
f 943 944 945
f 945 944 946
f 947 948 786
f 946 949 945
f 945 949 950
f 945 950 951
f 951 950 952
f 951 952 953
f 943 945 954
f 954 945 787
f 954 787 955
f 946 956 949
f 949 956 957
f 949 957 958
f 958 957 947
f 958 947 959
f 959 947 786
f 948 960 786
f 786 960 961
f 786 961 787
f 787 961 962
f 787 962 955
f 602 601 963
f 963 601 964
f 963 964 965
f 608 966 967
f 968 889 969
f 969 889 608
f 969 608 970
f 970 608 967
f 968 971 889
f 889 971 972
f 889 972 602
f 602 972 973
f 602 973 600
f 890 891 889
f 889 891 864
f 889 864 608
f 608 864 863
f 608 863 862
f 862 863 865
f 974 975 860
f 976 977 749
f 909 911 744
f 744 911 912
f 744 912 741
f 741 912 907
f 741 907 749
f 749 907 978
f 749 978 976
f 975 979 860
f 860 979 980
f 860 980 963
f 963 980 981
f 963 981 982
f 983 984 907
f 907 984 985
f 907 985 978
f 904 903 905
f 905 903 602
f 905 602 907
f 907 602 963
f 907 963 983
f 983 963 982
f 965 966 963
f 963 966 608
f 963 608 860
f 860 608 607
f 860 607 861
f 861 607 606
f 766 706 767
f 767 706 705
f 767 705 920
f 920 705 720
f 920 720 918
f 918 720 718
f 918 718 986
f 986 718 715
f 986 715 987
f 987 715 713
f 987 713 988
f 711 722 710
f 710 722 705
f 710 705 989
f 989 705 694
f 917 913 916
f 916 913 744
f 916 744 914
f 914 744 747
f 914 747 636
f 636 747 757
f 636 757 634
f 634 757 772
f 977 974 749
f 749 974 860
f 749 860 751
f 751 860 611
f 751 611 753
f 753 611 610
f 753 610 858
f 858 610 609
f 691 693 694
f 694 693 928
f 694 928 989
f 989 928 930
f 989 930 710
f 710 930 990
f 710 990 707
f 707 990 991
f 707 991 926
f 759 754 760
f 760 754 753
f 760 753 614
f 614 753 856
f 614 856 854
f 854 856 855
f 638 775 639
f 639 775 931
f 639 931 698
f 698 931 933
f 698 933 693
f 693 933 935
f 693 935 927
f 756 758 757
f 757 758 760
f 757 760 770
f 770 760 614
f 770 614 773
f 773 614 613
f 773 613 852
f 852 613 612
f 670 992 653
f 653 992 932
f 653 932 650
f 650 932 931
f 650 931 598
f 598 931 775
f 598 775 599
f 599 775 840
f 599 840 837
f 936 672 937
f 937 672 662
f 937 662 684
f 684 662 664
f 684 664 682
f 682 664 681
f 660 656 595
f 595 656 645
f 595 645 596
f 596 645 597
f 596 597 993
f 821 615 599
f 599 615 617
f 599 617 597
f 597 617 618
f 597 618 993
f 993 618 619
f 993 619 596
f 596 619 621
f 596 621 594
f 594 621 622
f 594 622 623
f 836 832 723
f 723 832 831
f 723 831 728
f 728 831 994
f 728 994 730
f 730 994 995
f 666 661 664
f 664 661 595
f 664 595 678
f 678 595 594
f 678 594 627
f 627 594 624
f 627 624 807
f 807 624 623
f 823 591 996
f 996 591 593
f 996 593 730
f 730 593 740
f 730 740 731
f 833 997 831
f 831 997 998
f 831 998 994
f 994 998 999
f 994 999 995
f 995 999 827
f 995 827 730
f 730 827 829
f 730 829 996
f 996 829 830
f 996 830 823
f 1000 1001 630
f 941 1002 1003
f 1003 1004 941
f 941 1004 1005
f 941 1005 1006
f 1006 1005 1007
f 1006 1007 1008
f 1001 1009 630
f 630 1009 1010
f 630 1010 688
f 688 1010 1011
f 688 1011 1012
f 603 939 604
f 604 939 684
f 604 684 605
f 605 684 686
f 605 686 941
f 941 686 688
f 941 688 1002
f 1002 688 1012
f 690 675 688
f 688 675 627
f 688 627 630
f 630 627 626
f 630 626 806
f 806 626 625
f 1013 1014 804
f 951 1015 1016
f 1014 1017 804
f 804 1017 1018
f 804 1018 1006
f 1006 1018 1019
f 1006 1019 1020
f 1016 1021 951
f 951 1021 1022
f 951 1022 945
f 945 1022 1023
f 945 1023 1024
f 952 942 953
f 953 942 941
f 953 941 951
f 951 941 1006
f 951 1006 1015
f 1015 1006 1020
f 1008 1000 1006
f 1006 1000 630
f 1006 630 804
f 804 630 629
f 804 629 805
f 805 629 628
f 1024 1013 945
f 945 1013 804
f 945 804 787
f 787 804 802
f 787 802 794
f 794 802 801
f 582 533 580
f 580 533 535
f 580 535 578
f 578 535 537
f 578 537 576
f 576 537 539
f 576 539 574
f 574 539 541
f 574 541 572
f 588 525 586
f 586 525 527
f 586 527 584
f 584 527 529
f 584 529 582
f 582 529 531
f 582 531 533
f 564 515 562
f 562 515 517
f 562 517 560
f 517 518 560
f 560 518 513
f 560 513 558
f 558 513 514
f 558 514 590
f 590 514 521
f 590 521 588
f 588 521 523
f 588 523 525
f 541 543 572
f 572 543 545
f 572 545 570
f 570 545 547
f 570 547 568
f 568 547 549
f 568 549 566
f 566 549 551
f 566 551 564
f 564 551 553
f 564 553 515
f 1025 1026 1027
f 1028 1029 1030
f 1031 1032 1033
f 1034 1035 1036
f 1037 1038 1039
f 1040 1041 1042
f 1043 1044 1045
f 1045 1044 1046
f 1047 1048 1049
f 1050 1051 1052
f 1053 1054 1055
f 1056 1057 1058
f 1059 1060 1061
f 1062 1063 1064
f 1065 1066 1067
f 1068 1069 1070
f 1071 1072 1073
f 1074 1075 1076
f 1077 1078 1079
f 1080 1081 1082
f 1082 1081 1083
f 1082 1083 1084
f 1084 1083 1085
f 1084 1085 1086
f 1086 1085 1087
f 1086 1087 1088
f 1089 1090 1091
f 1091 1090 1092
f 1091 1092 1080
f 1080 1092 1093
f 1080 1093 1081
f 1087 1094 1088
f 1088 1094 1095
f 1088 1095 1096
f 1096 1095 1097
f 1098 1099 1100
f 1100 1099 1101
f 1098 534 1102
f 1102 534 1103
f 1104 1105 1086
f 1104 1086 1106
f 1107 1108 1109
f 1109 1108 1110
f 1109 1110 1111
f 1111 1110 1112
f 1111 1112 1105
f 1113 1114 1115
f 1116 1117 1118
f 1119 1120 1121
f 1121 1120 1122
f 1121 1122 1123
f 1123 1122 1070
f 1123 1070 1124
f 1125 1126 1127
f 1127 1126 1128
f 1127 1128 1129
f 1129 1128 1130
f 1129 1130 1131
f 1132 1133 1134
f 1134 1133 1135
f 1134 1135 1136
f 1136 1135 1137
f 554 552 1138
f 1138 552 550
f 1138 550 1139
f 1140 1141 1139
f 1132 1142 1133
f 1133 1142 1143
f 1133 1143 1144
f 1144 1143 1145
f 1144 1145 1118
f 1118 1145 1146
f 1118 1146 1140
f 1140 1146 1147
f 1140 1147 1141
f 1030 1148 1149
f 1150 1151 1152
f 1151 1153 1152
f 1152 1153 1154
f 1152 1154 1029
f 1029 1154 1155
f 1029 1155 1030
f 1030 1155 1156
f 1030 1156 1148
f 1157 1158 1159
f 1160 1161 1162
f 1158 1163 1159
f 1159 1163 1164
f 1159 1164 1161
f 1161 1164 1165
f 1161 1165 1162
f 1166 1167 1168
f 1162 1169 1160
f 1160 1169 1170
f 1160 1170 1168
f 1168 1170 1171
f 1168 1171 1166
f 1172 1072 1173
f 1173 1072 1071
f 1173 1071 1174
f 1175 522 1176
f 1176 522 520
f 1176 520 1177
f 1177 520 519
f 1177 519 1172
f 1178 1179 1180
f 1179 1181 1180
f 1180 1181 1182
f 1180 1182 1183
f 1183 1182 1184
f 1183 1184 1167
f 1167 1184 1185
f 1167 1185 1174
f 1174 1071 1167
f 1167 1071 1186
f 1167 1186 1168
f 1138 1137 554
f 554 1137 1135
f 554 1135 555
f 555 1135 516
f 1172 519 1072
f 1072 519 512
f 1072 512 1073
f 1073 512 511
f 1073 511 1187
f 1188 1189 1190
f 1189 1188 1191
f 1191 1188 1192
f 1191 1192 1193
f 1193 1192 1069
f 1069 1192 1113
f 1069 1113 1070
f 1070 1113 1115
f 1070 1115 1124
f 1068 1070 1194
f 1194 1070 1122
f 1194 1122 1195
f 1195 1122 1120
f 1195 1120 1196
f 1197 1198 1120
f 1199 1200 1129
f 1129 1200 1197
f 1129 1197 1127
f 1127 1197 1120
f 1127 1120 1125
f 1125 1120 1119
f 1199 1129 1201
f 1201 1129 1131
f 1201 1131 1202
f 1202 1131 1203
f 1202 1203 1204
f 1205 1206 1061
f 1061 1206 1207
f 1061 1207 1059
f 1208 1209 1210
f 1211 1212 1213
f 1209 1214 1210
f 1210 1214 1215
f 1210 1215 1216
f 1216 1215 1217
f 1216 1217 1218
f 1213 1219 1211
f 1211 1219 1220
f 1211 1220 1210
f 1210 1220 1221
f 1210 1221 1208
f 1209 1222 1214
f 1214 1222 1223
f 1214 1223 1224
f 1224 1223 1225
f 1224 1225 1226
f 1226 1225 1227
f 1226 1227 1228
f 1228 1227 1229
f 1230 1231 1211
f 1211 1231 1232
f 1211 1232 1233
f 1229 1212 1228
f 1228 1212 1211
f 1228 1211 1234
f 1234 1211 1233
f 1234 1235 1228
f 1228 1235 1236
f 1228 1236 1237
f 1237 1236 1238
f 1237 1238 1239
f 1239 1238 1240
f 1239 1240 1241
f 1241 1240 1242
f 1242 1243 1244
f 1244 1243 1245
f 1244 1245 1246
f 1246 1245 1230
f 1246 1230 1247
f 1247 1230 1211
f 1242 1244 1241
f 1241 1244 1248
f 1241 1248 1249
f 1250 1251 1252
f 1252 1251 1253
f 1252 1253 1254
f 1254 1253 1255
f 1254 1255 1256
f 1257 1258 1259
f 1259 1258 1260
f 1259 1260 1261
f 1261 1262 1259
f 1259 1262 1263
f 1259 1263 1257
f 1264 1265 1266
f 1266 1267 1264
f 1264 1267 1268
f 1264 1268 1056
f 1056 1268 1269
f 1056 1269 1057
f 1054 1270 1055
f 1055 1270 1271
f 1055 1271 1272
f 1272 1271 1100
f 1272 1100 1273
f 1273 1100 1101
f 1274 1275 1276
f 1276 1275 1091
f 1276 1091 1277
f 1277 1091 1080
f 1277 1080 1278
f 1278 1080 1082
f 1278 1082 1279
f 1105 1112 1086
f 1086 1112 1280
f 1086 1280 1084
f 1084 1280 1281
f 1084 1281 1082
f 1082 1281 1282
f 1082 1282 1279
f 1047 1049 1283
f 1284 1285 1286
f 1286 1285 1287
f 1287 1285 1046
f 1046 1285 1079
f 1046 1079 1045
f 1045 1079 1078
f 1045 1078 1288
f 1040 1289 1290
f 1290 1289 1043
f 1290 1043 1152
f 1152 1043 1045
f 1152 1045 1150
f 1150 1045 1288
f 1041 1040 1291
f 1292 1293 1042
f 1294 1295 1292
f 1295 1296 1292
f 1292 1296 1297
f 1292 1297 1293
f 1293 1297 1298
f 1293 1298 1299
f 1299 1298 1300
f 1301 1302 1303
f 1303 1302 1304
f 1303 1304 1305
f 1306 1307 1308
f 1308 1307 1309
f 1308 1309 1310
f 1310 1309 1311
f 1310 1311 1301
f 1301 1311 1312
f 1301 1312 1302
f 1313 1314 1315
f 1315 1314 1316
f 1315 1316 1304
f 1304 1316 1299
f 1304 1299 1305
f 1305 1299 1300
f 1317 1318 1319
f 1319 1318 1320
f 1319 1320 1292
f 1292 1320 1321
f 1292 1321 1322
f 1322 1323 1292
f 1292 1323 1307
f 1292 1307 1294
f 1294 1307 1306
f 1323 1324 1307
f 1307 1324 1325
f 1307 1325 1326
f 1326 1325 1327
f 1326 1327 1328
f 1328 1327 1329
f 1327 1330 1329
f 1329 1330 1331
f 1329 1331 1332
f 1038 1333 1039
f 1039 1333 1329
f 1039 1329 1319
f 1319 1329 1332
f 1319 1332 1317
f 1334 1335 1336
f 1336 1335 1337
f 1336 1337 1037
f 1338 1339 1340
f 1340 1339 1341
f 1340 1341 1334
f 1342 1343 1344
f 1342 1344 1345
f 1344 1346 1345
f 1345 1346 1347
f 1345 1347 1348
f 1343 1342 1349
f 1349 1342 1350
f 1349 1350 1351
f 1351 1350 1352
f 1351 1352 1353
f 1347 1354 1348
f 1348 1354 1355
f 1348 1355 1356
f 1356 1355 1357
f 1063 1358 1064
f 1064 1358 1359
f 1064 1359 1360
f 1360 1359 1067
f 1360 1067 1033
f 1033 1067 1066
f 1033 1066 1031
f 546 1066 548
f 548 1066 1065
f 548 1065 550
f 550 1065 1361
f 550 1361 1139
f 1139 1361 1362
f 1139 1362 1140
f 542 540 1363
f 1098 1100 534
f 534 1100 1364
f 534 1364 536
f 536 1364 1058
f 536 1058 538
f 538 1058 1057
f 538 1057 540
f 540 1057 1269
f 540 1269 1363
f 1363 1365 542
f 542 1365 1366
f 542 1366 544
f 544 1366 1367
f 544 1367 546
f 546 1367 1368
f 546 1368 1066
f 1066 1368 1369
f 1066 1369 1031
f 1370 1371 1268
f 1268 1371 1372
f 1268 1372 1269
f 1175 1178 522
f 522 1178 1180
f 522 1180 524
f 524 1180 526
f 1103 534 1373
f 1373 534 532
f 1373 532 1107
f 1107 532 530
f 1107 530 1108
f 1108 530 528
f 1108 528 1050
f 1050 528 526
f 1050 526 1051
f 1051 526 1180
f 1051 1180 1052
f 1291 1374 1375
f 1376 1377 1378
f 1042 1041 1292
f 1292 1041 1291
f 1292 1291 1319
f 1319 1291 1375
f 1319 1375 1379
f 1379 1380 1319
f 1319 1380 1381
f 1319 1381 1039
f 1039 1381 1382
f 1039 1382 1383
f 1378 1384 1376
f 1376 1384 1385
f 1376 1385 1291
f 1291 1385 1386
f 1291 1386 1374
f 1152 1387 1388
f 1040 1290 1291
f 1291 1290 1152
f 1291 1152 1376
f 1376 1152 1388
f 1376 1388 1389
f 1389 1390 1376
f 1376 1390 1391
f 1376 1391 1028
f 1391 1392 1028
f 1028 1392 1393
f 1028 1393 1029
f 1029 1393 1394
f 1029 1394 1395
f 1395 1396 1029
f 1029 1396 1397
f 1029 1397 1152
f 1152 1397 1398
f 1152 1398 1387
f 1286 1283 1284
f 1284 1283 1049
f 1284 1049 1285
f 1285 1049 1159
f 1285 1159 1079
f 1079 1159 1161
f 1079 1161 1077
f 1077 1161 1399
f 1274 1400 1275
f 1275 1400 1401
f 1275 1401 1091
f 1091 1401 1402
f 1091 1402 1089
f 1089 1402 1403
f 1168 1404 1160
f 1160 1404 1030
f 1160 1030 1161
f 1161 1030 1149
f 1161 1149 1399
f 1047 1405 1048
f 1048 1405 1406
f 1048 1406 1049
f 1049 1406 1407
f 1049 1407 1159
f 1159 1407 1076
f 1159 1076 1157
f 1157 1076 1075
f 1400 1408 1401
f 1401 1408 1409
f 1401 1409 1402
f 1402 1409 1096
f 1402 1096 1403
f 1403 1096 1097
f 1383 1377 1039
f 1039 1377 1376
f 1039 1376 1037
f 1037 1376 1028
f 1037 1028 1336
f 1336 1028 1030
f 1336 1030 1334
f 1334 1030 1404
f 1334 1404 1340
f 1340 1404 1168
f 1340 1168 1338
f 1338 1168 1186
f 1405 1052 1406
f 1406 1052 1180
f 1406 1180 1407
f 1407 1180 1183
f 1407 1183 1076
f 1076 1183 1167
f 1076 1167 1074
f 1074 1167 1166
f 1408 1410 1409
f 1409 1410 1053
f 1409 1053 1096
f 1096 1053 1055
f 1096 1055 1088
f 1088 1055 1272
f 1088 1272 1086
f 1086 1272 1273
f 1086 1273 1106
f 1106 1273 1101
f 1265 1262 1266
f 1266 1262 1261
f 1266 1261 1267
f 1267 1261 1352
f 1267 1352 1268
f 1268 1352 1350
f 1268 1350 1370
f 511 516 1187
f 1187 516 1135
f 1187 1135 1190
f 1190 1135 1133
f 1190 1133 1188
f 1188 1133 1144
f 1188 1144 1192
f 1192 1144 1118
f 1192 1118 1113
f 1113 1118 1117
f 1113 1117 1114
f 1353 1352 1035
f 1035 1352 1261
f 1035 1261 1036
f 1036 1261 1260
f 1036 1260 1250
f 1250 1260 1258
f 1250 1258 1251
f 1251 1258 1411
f 1251 1411 1253
f 1362 1204 1140
f 1140 1204 1203
f 1140 1203 1118
f 1118 1203 1131
f 1118 1131 1116
f 1116 1131 1130
f 1062 1064 1345
f 1345 1064 1360
f 1345 1360 1342
f 1342 1360 1033
f 1342 1033 1350
f 1350 1033 1032
f 1350 1032 1370
f 1356 1205 1348
f 1348 1205 1061
f 1348 1061 1345
f 1345 1061 1060
f 1345 1060 1062
f 1062 1060 1059
f 1412 1413 1250
f 1414 1415 1356
f 1416 1205 1417
f 1417 1205 1356
f 1417 1356 1418
f 1418 1356 1415
f 1413 1414 1250
f 1250 1414 1356
f 1250 1356 1036
f 1036 1356 1357
f 1036 1357 1034
f 1416 1419 1205
f 1205 1419 1420
f 1205 1420 1027
f 1027 1420 1421
f 1027 1421 1025
f 1422 1423 1216
f 1424 1425 1252
f 1252 1425 1426
f 1427 1428 1027
f 1027 1428 1429
f 1429 1422 1027
f 1027 1422 1216
f 1027 1216 1205
f 1205 1216 1218
f 1205 1218 1206
f 1206 1218 1217
f 1426 1427 1252
f 1252 1427 1027
f 1252 1027 1250
f 1250 1027 1026
f 1250 1026 1412
f 1423 1430 1216
f 1216 1430 1431
f 1216 1431 1210
f 1210 1431 1432
f 1210 1432 1433
f 1256 1247 1254
f 1254 1247 1211
f 1254 1211 1252
f 1252 1211 1210
f 1252 1210 1424
f 1424 1210 1433
f 1265 855 1262
f 1262 855 857
f 1262 857 1263
f 1263 857 858
f 1263 858 1257
f 1257 858 609
f 1257 609 1258
f 1258 609 859
f 1258 859 1411
f 1411 859 861
f 1411 861 1253
f 1253 861 606
f 1253 606 1255
f 1255 606 862
f 1255 862 1256
f 1256 862 865
f 1256 865 1247
f 1247 865 866
f 1247 866 1246
f 1246 866 872
f 1246 872 873
f 1246 873 1244
f 1244 873 886
f 1244 886 1248
f 1248 886 885
f 1248 885 1249
f 1249 885 884
f 1249 884 1241
f 1241 884 882
f 1241 882 1239
f 1239 882 880
f 1239 880 1237
f 1237 880 1228
f 1228 880 876
f 1228 876 1226
f 876 897 1226
f 1226 897 899
f 1226 899 1224
f 1224 899 1214
f 1214 899 900
f 1214 900 1215
f 1215 900 903
f 1215 903 1217
f 1217 903 904
f 1217 904 1206
f 1206 904 906
f 1206 906 1207
f 1207 906 908
f 1207 908 1059
f 1059 908 910
f 1059 910 1062
f 1062 910 909
f 1062 909 1063
f 1063 909 913
f 1063 913 1358
f 1358 913 917
f 1234 867 1235
f 1235 867 878
f 1235 878 1236
f 1236 878 877
f 1236 877 1238
f 1238 877 879
f 1238 879 1240
f 1240 879 881
f 1240 881 1242
f 1242 881 883
f 1242 883 1243
f 1243 883 875
f 1243 875 1245
f 1245 875 874
f 1245 874 1230
f 1230 874 871
f 1230 871 1231
f 1231 871 870
f 1231 870 1232
f 1232 870 869
f 1232 869 1233
f 1233 869 868
f 1233 868 1234
f 1234 868 867
f 1209 887 1222
f 1222 887 902
f 1222 902 1223
f 1223 902 901
f 1223 901 1225
f 1225 901 898
f 1225 898 1227
f 1227 898 896
f 1227 896 1229
f 1229 896 895
f 1229 895 1212
f 1212 895 894
f 1212 894 1213
f 1213 894 893
f 1213 893 1219
f 1219 893 892
f 1219 892 1220
f 1220 892 891
f 1220 891 1221
f 1221 891 890
f 1221 890 1208
f 1208 890 888
f 1208 888 1209
f 1209 888 887
f 1422 601 1423
f 1423 601 600
f 1423 600 1430
f 1430 600 973
f 1430 973 1431
f 1431 973 972
f 1431 972 1432
f 1432 972 971
f 1432 971 1433
f 1433 971 968
f 1433 968 1424
f 1424 968 969
f 1424 969 1425
f 1425 969 970
f 1425 970 1426
f 1426 970 967
f 1426 967 1427
f 1427 967 966
f 1427 966 1428
f 1428 966 965
f 1428 965 1429
f 1429 965 964
f 1429 964 1422
f 1422 964 601
f 1417 978 1416
f 1416 978 985
f 1416 985 1419
f 1419 985 984
f 1419 984 1420
f 1420 984 983
f 1420 983 1421
f 1421 983 982
f 1421 982 1025
f 1025 982 981
f 1025 981 1026
f 1026 981 980
f 1026 980 1412
f 1412 980 979
f 1412 979 1413
f 1413 979 975
f 1413 975 1414
f 1414 975 974
f 1414 974 1415
f 1415 974 977
f 1415 977 1418
f 1418 977 976
f 1418 976 1417
f 1417 976 978
f 1344 755 1346
f 1346 755 746
f 1346 746 1347
f 1347 746 745
f 1347 745 1354
f 1354 745 743
f 1354 743 1355
f 1355 743 742
f 1355 742 1357
f 1357 742 748
f 1357 748 1034
f 1034 748 750
f 1034 750 1035
f 1035 750 752
f 1035 752 1353
f 1353 752 754
f 1353 754 1351
f 1351 754 759
f 1351 759 1349
f 1349 759 758
f 1349 758 1343
f 1343 758 756
f 1343 756 1344
f 1344 756 755
f 1367 637 1368
f 1368 637 764
f 1368 764 1369
f 1369 764 762
f 1369 762 1031
f 1031 762 761
f 1031 761 1032
f 1032 761 635
f 1032 635 1370
f 1370 635 634
f 1370 634 1371
f 1371 634 772
f 1371 772 1372
f 1372 772 771
f 1372 771 1269
f 1269 771 632
f 1269 632 1363
f 1363 632 631
f 1363 631 1365
f 1365 631 774
f 1365 774 1366
f 1366 774 638
f 1366 638 1367
f 1367 638 637
f 1434 557 1435
f 1435 557 556
f 1435 556 1436
f 1437 573 1438
f 1438 573 571
f 1438 571 1439
f 1440 581 1441
f 1441 581 579
f 1441 579 1442
f 1442 579 577
f 1442 577 1437
f 1437 577 575
f 1437 575 573
f 1443 561 1434
f 1434 561 559
f 1434 559 557
f 571 569 1439
f 1439 569 567
f 1439 567 1444
f 1444 567 565
f 1444 565 1443
f 1443 565 563
f 1443 563 561
f 556 589 1436
f 1436 589 587
f 1436 587 1445
f 1445 587 585
f 1445 585 1440
f 1440 585 583
f 1440 583 581
f 619 1047 620
f 620 1047 1283
f 620 1283 622
f 622 1283 1286
f 622 1286 623
f 623 1286 1287
f 1316 797 1299
f 1299 797 783
f 1299 783 1293
f 1293 783 794
f 1293 794 1042
f 1042 794 801
f 1042 801 1040
f 1040 801 803
f 1040 803 1289
f 1289 803 805
f 1289 805 1043
f 1043 805 628
f 1043 628 1044
f 1044 628 806
f 1044 806 1046
f 1046 806 625
f 1046 625 1287
f 1287 625 807
f 1287 807 623
f 1338 672 1339
f 1339 672 936
f 1339 936 1341
f 1341 936 938
f 1341 938 1334
f 1334 938 1335
f 1335 938 939
f 1335 939 1337
f 1337 939 603
f 1337 603 1037
f 1037 603 940
f 1037 940 1038
f 958 1328 949
f 949 1328 1329
f 949 1329 950
f 950 1329 1333
f 950 1333 952
f 952 1333 1038
f 952 1038 942
f 942 1038 940
f 1327 947 1330
f 1330 947 957
f 1330 957 1331
f 1331 957 956
f 1331 956 1332
f 1332 956 946
f 1332 946 1317
f 1317 946 944
f 1317 944 1318
f 1318 944 943
f 1318 943 1320
f 1320 943 954
f 1320 954 1321
f 1321 954 955
f 1321 955 1322
f 1322 955 962
f 1322 962 1323
f 1323 962 961
f 1323 961 1324
f 1324 961 960
f 1324 960 1325
f 1325 960 948
f 1325 948 1327
f 1327 948 947
f 1381 1022 1382
f 1382 1022 1021
f 1382 1021 1383
f 1383 1021 1016
f 1383 1016 1377
f 1377 1016 1015
f 1377 1015 1378
f 1378 1015 1020
f 1378 1020 1384
f 1384 1020 1019
f 1384 1019 1385
f 1385 1019 1018
f 1385 1018 1386
f 1386 1018 1017
f 1386 1017 1374
f 1374 1017 1014
f 1374 1014 1375
f 1375 1014 1013
f 1375 1013 1379
f 1379 1013 1024
f 1379 1024 1380
f 1380 1024 1023
f 1380 1023 1381
f 1381 1023 1022
f 1391 1005 1392
f 1392 1005 1004
f 1392 1004 1393
f 1393 1004 1003
f 1393 1003 1394
f 1394 1003 1002
f 1394 1002 1395
f 1395 1002 1012
f 1395 1012 1396
f 1396 1012 1011
f 1396 1011 1397
f 1397 1011 1010
f 1397 1010 1398
f 1398 1010 1009
f 1398 1009 1387
f 1387 1009 1001
f 1387 1001 1388
f 1388 1001 1000
f 1388 1000 1389
f 1389 1000 1008
f 1389 1008 1390
f 1390 1008 1007
f 1390 1007 1391
f 1391 1007 1005
f 1155 687 1156
f 1156 687 685
f 1156 685 1148
f 1148 685 683
f 1148 683 1149
f 1149 683 682
f 1149 682 1399
f 1399 682 681
f 1399 681 1077
f 1077 681 680
f 1077 680 1078
f 1078 680 679
f 1078 679 1288
f 1288 679 677
f 1288 677 1150
f 1150 677 676
f 1150 676 1151
f 1151 676 675
f 1151 675 1153
f 1153 675 690
f 1153 690 1154
f 1154 690 689
f 1154 689 1155
f 1155 689 687
f 1169 663 1170
f 1170 663 674
f 1170 674 1171
f 1171 674 673
f 1171 673 1166
f 1166 673 671
f 1166 671 1074
f 1074 671 669
f 1074 669 1075
f 1075 669 668
f 1075 668 1157
f 1157 668 667
f 1157 667 1158
f 1158 667 660
f 1158 660 1163
f 1163 660 659
f 1163 659 1164
f 1164 659 661
f 1164 661 1165
f 1165 661 666
f 1165 666 1162
f 1162 666 665
f 1162 665 1169
f 1169 665 663
f 1174 655 1173
f 1173 655 654
f 1173 654 1172
f 1172 654 652
f 1172 652 1177
f 1177 652 651
f 1177 651 1176
f 1176 651 649
f 1176 649 1175
f 1175 649 648
f 1175 648 1178
f 1178 648 647
f 1178 647 1179
f 1179 647 646
f 1179 646 1181
f 1181 646 643
f 1181 643 1182
f 1182 643 644
f 1182 644 1184
f 1184 644 658
f 1184 658 1185
f 1185 658 657
f 1185 657 1174
f 1174 657 655
f 765 1065 763
f 763 1065 1067
f 763 1067 915
f 915 1067 1359
f 915 1359 917
f 917 1359 1358
f 672 1338 670
f 670 1338 1186
f 670 1186 992
f 1187 932 1073
f 1073 932 992
f 1073 992 1071
f 1071 992 1186
f 1405 616 1052
f 1052 616 615
f 1052 615 1050
f 1050 615 821
f 1050 821 1108
f 1047 619 1405
f 1405 619 618
f 1405 618 616
f 846 853 1264
f 1264 853 852
f 855 1265 854
f 854 1265 1264
f 854 1264 612
f 612 1264 852
f 1364 842 1058
f 1058 842 846
f 1058 846 1056
f 1056 846 1264
f 1434 840 1443
f 1443 840 839
f 1443 839 1444
f 1444 839 851
f 1444 851 1439
f 1439 851 850
f 1439 850 1438
f 1438 850 849
f 1438 849 1437
f 1437 849 848
f 1437 848 1442
f 1442 848 847
f 1442 847 1441
f 1441 847 845
f 1441 845 1440
f 1440 845 844
f 1440 844 1445
f 1445 844 841
f 1445 841 1436
f 1436 841 838
f 1436 838 1435
f 1435 838 837
f 1435 837 1434
f 1434 837 840
f 1282 824 823
f 1282 823 1279
f 1279 823 830
f 1279 830 1278
f 1278 830 828
f 1278 828 1277
f 1277 828 827
f 1277 827 1276
f 1276 827 999
f 1276 999 1274
f 1274 999 998
f 1274 998 1400
f 1400 998 997
f 1400 997 1408
f 1408 997 833
f 1408 833 1410
f 1085 737 1087
f 1087 737 735
f 1087 735 1094
f 1094 735 733
f 1094 733 1095
f 1095 733 732
f 1095 732 1097
f 1097 732 725
f 1097 725 1403
f 1403 725 724
f 1403 724 1089
f 1089 724 727
f 1089 727 1090
f 1090 727 729
f 1090 729 1092
f 1092 729 731
f 1092 731 1093
f 1093 731 740
f 1093 740 1081
f 1081 740 739
f 1081 739 1083
f 1083 739 738
f 1083 738 1085
f 1085 738 737
f 1107 811 1373
f 1373 811 822
f 1373 822 1103
f 1103 822 818
f 1103 818 1102
f 1102 818 819
f 1102 819 1098
f 1098 819 820
f 1098 820 1099
f 1099 820 809
f 1099 809 1101
f 1101 809 808
f 1101 808 1106
f 1106 808 817
f 1106 817 1104
f 1104 817 816
f 1104 816 1105
f 1105 816 815
f 1105 815 1111
f 1111 815 814
f 1111 814 1109
f 1109 814 812
f 1109 812 1107
f 1107 812 811
f 842 1364 843
f 843 1364 1100
f 843 1100 834
f 834 1100 1271
f 834 1271 835
f 835 1271 836
f 836 1271 1270
f 836 1270 832
f 1410 833 1053
f 1053 833 832
f 1053 832 1054
f 1054 832 1270
f 1108 821 1110
f 1110 821 813
f 824 1282 825
f 825 1282 1281
f 825 1281 826
f 826 1281 1280
f 826 1280 813
f 813 1280 1112
f 813 1112 1110
f 932 1187 934
f 934 1187 1190
f 934 1190 935
f 935 1190 1189
f 1068 991 1069
f 1069 991 990
f 1069 990 1193
f 1193 990 930
f 1193 930 1191
f 1191 930 929
f 1191 929 1189
f 1189 929 927
f 1189 927 935
f 1065 765 1361
f 1361 765 769
f 1361 769 1362
f 1362 769 923
f 1362 923 1204
f 923 922 1204
f 1204 922 921
f 1204 921 1202
f 1202 921 919
f 1202 919 1201
f 1201 919 918
f 918 986 1201
f 1201 986 1199
f 1199 986 1200
f 1200 986 987
f 1200 987 1197
f 1197 987 988
f 1197 988 1198
f 1198 988 713
f 1198 713 1120
f 1120 713 925
f 1120 925 1196
f 1196 925 924
f 1196 924 1195
f 1195 924 926
f 1195 926 1194
f 1194 926 991
f 1194 991 1068
f 1121 641 1119
f 1119 641 640
f 1119 640 1125
f 1125 640 712
f 1125 712 1126
f 1126 712 714
f 1126 714 1128
f 1128 714 716
f 1128 716 1130
f 1130 716 717
f 1130 717 1116
f 1116 717 719
f 1116 719 1117
f 1117 719 721
f 1117 721 1114
f 1114 721 722
f 1114 722 1115
f 1115 722 711
f 1115 711 1124
f 1124 711 709
f 1124 709 1123
f 1123 709 708
f 1123 708 1121
f 1121 708 641
f 1143 691 1145
f 1145 691 695
f 1145 695 1146
f 1146 695 704
f 1146 704 1147
f 1147 704 706
f 1147 706 1141
f 1141 706 766
f 1141 766 1139
f 1139 766 703
f 1139 703 1138
f 1138 703 702
f 1138 702 1137
f 1137 702 700
f 1137 700 1136
f 1136 700 699
f 1136 699 1134
f 1134 699 697
f 1134 697 1132
f 1132 697 696
f 1132 696 1142
f 1142 696 692
f 1142 692 1143
f 1143 692 691
f 1302 779 1304
f 1304 779 777
f 1304 777 1315
f 777 800 1315
f 1315 800 799
f 1315 799 1313
f 1313 799 798
f 1313 798 1314
f 1314 798 797
f 1314 797 1316
f 781 779 1312
f 1312 779 1302
f 958 959 1328
f 1328 959 1326
f 1326 959 1307
f 1307 959 786
f 1307 786 1309
f 786 792 1309
f 1309 792 793
f 1309 793 1311
f 1311 793 781
f 1311 781 1312
f 1310 782 1308
f 1308 782 791
f 1308 791 1306
f 1306 791 790
f 1306 790 1294
f 1294 790 788
f 1294 788 1295
f 1295 788 789
f 1295 789 1296
f 1296 789 796
f 1296 796 1297
f 1297 796 795
f 1297 795 1298
f 1298 795 785
f 1298 785 1300
f 1300 785 784
f 1300 784 1305
f 1305 784 776
f 1305 776 1303
f 1303 776 778
f 1303 778 1301
f 1301 778 780
f 1301 780 1310
f 1310 780 782
f 1446 1447 1448
f 1448 1447 1449
f 1448 1449 1450
f 1450 1449 1451
f 1450 1451 1452
f 1452 1451 1453
f 1452 1453 1454
f 1454 1453 1455
f 1454 1455 1456
f 1456 1455 1457
f 1456 1457 1458
f 1458 1457 1459
f 1458 1459 1460
f 1460 1459 1461
f 1460 1461 1462
f 1462 1461 1463
f 1462 1463 1464
f 1464 1463 1465
f 1464 1465 1466
f 1466 1465 1467
f 1466 1467 1468
f 1468 1467 1469
f 1468 1469 1470
f 1470 1469 1471
f 1470 1471 1472
f 1472 1471 1473
f 1472 1473 1474
f 1474 1473 1475
f 1474 1475 1476
f 1476 1475 1477
f 1476 1477 1478
f 1478 1477 1479
f 1478 1479 1480
f 1480 1479 1481
f 1480 1481 1482
f 1482 1481 1483
f 1482 1483 1484
f 1484 1483 1485
f 1484 1485 1486
f 1486 1485 1487
f 1486 1487 1488
f 1488 1487 1489
f 1488 1489 1490
f 1490 1489 1491
f 1490 1491 1492
f 1492 1491 1493
f 1492 1493 1494
f 1494 1493 1495
f 1494 1495 1496
f 1496 1495 1497
f 1496 1497 1498
f 1498 1497 1499
f 1498 1499 1500
f 1500 1499 1501
f 1500 1501 1502
f 1502 1501 1503
f 1502 1503 1504
f 1504 1503 1505
f 1504 1505 1506
f 1506 1505 1507
f 1506 1507 1508
f 1508 1507 1509
f 1508 1509 1446
f 1446 1509 1447
f 1477 1475 1510
f 1477 1510 1479
f 1485 1483 1510
f 1510 1483 1481
f 1510 1481 1479
f 1491 1489 1510
f 1510 1489 1487
f 1510 1487 1485
f 1497 1495 1510
f 1510 1495 1493
f 1510 1493 1491
f 1503 1501 1510
f 1510 1501 1499
f 1510 1499 1497
f 1509 1507 1510
f 1510 1507 1505
f 1510 1505 1503
f 1451 1449 1510
f 1510 1449 1447
f 1510 1447 1509
f 1457 1455 1510
f 1510 1455 1453
f 1510 1453 1451
f 1463 1461 1510
f 1510 1461 1459
f 1510 1459 1457
f 1469 1467 1510
f 1510 1467 1465
f 1510 1465 1463
f 1475 1473 1510
f 1510 1473 1471
f 1510 1471 1469
f 1478 1480 1511
f 1478 1511 1476
f 1470 1472 1511
f 1511 1472 1474
f 1511 1474 1476
f 1464 1466 1511
f 1511 1466 1468
f 1511 1468 1470
f 1458 1460 1511
f 1511 1460 1462
f 1511 1462 1464
f 1452 1454 1511
f 1511 1454 1456
f 1511 1456 1458
f 1446 1448 1511
f 1511 1448 1450
f 1511 1450 1452
f 1504 1506 1511
f 1511 1506 1508
f 1511 1508 1446
f 1498 1500 1511
f 1511 1500 1502
f 1511 1502 1504
f 1492 1494 1511
f 1511 1494 1496
f 1511 1496 1498
f 1486 1488 1511
f 1511 1488 1490
f 1511 1490 1492
f 1480 1482 1511
f 1511 1482 1484
f 1511 1484 1486
f 1478 1512 1513
f 1513 1512 1514
f 1513 1514 1515
f 1515 1514 1516
f 1515 1516 1517
f 1517 1516 1518
f 1517 1518 1519
f 1519 1518 1520
f 1519 1520 1521
f 1521 1520 1522
f 1521 1522 1523
f 1523 1522 1524
f 1523 1524 1525
f 1525 1524 1526
f 1525 1526 1527
f 1527 1526 1528
f 1527 1528 1529
f 1529 1528 1530
f 1529 1530 1531
f 1531 1530 1532
f 1531 1532 1533
f 1533 1532 1534
f 1533 1534 1535
f 1535 1534 1536
f 1535 1536 1537
f 1537 1536 1538
f 1537 1538 1539
f 1539 1538 1540
f 1539 1540 1541
f 1541 1540 1542
f 1541 1542 1543
f 1543 1542 1544
f 1543 1544 1545
f 1545 1544 1546
f 1545 1546 1547
f 1547 1546 1548
f 1547 1548 1549
f 1549 1548 1550
f 1549 1550 1551
f 1551 1550 1552
f 1551 1552 1553
f 1553 1552 1554
f 1553 1554 1555
f 1555 1554 1556
f 1555 1556 1557
f 1557 1556 1558
f 1557 1558 1559
f 1559 1558 1560
f 1559 1560 1561
f 1561 1560 1562
f 1561 1562 1563
f 1563 1562 1564
f 1563 1564 1565
f 1565 1564 1566
f 1565 1566 1567
f 1567 1566 1568
f 1567 1568 1569
f 1569 1568 1570
f 1569 1570 1571
f 1571 1570 1572
f 1571 1572 1573
f 1573 1572 1477
f 1573 1477 1478
f 1478 1477 1512
f 1542 1540 1574
f 1542 1574 1544
f 1550 1548 1574
f 1574 1548 1546
f 1574 1546 1544
f 1556 1554 1574
f 1574 1554 1552
f 1574 1552 1550
f 1562 1560 1574
f 1574 1560 1558
f 1574 1558 1556
f 1568 1566 1574
f 1574 1566 1564
f 1574 1564 1562
f 1477 1572 1574
f 1574 1572 1570
f 1574 1570 1568
f 1516 1514 1574
f 1574 1514 1512
f 1574 1512 1477
f 1522 1520 1574
f 1574 1520 1518
f 1574 1518 1516
f 1528 1526 1574
f 1574 1526 1524
f 1574 1524 1522
f 1534 1532 1574
f 1574 1532 1530
f 1574 1530 1528
f 1540 1538 1574
f 1574 1538 1536
f 1574 1536 1534
f 1543 1545 1575
f 1543 1575 1541
f 1535 1537 1575
f 1575 1537 1539
f 1575 1539 1541
f 1529 1531 1575
f 1575 1531 1533
f 1575 1533 1535
f 1523 1525 1575
f 1575 1525 1527
f 1575 1527 1529
f 1517 1519 1575
f 1575 1519 1521
f 1575 1521 1523
f 1478 1513 1575
f 1575 1513 1515
f 1575 1515 1517
f 1569 1571 1575
f 1575 1571 1573
f 1575 1573 1478
f 1563 1565 1575
f 1575 1565 1567
f 1575 1567 1569
f 1557 1559 1575
f 1575 1559 1561
f 1575 1561 1563
f 1551 1553 1575
f 1575 1553 1555
f 1575 1555 1557
f 1545 1547 1575
f 1575 1547 1549
f 1575 1549 1551
f 1543 1576 1577
f 1577 1576 1578
f 1577 1578 1579
f 1579 1578 1580
f 1579 1580 1581
f 1581 1580 1582
f 1581 1582 1583
f 1583 1582 1584
f 1583 1584 1585
f 1585 1584 1586
f 1585 1586 1587
f 1587 1586 1588
f 1587 1588 1589
f 1589 1588 1590
f 1589 1590 1591
f 1591 1590 1592
f 1591 1592 1593
f 1593 1592 1594
f 1593 1594 1595
f 1595 1594 1596
f 1595 1596 1597
f 1597 1596 1598
f 1597 1598 1599
f 1599 1598 1600
f 1599 1600 1601
f 1601 1600 1602
f 1601 1602 1603
f 1603 1602 1604
f 1603 1604 1605
f 1605 1604 1606
f 1605 1606 1607
f 1607 1606 1608
f 1607 1608 1609
f 1609 1608 1610
f 1609 1610 1611
f 1611 1610 1612
f 1611 1612 1613
f 1613 1612 1614
f 1613 1614 1615
f 1615 1614 1616
f 1615 1616 1617
f 1617 1616 1618
f 1617 1618 1619
f 1619 1618 1620
f 1619 1620 1621
f 1621 1620 1622
f 1621 1622 1623
f 1623 1622 1624
f 1623 1624 1625
f 1625 1624 1626
f 1625 1626 1627
f 1627 1626 1628
f 1627 1628 1629
f 1629 1628 1630
f 1629 1630 1631
f 1631 1630 1632
f 1631 1632 1633
f 1633 1632 1634
f 1633 1634 1635
f 1635 1634 1636
f 1635 1636 1637
f 1637 1636 1542
f 1637 1542 1543
f 1543 1542 1576
f 1606 1604 1638
f 1606 1638 1608
f 1614 1612 1638
f 1638 1612 1610
f 1638 1610 1608
f 1620 1618 1638
f 1638 1618 1616
f 1638 1616 1614
f 1626 1624 1638
f 1638 1624 1622
f 1638 1622 1620
f 1632 1630 1638
f 1638 1630 1628
f 1638 1628 1626
f 1542 1636 1638
f 1638 1636 1634
f 1638 1634 1632
f 1580 1578 1638
f 1638 1578 1576
f 1638 1576 1542
f 1586 1584 1638
f 1638 1584 1582
f 1638 1582 1580
f 1592 1590 1638
f 1638 1590 1588
f 1638 1588 1586
f 1598 1596 1638
f 1638 1596 1594
f 1638 1594 1592
f 1604 1602 1638
f 1638 1602 1600
f 1638 1600 1598
f 1607 1609 1639
f 1607 1639 1605
f 1599 1601 1639
f 1639 1601 1603
f 1639 1603 1605
f 1593 1595 1639
f 1639 1595 1597
f 1639 1597 1599
f 1587 1589 1639
f 1639 1589 1591
f 1639 1591 1593
f 1581 1583 1639
f 1639 1583 1585
f 1639 1585 1587
f 1543 1577 1639
f 1639 1577 1579
f 1639 1579 1581
f 1633 1635 1639
f 1639 1635 1637
f 1639 1637 1543
f 1627 1629 1639
f 1639 1629 1631
f 1639 1631 1633
f 1621 1623 1639
f 1639 1623 1625
f 1639 1625 1627
f 1615 1617 1639
f 1639 1617 1619
f 1639 1619 1621
f 1609 1611 1639
f 1639 1611 1613
f 1639 1613 1615
f 1640 1641 1642
f 1643 1644 1640
f 1645 1646 1647
f 1641 1640 1648
f 1648 1640 1645
f 1648 1645 1649
f 1647 1650 1645
f 1645 1650 1651
f 1645 1651 1652
f 1644 1653 1640
f 1640 1653 1654
f 1640 1654 1655
f 1656 1657 1658
f 1642 1659 1640
f 1640 1659 1660
f 1640 1660 1643
f 1643 1660 1656
f 1643 1656 1661
f 1661 1656 1658
f 1662 1663 1664
f 1664 1663 1665
f 1664 1665 1652
f 1652 1665 1666
f 1652 1666 1645
f 1645 1666 1667
f 1645 1667 1649
f 1668 1646 1669
f 1670 1671 1669
f 1669 1671 1672
f 1672 1673 1669
f 1669 1673 1674
f 1669 1674 1668
f 1675 1676 1677
f 1678 1679 1680
f 1677 1681 1675
f 1675 1681 1682
f 1675 1682 1683
f 1683 1682 1684
f 1683 1684 1685
f 1685 1686 1683
f 1683 1686 1687
f 1683 1687 1679
f 1679 1687 1688
f 1679 1688 1680
f 1689 1690 1691
f 1691 1690 1678
f 1691 1678 1692
f 1692 1678 1680
f 1693 1694 1695
f 1695 1694 1696
f 1675 1697 1676
f 1676 1697 1698
f 1699 1700 1701
f 1701 1700 1702
f 1700 1697 1683
f 1683 1697 1675
f 1702 1700 1703
f 1703 1700 1683
f 1703 1683 1704
f 1704 1683 1705
f 1706 1707 1690
f 1690 1707 1678
f 1707 1694 1708
f 1708 1694 1693
f 1678 1707 1679
f 1679 1707 1708
f 1679 1708 1709
f 1709 1708 1710
f 1693 1695 1711
f 1711 1712 1693
f 1693 1712 1713
f 1693 1713 1708
f 1708 1713 1714
f 1715 1703 1716
f 1716 1703 1708
f 1716 1708 1717
f 1717 1708 1714
f 1715 1718 1703
f 1703 1718 1719
f 1703 1719 1702
f 1720 1701 1721
f 1721 1701 1702
f 1721 1702 1722
f 1722 1702 1719
f 1723 1694 1724
f 1724 1694 1707
f 1725 1696 1726
f 1726 1696 1694
f 1727 1698 1728
f 1728 1698 1697
f 1728 1697 1729
f 1729 1697 1730
f 1731 1732 1733
f 1733 1732 1734
f 1707 1706 1735
f 1734 1736 1733
f 1733 1736 1737
f 1733 1737 1723
f 1735 1738 1707
f 1707 1738 1739
f 1707 1739 1724
f 1724 1739 1740
f 1740 1741 1724
f 1724 1741 1742
f 1724 1742 1743
f 1743 1742 1744
f 1743 1744 1745
f 1699 1746 1700
f 1700 1746 1747
f 1737 1748 1723
f 1723 1748 1749
f 1723 1749 1694
f 1694 1749 1750
f 1694 1750 1726
f 1745 1730 1743
f 1743 1730 1697
f 1743 1697 1733
f 1733 1697 1700
f 1733 1700 1731
f 1731 1700 1747
f 1709 1705 1679
f 1679 1705 1683
f 1704 1710 1703
f 1703 1710 1708
f 1709 1710 1705
f 1705 1710 1704
f 1720 1746 1701
f 1701 1746 1699
f 1711 1695 1725
f 1725 1695 1696
f 1746 1720 1747
f 1747 1720 1721
f 1747 1721 1731
f 1731 1721 1722
f 1731 1722 1732
f 1732 1722 1719
f 1732 1719 1734
f 1734 1719 1718
f 1734 1718 1736
f 1736 1718 1715
f 1736 1715 1737
f 1737 1715 1716
f 1737 1716 1748
f 1748 1716 1717
f 1748 1717 1749
f 1749 1717 1714
f 1749 1714 1750
f 1750 1714 1713
f 1750 1713 1726
f 1726 1713 1712
f 1726 1712 1725
f 1725 1712 1711
f 1689 1735 1690
f 1690 1735 1706
f 1677 1676 1727
f 1727 1676 1698
f 1735 1689 1738
f 1738 1689 1691
f 1738 1691 1739
f 1739 1691 1692
f 1739 1692 1740
f 1740 1692 1680
f 1740 1680 1741
f 1741 1680 1688
f 1741 1688 1742
f 1742 1688 1687
f 1742 1687 1744
f 1744 1687 1686
f 1744 1686 1745
f 1745 1686 1685
f 1745 1685 1730
f 1730 1685 1684
f 1730 1684 1729
f 1729 1684 1682
f 1729 1682 1728
f 1728 1682 1681
f 1728 1681 1727
f 1727 1681 1677
f 1733 1640 1743
f 1743 1640 1655
f 1743 1655 1751
f 1645 1640 1723
f 1723 1640 1733
f 1645 1723 1646
f 1646 1723 1724
f 1646 1724 1669
f 1743 1751 1724
f 1724 1751 1670
f 1724 1670 1669
f 1752 1753 1751
f 1751 1753 1754
f 1751 1754 1670
f 1655 1755 1751
f 1751 1755 1756
f 1751 1756 1752
f 1757 1664 1652
f 1757 1652 1758
f 1758 1652 1651
f 1758 1651 1759
f 1759 1651 1650
f 1759 1650 1760
f 1760 1650 1647
f 1760 1647 1761
f 1761 1647 1646
f 1761 1646 1762
f 1646 1668 1762
f 1762 1668 1674
f 1762 1674 1763
f 1763 1674 1673
f 1763 1673 1764
f 1764 1673 1672
f 1764 1672 1765
f 1765 1672 1671
f 1765 1671 1766
f 1766 1671 1670
f 1766 1670 1767
f 1767 1670 1754
f 1767 1754 1768
f 1768 1754 1753
f 1768 1753 1769
f 1769 1753 1752
f 1769 1752 1770
f 1770 1752 1756
f 1770 1756 1771
f 1771 1756 1755
f 1771 1755 1772
f 1772 1755 1655
f 1772 1655 1773
f 1655 1654 1773
f 1773 1654 1653
f 1773 1653 1774
f 1774 1653 1644
f 1774 1644 1775
f 1775 1644 1643
f 1775 1643 1776
f 1776 1643 1661
f 1776 1661 1777
f 1778 1656 1660
f 1778 1660 1779
f 1779 1660 1659
f 1779 1659 1780
f 1780 1659 1642
f 1780 1642 1781
f 1781 1642 1641
f 1781 1641 1782
f 1782 1641 1648
f 1782 1648 1783
f 1783 1648 1649
f 1783 1649 1784
f 1784 1649 1667
f 1784 1667 1785
f 1785 1667 1666
f 1785 1666 1786
f 1786 1666 1665
f 1786 1665 1787
f 1788 1789 1790
f 1790 1789 1791
f 1790 1791 1792
f 1792 1772 1790
f 1790 1772 1773
f 1790 1773 1774
f 1785 1786 1778
f 1778 1786 1787
f 1778 1787 1793
f 1793 1787 1794
f 1793 1794 1795
f 1795 1794 1790
f 1795 1790 1777
f 1796 1766 1797
f 1797 1766 1767
f 1797 1767 1798
f 1790 1757 1788
f 1788 1757 1758
f 1788 1758 1799
f 1799 1758 1759
f 1799 1759 1800
f 1800 1759 1760
f 1800 1760 1801
f 1801 1760 1761
f 1801 1761 1802
f 1802 1761 1762
f 1802 1762 1803
f 1774 1775 1790
f 1790 1775 1776
f 1790 1776 1777
f 1781 1782 1783
f 1762 1763 1803
f 1803 1763 1764
f 1803 1764 1796
f 1796 1764 1765
f 1796 1765 1766
f 1779 1780 1778
f 1778 1780 1781
f 1781 1783 1778
f 1778 1783 1784
f 1778 1784 1785
f 1792 1804 1772
f 1772 1804 1805
f 1772 1805 1771
f 1771 1805 1806
f 1771 1806 1770
f 1770 1806 1807
f 1770 1807 1769
f 1769 1807 1798
f 1769 1798 1768
f 1768 1798 1767
f 1805 1804 1808
f 1792 1809 1804
f 1804 1809 1810
f 1804 1810 1808
f 1791 1811 1792
f 1792 1811 1812
f 1792 1812 1809
f 1789 1813 1791
f 1791 1813 1814
f 1791 1814 1811
f 1788 1815 1789
f 1789 1815 1816
f 1789 1816 1813
f 1799 1817 1788
f 1788 1817 1818
f 1788 1818 1815
f 1800 1819 1799
f 1799 1819 1820
f 1799 1820 1817
f 1803 1821 1802
f 1802 1821 1822
f 1802 1822 1801
f 1801 1822 1823
f 1801 1823 1800
f 1800 1823 1824
f 1800 1824 1819
f 1796 1825 1803
f 1803 1825 1826
f 1803 1826 1821
f 1797 1827 1796
f 1796 1827 1828
f 1796 1828 1825
f 1798 1829 1797
f 1797 1829 1830
f 1797 1830 1827
f 1807 1831 1798
f 1798 1831 1832
f 1798 1832 1829
f 1806 1833 1807
f 1807 1833 1834
f 1807 1834 1831
f 1808 1835 1805
f 1805 1835 1836
f 1805 1836 1806
f 1806 1836 1837
f 1806 1837 1833
f 1838 1839 1840
f 1841 1842 1843
f 1843 1842 1838
f 1843 1838 1844
f 1844 1838 1840
f 1845 1846 1847
f 1847 1846 1848
f 1847 1848 1839
f 1839 1848 1849
f 1839 1849 1840
f 1850 1851 1852
f 1845 1847 1853
f 1853 1847 1854
f 1853 1854 1855
f 1850 1852 1856
f 1857 1858 1859
f 1859 1858 1860
f 1859 1860 1861
f 1852 1862 1856
f 1856 1862 1863
f 1856 1863 1854
f 1854 1863 1864
f 1854 1864 1855
f 1851 1850 1865
f 1865 1850 1866
f 1865 1866 1867
f 1841 1868 1842
f 1842 1868 1869
f 1842 1869 1870
f 1871 1872 1866
f 1866 1872 1873
f 1866 1873 1867
f 1857 1874 1858
f 1858 1874 1875
f 1858 1875 1871
f 1871 1875 1876
f 1871 1876 1872
f 1869 1877 1870
f 1870 1877 1878
f 1870 1878 1860
f 1860 1878 1879
f 1860 1879 1861
f 1868 1880 1869
f 1869 1880 1881
f 1869 1881 1877
f 1877 1881 1882
f 1877 1882 1878
f 1878 1882 1883
f 1878 1883 1879
f 1879 1883 1884
f 1879 1884 1861
f 1861 1884 1885
f 1861 1885 1859
f 1859 1885 1886
f 1859 1886 1857
f 1857 1886 1887
f 1857 1887 1874
f 1874 1887 1888
f 1874 1888 1875
f 1875 1888 1889
f 1875 1889 1876
f 1876 1889 1890
f 1876 1890 1872
f 1872 1890 1891
f 1872 1891 1873
f 1873 1891 1892
f 1873 1892 1867
f 1867 1892 1893
f 1867 1893 1865
f 1865 1893 1894
f 1865 1894 1851
f 1851 1894 1895
f 1851 1895 1852
f 1852 1895 1896
f 1852 1896 1862
f 1862 1896 1897
f 1862 1897 1863
f 1863 1897 1898
f 1863 1898 1864
f 1864 1898 1899
f 1864 1899 1855
f 1855 1899 1900
f 1855 1900 1853
f 1853 1900 1901
f 1853 1901 1845
f 1845 1901 1902
f 1845 1902 1846
f 1846 1902 1903
f 1846 1903 1848
f 1848 1903 1904
f 1848 1904 1849
f 1849 1904 1905
f 1849 1905 1840
f 1840 1905 1906
f 1840 1906 1844
f 1844 1906 1907
f 1844 1907 1843
f 1843 1907 1908
f 1843 1908 1841
f 1841 1908 1909
f 1841 1909 1868
f 1868 1909 1880
f 1909 1910 1880
f 1880 1910 1911
f 1880 1911 1881
f 1881 1911 1912
f 1881 1912 1882
f 1882 1912 1913
f 1882 1913 1883
f 1883 1913 1914
f 1883 1914 1884
f 1884 1914 1915
f 1884 1915 1885
f 1885 1915 1916
f 1885 1916 1886
f 1886 1916 1917
f 1886 1917 1887
f 1887 1917 1918
f 1887 1918 1888
f 1888 1918 1919
f 1888 1919 1889
f 1889 1919 1920
f 1889 1920 1890
f 1890 1920 1921
f 1890 1921 1891
f 1891 1921 1922
f 1891 1922 1892
f 1892 1922 1923
f 1892 1923 1893
f 1893 1923 1924
f 1893 1924 1894
f 1894 1924 1925
f 1894 1925 1895
f 1895 1925 1926
f 1895 1926 1896
f 1896 1926 1927
f 1896 1927 1897
f 1897 1927 1928
f 1897 1928 1898
f 1898 1928 1929
f 1898 1929 1899
f 1899 1929 1930
f 1899 1930 1900
f 1900 1930 1931
f 1900 1931 1901
f 1901 1931 1932
f 1901 1932 1902
f 1902 1932 1933
f 1902 1933 1903
f 1903 1933 1934
f 1903 1934 1904
f 1904 1934 1935
f 1904 1935 1905
f 1905 1935 1936
f 1905 1936 1906
f 1906 1936 1937
f 1906 1937 1907
f 1907 1937 1938
f 1907 1938 1908
f 1908 1938 1939
f 1908 1939 1909
f 1909 1939 1910
f 1939 1822 1910
f 1910 1822 1821
f 1910 1821 1911
f 1911 1821 1826
f 1911 1826 1912
f 1912 1826 1825
f 1912 1825 1913
f 1913 1825 1828
f 1913 1828 1914
f 1914 1828 1827
f 1914 1827 1915
f 1915 1827 1830
f 1915 1830 1916
f 1916 1830 1829
f 1916 1829 1917
f 1917 1829 1832
f 1917 1832 1918
f 1918 1832 1831
f 1918 1831 1919
f 1919 1831 1834
f 1919 1834 1920
f 1920 1834 1833
f 1920 1833 1921
f 1921 1833 1837
f 1921 1837 1922
f 1922 1837 1836
f 1922 1836 1923
f 1923 1836 1835
f 1923 1835 1924
f 1924 1835 1808
f 1924 1808 1925
f 1925 1808 1810
f 1925 1810 1926
f 1926 1810 1809
f 1926 1809 1927
f 1927 1809 1812
f 1927 1812 1928
f 1928 1812 1811
f 1928 1811 1929
f 1929 1811 1814
f 1929 1814 1930
f 1930 1814 1813
f 1930 1813 1931
f 1931 1813 1816
f 1931 1816 1932
f 1932 1816 1815
f 1932 1815 1933
f 1933 1815 1818
f 1933 1818 1934
f 1934 1818 1817
f 1934 1817 1935
f 1935 1817 1820
f 1935 1820 1936
f 1936 1820 1819
f 1936 1819 1937
f 1937 1819 1824
f 1937 1824 1938
f 1938 1824 1823
f 1938 1823 1939
f 1939 1823 1822
f 1664 1757 1662
f 1662 1757 1790
f 1662 1790 1663
f 1663 1790 1794
f 1663 1794 1665
f 1665 1794 1787
f 1656 1778 1657
f 1657 1778 1793
f 1657 1793 1658
f 1658 1793 1795
f 1658 1795 1661
f 1661 1795 1777
f 1940 1842 1941
f 1941 1842 1870
f 1941 1870 1942
f 1942 1870 1860
f 1942 1860 1943
f 1943 1860 1858
f 1943 1858 1944
f 1944 1858 1871
f 1944 1871 1945
f 1945 1871 1866
f 1945 1866 1946
f 1946 1866 1850
f 1946 1850 1947
f 1947 1850 1856
f 1947 1856 1948
f 1948 1856 1854
f 1948 1854 1949
f 1949 1854 1847
f 1949 1847 1950
f 1950 1847 1839
f 1950 1839 1951
f 1951 1839 1838
f 1951 1838 1940
f 1940 1838 1842
f 1950 1951 1952
f 1952 1951 1940
f 1952 1940 1941
f 1947 1948 1952
f 1952 1948 1949
f 1952 1949 1950
f 1944 1945 1952
f 1952 1945 1946
f 1952 1946 1947
f 1941 1942 1952
f 1952 1942 1943
f 1952 1943 1944
f 1953 1954 1955
f 1956 1957 1958
f 1959 1960 1961
f 1954 1962 1963
f 1960 1964 1965
f 1966 1967 1968
f 1969 1970 1971
f 1972 1973 1974
f 1975 1976 1977
f 1978 1979 1980
f 1981 1982 1983
f 1983 1982 1984
f 1983 1984 1985
f 1986 1987 1988
f 1988 1987 1989
f 1988 1989 1985
f 1986 1988 1990
f 1990 1988 1991
f 1990 1991 1992
f 1992 1991 1993
f 1992 1993 1994
f 1993 1995 1994
f 1994 1995 1996
f 1994 1996 1997
f 1980 1979 1996
f 1996 1979 1998
f 1996 1998 1997
f 1999 2000 2001
f 2000 2002 2001
f 2001 2002 2003
f 2001 2003 2004
f 2005 2006 2007
f 2007 2006 2008
f 2007 2008 2009
f 2005 2007 2010
f 2010 2007 2011
f 2010 2011 2012
f 2012 2011 2013
f 2012 2013 2014
f 2013 2015 2014
f 2014 2015 2016
f 2014 2016 2017
f 1977 1976 2016
f 2016 1976 2018
f 2016 2018 2017
f 2019 2020 2021
f 2020 2022 2021
f 2021 2022 2023
f 2021 2023 2024
f 2024 2023 2025
f 2024 2025 2026
f 2027 2028 2029
f 2029 2028 2030
f 2029 2030 2026
f 2027 2029 2031
f 2031 2029 2032
f 2031 2032 2033
f 2033 2032 2034
f 2033 2034 2035
f 2034 2036 2035
f 2035 2036 2037
f 2035 2037 2038
f 1974 1973 2037
f 2037 1973 2039
f 2037 2039 2038
f 2040 2041 2042
f 2041 2043 2042
f 2042 2043 2044
f 2042 2044 2045
f 2045 2044 2046
f 2045 2046 2047
f 2048 2049 2050
f 2050 2049 2051
f 2050 2051 2047
f 2048 2050 2052
f 2052 2050 2053
f 2052 2053 2054
f 2054 2053 2055
f 2054 2055 2056
f 2055 2057 2056
f 2056 2057 2058
f 2056 2058 2059
f 1971 1970 2058
f 2058 1970 2060
f 2058 2060 2059
f 2061 2062 1981
f 1981 2062 2063
f 1981 2063 1982
f 2064 2065 2066
f 2067 2068 1964
f 1964 2068 2069
f 1964 2069 1965
f 2069 2070 1965
f 1965 2070 2071
f 1965 2071 2072
f 2071 2073 2072
f 2072 2073 2074
f 2072 2074 2075
f 2075 2074 2076
f 2075 2076 2077
f 2076 2078 2077
f 2077 2078 2079
f 2077 2079 2080
f 2079 2081 2080
f 2080 2081 2082
f 2080 2082 2083
f 2083 2082 2084
f 2083 2084 2085
f 2084 2086 2085
f 2085 2086 2087
f 2085 2087 2088
f 2087 2089 2088
f 2088 2089 2090
f 2088 2090 2091
f 2091 2090 2092
f 2091 2092 2093
f 1967 2094 1968
f 1968 2094 2095
f 1968 2095 1957
f 2094 2096 2095
f 2095 2096 2097
f 2095 2097 2098
f 2098 2097 2099
f 2098 2099 2100
f 2099 2101 2100
f 2100 2101 2102
f 2100 2102 2103
f 2102 2104 2103
f 2103 2104 2105
f 2103 2105 2106
f 2106 2105 2107
f 2106 2107 2108
f 2107 2109 2108
f 2108 2109 2110
f 2108 2110 2111
f 2110 2112 2111
f 2111 2112 2113
f 2111 2113 2114
f 2115 2116 2117
f 2117 2116 2118
f 2117 2118 2119
f 2119 2118 2114
f 2119 2114 2120
f 2120 2114 2113
f 2121 2122 1962
f 1962 2122 2123
f 1962 2123 1963
f 1963 2123 2124
f 1963 2124 2125
f 2124 2126 2125
f 2125 2126 2127
f 2125 2127 2128
f 2127 2129 2128
f 2128 2129 2130
f 2128 2130 2131
f 2131 2130 2132
f 2131 2132 2133
f 2132 2134 2133
f 2133 2134 2135
f 2133 2135 2136
f 2135 2137 2136
f 2136 2137 2138
f 2136 2138 2139
f 2138 2140 2139
f 2139 2140 2141
f 2139 2141 2142
f 2142 2141 2143
f 2142 2143 2144
f 2145 2146 2147
f 2147 2146 2144
f 2147 2144 2148
f 2148 2144 2143
f 2149 2150 2151
f 2149 2151 2152
f 2151 2153 2152
f 2152 2153 2154
f 2152 2154 2155
f 2154 2156 2155
f 2155 2156 2157
f 2155 2157 2158
f 2157 2159 2158
f 2158 2159 2160
f 2158 2160 2161
f 2161 2160 2162
f 2161 2162 2163
f 2162 2164 2163
f 2163 2164 2165
f 2163 2165 2166
f 2165 2167 2166
f 2166 2167 2168
f 2166 2168 2169
f 2169 2168 2170
f 2169 2170 2171
f 2170 2172 2171
f 2171 2172 2173
f 2171 2173 2066
f 2066 2173 2174
f 2066 2174 2064
f 2065 2175 2176
f 1960 1965 1961
f 1961 1965 2072
f 1961 2072 2177
f 2177 2072 2075
f 2177 2075 2178
f 2178 2075 2077
f 2178 2077 2179
f 2179 2077 2080
f 2179 2080 2180
f 2180 2080 2083
f 2180 2083 2181
f 2181 2083 2085
f 2181 2085 2182
f 2182 2085 2088
f 2182 2088 2183
f 2183 2088 2091
f 2183 2091 2184
f 2184 2091 2093
f 2184 2093 2185
f 1957 2095 1958
f 1958 2095 2098
f 1958 2098 2186
f 2186 2098 2100
f 2186 2100 2187
f 2187 2100 2103
f 2187 2103 2188
f 2188 2103 2106
f 2188 2106 2189
f 2189 2106 2108
f 2189 2108 2190
f 2190 2108 2111
f 2190 2111 2191
f 2191 2111 2114
f 2191 2114 2192
f 2192 2114 2118
f 2192 2118 2193
f 2193 2118 2116
f 2193 2116 2194
f 1954 1963 1955
f 1955 1963 2125
f 1955 2125 2195
f 2195 2125 2128
f 2195 2128 2196
f 2196 2128 2131
f 2196 2131 2197
f 2197 2131 2133
f 2197 2133 2198
f 2198 2133 2136
f 2198 2136 2199
f 2199 2136 2139
f 2199 2139 2200
f 2200 2139 2142
f 2200 2142 2201
f 2201 2142 2144
f 2201 2144 2202
f 2202 2144 2146
f 2202 2146 2203
f 2065 2176 2066
f 2066 2176 2204
f 2066 2204 2171
f 2171 2204 2205
f 2171 2205 2169
f 2169 2205 2206
f 2169 2206 2166
f 2166 2206 2207
f 2166 2207 2163
f 2163 2207 2208
f 2163 2208 2161
f 2161 2208 2209
f 2161 2209 2158
f 2158 2209 2210
f 2158 2210 2155
f 2155 2210 2211
f 2155 2211 2152
f 2152 2211 2212
f 2152 2212 2149
f 2009 2004 2213
f 2213 2004 2003
f 2213 2003 2175
f 1959 1961 2214
f 2214 1961 2177
f 2214 2177 2215
f 2215 2177 2178
f 2215 2178 2216
f 2216 2178 2179
f 2216 2179 2217
f 2217 2179 2180
f 2217 2180 2218
f 2218 2180 2181
f 2218 2181 2019
f 2019 2181 2182
f 2019 2182 2020
f 2020 2182 2183
f 2020 2183 2022
f 2022 2183 2184
f 2022 2184 2023
f 2023 2184 2185
f 2023 2185 2025
f 1956 1958 2219
f 2219 1958 2186
f 2219 2186 2220
f 2220 2186 2187
f 2220 2187 2221
f 2221 2187 2188
f 2221 2188 2222
f 2222 2188 2189
f 2222 2189 2223
f 2223 2189 2190
f 2223 2190 2040
f 2040 2190 2191
f 2040 2191 2041
f 2041 2191 2192
f 2041 2192 2043
f 2043 2192 2193
f 2043 2193 2044
f 2044 2193 2194
f 2044 2194 2046
f 1953 1955 2224
f 2224 1955 2195
f 2224 2195 2225
f 2225 2195 2196
f 2225 2196 2226
f 2226 2196 2197
f 2226 2197 2227
f 2227 2197 2198
f 2227 2198 2228
f 2228 2198 2199
f 2228 2199 2061
f 2061 2199 2200
f 2061 2200 2062
f 2062 2200 2201
f 2062 2201 2063
f 2063 2201 2202
f 2063 2202 1982
f 1982 2202 2203
f 1982 2203 1984
f 2175 2003 2176
f 2176 2003 2002
f 2176 2002 2204
f 2204 2002 2000
f 2204 2000 2205
f 2205 2000 1999
f 2205 1999 2206
f 2206 1999 2229
f 2206 2229 2207
f 2207 2229 2230
f 2207 2230 2208
f 2208 2230 2231
f 2208 2231 2209
f 2209 2231 2232
f 2209 2232 2210
f 2210 2232 2233
f 2210 2233 2211
f 2211 2233 2234
f 2211 2234 2212
f 2064 2067 2065
f 2065 2067 1964
f 2065 1964 2175
f 2175 1964 1960
f 2175 1960 2213
f 2213 1960 1959
f 2213 1959 2009
f 2009 1959 2214
f 2009 2214 2007
f 2007 2214 2215
f 2007 2215 2011
f 2011 2215 2216
f 2011 2216 2013
f 2013 2216 2217
f 2013 2217 2015
f 2015 2217 2218
f 2015 2218 2016
f 2016 2218 2019
f 2016 2019 1977
f 1977 2019 2021
f 1977 2021 1975
f 2092 1966 2093
f 2093 1966 1968
f 2093 1968 2185
f 2185 1968 1957
f 2185 1957 2025
f 2025 1957 1956
f 2025 1956 2026
f 2026 1956 2219
f 2026 2219 2029
f 2029 2219 2220
f 2029 2220 2032
f 2032 2220 2221
f 2032 2221 2034
f 2034 2221 2222
f 2034 2222 2036
f 2036 2222 2223
f 2036 2223 2037
f 2037 2223 2040
f 2037 2040 1974
f 1974 2040 2042
f 1974 2042 1972
f 2115 2121 2116
f 2116 2121 1962
f 2116 1962 2194
f 2194 1962 1954
f 2194 1954 2046
f 2046 1954 1953
f 2046 1953 2047
f 2047 1953 2224
f 2047 2224 2050
f 2050 2224 2225
f 2050 2225 2053
f 2053 2225 2226
f 2053 2226 2055
f 2055 2226 2227
f 2055 2227 2057
f 2057 2227 2228
f 2057 2228 2058
f 2058 2228 2061
f 2058 2061 1971
f 1971 2061 1981
f 1971 1981 1969
f 2145 2150 2146
f 2146 2150 2149
f 2146 2149 2203
f 2203 2149 2212
f 2203 2212 1984
f 1984 2212 2234
f 1984 2234 1985
f 1985 2234 2233
f 1985 2233 1988
f 1988 2233 2232
f 1988 2232 1991
f 1991 2232 2231
f 1991 2231 1993
f 1993 2231 2230
f 1993 2230 1995
f 1995 2230 2229
f 1995 2229 1996
f 1996 2229 1999
f 1996 1999 1980
f 1980 1999 2001
f 1980 2001 1978
f 2235 2236 2237
f 2238 2239 2237
f 2237 2239 2240
f 2237 2240 2235
f 2241 2242 2237
f 2237 2242 2243
f 2237 2243 2238
f 2244 2245 2237
f 2237 2245 2246
f 2237 2246 2241
f 2247 2248 2237
f 2237 2248 2249
f 2237 2249 2244
f 2250 2251 2237
f 2237 2251 2252
f 2237 2252 2247
f 2253 2254 2237
f 2237 2254 2255
f 2237 2255 2250
f 2236 2256 2237
f 2237 2256 2257
f 2237 2257 2253
f 2235 2258 2236
f 2236 2258 2259
f 2236 2259 2256
f 2256 2259 2260
f 2256 2260 2257
f 2257 2260 2261
f 2257 2261 2253
f 2253 2261 2262
f 2253 2262 2254
f 2254 2262 2263
f 2254 2263 2255
f 2255 2263 2264
f 2255 2264 2250
f 2250 2264 2265
f 2250 2265 2251
f 2251 2265 2266
f 2251 2266 2252
f 2252 2266 2267
f 2252 2267 2247
f 2247 2267 2268
f 2247 2268 2248
f 2248 2268 2269
f 2248 2269 2249
f 2249 2269 2270
f 2249 2270 2244
f 2244 2270 2271
f 2244 2271 2245
f 2245 2271 2272
f 2245 2272 2246
f 2246 2272 2273
f 2246 2273 2241
f 2241 2273 2274
f 2241 2274 2242
f 2242 2274 2275
f 2242 2275 2243
f 2243 2275 2276
f 2243 2276 2238
f 2238 2276 2277
f 2238 2277 2239
f 2239 2277 2278
f 2239 2278 2240
f 2240 2278 2279
f 2240 2279 2235
f 2235 2279 2258
f 2277 2280 2278
f 2278 2280 2281
f 2278 2281 2279
f 2279 2281 2282
f 2279 2282 2258
f 2272 2283 2273
f 2273 2283 2284
f 2273 2284 2274
f 2274 2284 2285
f 2274 2285 2275
f 2265 2286 2266
f 2266 2286 2287
f 2266 2287 2267
f 2263 2288 2264
f 2264 2288 2289
f 2264 2289 2265
f 2265 2289 2290
f 2265 2290 2286
f 2285 2291 2275
f 2275 2291 2292
f 2275 2292 2276
f 2276 2292 2293
f 2276 2293 2277
f 2277 2293 2294
f 2277 2294 2280
f 2270 2295 2271
f 2271 2295 2296
f 2271 2296 2272
f 2272 2296 2297
f 2272 2297 2283
f 2287 2298 2267
f 2267 2298 2299
f 2267 2299 2268
f 2268 2299 2300
f 2268 2300 2269
f 2269 2300 2301
f 2269 2301 2270
f 2270 2301 2302
f 2270 2302 2295
f 2260 2303 2261
f 2261 2303 2304
f 2261 2304 2262
f 2262 2304 2305
f 2262 2305 2263
f 2263 2305 2306
f 2263 2306 2288
f 2282 2307 2258
f 2258 2307 2308
f 2258 2308 2259
f 2259 2308 2309
f 2259 2309 2260
f 2260 2309 2310
f 2260 2310 2303
f 2282 2281 2092
f 2280 1967 2281
f 2281 1967 1966
f 2281 1966 2092
f 2099 2097 2294
f 2294 2097 2096
f 2294 2096 2280
f 2280 2096 2094
f 2280 2094 1967
f 2099 2294 2101
f 2101 2294 2293
f 2101 2293 2102
f 2102 2293 2104
f 2104 2293 2292
f 2104 2292 2105
f 2291 2109 2292
f 2292 2109 2107
f 2292 2107 2105
f 2285 2112 2291
f 2291 2112 2110
f 2291 2110 2109
f 2117 2119 2284
f 2284 2119 2120
f 2284 2120 2285
f 2285 2120 2113
f 2285 2113 2112
f 2117 2284 2115
f 2115 2284 2283
f 2115 2283 2121
f 2121 2283 2122
f 2122 2283 2297
f 2122 2297 2123
f 2296 2126 2297
f 2297 2126 2124
f 2297 2124 2123
f 2132 2130 2295
f 2295 2130 2129
f 2295 2129 2296
f 2296 2129 2127
f 2296 2127 2126
f 2132 2295 2134
f 2134 2295 2302
f 2134 2302 2135
f 2135 2302 2137
f 2137 2302 2301
f 2137 2301 2138
f 2138 2301 2140
f 2140 2301 2300
f 2140 2300 2141
f 2299 2148 2300
f 2300 2148 2143
f 2300 2143 2141
f 2151 2150 2298
f 2298 2150 2145
f 2298 2145 2299
f 2299 2145 2147
f 2299 2147 2148
f 2151 2298 2153
f 2153 2298 2287
f 2153 2287 2154
f 2154 2287 2156
f 2156 2287 2286
f 2156 2286 2157
f 2157 2286 2159
f 2159 2286 2290
f 2159 2290 2160
f 2289 2164 2290
f 2290 2164 2162
f 2290 2162 2160
f 2170 2168 2288
f 2288 2168 2167
f 2288 2167 2289
f 2289 2167 2165
f 2289 2165 2164
f 2170 2288 2172
f 2172 2288 2306
f 2172 2306 2173
f 2173 2306 2174
f 2174 2306 2305
f 2174 2305 2064
f 2304 2068 2305
f 2305 2068 2067
f 2305 2067 2064
f 2303 2070 2304
f 2304 2070 2069
f 2304 2069 2068
f 2076 2074 2310
f 2310 2074 2073
f 2310 2073 2303
f 2303 2073 2071
f 2303 2071 2070
f 2076 2310 2078
f 2078 2310 2309
f 2078 2309 2079
f 2079 2309 2081
f 2081 2309 2308
f 2081 2308 2082
f 2307 2086 2308
f 2308 2086 2084
f 2308 2084 2082
f 2092 2090 2282
f 2282 2090 2089
f 2282 2089 2307
f 2307 2089 2087
f 2307 2087 2086
f 1987 2311 1989
f 1989 2311 1985
f 2312 2313 2314
f 1983 1985 2311
f 1981 1983 2315
f 2315 1983 2311
f 2315 2311 2316
f 2316 2311 2317
f 2316 2317 2314
f 2314 2317 2318
f 2314 2318 2312
f 2315 1969 1981
f 2049 2319 2051
f 2051 2319 2047
f 2320 2321 2322
f 2045 2047 2319
f 2042 2045 2323
f 2323 2045 2319
f 2323 2319 2324
f 2324 2319 2325
f 2324 2325 2322
f 2322 2325 2326
f 2322 2326 2320
f 2323 1972 2042
f 2028 2327 2030
f 2030 2327 2026
f 2328 2329 2330
f 2024 2026 2327
f 2021 2024 2331
f 2331 2024 2327
f 2331 2327 2332
f 2332 2327 2333
f 2332 2333 2330
f 2330 2333 2334
f 2330 2334 2328
f 2331 1975 2021
f 2006 2335 2008
f 2008 2335 2009
f 2004 2009 2335
f 2001 2004 2336
f 2336 2004 2335
f 2336 2335 2337
f 2337 2335 2338
f 2337 2338 2339
f 2339 2338 2340
f 2339 2340 2341
f 2341 2340 2342
f 2336 1978 2001
f 2343 2329 2328
f 2344 2313 2312
f 2321 2320 2345
f 2345 2320 2344
f 2345 2344 2346
f 2346 2344 2312
f 2341 2342 2346
f 2346 2342 2343
f 2346 2343 2345
f 2345 2343 2328
f 2314 2313 2344
f 1969 2315 1970
f 1970 2315 2316
f 1970 2316 2060
f 2060 2316 2314
f 2060 2314 2059
f 2059 2314 2344
f 2344 2320 2326
f 2325 2319 2049
f 2049 2048 2325
f 2325 2048 2052
f 2325 2052 2326
f 2326 2052 2054
f 2326 2054 2344
f 2344 2054 2056
f 2344 2056 2059
f 2322 2321 2345
f 1972 2323 1973
f 1973 2323 2324
f 1973 2324 2039
f 2039 2324 2322
f 2039 2322 2038
f 2038 2322 2345
f 2345 2328 2334
f 2333 2327 2028
f 2028 2027 2333
f 2333 2027 2031
f 2333 2031 2334
f 2334 2031 2033
f 2334 2033 2345
f 2345 2033 2035
f 2345 2035 2038
f 2339 2341 2346
f 1978 2336 1979
f 1979 2336 2337
f 1979 2337 1998
f 1998 2337 2339
f 1998 2339 1997
f 1997 2339 2346
f 2346 2312 2318
f 2317 2311 1987
f 1987 1986 2317
f 2317 1986 1990
f 2317 1990 2318
f 2318 1990 1992
f 2318 1992 2346
f 2346 1992 1994
f 2346 1994 1997
f 2330 2329 2343
f 1975 2331 1976
f 1976 2331 2332
f 1976 2332 2018
f 2018 2332 2330
f 2018 2330 2017
f 2017 2330 2343
f 2343 2342 2340
f 2338 2335 2006
f 2006 2005 2338
f 2338 2005 2010
f 2338 2010 2340
f 2340 2010 2012
f 2340 2012 2343
f 2343 2012 2014
f 2343 2014 2017
f 2347 2348 2349
f 2350 2351 2352
f 2353 2354 2355
f 2348 2356 2357
f 2354 2358 2359
f 2360 2361 2362
f 2363 2364 2365
f 2366 2367 2368
f 2369 2370 2371
f 2372 2373 2374
f 2375 2376 2377
f 2377 2376 2378
f 2377 2378 2379
f 2380 2381 2382
f 2382 2381 2383
f 2382 2383 2379
f 2380 2382 2384
f 2384 2382 2385
f 2384 2385 2386
f 2386 2385 2387
f 2386 2387 2388
f 2387 2389 2388
f 2388 2389 2390
f 2388 2390 2391
f 2374 2373 2390
f 2390 2373 2392
f 2390 2392 2391
f 2393 2394 2395
f 2394 2396 2395
f 2395 2396 2397
f 2395 2397 2398
f 2399 2400 2401
f 2401 2400 2402
f 2401 2402 2403
f 2399 2401 2404
f 2404 2401 2405
f 2404 2405 2406
f 2406 2405 2407
f 2406 2407 2408
f 2407 2409 2408
f 2408 2409 2410
f 2408 2410 2411
f 2371 2370 2410
f 2410 2370 2412
f 2410 2412 2411
f 2413 2414 2415
f 2414 2416 2415
f 2415 2416 2417
f 2415 2417 2418
f 2418 2417 2419
f 2418 2419 2420
f 2421 2422 2423
f 2423 2422 2424
f 2423 2424 2420
f 2421 2423 2425
f 2425 2423 2426
f 2425 2426 2427
f 2427 2426 2428
f 2427 2428 2429
f 2428 2430 2429
f 2429 2430 2431
f 2429 2431 2432
f 2368 2367 2431
f 2431 2367 2433
f 2431 2433 2432
f 2434 2435 2436
f 2435 2437 2436
f 2436 2437 2438
f 2436 2438 2439
f 2439 2438 2440
f 2439 2440 2441
f 2442 2443 2444
f 2444 2443 2445
f 2444 2445 2441
f 2442 2444 2446
f 2446 2444 2447
f 2446 2447 2448
f 2448 2447 2449
f 2448 2449 2450
f 2449 2451 2450
f 2450 2451 2452
f 2450 2452 2453
f 2365 2364 2452
f 2452 2364 2454
f 2452 2454 2453
f 2455 2456 2375
f 2375 2456 2457
f 2375 2457 2376
f 2458 2459 2460
f 2461 2462 2358
f 2358 2462 2463
f 2358 2463 2359
f 2463 2464 2359
f 2359 2464 2465
f 2359 2465 2466
f 2465 2467 2466
f 2466 2467 2468
f 2466 2468 2469
f 2469 2468 2470
f 2469 2470 2471
f 2470 2472 2471
f 2471 2472 2473
f 2471 2473 2474
f 2473 2475 2474
f 2474 2475 2476
f 2474 2476 2477
f 2477 2476 2478
f 2477 2478 2479
f 2478 2480 2479
f 2479 2480 2481
f 2479 2481 2482
f 2481 2483 2482
f 2482 2483 2484
f 2482 2484 2485
f 2485 2484 2486
f 2485 2486 2487
f 2361 2488 2362
f 2362 2488 2489
f 2362 2489 2351
f 2488 2490 2489
f 2489 2490 2491
f 2489 2491 2492
f 2492 2491 2493
f 2492 2493 2494
f 2493 2495 2494
f 2494 2495 2496
f 2494 2496 2497
f 2496 2498 2497
f 2497 2498 2499
f 2497 2499 2500
f 2500 2499 2501
f 2500 2501 2502
f 2501 2503 2502
f 2502 2503 2504
f 2502 2504 2505
f 2504 2506 2505
f 2505 2506 2507
f 2505 2507 2508
f 2509 2510 2511
f 2511 2510 2512
f 2511 2512 2513
f 2513 2512 2508
f 2513 2508 2514
f 2514 2508 2507
f 2515 2516 2356
f 2356 2516 2517
f 2356 2517 2357
f 2357 2517 2518
f 2357 2518 2519
f 2518 2520 2519
f 2519 2520 2521
f 2519 2521 2522
f 2521 2523 2522
f 2522 2523 2524
f 2522 2524 2525
f 2525 2524 2526
f 2525 2526 2527
f 2526 2528 2527
f 2527 2528 2529
f 2527 2529 2530
f 2529 2531 2530
f 2530 2531 2532
f 2530 2532 2533
f 2532 2534 2533
f 2533 2534 2535
f 2533 2535 2536
f 2536 2535 2537
f 2536 2537 2538
f 2539 2540 2541
f 2541 2540 2538
f 2541 2538 2542
f 2542 2538 2537
f 2543 2544 2545
f 2543 2545 2546
f 2545 2547 2546
f 2546 2547 2548
f 2546 2548 2549
f 2548 2550 2549
f 2549 2550 2551
f 2549 2551 2552
f 2551 2553 2552
f 2552 2553 2554
f 2552 2554 2555
f 2555 2554 2556
f 2555 2556 2557
f 2556 2558 2557
f 2557 2558 2559
f 2557 2559 2560
f 2559 2561 2560
f 2560 2561 2562
f 2560 2562 2563
f 2563 2562 2564
f 2563 2564 2565
f 2564 2566 2565
f 2565 2566 2567
f 2565 2567 2460
f 2460 2567 2568
f 2460 2568 2458
f 2459 2569 2570
f 2354 2359 2355
f 2355 2359 2466
f 2355 2466 2571
f 2571 2466 2469
f 2571 2469 2572
f 2572 2469 2471
f 2572 2471 2573
f 2573 2471 2474
f 2573 2474 2574
f 2574 2474 2477
f 2574 2477 2575
f 2575 2477 2479
f 2575 2479 2576
f 2576 2479 2482
f 2576 2482 2577
f 2577 2482 2485
f 2577 2485 2578
f 2578 2485 2487
f 2578 2487 2579
f 2351 2489 2352
f 2352 2489 2492
f 2352 2492 2580
f 2580 2492 2494
f 2580 2494 2581
f 2581 2494 2497
f 2581 2497 2582
f 2582 2497 2500
f 2582 2500 2583
f 2583 2500 2502
f 2583 2502 2584
f 2584 2502 2505
f 2584 2505 2585
f 2585 2505 2508
f 2585 2508 2586
f 2586 2508 2512
f 2586 2512 2587
f 2587 2512 2510
f 2587 2510 2588
f 2348 2357 2349
f 2349 2357 2519
f 2349 2519 2589
f 2589 2519 2522
f 2589 2522 2590
f 2590 2522 2525
f 2590 2525 2591
f 2591 2525 2527
f 2591 2527 2592
f 2592 2527 2530
f 2592 2530 2593
f 2593 2530 2533
f 2593 2533 2594
f 2594 2533 2536
f 2594 2536 2595
f 2595 2536 2538
f 2595 2538 2596
f 2596 2538 2540
f 2596 2540 2597
f 2459 2570 2460
f 2460 2570 2598
f 2460 2598 2565
f 2565 2598 2599
f 2565 2599 2563
f 2563 2599 2600
f 2563 2600 2560
f 2560 2600 2601
f 2560 2601 2557
f 2557 2601 2602
f 2557 2602 2555
f 2555 2602 2603
f 2555 2603 2552
f 2552 2603 2604
f 2552 2604 2549
f 2549 2604 2605
f 2549 2605 2546
f 2546 2605 2606
f 2546 2606 2543
f 2403 2398 2607
f 2607 2398 2397
f 2607 2397 2569
f 2353 2355 2608
f 2608 2355 2571
f 2608 2571 2609
f 2609 2571 2572
f 2609 2572 2610
f 2610 2572 2573
f 2610 2573 2611
f 2611 2573 2574
f 2611 2574 2612
f 2612 2574 2575
f 2612 2575 2413
f 2413 2575 2576
f 2413 2576 2414
f 2414 2576 2577
f 2414 2577 2416
f 2416 2577 2578
f 2416 2578 2417
f 2417 2578 2579
f 2417 2579 2419
f 2350 2352 2613
f 2613 2352 2580
f 2613 2580 2614
f 2614 2580 2581
f 2614 2581 2615
f 2615 2581 2582
f 2615 2582 2616
f 2616 2582 2583
f 2616 2583 2617
f 2617 2583 2584
f 2617 2584 2434
f 2434 2584 2585
f 2434 2585 2435
f 2435 2585 2586
f 2435 2586 2437
f 2437 2586 2587
f 2437 2587 2438
f 2438 2587 2588
f 2438 2588 2440
f 2347 2349 2618
f 2618 2349 2589
f 2618 2589 2619
f 2619 2589 2590
f 2619 2590 2620
f 2620 2590 2591
f 2620 2591 2621
f 2621 2591 2592
f 2621 2592 2622
f 2622 2592 2593
f 2622 2593 2455
f 2455 2593 2594
f 2455 2594 2456
f 2456 2594 2595
f 2456 2595 2457
f 2457 2595 2596
f 2457 2596 2376
f 2376 2596 2597
f 2376 2597 2378
f 2569 2397 2570
f 2570 2397 2396
f 2570 2396 2598
f 2598 2396 2394
f 2598 2394 2599
f 2599 2394 2393
f 2599 2393 2600
f 2600 2393 2623
f 2600 2623 2601
f 2601 2623 2624
f 2601 2624 2602
f 2602 2624 2625
f 2602 2625 2603
f 2603 2625 2626
f 2603 2626 2604
f 2604 2626 2627
f 2604 2627 2605
f 2605 2627 2628
f 2605 2628 2606
f 2458 2461 2459
f 2459 2461 2358
f 2459 2358 2569
f 2569 2358 2354
f 2569 2354 2607
f 2607 2354 2353
f 2607 2353 2403
f 2403 2353 2608
f 2403 2608 2401
f 2401 2608 2609
f 2401 2609 2405
f 2405 2609 2610
f 2405 2610 2407
f 2407 2610 2611
f 2407 2611 2409
f 2409 2611 2612
f 2409 2612 2410
f 2410 2612 2413
f 2410 2413 2371
f 2371 2413 2415
f 2371 2415 2369
f 2486 2360 2487
f 2487 2360 2362
f 2487 2362 2579
f 2579 2362 2351
f 2579 2351 2419
f 2419 2351 2350
f 2419 2350 2420
f 2420 2350 2613
f 2420 2613 2423
f 2423 2613 2614
f 2423 2614 2426
f 2426 2614 2615
f 2426 2615 2428
f 2428 2615 2616
f 2428 2616 2430
f 2430 2616 2617
f 2430 2617 2431
f 2431 2617 2434
f 2431 2434 2368
f 2368 2434 2436
f 2368 2436 2366
f 2509 2515 2510
f 2510 2515 2356
f 2510 2356 2588
f 2588 2356 2348
f 2588 2348 2440
f 2440 2348 2347
f 2440 2347 2441
f 2441 2347 2618
f 2441 2618 2444
f 2444 2618 2619
f 2444 2619 2447
f 2447 2619 2620
f 2447 2620 2449
f 2449 2620 2621
f 2449 2621 2451
f 2451 2621 2622
f 2451 2622 2452
f 2452 2622 2455
f 2452 2455 2365
f 2365 2455 2375
f 2365 2375 2363
f 2539 2544 2540
f 2540 2544 2543
f 2540 2543 2597
f 2597 2543 2606
f 2597 2606 2378
f 2378 2606 2628
f 2378 2628 2379
f 2379 2628 2627
f 2379 2627 2382
f 2382 2627 2626
f 2382 2626 2385
f 2385 2626 2625
f 2385 2625 2387
f 2387 2625 2624
f 2387 2624 2389
f 2389 2624 2623
f 2389 2623 2390
f 2390 2623 2393
f 2390 2393 2374
f 2374 2393 2395
f 2374 2395 2372
f 2629 2630 2631
f 2632 2633 2631
f 2631 2633 2634
f 2631 2634 2629
f 2635 2636 2631
f 2631 2636 2637
f 2631 2637 2632
f 2638 2639 2631
f 2631 2639 2640
f 2631 2640 2635
f 2641 2642 2631
f 2631 2642 2643
f 2631 2643 2638
f 2644 2645 2631
f 2631 2645 2646
f 2631 2646 2641
f 2647 2648 2631
f 2631 2648 2649
f 2631 2649 2644
f 2630 2650 2631
f 2631 2650 2651
f 2631 2651 2647
f 2629 2652 2630
f 2630 2652 2653
f 2630 2653 2650
f 2650 2653 2654
f 2650 2654 2651
f 2651 2654 2655
f 2651 2655 2647
f 2647 2655 2656
f 2647 2656 2648
f 2648 2656 2657
f 2648 2657 2649
f 2649 2657 2658
f 2649 2658 2644
f 2644 2658 2659
f 2644 2659 2645
f 2645 2659 2660
f 2645 2660 2646
f 2646 2660 2661
f 2646 2661 2641
f 2641 2661 2662
f 2641 2662 2642
f 2642 2662 2663
f 2642 2663 2643
f 2643 2663 2664
f 2643 2664 2638
f 2638 2664 2665
f 2638 2665 2639
f 2639 2665 2666
f 2639 2666 2640
f 2640 2666 2667
f 2640 2667 2635
f 2635 2667 2668
f 2635 2668 2636
f 2636 2668 2669
f 2636 2669 2637
f 2637 2669 2670
f 2637 2670 2632
f 2632 2670 2671
f 2632 2671 2633
f 2633 2671 2672
f 2633 2672 2634
f 2634 2672 2673
f 2634 2673 2629
f 2629 2673 2652
f 2671 2674 2672
f 2672 2674 2675
f 2672 2675 2673
f 2673 2675 2676
f 2673 2676 2652
f 2666 2677 2667
f 2667 2677 2678
f 2667 2678 2668
f 2668 2678 2679
f 2668 2679 2669
f 2659 2680 2660
f 2660 2680 2681
f 2660 2681 2661
f 2657 2682 2658
f 2658 2682 2683
f 2658 2683 2659
f 2659 2683 2684
f 2659 2684 2680
f 2679 2685 2669
f 2669 2685 2686
f 2669 2686 2670
f 2670 2686 2687
f 2670 2687 2671
f 2671 2687 2688
f 2671 2688 2674
f 2664 2689 2665
f 2665 2689 2690
f 2665 2690 2666
f 2666 2690 2691
f 2666 2691 2677
f 2681 2692 2661
f 2661 2692 2693
f 2661 2693 2662
f 2662 2693 2694
f 2662 2694 2663
f 2663 2694 2695
f 2663 2695 2664
f 2664 2695 2696
f 2664 2696 2689
f 2654 2697 2655
f 2655 2697 2698
f 2655 2698 2656
f 2656 2698 2699
f 2656 2699 2657
f 2657 2699 2700
f 2657 2700 2682
f 2676 2701 2652
f 2652 2701 2702
f 2652 2702 2653
f 2653 2702 2703
f 2653 2703 2654
f 2654 2703 2704
f 2654 2704 2697
f 2676 2675 2486
f 2674 2361 2675
f 2675 2361 2360
f 2675 2360 2486
f 2493 2491 2688
f 2688 2491 2490
f 2688 2490 2674
f 2674 2490 2488
f 2674 2488 2361
f 2493 2688 2495
f 2495 2688 2687
f 2495 2687 2496
f 2496 2687 2498
f 2498 2687 2686
f 2498 2686 2499
f 2685 2503 2686
f 2686 2503 2501
f 2686 2501 2499
f 2679 2506 2685
f 2685 2506 2504
f 2685 2504 2503
f 2511 2513 2678
f 2678 2513 2514
f 2678 2514 2679
f 2679 2514 2507
f 2679 2507 2506
f 2511 2678 2509
f 2509 2678 2677
f 2509 2677 2515
f 2515 2677 2516
f 2516 2677 2691
f 2516 2691 2517
f 2690 2520 2691
f 2691 2520 2518
f 2691 2518 2517
f 2526 2524 2689
f 2689 2524 2523
f 2689 2523 2690
f 2690 2523 2521
f 2690 2521 2520
f 2526 2689 2528
f 2528 2689 2696
f 2528 2696 2529
f 2529 2696 2531
f 2531 2696 2695
f 2531 2695 2532
f 2532 2695 2534
f 2534 2695 2694
f 2534 2694 2535
f 2693 2542 2694
f 2694 2542 2537
f 2694 2537 2535
f 2545 2544 2692
f 2692 2544 2539
f 2692 2539 2693
f 2693 2539 2541
f 2693 2541 2542
f 2545 2692 2547
f 2547 2692 2681
f 2547 2681 2548
f 2548 2681 2550
f 2550 2681 2680
f 2550 2680 2551
f 2551 2680 2553
f 2553 2680 2684
f 2553 2684 2554
f 2683 2558 2684
f 2684 2558 2556
f 2684 2556 2554
f 2564 2562 2682
f 2682 2562 2561
f 2682 2561 2683
f 2683 2561 2559
f 2683 2559 2558
f 2564 2682 2566
f 2566 2682 2700
f 2566 2700 2567
f 2567 2700 2568
f 2568 2700 2699
f 2568 2699 2458
f 2698 2462 2699
f 2699 2462 2461
f 2699 2461 2458
f 2697 2464 2698
f 2698 2464 2463
f 2698 2463 2462
f 2470 2468 2704
f 2704 2468 2467
f 2704 2467 2697
f 2697 2467 2465
f 2697 2465 2464
f 2470 2704 2472
f 2472 2704 2703
f 2472 2703 2473
f 2473 2703 2475
f 2475 2703 2702
f 2475 2702 2476
f 2701 2480 2702
f 2702 2480 2478
f 2702 2478 2476
f 2486 2484 2676
f 2676 2484 2483
f 2676 2483 2701
f 2701 2483 2481
f 2701 2481 2480
f 2381 2705 2383
f 2383 2705 2379
f 2706 2707 2708
f 2377 2379 2705
f 2375 2377 2709
f 2709 2377 2705
f 2709 2705 2710
f 2710 2705 2711
f 2710 2711 2708
f 2708 2711 2712
f 2708 2712 2706
f 2709 2363 2375
f 2443 2713 2445
f 2445 2713 2441
f 2714 2715 2716
f 2439 2441 2713
f 2436 2439 2717
f 2717 2439 2713
f 2717 2713 2718
f 2718 2713 2719
f 2718 2719 2716
f 2716 2719 2720
f 2716 2720 2714
f 2717 2366 2436
f 2422 2721 2424
f 2424 2721 2420
f 2722 2723 2724
f 2418 2420 2721
f 2415 2418 2725
f 2725 2418 2721
f 2725 2721 2726
f 2726 2721 2727
f 2726 2727 2724
f 2724 2727 2728
f 2724 2728 2722
f 2725 2369 2415
f 2400 2729 2402
f 2402 2729 2403
f 2398 2403 2729
f 2395 2398 2730
f 2730 2398 2729
f 2730 2729 2731
f 2731 2729 2732
f 2731 2732 2733
f 2733 2732 2734
f 2733 2734 2735
f 2735 2734 2736
f 2730 2372 2395
f 2737 2723 2722
f 2738 2707 2706
f 2715 2714 2739
f 2739 2714 2738
f 2739 2738 2740
f 2740 2738 2706
f 2735 2736 2740
f 2740 2736 2737
f 2740 2737 2739
f 2739 2737 2722
f 2708 2707 2738
f 2363 2709 2364
f 2364 2709 2710
f 2364 2710 2454
f 2454 2710 2708
f 2454 2708 2453
f 2453 2708 2738
f 2738 2714 2720
f 2719 2713 2443
f 2443 2442 2719
f 2719 2442 2446
f 2719 2446 2720
f 2720 2446 2448
f 2720 2448 2738
f 2738 2448 2450
f 2738 2450 2453
f 2716 2715 2739
f 2366 2717 2367
f 2367 2717 2718
f 2367 2718 2433
f 2433 2718 2716
f 2433 2716 2432
f 2432 2716 2739
f 2739 2722 2728
f 2727 2721 2422
f 2422 2421 2727
f 2727 2421 2425
f 2727 2425 2728
f 2728 2425 2427
f 2728 2427 2739
f 2739 2427 2429
f 2739 2429 2432
f 2733 2735 2740
f 2372 2730 2373
f 2373 2730 2731
f 2373 2731 2392
f 2392 2731 2733
f 2392 2733 2391
f 2391 2733 2740
f 2740 2706 2712
f 2711 2705 2381
f 2381 2380 2711
f 2711 2380 2384
f 2711 2384 2712
f 2712 2384 2386
f 2712 2386 2740
f 2740 2386 2388
f 2740 2388 2391
f 2724 2723 2737
f 2369 2725 2370
f 2370 2725 2726
f 2370 2726 2412
f 2412 2726 2724
f 2412 2724 2411
f 2411 2724 2737
f 2737 2736 2734
f 2732 2729 2400
f 2400 2399 2732
f 2732 2399 2404
f 2732 2404 2734
f 2734 2404 2406
f 2734 2406 2737
f 2737 2406 2408
f 2737 2408 2411
f 2741 2742 2743
f 2744 2745 2746
f 2742 2747 2748
f 2745 2749 2750
f 2747 2751 2752
f 2753 2754 2755
f 2756 2757 2758
f 2759 2760 2761
f 2762 2763 2764
f 2765 2766 2767
f 2767 2766 2768
f 2767 2768 2769
f 2770 2771 2772
f 2772 2771 2773
f 2772 2773 2774
f 2774 2773 2775
f 2774 2775 2776
f 2776 2775 2777
f 2776 2777 2778
f 2778 2777 2779
f 2778 2779 2780
f 2780 2779 2781
f 2780 2781 2782
f 2782 2781 2783
f 2782 2783 2784
f 2785 2786 2770
f 2770 2786 2787
f 2770 2787 2771
f 2788 2789 2785
f 2763 2762 2790
f 2790 2762 2791
f 2790 2791 2792
f 2792 2791 2793
f 2792 2793 2794
f 2794 2793 2795
f 2794 2795 2796
f 2796 2795 2797
f 2796 2797 2798
f 2798 2797 2799
f 2798 2799 2800
f 2760 2759 2799
f 2799 2759 2801
f 2799 2801 2800
f 2802 2803 2761
f 2761 2803 2804
f 2761 2804 2805
f 2806 2807 2808
f 2808 2807 2809
f 2808 2809 2810
f 2810 2809 2811
f 2810 2811 2812
f 2812 2811 2813
f 2812 2813 2814
f 2814 2813 2815
f 2814 2815 2816
f 2816 2815 2817
f 2816 2817 2818
f 2818 2817 2819
f 2818 2819 2820
f 2821 2822 2806
f 2806 2822 2823
f 2806 2823 2807
f 2824 2825 2821
f 2757 2756 2826
f 2826 2756 2827
f 2826 2827 2828
f 2828 2827 2829
f 2828 2829 2830
f 2830 2829 2831
f 2830 2831 2832
f 2832 2831 2833
f 2832 2833 2834
f 2834 2833 2835
f 2834 2835 2836
f 2837 2838 2835
f 2835 2838 2839
f 2835 2839 2836
f 2840 2841 2842
f 2842 2841 2843
f 2842 2843 2844
f 2845 2846 2847
f 2847 2848 2845
f 2845 2848 2849
f 2845 2849 2850
f 2849 2851 2850
f 2850 2851 2852
f 2850 2852 2853
f 2852 2854 2853
f 2853 2854 2855
f 2853 2855 2856
f 2856 2855 2857
f 2856 2857 2858
f 2857 2859 2858
f 2858 2859 2860
f 2858 2860 2861
f 2862 2863 2864
f 2864 2863 2865
f 2864 2865 2866
f 2866 2865 2861
f 2866 2861 2867
f 2867 2861 2860
f 2754 2868 2755
f 2755 2868 2869
f 2755 2869 2870
f 2868 2871 2869
f 2869 2871 2872
f 2869 2872 2873
f 2873 2872 2874
f 2873 2874 2875
f 2874 2876 2875
f 2875 2876 2877
f 2875 2877 2878
f 2877 2879 2878
f 2878 2879 2880
f 2878 2880 2881
f 2881 2880 2882
f 2881 2882 2883
f 2882 2884 2883
f 2883 2884 2885
f 2883 2885 2886
f 2885 2887 2886
f 2886 2887 2888
f 2886 2888 2889
f 2888 2890 2889
f 2889 2890 2891
f 2889 2891 2892
f 2892 2891 2893
f 2892 2893 2894
f 2893 2895 2894
f 2894 2895 2896
f 2894 2896 2897
f 2896 2898 2897
f 2897 2898 2899
f 2897 2899 2900
f 2901 2902 2751
f 2751 2902 2903
f 2751 2903 2752
f 2903 2904 2752
f 2752 2904 2905
f 2752 2905 2906
f 2905 2907 2906
f 2906 2907 2908
f 2906 2908 2909
f 2909 2908 2910
f 2909 2910 2911
f 2910 2912 2911
f 2911 2912 2913
f 2911 2913 2914
f 2913 2915 2914
f 2914 2915 2916
f 2914 2916 2917
f 2917 2916 2918
f 2917 2918 2919
f 2919 2918 2920
f 2919 2920 2921
f 2922 2923 2924
f 2924 2923 2921
f 2924 2921 2925
f 2925 2921 2920
f 2926 2927 2928
f 2926 2928 2929
f 2928 2930 2929
f 2929 2930 2931
f 2929 2931 2932
f 2931 2933 2932
f 2932 2933 2934
f 2932 2934 2935
f 2935 2934 2936
f 2935 2936 2937
f 2937 2936 2938
f 2937 2938 2939
f 2938 2940 2939
f 2939 2940 2941
f 2939 2941 2942
f 2941 2943 2942
f 2942 2943 2944
f 2942 2944 2945
f 2945 2944 2946
f 2945 2946 2947
f 2946 2948 2947
f 2947 2948 2949
f 2947 2949 2950
f 2949 2951 2950
f 2950 2951 2952
f 2950 2952 2953
f 2952 2954 2953
f 2953 2954 2955
f 2953 2955 2956
f 2956 2955 2957
f 2956 2957 2840
f 2840 2957 2958
f 2840 2958 2841
f 2749 2846 2750
f 2750 2846 2845
f 2750 2845 2959
f 2959 2845 2850
f 2959 2850 2960
f 2960 2850 2853
f 2960 2853 2961
f 2961 2853 2856
f 2961 2856 2962
f 2962 2856 2858
f 2962 2858 2963
f 2963 2858 2861
f 2963 2861 2964
f 2964 2861 2865
f 2964 2865 2965
f 2965 2865 2863
f 2965 2863 2966
f 2870 2869 2967
f 2967 2869 2873
f 2967 2873 2968
f 2968 2873 2875
f 2968 2875 2969
f 2969 2875 2878
f 2969 2878 2970
f 2970 2878 2881
f 2970 2881 2971
f 2971 2881 2883
f 2971 2883 2972
f 2972 2883 2886
f 2972 2886 2973
f 2973 2886 2889
f 2973 2889 2974
f 2974 2889 2892
f 2974 2892 2975
f 2975 2892 2894
f 2975 2894 2976
f 2976 2894 2897
f 2976 2897 2977
f 2977 2897 2900
f 2977 2900 2978
f 2747 2752 2748
f 2748 2752 2906
f 2748 2906 2979
f 2979 2906 2909
f 2979 2909 2980
f 2980 2909 2911
f 2980 2911 2981
f 2981 2911 2914
f 2981 2914 2982
f 2982 2914 2917
f 2982 2917 2983
f 2983 2917 2919
f 2983 2919 2984
f 2984 2919 2921
f 2984 2921 2985
f 2985 2921 2923
f 2985 2923 2986
f 2842 2987 2840
f 2840 2987 2988
f 2840 2988 2956
f 2956 2988 2989
f 2956 2989 2953
f 2953 2989 2990
f 2953 2990 2950
f 2950 2990 2991
f 2950 2991 2947
f 2947 2991 2992
f 2947 2992 2945
f 2945 2992 2993
f 2945 2993 2942
f 2942 2993 2994
f 2942 2994 2939
f 2939 2994 2995
f 2939 2995 2937
f 2937 2995 2996
f 2937 2996 2935
f 2935 2996 2997
f 2935 2997 2932
f 2932 2997 2998
f 2932 2998 2929
f 2929 2998 2999
f 2929 2999 2926
f 2745 2750 2746
f 2746 2750 2959
f 2746 2959 3000
f 3000 2959 2960
f 3000 2960 3001
f 3001 2960 2961
f 3001 2961 3002
f 3002 2961 2962
f 3002 2962 3003
f 3003 2962 2963
f 3003 2963 3004
f 3004 2963 2964
f 3004 2964 3005
f 3005 2964 2965
f 3005 2965 3006
f 3006 2965 2966
f 3006 2966 3007
f 2978 3008 2977
f 2977 3008 3009
f 2977 3009 2976
f 2976 3009 3010
f 2976 3010 2975
f 2975 3010 3011
f 2975 3011 2974
f 2974 3011 3012
f 2974 3012 2973
f 2973 3012 3013
f 2973 3013 2972
f 2972 3013 3014
f 2972 3014 2971
f 2971 3014 3015
f 2971 3015 2970
f 2970 3015 3016
f 2970 3016 2969
f 2969 3016 3017
f 2969 3017 2968
f 2968 3017 3018
f 2968 3018 2967
f 2967 3018 3019
f 2967 3019 2870
f 2742 2748 2743
f 2743 2748 2979
f 2743 2979 3020
f 3020 2979 2980
f 3020 2980 3021
f 3021 2980 2981
f 3021 2981 3022
f 3022 2981 2982
f 3022 2982 3023
f 3023 2982 2983
f 3023 2983 3024
f 3024 2983 2984
f 3024 2984 3025
f 3025 2984 2985
f 3025 2985 3026
f 3026 2985 2986
f 3026 2986 3027
f 2987 3028 2988
f 2988 3028 3029
f 2988 3029 2989
f 2989 3029 3030
f 2989 3030 2990
f 2990 3030 3031
f 2990 3031 2991
f 2991 3031 3032
f 2991 3032 2992
f 2992 3032 3033
f 2992 3033 2993
f 2993 3033 3034
f 2993 3034 2994
f 2994 3034 3035
f 2994 3035 2995
f 2995 3035 3036
f 2995 3036 2996
f 2996 3036 3037
f 2996 3037 2997
f 2997 3037 3038
f 2997 3038 2998
f 2998 3038 3039
f 2998 3039 2999
f 2764 2789 3040
f 3040 2789 2788
f 3040 2788 3041
f 2744 2746 3042
f 3042 2746 3000
f 3042 3000 3043
f 3043 3000 3001
f 3043 3001 3044
f 3044 3001 3002
f 3044 3002 3045
f 3045 3002 3003
f 3045 3003 3046
f 3046 3003 3004
f 3046 3004 3047
f 3047 3004 3005
f 3047 3005 2802
f 2802 3005 3006
f 2802 3006 2803
f 2803 3006 3007
f 2803 3007 2804
f 3008 3048 3009
f 3009 3048 3049
f 3009 3049 3010
f 3010 3049 3050
f 3010 3050 3011
f 3011 3050 3051
f 3011 3051 3012
f 3012 3051 3052
f 3012 3052 3013
f 3013 3052 3053
f 3013 3053 3014
f 3014 3053 3054
f 3014 3054 3015
f 3015 3054 3055
f 3015 3055 3016
f 3016 3055 3056
f 3016 3056 3017
f 3017 3056 3057
f 3017 3057 3018
f 3018 3057 3058
f 3018 3058 3019
f 2758 2825 3059
f 3059 2825 2824
f 3059 2824 3060
f 2741 2743 3061
f 3061 2743 3020
f 3061 3020 3062
f 3062 3020 3021
f 3062 3021 3063
f 3063 3021 3022
f 3063 3022 3064
f 3064 3022 3023
f 3064 3023 3065
f 3065 3023 3024
f 3065 3024 3066
f 3066 3024 3025
f 3066 3025 2765
f 2765 3025 3026
f 2765 3026 2766
f 2766 3026 3027
f 2766 3027 2768
f 3028 3067 3029
f 3029 3067 3068
f 3029 3068 3030
f 3030 3068 3069
f 3030 3069 3031
f 3031 3069 3070
f 3031 3070 3032
f 3032 3070 3071
f 3032 3071 3033
f 3033 3071 3072
f 3033 3072 3034
f 3034 3072 3073
f 3034 3073 3035
f 3035 3073 3074
f 3035 3074 3036
f 3036 3074 3075
f 3036 3075 3037
f 3037 3075 3076
f 3037 3076 3038
f 3038 3076 3077
f 3038 3077 3039
f 2761 2760 2802
f 2802 2760 2799
f 2802 2799 3047
f 3047 2799 2797
f 3047 2797 3046
f 3046 2797 2795
f 3046 2795 3045
f 3045 2795 2793
f 3045 2793 3044
f 3044 2793 2791
f 3044 2791 3043
f 3043 2791 2762
f 3043 2762 3042
f 3042 2762 2764
f 3042 2764 2744
f 2744 2764 3040
f 2744 3040 2745
f 2745 3040 3041
f 2745 3041 2749
f 2978 3060 3008
f 3008 3060 2824
f 3008 2824 3048
f 3048 2824 2821
f 3048 2821 3049
f 3049 2821 2806
f 3049 2806 3050
f 3050 2806 2808
f 3050 2808 3051
f 3051 2808 2810
f 3051 2810 3052
f 3052 2810 2812
f 3052 2812 3053
f 3053 2812 2814
f 3053 2814 3054
f 3054 2814 2816
f 3054 2816 3055
f 3055 2816 2818
f 3055 2818 3056
f 3056 2818 2820
f 3056 2820 3057
f 3057 2820 2805
f 3057 2805 3058
f 3058 2805 2804
f 3058 2804 3019
f 3019 2804 3007
f 3019 3007 2870
f 2870 3007 2966
f 2870 2966 2755
f 2755 2966 2863
f 2755 2863 2753
f 2753 2863 2862
f 2899 2901 2900
f 2900 2901 2751
f 2900 2751 2978
f 2978 2751 2747
f 2978 2747 3060
f 3060 2747 2742
f 3060 2742 3059
f 3059 2742 2741
f 3059 2741 2758
f 2758 2741 3061
f 2758 3061 2756
f 2756 3061 3062
f 2756 3062 2827
f 2827 3062 3063
f 2827 3063 2829
f 2829 3063 3064
f 2829 3064 2831
f 2831 3064 3065
f 2831 3065 2833
f 2833 3065 3066
f 2833 3066 2835
f 2835 3066 2765
f 2835 2765 2837
f 2837 2765 2767
f 2837 2767 2838
f 2922 2927 2923
f 2923 2927 2926
f 2923 2926 2986
f 2986 2926 2999
f 2986 2999 3027
f 3027 2999 3039
f 3027 3039 2768
f 2768 3039 3077
f 2768 3077 2769
f 2769 3077 3076
f 2769 3076 2784
f 2784 3076 3075
f 2784 3075 2782
f 2782 3075 3074
f 2782 3074 2780
f 2780 3074 3073
f 2780 3073 2778
f 2778 3073 3072
f 2778 3072 2776
f 2776 3072 3071
f 2776 3071 2774
f 2774 3071 3070
f 2774 3070 2772
f 2772 3070 3069
f 2772 3069 2770
f 2770 3069 3068
f 2770 3068 2785
f 2785 3068 3067
f 2785 3067 2788
f 2788 3067 3028
f 2788 3028 3041
f 3041 3028 2987
f 3041 2987 2749
f 2749 2987 2842
f 2749 2842 2846
f 2846 2842 2844
f 2846 2844 2847
f 3078 3079 3080
f 3078 3080 3081
f 3082 3083 3080
f 3080 3083 3084
f 3080 3084 3081
f 3085 3086 3080
f 3080 3086 3087
f 3080 3087 3082
f 3088 3089 3080
f 3080 3089 3090
f 3080 3090 3085
f 3091 3092 3080
f 3080 3092 3093
f 3080 3093 3088
f 3094 3095 3080
f 3080 3095 3096
f 3080 3096 3091
f 3097 3098 3080
f 3080 3098 3099
f 3080 3099 3094
f 3079 3100 3080
f 3080 3100 3101
f 3080 3101 3097
f 3078 3102 3079
f 3079 3102 3103
f 3079 3103 3100
f 3100 3103 3104
f 3100 3104 3101
f 3101 3104 3105
f 3101 3105 3097
f 3097 3105 3106
f 3097 3106 3098
f 3098 3106 3107
f 3098 3107 3099
f 3099 3107 3108
f 3099 3108 3094
f 3094 3108 3109
f 3094 3109 3095
f 3095 3109 3110
f 3095 3110 3096
f 3096 3110 3111
f 3096 3111 3091
f 3091 3111 3112
f 3091 3112 3092
f 3092 3112 3113
f 3092 3113 3093
f 3093 3113 3114
f 3093 3114 3088
f 3088 3114 3115
f 3088 3115 3089
f 3089 3115 3116
f 3089 3116 3090
f 3090 3116 3117
f 3090 3117 3085
f 3085 3117 3118
f 3085 3118 3086
f 3086 3118 3119
f 3086 3119 3087
f 3087 3119 3120
f 3087 3120 3082
f 3082 3120 3121
f 3082 3121 3083
f 3083 3121 3122
f 3083 3122 3084
f 3084 3122 3123
f 3084 3123 3081
f 3081 3123 3124
f 3081 3124 3078
f 3078 3124 3102
f 3122 3125 3123
f 3123 3125 3126
f 3123 3126 3124
f 3124 3126 3127
f 3124 3127 3102
f 3120 3128 3121
f 3121 3128 3129
f 3121 3129 3122
f 3122 3129 3130
f 3122 3130 3125
f 3118 3131 3119
f 3119 3131 3132
f 3119 3132 3120
f 3120 3132 3133
f 3120 3133 3128
f 3115 3134 3116
f 3116 3134 3135
f 3116 3135 3117
f 3117 3135 3136
f 3117 3136 3118
f 3118 3136 3137
f 3118 3137 3131
f 3113 3138 3114
f 3114 3138 3139
f 3114 3139 3115
f 3115 3139 3140
f 3115 3140 3134
f 3111 3141 3112
f 3112 3141 3142
f 3112 3142 3113
f 3113 3142 3143
f 3113 3143 3138
f 3109 3144 3110
f 3110 3144 3145
f 3110 3145 3111
f 3111 3145 3146
f 3111 3146 3141
f 3106 3147 3107
f 3107 3147 3148
f 3107 3148 3108
f 3108 3148 3149
f 3108 3149 3109
f 3109 3149 3150
f 3109 3150 3144
f 3104 3151 3105
f 3105 3151 3152
f 3105 3152 3106
f 3106 3152 3153
f 3106 3153 3147
f 3127 3154 3102
f 3102 3154 3155
f 3102 3155 3103
f 3103 3155 3156
f 3103 3156 3104
f 3104 3156 3157
f 3104 3157 3151
f 2868 2754 3126
f 3126 2754 3127
f 2868 3126 2871
f 2871 3126 3125
f 2871 3125 2872
f 2879 2877 3130
f 3130 2877 2876
f 3130 2876 3125
f 3125 2876 2874
f 3125 2874 2872
f 2879 3130 2880
f 2880 3130 3129
f 2880 3129 2882
f 2882 3129 2884
f 2884 3129 3128
f 2884 3128 2885
f 2885 3128 2887
f 2887 3128 3133
f 2887 3133 2888
f 2888 3133 2890
f 2890 3133 3132
f 2890 3132 2891
f 2898 2896 3131
f 3131 2896 2895
f 3131 2895 3132
f 3132 2895 2893
f 3132 2893 2891
f 2898 3131 2899
f 2899 3131 3137
f 2899 3137 2901
f 2901 3137 2902
f 2902 3137 3136
f 2902 3136 2903
f 2903 3136 2904
f 2904 3136 3135
f 2904 3135 2905
f 2905 3135 2907
f 2907 3135 3134
f 2907 3134 2908
f 3140 2912 3134
f 3134 2912 2910
f 3134 2910 2908
f 3139 2915 3140
f 3140 2915 2913
f 3140 2913 2912
f 3138 2918 3139
f 3139 2918 2916
f 3139 2916 2915
f 3143 2925 3138
f 3138 2925 2920
f 3138 2920 2918
f 2928 2927 3142
f 3142 2927 2922
f 3142 2922 3143
f 3143 2922 2924
f 3143 2924 2925
f 2928 3142 2930
f 2930 3142 3141
f 2930 3141 2931
f 2931 3141 2933
f 2933 3141 3146
f 2933 3146 2934
f 2934 3146 2936
f 2936 3146 3145
f 2936 3145 2938
f 2938 3145 2940
f 2940 3145 3144
f 2940 3144 2941
f 3150 2944 3144
f 3144 2944 2943
f 3144 2943 2941
f 3149 2948 3150
f 3150 2948 2946
f 3150 2946 2944
f 3148 2951 3149
f 3149 2951 2949
f 3149 2949 2948
f 2957 2955 3147
f 3147 2955 2954
f 3147 2954 3148
f 3148 2954 2952
f 3148 2952 2951
f 2957 3147 2958
f 2958 3147 3153
f 2958 3153 2841
f 3152 2844 3153
f 3153 2844 2843
f 3153 2843 2841
f 3151 2848 3152
f 3152 2848 2847
f 3152 2847 2844
f 3157 2851 3151
f 3151 2851 2849
f 3151 2849 2848
f 2857 2855 3156
f 3156 2855 2854
f 3156 2854 3157
f 3157 2854 2852
f 3157 2852 2851
f 2857 3156 2859
f 2859 3156 3155
f 2859 3155 2860
f 3154 2866 3155
f 3155 2866 2867
f 3155 2867 2860
f 2754 2753 3127
f 3127 2753 2862
f 3127 2862 3154
f 3154 2862 2864
f 3154 2864 2866
f 2783 3158 2784
f 2769 2784 3158
f 2767 2769 3159
f 3159 2769 3158
f 3159 3158 3160
f 3160 3158 3161
f 3160 3161 3162
f 3162 3161 3163
f 3162 3163 3164
f 3164 3163 3165
f 3159 2838 2767
f 2757 3166 2758
f 2825 2758 3166
f 2821 2825 3167
f 3167 2825 3166
f 3167 3166 3168
f 3168 3166 3169
f 3168 3169 3170
f 3170 3169 3171
f 3170 3171 3172
f 3172 3171 3173
f 3167 2822 2821
f 2819 3174 2820
f 3175 3176 3177
f 2805 2820 3174
f 2761 2805 3178
f 3178 2805 3174
f 3178 3174 3179
f 3179 3174 3180
f 3179 3180 3177
f 3177 3180 3181
f 3177 3181 3175
f 3178 2759 2761
f 2763 3182 2764
f 3183 3184 3185
f 2789 2764 3182
f 2785 2789 3186
f 3186 2789 3182
f 3186 3182 3187
f 3187 3182 3188
f 3187 3188 3185
f 3185 3188 3189
f 3185 3189 3183
f 3186 2786 2785
f 3190 3172 3173
f 3191 3184 3183
f 3164 3165 3192
f 3192 3165 3191
f 3192 3191 3193
f 3193 3191 3183
f 3176 3175 3193
f 3193 3175 3190
f 3193 3190 3192
f 3192 3190 3173
f 3192 2834 2836
f 2838 3159 2839
f 2839 3159 3160
f 2839 3160 2836
f 2836 3160 3162
f 2836 3162 3192
f 3192 3162 3164
f 3192 3173 3171
f 3169 3166 2757
f 2757 2826 3169
f 3169 2826 2828
f 3169 2828 3171
f 3171 2828 2830
f 3171 2830 3192
f 3192 2830 2832
f 3192 2832 2834
f 3190 2809 2807
f 2822 3167 2823
f 2823 3167 3168
f 2823 3168 2807
f 2807 3168 3170
f 2807 3170 3190
f 3190 3170 3172
f 3190 3175 3181
f 3180 3174 2819
f 2819 2817 3180
f 3180 2817 2815
f 3180 2815 3181
f 3181 2815 2813
f 3181 2813 3190
f 3190 2813 2811
f 3190 2811 2809
f 3191 2773 2771
f 2786 3186 2787
f 2787 3186 3187
f 2787 3187 2771
f 2771 3187 3185
f 2771 3185 3191
f 3191 3185 3184
f 3191 3165 3163
f 3161 3158 2783
f 2783 2781 3161
f 3161 2781 2779
f 3161 2779 3163
f 3163 2779 2777
f 3163 2777 3191
f 3191 2777 2775
f 3191 2775 2773
f 3193 2798 2800
f 2759 3178 2801
f 2801 3178 3179
f 2801 3179 2800
f 2800 3179 3177
f 2800 3177 3193
f 3193 3177 3176
f 3193 3183 3189
f 3188 3182 2763
f 2763 2790 3188
f 3188 2790 2792
f 3188 2792 3189
f 3189 2792 2794
f 3189 2794 3193
f 3193 2794 2796
f 3193 2796 2798
f 3194 3195 3196
f 3196 3195 3197
f 3196 3197 3198
f 3198 3197 3199
f 3198 3199 3200
f 3200 3199 3201
f 3200 3201 3202
f 3202 3201 3203
f 3202 3203 3204
f 3205 3206 3207
f 3207 3206 3208
f 3207 3208 3209
f 3209 3208 3210
f 3209 3210 3211
f 3211 3210 3212
f 3211 3212 3213
f 3213 3212 3214
f 3213 3214 3215
f 3203 3216 3204
f 3204 3216 3217
f 3204 3217 3218
f 3218 3217 3219
f 3218 3219 3220
f 3220 3219 3221
f 3220 3221 3222
f 3222 3221 3223
f 3222 3223 3224
f 3224 3223 3225
f 3224 3225 3205
f 3205 3225 3226
f 3205 3226 3206
f 3214 3227 3215
f 3215 3227 3228
f 3215 3228 3229
f 3229 3228 3230
f 3229 3230 3231
f 3231 3230 3232
f 3231 3232 3233
f 3233 3232 3234
f 3233 3234 3235
f 3236 3237 3238
f 3238 3237 3239
f 3238 3239 3240
f 3240 3239 3241
f 3240 3241 3242
f 3242 3241 3243
f 3242 3243 3194
f 3194 3243 3244
f 3194 3244 3195
f 3234 3245 3235
f 3235 3245 3246
f 3235 3246 3247
f 3247 3246 3248
f 3247 3248 3249
f 3249 3248 3250
f 3249 3250 3251
f 3251 3250 3252
f 3251 3252 3253
f 3253 3252 3254
f 3253 3254 3236
f 3236 3254 3255
f 3236 3255 3237
f 3256 3257 3258
f 3258 3257 3259
f 3258 3259 3260
f 3260 3259 3261
f 3260 3261 3262
f 3262 3261 3263
f 3262 3263 3264
f 3264 3263 3265
f 3264 3265 3266
f 3267 3268 3269
f 3269 3268 3270
f 3269 3270 3271
f 3271 3270 3272
f 3271 3272 3273
f 3273 3272 3274
f 3273 3274 3256
f 3256 3274 3275
f 3256 3275 3257
f 3276 3277 3278
f 3278 3277 3279
f 3278 3279 3280
f 3280 3279 3281
f 3280 3281 3282
f 3282 3281 3283
f 3282 3283 3284
f 3284 3283 3285
f 3284 3285 3267
f 3267 3285 3286
f 3267 3286 3268
f 3287 3288 3289
f 3289 3288 3290
f 3289 3290 3291
f 3291 3290 3292
f 3291 3292 3293
f 3293 3292 3294
f 3293 3294 3295
f 3295 3294 3296
f 3295 3296 3297
f 3265 3298 3266
f 3266 3298 3299
f 3266 3299 3300
f 3300 3299 3301
f 3300 3301 3302
f 3302 3301 3303
f 3302 3303 3304
f 3304 3303 3305
f 3304 3305 3287
f 3287 3305 3306
f 3287 3306 3288
f 3296 3307 3297
f 3297 3307 3308
f 3297 3308 3309
f 3309 3308 3310
f 3309 3310 3311
f 3311 3310 3312
f 3311 3312 3313
f 3313 3312 3314
f 3313 3314 3315
f 3315 3314 3316
f 3315 3316 3276
f 3276 3316 3317
f 3276 3317 3277
f 3225 3223 3314
f 3314 3223 3316
f 3223 3221 3316
f 3316 3221 3219
f 3316 3219 3317
f 3317 3219 3217
f 3317 3217 3277
f 3277 3217 3216
f 3277 3216 3279
f 3279 3216 3203
f 3279 3203 3281
f 3281 3203 3201
f 3281 3201 3283
f 3283 3201 3199
f 3283 3199 3285
f 3285 3199 3197
f 3285 3197 3286
f 3286 3197 3195
f 3286 3195 3268
f 3268 3195 3244
f 3268 3244 3270
f 3270 3244 3243
f 3270 3243 3272
f 3272 3243 3241
f 3272 3241 3274
f 3274 3241 3239
f 3274 3239 3275
f 3275 3239 3237
f 3275 3237 3257
f 3257 3237 3255
f 3257 3255 3259
f 3259 3255 3254
f 3259 3254 3261
f 3261 3254 3252
f 3261 3252 3263
f 3263 3252 3250
f 3263 3250 3265
f 3265 3250 3248
f 3265 3248 3298
f 3298 3248 3246
f 3298 3246 3299
f 3299 3246 3245
f 3299 3245 3301
f 3301 3245 3234
f 3301 3234 3303
f 3303 3234 3232
f 3303 3232 3305
f 3305 3232 3230
f 3305 3230 3306
f 3306 3230 3228
f 3306 3228 3288
f 3288 3228 3227
f 3288 3227 3290
f 3290 3227 3214
f 3290 3214 3292
f 3292 3214 3212
f 3292 3212 3294
f 3294 3212 3210
f 3294 3210 3296
f 3296 3210 3208
f 3296 3208 3307
f 3307 3208 3206
f 3307 3206 3308
f 3308 3206 3226
f 3308 3226 3310
f 3310 3226 3225
f 3310 3225 3312
f 3312 3225 3314
f 3251 3262 3249
f 3249 3262 3264
f 3249 3264 3247
f 3247 3264 3266
f 3247 3266 3235
f 3235 3266 3300
f 3235 3300 3233
f 3233 3300 3302
f 3233 3302 3231
f 3231 3302 3304
f 3231 3304 3229
f 3229 3304 3287
f 3229 3287 3215
f 3215 3287 3289
f 3215 3289 3213
f 3213 3289 3291
f 3213 3291 3211
f 3211 3291 3293
f 3211 3293 3209
f 3209 3293 3295
f 3209 3295 3207
f 3207 3295 3297
f 3207 3297 3205
f 3205 3297 3309
f 3205 3309 3224
f 3224 3309 3311
f 3224 3311 3222
f 3222 3311 3313
f 3222 3313 3220
f 3220 3313 3315
f 3220 3315 3218
f 3218 3315 3276
f 3218 3276 3204
f 3204 3276 3278
f 3204 3278 3202
f 3202 3278 3280
f 3202 3280 3200
f 3200 3280 3282
f 3200 3282 3198
f 3198 3282 3284
f 3198 3284 3196
f 3196 3284 3267
f 3196 3267 3194
f 3194 3267 3269
f 3194 3269 3242
f 3242 3269 3271
f 3242 3271 3240
f 3240 3271 3273
f 3240 3273 3238
f 3238 3273 3256
f 3238 3256 3236
f 3236 3256 3258
f 3236 3258 3253
f 3253 3258 3260
f 3253 3260 3251
f 3251 3260 3262
f 3318 3319 3320
f 3320 3319 3321
f 3320 3321 3322
f 3322 3321 3323
f 3322 3323 3324
f 3324 3323 3325
f 3324 3325 3326
f 3326 3325 3327
f 3326 3327 3328
f 3329 3330 3331
f 3331 3330 3332
f 3331 3332 3333
f 3333 3332 3334
f 3333 3334 3335
f 3335 3334 3336
f 3335 3336 3337
f 3337 3336 3338
f 3337 3338 3339
f 3327 3340 3328
f 3328 3340 3341
f 3328 3341 3342
f 3342 3341 3343
f 3342 3343 3344
f 3344 3343 3345
f 3344 3345 3346
f 3346 3345 3347
f 3346 3347 3348
f 3348 3347 3349
f 3348 3349 3329
f 3329 3349 3350
f 3329 3350 3330
f 3338 3351 3339
f 3339 3351 3352
f 3339 3352 3353
f 3353 3352 3354
f 3353 3354 3355
f 3355 3354 3356
f 3355 3356 3357
f 3357 3356 3358
f 3357 3358 3359
f 3360 3361 3362
f 3362 3361 3363
f 3362 3363 3364
f 3364 3363 3365
f 3364 3365 3366
f 3366 3365 3367
f 3366 3367 3318
f 3318 3367 3368
f 3318 3368 3319
f 3358 3369 3359
f 3359 3369 3370
f 3359 3370 3371
f 3371 3370 3372
f 3371 3372 3373
f 3373 3372 3374
f 3373 3374 3375
f 3375 3374 3376
f 3375 3376 3377
f 3377 3376 3378
f 3377 3378 3360
f 3360 3378 3379
f 3360 3379 3361
f 3380 3381 3382
f 3382 3381 3383
f 3382 3383 3384
f 3384 3383 3385
f 3384 3385 3386
f 3386 3385 3387
f 3386 3387 3388
f 3388 3387 3389
f 3388 3389 3390
f 3391 3392 3393
f 3393 3392 3394
f 3393 3394 3395
f 3395 3394 3396
f 3395 3396 3397
f 3397 3396 3398
f 3397 3398 3380
f 3380 3398 3399
f 3380 3399 3381
f 3400 3401 3402
f 3402 3401 3403
f 3402 3403 3404
f 3404 3403 3405
f 3404 3405 3406
f 3406 3405 3407
f 3406 3407 3408
f 3408 3407 3409
f 3408 3409 3391
f 3391 3409 3410
f 3391 3410 3392
f 3411 3412 3413
f 3413 3412 3414
f 3413 3414 3415
f 3415 3414 3416
f 3415 3416 3417
f 3417 3416 3418
f 3417 3418 3419
f 3419 3418 3420
f 3419 3420 3421
f 3389 3422 3390
f 3390 3422 3423
f 3390 3423 3424
f 3424 3423 3425
f 3424 3425 3426
f 3426 3425 3427
f 3426 3427 3428
f 3428 3427 3429
f 3428 3429 3411
f 3411 3429 3430
f 3411 3430 3412
f 3420 3431 3421
f 3421 3431 3432
f 3421 3432 3433
f 3433 3432 3434
f 3433 3434 3435
f 3435 3434 3436
f 3435 3436 3437
f 3437 3436 3438
f 3437 3438 3439
f 3439 3438 3440
f 3439 3440 3400
f 3400 3440 3441
f 3400 3441 3401
f 3349 3347 3438
f 3438 3347 3440
f 3347 3345 3440
f 3440 3345 3343
f 3440 3343 3441
f 3441 3343 3341
f 3441 3341 3401
f 3401 3341 3340
f 3401 3340 3403
f 3403 3340 3327
f 3403 3327 3405
f 3405 3327 3325
f 3405 3325 3407
f 3407 3325 3323
f 3407 3323 3409
f 3409 3323 3321
f 3409 3321 3410
f 3410 3321 3319
f 3410 3319 3392
f 3392 3319 3368
f 3392 3368 3394
f 3394 3368 3367
f 3394 3367 3396
f 3396 3367 3365
f 3396 3365 3398
f 3398 3365 3363
f 3398 3363 3399
f 3399 3363 3361
f 3399 3361 3381
f 3381 3361 3379
f 3381 3379 3383
f 3383 3379 3378
f 3383 3378 3385
f 3385 3378 3376
f 3385 3376 3387
f 3387 3376 3374
f 3387 3374 3389
f 3389 3374 3372
f 3389 3372 3422
f 3422 3372 3370
f 3422 3370 3423
f 3423 3370 3369
f 3423 3369 3425
f 3425 3369 3358
f 3425 3358 3427
f 3427 3358 3356
f 3427 3356 3429
f 3429 3356 3354
f 3429 3354 3430
f 3430 3354 3352
f 3430 3352 3412
f 3412 3352 3351
f 3412 3351 3414
f 3414 3351 3338
f 3414 3338 3416
f 3416 3338 3336
f 3416 3336 3418
f 3418 3336 3334
f 3418 3334 3420
f 3420 3334 3332
f 3420 3332 3431
f 3431 3332 3330
f 3431 3330 3432
f 3432 3330 3350
f 3432 3350 3434
f 3434 3350 3349
f 3434 3349 3436
f 3436 3349 3438
f 3375 3386 3373
f 3373 3386 3388
f 3373 3388 3371
f 3371 3388 3390
f 3371 3390 3359
f 3359 3390 3424
f 3359 3424 3357
f 3357 3424 3426
f 3357 3426 3355
f 3355 3426 3428
f 3355 3428 3353
f 3353 3428 3411
f 3353 3411 3339
f 3339 3411 3413
f 3339 3413 3337
f 3337 3413 3415
f 3337 3415 3335
f 3335 3415 3417
f 3335 3417 3333
f 3333 3417 3419
f 3333 3419 3331
f 3331 3419 3421
f 3331 3421 3329
f 3329 3421 3433
f 3329 3433 3348
f 3348 3433 3435
f 3348 3435 3346
f 3346 3435 3437
f 3346 3437 3344
f 3344 3437 3439
f 3344 3439 3342
f 3342 3439 3400
f 3342 3400 3328
f 3328 3400 3402
f 3328 3402 3326
f 3326 3402 3404
f 3326 3404 3324
f 3324 3404 3406
f 3324 3406 3322
f 3322 3406 3408
f 3322 3408 3320
f 3320 3408 3391
f 3320 3391 3318
f 3318 3391 3393
f 3318 3393 3366
f 3366 3393 3395
f 3366 3395 3364
f 3364 3395 3397
f 3364 3397 3362
f 3362 3397 3380
f 3362 3380 3360
f 3360 3380 3382
f 3360 3382 3377
f 3377 3382 3384
f 3377 3384 3375
f 3375 3384 3386
f 3442 3443 3444
f 3445 3446 3447
f 3448 3449 3450
f 3443 3451 3452
f 3449 3453 3454
f 3455 3456 3457
f 3458 3459 3460
f 3461 3462 3463
f 3464 3465 3466
f 3467 3468 3469
f 3470 3471 3472
f 3472 3471 3473
f 3472 3473 3474
f 3475 3476 3477
f 3477 3476 3478
f 3477 3478 3474
f 3475 3477 3479
f 3479 3477 3480
f 3479 3480 3481
f 3481 3480 3482
f 3481 3482 3483
f 3482 3484 3483
f 3483 3484 3485
f 3483 3485 3486
f 3469 3468 3485
f 3485 3468 3487
f 3485 3487 3486
f 3488 3489 3490
f 3489 3491 3490
f 3490 3491 3492
f 3490 3492 3493
f 3494 3495 3496
f 3496 3495 3497
f 3496 3497 3498
f 3494 3496 3499
f 3499 3496 3500
f 3499 3500 3501
f 3501 3500 3502
f 3501 3502 3503
f 3502 3504 3503
f 3503 3504 3505
f 3503 3505 3506
f 3466 3465 3505
f 3505 3465 3507
f 3505 3507 3506
f 3508 3509 3510
f 3509 3511 3510
f 3510 3511 3512
f 3510 3512 3513
f 3513 3512 3514
f 3513 3514 3515
f 3516 3517 3518
f 3518 3517 3519
f 3518 3519 3515
f 3516 3518 3520
f 3520 3518 3521
f 3520 3521 3522
f 3522 3521 3523
f 3522 3523 3524
f 3523 3525 3524
f 3524 3525 3526
f 3524 3526 3527
f 3463 3462 3526
f 3526 3462 3528
f 3526 3528 3527
f 3529 3530 3531
f 3530 3532 3531
f 3531 3532 3533
f 3531 3533 3534
f 3534 3533 3535
f 3534 3535 3536
f 3537 3538 3539
f 3539 3538 3540
f 3539 3540 3536
f 3537 3539 3541
f 3541 3539 3542
f 3541 3542 3543
f 3543 3542 3544
f 3543 3544 3545
f 3544 3546 3545
f 3545 3546 3547
f 3545 3547 3548
f 3460 3459 3547
f 3547 3459 3549
f 3547 3549 3548
f 3550 3551 3470
f 3470 3551 3552
f 3470 3552 3471
f 3553 3554 3555
f 3556 3557 3453
f 3453 3557 3558
f 3453 3558 3454
f 3558 3559 3454
f 3454 3559 3560
f 3454 3560 3561
f 3560 3562 3561
f 3561 3562 3563
f 3561 3563 3564
f 3564 3563 3565
f 3564 3565 3566
f 3565 3567 3566
f 3566 3567 3568
f 3566 3568 3569
f 3568 3570 3569
f 3569 3570 3571
f 3569 3571 3572
f 3572 3571 3573
f 3572 3573 3574
f 3573 3575 3574
f 3574 3575 3576
f 3574 3576 3577
f 3576 3578 3577
f 3577 3578 3579
f 3577 3579 3580
f 3580 3579 3581
f 3580 3581 3582
f 3456 3583 3457
f 3457 3583 3584
f 3457 3584 3446
f 3583 3585 3584
f 3584 3585 3586
f 3584 3586 3587
f 3587 3586 3588
f 3587 3588 3589
f 3588 3590 3589
f 3589 3590 3591
f 3589 3591 3592
f 3591 3593 3592
f 3592 3593 3594
f 3592 3594 3595
f 3595 3594 3596
f 3595 3596 3597
f 3596 3598 3597
f 3597 3598 3599
f 3597 3599 3600
f 3599 3601 3600
f 3600 3601 3602
f 3600 3602 3603
f 3604 3605 3606
f 3606 3605 3607
f 3606 3607 3608
f 3608 3607 3603
f 3608 3603 3609
f 3609 3603 3602
f 3610 3611 3451
f 3451 3611 3612
f 3451 3612 3452
f 3452 3612 3613
f 3452 3613 3614
f 3613 3615 3614
f 3614 3615 3616
f 3614 3616 3617
f 3616 3618 3617
f 3617 3618 3619
f 3617 3619 3620
f 3620 3619 3621
f 3620 3621 3622
f 3621 3623 3622
f 3622 3623 3624
f 3622 3624 3625
f 3624 3626 3625
f 3625 3626 3627
f 3625 3627 3628
f 3627 3629 3628
f 3628 3629 3630
f 3628 3630 3631
f 3631 3630 3632
f 3631 3632 3633
f 3634 3635 3636
f 3636 3635 3633
f 3636 3633 3637
f 3637 3633 3632
f 3638 3639 3640
f 3638 3640 3641
f 3640 3642 3641
f 3641 3642 3643
f 3641 3643 3644
f 3643 3645 3644
f 3644 3645 3646
f 3644 3646 3647
f 3646 3648 3647
f 3647 3648 3649
f 3647 3649 3650
f 3650 3649 3651
f 3650 3651 3652
f 3651 3653 3652
f 3652 3653 3654
f 3652 3654 3655
f 3654 3656 3655
f 3655 3656 3657
f 3655 3657 3658
f 3658 3657 3659
f 3658 3659 3660
f 3659 3661 3660
f 3660 3661 3662
f 3660 3662 3555
f 3555 3662 3663
f 3555 3663 3553
f 3554 3664 3665
f 3449 3454 3450
f 3450 3454 3561
f 3450 3561 3666
f 3666 3561 3564
f 3666 3564 3667
f 3667 3564 3566
f 3667 3566 3668
f 3668 3566 3569
f 3668 3569 3669
f 3669 3569 3572
f 3669 3572 3670
f 3670 3572 3574
f 3670 3574 3671
f 3671 3574 3577
f 3671 3577 3672
f 3672 3577 3580
f 3672 3580 3673
f 3673 3580 3582
f 3673 3582 3674
f 3446 3584 3447
f 3447 3584 3587
f 3447 3587 3675
f 3675 3587 3589
f 3675 3589 3676
f 3676 3589 3592
f 3676 3592 3677
f 3677 3592 3595
f 3677 3595 3678
f 3678 3595 3597
f 3678 3597 3679
f 3679 3597 3600
f 3679 3600 3680
f 3680 3600 3603
f 3680 3603 3681
f 3681 3603 3607
f 3681 3607 3682
f 3682 3607 3605
f 3682 3605 3683
f 3443 3452 3444
f 3444 3452 3614
f 3444 3614 3684
f 3684 3614 3617
f 3684 3617 3685
f 3685 3617 3620
f 3685 3620 3686
f 3686 3620 3622
f 3686 3622 3687
f 3687 3622 3625
f 3687 3625 3688
f 3688 3625 3628
f 3688 3628 3689
f 3689 3628 3631
f 3689 3631 3690
f 3690 3631 3633
f 3690 3633 3691
f 3691 3633 3635
f 3691 3635 3692
f 3554 3665 3555
f 3555 3665 3693
f 3555 3693 3660
f 3660 3693 3694
f 3660 3694 3658
f 3658 3694 3695
f 3658 3695 3655
f 3655 3695 3696
f 3655 3696 3652
f 3652 3696 3697
f 3652 3697 3650
f 3650 3697 3698
f 3650 3698 3647
f 3647 3698 3699
f 3647 3699 3644
f 3644 3699 3700
f 3644 3700 3641
f 3641 3700 3701
f 3641 3701 3638
f 3498 3493 3702
f 3702 3493 3492
f 3702 3492 3664
f 3448 3450 3703
f 3703 3450 3666
f 3703 3666 3704
f 3704 3666 3667
f 3704 3667 3705
f 3705 3667 3668
f 3705 3668 3706
f 3706 3668 3669
f 3706 3669 3707
f 3707 3669 3670
f 3707 3670 3508
f 3508 3670 3671
f 3508 3671 3509
f 3509 3671 3672
f 3509 3672 3511
f 3511 3672 3673
f 3511 3673 3512
f 3512 3673 3674
f 3512 3674 3514
f 3445 3447 3708
f 3708 3447 3675
f 3708 3675 3709
f 3709 3675 3676
f 3709 3676 3710
f 3710 3676 3677
f 3710 3677 3711
f 3711 3677 3678
f 3711 3678 3712
f 3712 3678 3679
f 3712 3679 3529
f 3529 3679 3680
f 3529 3680 3530
f 3530 3680 3681
f 3530 3681 3532
f 3532 3681 3682
f 3532 3682 3533
f 3533 3682 3683
f 3533 3683 3535
f 3442 3444 3713
f 3713 3444 3684
f 3713 3684 3714
f 3714 3684 3685
f 3714 3685 3715
f 3715 3685 3686
f 3715 3686 3716
f 3716 3686 3687
f 3716 3687 3717
f 3717 3687 3688
f 3717 3688 3550
f 3550 3688 3689
f 3550 3689 3551
f 3551 3689 3690
f 3551 3690 3552
f 3552 3690 3691
f 3552 3691 3471
f 3471 3691 3692
f 3471 3692 3473
f 3664 3492 3665
f 3665 3492 3491
f 3665 3491 3693
f 3693 3491 3489
f 3693 3489 3694
f 3694 3489 3488
f 3694 3488 3695
f 3695 3488 3718
f 3695 3718 3696
f 3696 3718 3719
f 3696 3719 3697
f 3697 3719 3720
f 3697 3720 3698
f 3698 3720 3721
f 3698 3721 3699
f 3699 3721 3722
f 3699 3722 3700
f 3700 3722 3723
f 3700 3723 3701
f 3553 3556 3554
f 3554 3556 3453
f 3554 3453 3664
f 3664 3453 3449
f 3664 3449 3702
f 3702 3449 3448
f 3702 3448 3498
f 3498 3448 3703
f 3498 3703 3496
f 3496 3703 3704
f 3496 3704 3500
f 3500 3704 3705
f 3500 3705 3502
f 3502 3705 3706
f 3502 3706 3504
f 3504 3706 3707
f 3504 3707 3505
f 3505 3707 3508
f 3505 3508 3466
f 3466 3508 3510
f 3466 3510 3464
f 3581 3455 3582
f 3582 3455 3457
f 3582 3457 3674
f 3674 3457 3446
f 3674 3446 3514
f 3514 3446 3445
f 3514 3445 3515
f 3515 3445 3708
f 3515 3708 3518
f 3518 3708 3709
f 3518 3709 3521
f 3521 3709 3710
f 3521 3710 3523
f 3523 3710 3711
f 3523 3711 3525
f 3525 3711 3712
f 3525 3712 3526
f 3526 3712 3529
f 3526 3529 3463
f 3463 3529 3531
f 3463 3531 3461
f 3604 3610 3605
f 3605 3610 3451
f 3605 3451 3683
f 3683 3451 3443
f 3683 3443 3535
f 3535 3443 3442
f 3535 3442 3536
f 3536 3442 3713
f 3536 3713 3539
f 3539 3713 3714
f 3539 3714 3542
f 3542 3714 3715
f 3542 3715 3544
f 3544 3715 3716
f 3544 3716 3546
f 3546 3716 3717
f 3546 3717 3547
f 3547 3717 3550
f 3547 3550 3460
f 3460 3550 3470
f 3460 3470 3458
f 3634 3639 3635
f 3635 3639 3638
f 3635 3638 3692
f 3692 3638 3701
f 3692 3701 3473
f 3473 3701 3723
f 3473 3723 3474
f 3474 3723 3722
f 3474 3722 3477
f 3477 3722 3721
f 3477 3721 3480
f 3480 3721 3720
f 3480 3720 3482
f 3482 3720 3719
f 3482 3719 3484
f 3484 3719 3718
f 3484 3718 3485
f 3485 3718 3488
f 3485 3488 3469
f 3469 3488 3490
f 3469 3490 3467
f 3724 3725 3726
f 3727 3728 3726
f 3726 3728 3729
f 3726 3729 3724
f 3730 3731 3726
f 3726 3731 3732
f 3726 3732 3727
f 3733 3734 3726
f 3726 3734 3735
f 3726 3735 3730
f 3736 3737 3726
f 3726 3737 3738
f 3726 3738 3733
f 3739 3740 3726
f 3726 3740 3741
f 3726 3741 3736
f 3742 3743 3726
f 3726 3743 3744
f 3726 3744 3739
f 3725 3745 3726
f 3726 3745 3746
f 3726 3746 3742
f 3724 3747 3725
f 3725 3747 3748
f 3725 3748 3745
f 3745 3748 3749
f 3745 3749 3746
f 3746 3749 3750
f 3746 3750 3742
f 3742 3750 3751
f 3742 3751 3743
f 3743 3751 3752
f 3743 3752 3744
f 3744 3752 3753
f 3744 3753 3739
f 3739 3753 3754
f 3739 3754 3740
f 3740 3754 3755
f 3740 3755 3741
f 3741 3755 3756
f 3741 3756 3736
f 3736 3756 3757
f 3736 3757 3737
f 3737 3757 3758
f 3737 3758 3738
f 3738 3758 3759
f 3738 3759 3733
f 3733 3759 3760
f 3733 3760 3734
f 3734 3760 3761
f 3734 3761 3735
f 3735 3761 3762
f 3735 3762 3730
f 3730 3762 3763
f 3730 3763 3731
f 3731 3763 3764
f 3731 3764 3732
f 3732 3764 3765
f 3732 3765 3727
f 3727 3765 3766
f 3727 3766 3728
f 3728 3766 3767
f 3728 3767 3729
f 3729 3767 3768
f 3729 3768 3724
f 3724 3768 3747
f 3766 3769 3767
f 3767 3769 3770
f 3767 3770 3768
f 3768 3770 3771
f 3768 3771 3747
f 3761 3772 3762
f 3762 3772 3773
f 3762 3773 3763
f 3763 3773 3774
f 3763 3774 3764
f 3754 3775 3755
f 3755 3775 3776
f 3755 3776 3756
f 3752 3777 3753
f 3753 3777 3778
f 3753 3778 3754
f 3754 3778 3779
f 3754 3779 3775
f 3774 3780 3764
f 3764 3780 3781
f 3764 3781 3765
f 3765 3781 3782
f 3765 3782 3766
f 3766 3782 3783
f 3766 3783 3769
f 3759 3784 3760
f 3760 3784 3785
f 3760 3785 3761
f 3761 3785 3786
f 3761 3786 3772
f 3776 3787 3756
f 3756 3787 3788
f 3756 3788 3757
f 3757 3788 3789
f 3757 3789 3758
f 3758 3789 3790
f 3758 3790 3759
f 3759 3790 3791
f 3759 3791 3784
f 3749 3792 3750
f 3750 3792 3793
f 3750 3793 3751
f 3751 3793 3794
f 3751 3794 3752
f 3752 3794 3795
f 3752 3795 3777
f 3771 3796 3747
f 3747 3796 3797
f 3747 3797 3748
f 3748 3797 3798
f 3748 3798 3749
f 3749 3798 3799
f 3749 3799 3792
f 3771 3770 3581
f 3769 3456 3770
f 3770 3456 3455
f 3770 3455 3581
f 3588 3586 3783
f 3783 3586 3585
f 3783 3585 3769
f 3769 3585 3583
f 3769 3583 3456
f 3588 3783 3590
f 3590 3783 3782
f 3590 3782 3591
f 3591 3782 3593
f 3593 3782 3781
f 3593 3781 3594
f 3780 3598 3781
f 3781 3598 3596
f 3781 3596 3594
f 3774 3601 3780
f 3780 3601 3599
f 3780 3599 3598
f 3606 3608 3773
f 3773 3608 3609
f 3773 3609 3774
f 3774 3609 3602
f 3774 3602 3601
f 3606 3773 3604
f 3604 3773 3772
f 3604 3772 3610
f 3610 3772 3611
f 3611 3772 3786
f 3611 3786 3612
f 3785 3615 3786
f 3786 3615 3613
f 3786 3613 3612
f 3621 3619 3784
f 3784 3619 3618
f 3784 3618 3785
f 3785 3618 3616
f 3785 3616 3615
f 3621 3784 3623
f 3623 3784 3791
f 3623 3791 3624
f 3624 3791 3626
f 3626 3791 3790
f 3626 3790 3627
f 3627 3790 3629
f 3629 3790 3789
f 3629 3789 3630
f 3788 3637 3789
f 3789 3637 3632
f 3789 3632 3630
f 3640 3639 3787
f 3787 3639 3634
f 3787 3634 3788
f 3788 3634 3636
f 3788 3636 3637
f 3640 3787 3642
f 3642 3787 3776
f 3642 3776 3643
f 3643 3776 3645
f 3645 3776 3775
f 3645 3775 3646
f 3646 3775 3648
f 3648 3775 3779
f 3648 3779 3649
f 3778 3653 3779
f 3779 3653 3651
f 3779 3651 3649
f 3659 3657 3777
f 3777 3657 3656
f 3777 3656 3778
f 3778 3656 3654
f 3778 3654 3653
f 3659 3777 3661
f 3661 3777 3795
f 3661 3795 3662
f 3662 3795 3663
f 3663 3795 3794
f 3663 3794 3553
f 3793 3557 3794
f 3794 3557 3556
f 3794 3556 3553
f 3792 3559 3793
f 3793 3559 3558
f 3793 3558 3557
f 3565 3563 3799
f 3799 3563 3562
f 3799 3562 3792
f 3792 3562 3560
f 3792 3560 3559
f 3565 3799 3567
f 3567 3799 3798
f 3567 3798 3568
f 3568 3798 3570
f 3570 3798 3797
f 3570 3797 3571
f 3796 3575 3797
f 3797 3575 3573
f 3797 3573 3571
f 3581 3579 3771
f 3771 3579 3578
f 3771 3578 3796
f 3796 3578 3576
f 3796 3576 3575
f 3476 3800 3478
f 3478 3800 3474
f 3801 3802 3803
f 3472 3474 3800
f 3470 3472 3804
f 3804 3472 3800
f 3804 3800 3805
f 3805 3800 3806
f 3805 3806 3803
f 3803 3806 3807
f 3803 3807 3801
f 3804 3458 3470
f 3538 3808 3540
f 3540 3808 3536
f 3809 3810 3811
f 3534 3536 3808
f 3531 3534 3812
f 3812 3534 3808
f 3812 3808 3813
f 3813 3808 3814
f 3813 3814 3811
f 3811 3814 3815
f 3811 3815 3809
f 3812 3461 3531
f 3517 3816 3519
f 3519 3816 3515
f 3817 3818 3819
f 3513 3515 3816
f 3510 3513 3820
f 3820 3513 3816
f 3820 3816 3821
f 3821 3816 3822
f 3821 3822 3819
f 3819 3822 3823
f 3819 3823 3817
f 3820 3464 3510
f 3495 3824 3497
f 3497 3824 3498
f 3493 3498 3824
f 3490 3493 3825
f 3825 3493 3824
f 3825 3824 3826
f 3826 3824 3827
f 3826 3827 3828
f 3828 3827 3829
f 3828 3829 3830
f 3830 3829 3831
f 3825 3467 3490
f 3832 3818 3817
f 3833 3802 3801
f 3810 3809 3834
f 3834 3809 3833
f 3834 3833 3835
f 3835 3833 3801
f 3830 3831 3835
f 3835 3831 3832
f 3835 3832 3834
f 3834 3832 3817
f 3803 3802 3833
f 3458 3804 3459
f 3459 3804 3805
f 3459 3805 3549
f 3549 3805 3803
f 3549 3803 3548
f 3548 3803 3833
f 3833 3809 3815
f 3814 3808 3538
f 3538 3537 3814
f 3814 3537 3541
f 3814 3541 3815
f 3815 3541 3543
f 3815 3543 3833
f 3833 3543 3545
f 3833 3545 3548
f 3811 3810 3834
f 3461 3812 3462
f 3462 3812 3813
f 3462 3813 3528
f 3528 3813 3811
f 3528 3811 3527
f 3527 3811 3834
f 3834 3817 3823
f 3822 3816 3517
f 3517 3516 3822
f 3822 3516 3520
f 3822 3520 3823
f 3823 3520 3522
f 3823 3522 3834
f 3834 3522 3524
f 3834 3524 3527
f 3828 3830 3835
f 3467 3825 3468
f 3468 3825 3826
f 3468 3826 3487
f 3487 3826 3828
f 3487 3828 3486
f 3486 3828 3835
f 3835 3801 3807
f 3806 3800 3476
f 3476 3475 3806
f 3806 3475 3479
f 3806 3479 3807
f 3807 3479 3481
f 3807 3481 3835
f 3835 3481 3483
f 3835 3483 3486
f 3819 3818 3832
f 3464 3820 3465
f 3465 3820 3821
f 3465 3821 3507
f 3507 3821 3819
f 3507 3819 3506
f 3506 3819 3832
f 3832 3831 3829
f 3827 3824 3495
f 3495 3494 3827
f 3827 3494 3499
f 3827 3499 3829
f 3829 3499 3501
f 3829 3501 3832
f 3832 3501 3503
f 3832 3503 3506
f 3836 3837 3838
f 3839 3840 3841
f 3842 3843 3844
f 3837 3845 3846
f 3843 3847 3848
f 3849 3850 3851
f 3852 3853 3854
f 3855 3856 3857
f 3858 3859 3860
f 3860 3859 3861
f 3860 3861 3862
f 3863 3864 3865
f 3865 3864 3866
f 3865 3866 3867
f 3867 3866 3868
f 3867 3868 3869
f 3869 3868 3870
f 3869 3870 3871
f 3871 3870 3872
f 3871 3872 3873
f 3873 3872 3874
f 3873 3874 3875
f 3875 3874 3876
f 3875 3876 3877
f 3877 3876 3878
f 3879 3880 3863
f 3881 3882 3883
f 3883 3882 3884
f 3883 3884 3885
f 3886 3887 3888
f 3888 3887 3889
f 3888 3889 3890
f 3890 3889 3891
f 3890 3891 3892
f 3892 3891 3893
f 3892 3893 3894
f 3894 3893 3895
f 3894 3895 3896
f 3856 3855 3895
f 3895 3855 3897
f 3895 3897 3896
f 3898 3899 3900
f 3901 3902 3899
f 3899 3902 3903
f 3899 3903 3904
f 3905 3906 3907
f 3907 3906 3908
f 3907 3908 3909
f 3909 3908 3910
f 3909 3910 3911
f 3911 3910 3912
f 3911 3912 3913
f 3913 3912 3914
f 3913 3914 3915
f 3915 3914 3916
f 3915 3916 3917
f 3917 3916 3918
f 3917 3918 3919
f 3919 3918 3920
f 3921 3922 3905
f 3923 3924 3925
f 3925 3924 3926
f 3925 3926 3927
f 3927 3926 3928
f 3927 3928 3929
f 3930 3931 3932
f 3932 3931 3933
f 3932 3933 3934
f 3934 3933 3935
f 3934 3935 3936
f 3936 3935 3937
f 3936 3937 3938
f 3938 3937 3939
f 3938 3939 3940
f 3853 3852 3939
f 3939 3852 3941
f 3939 3941 3940
f 3942 3860 3943
f 3944 3945 3847
f 3847 3945 3946
f 3847 3946 3848
f 3848 3946 3947
f 3848 3947 3948
f 3947 3949 3948
f 3948 3949 3950
f 3948 3950 3951
f 3950 3952 3951
f 3951 3952 3953
f 3951 3953 3954
f 3953 3955 3954
f 3954 3955 3956
f 3954 3956 3957
f 3957 3956 3958
f 3957 3958 3959
f 3958 3960 3959
f 3959 3960 3961
f 3959 3961 3962
f 3963 3964 3965
f 3965 3964 3966
f 3965 3966 3967
f 3967 3966 3962
f 3967 3962 3968
f 3968 3962 3961
f 3850 3969 3851
f 3851 3969 3970
f 3851 3970 3840
f 3969 3971 3970
f 3970 3971 3972
f 3970 3972 3973
f 3973 3972 3974
f 3973 3974 3975
f 3974 3976 3975
f 3975 3976 3977
f 3975 3977 3978
f 3977 3979 3978
f 3978 3979 3980
f 3978 3980 3981
f 3981 3980 3982
f 3981 3982 3983
f 3982 3984 3983
f 3983 3984 3985
f 3983 3985 3986
f 3985 3987 3986
f 3986 3987 3988
f 3986 3988 3989
f 3988 3990 3989
f 3989 3990 3991
f 3989 3991 3992
f 3992 3991 3993
f 3992 3993 3994
f 3993 3995 3994
f 3994 3995 3996
f 3994 3996 3997
f 3996 3998 3997
f 3997 3998 3999
f 3997 3999 4000
f 4001 4002 3845
f 3845 4002 4003
f 3845 4003 3846
f 4003 4004 3846
f 3846 4004 4005
f 3846 4005 4006
f 4005 4007 4006
f 4006 4007 4008
f 4006 4008 4009
f 4009 4008 4010
f 4009 4010 4011
f 4010 4012 4011
f 4011 4012 4013
f 4011 4013 4014
f 4013 4015 4014
f 4014 4015 4016
f 4014 4016 4017
f 4017 4016 4018
f 4017 4018 4019
f 4019 4018 4020
f 4019 4020 4021
f 4022 4023 4024
f 4024 4023 4021
f 4024 4021 4025
f 4025 4021 4020
f 4026 4027 4028
f 4026 4028 4029
f 4028 4030 4029
f 4029 4030 4031
f 4029 4031 4032
f 4031 4033 4032
f 4032 4033 4034
f 4032 4034 4035
f 4035 4034 4036
f 4035 4036 4037
f 4037 4036 4038
f 4037 4038 4039
f 4038 4040 4039
f 4039 4040 4041
f 4039 4041 4042
f 4041 4043 4042
f 4042 4043 4044
f 4042 4044 4045
f 4045 4044 4046
f 4045 4046 4047
f 4046 4048 4047
f 4047 4048 4049
f 4047 4049 4050
f 4049 4051 4050
f 4050 4051 4052
f 4050 4052 4053
f 4054 4055 4056
f 4056 4055 4057
f 4056 4057 4058
f 4058 4057 4053
f 4058 4053 4059
f 4059 4053 4052
f 4055 4060 4061
f 3843 3848 3844
f 3844 3848 3948
f 3844 3948 4062
f 4062 3948 3951
f 4062 3951 4063
f 4063 3951 3954
f 4063 3954 4064
f 4064 3954 3957
f 4064 3957 4065
f 4065 3957 3959
f 4065 3959 4066
f 4066 3959 3962
f 4066 3962 4067
f 4067 3962 3966
f 4067 3966 4068
f 4068 3966 3964
f 4068 3964 4069
f 3840 3970 3841
f 3841 3970 3973
f 3841 3973 4070
f 4070 3973 3975
f 4070 3975 4071
f 4071 3975 3978
f 4071 3978 4072
f 4072 3978 3981
f 4072 3981 4073
f 4073 3981 3983
f 4073 3983 4074
f 4074 3983 3986
f 4074 3986 4075
f 4075 3986 3989
f 4075 3989 4076
f 4076 3989 3992
f 4076 3992 4077
f 4077 3992 3994
f 4077 3994 4078
f 4078 3994 3997
f 4078 3997 4079
f 4079 3997 4000
f 4079 4000 4080
f 3837 3846 3838
f 3838 3846 4006
f 3838 4006 4081
f 4081 4006 4009
f 4081 4009 4082
f 4082 4009 4011
f 4082 4011 4083
f 4083 4011 4014
f 4083 4014 4084
f 4084 4014 4017
f 4084 4017 4085
f 4085 4017 4019
f 4085 4019 4086
f 4086 4019 4021
f 4086 4021 4087
f 4087 4021 4023
f 4087 4023 4088
f 4055 4061 4057
f 4057 4061 4089
f 4057 4089 4053
f 4053 4089 4090
f 4053 4090 4050
f 4050 4090 4091
f 4050 4091 4047
f 4047 4091 4092
f 4047 4092 4045
f 4045 4092 4093
f 4045 4093 4042
f 4042 4093 4094
f 4042 4094 4039
f 4039 4094 4095
f 4039 4095 4037
f 4037 4095 4096
f 4037 4096 4035
f 4035 4096 4097
f 4035 4097 4032
f 4032 4097 4098
f 4032 4098 4029
f 4029 4098 4099
f 4029 4099 4026
f 4100 3885 4101
f 4101 3885 3884
f 4101 3884 4060
f 3842 3844 4102
f 4102 3844 4062
f 4102 4062 4103
f 4103 4062 4063
f 4103 4063 4104
f 4104 4063 4064
f 4104 4064 4105
f 4105 4064 4065
f 4105 4065 4106
f 4106 4065 4066
f 4106 4066 4107
f 4107 4066 4067
f 4107 4067 3901
f 3901 4067 4068
f 3901 4068 3902
f 3902 4068 4069
f 3902 4069 3903
f 3839 3841 4108
f 4108 3841 4070
f 4108 4070 4109
f 4109 4070 4071
f 4109 4071 4110
f 4110 4071 4072
f 4110 4072 4111
f 4111 4072 4073
f 4111 4073 4112
f 4112 4073 4074
f 4112 4074 4113
f 4113 4074 4075
f 4113 4075 4114
f 4114 4075 4076
f 4114 4076 4115
f 4115 4076 4077
f 4115 4077 3923
f 3923 4077 4078
f 3923 4078 3924
f 3924 4078 4079
f 3924 4079 3926
f 3926 4079 4080
f 3926 4080 3928
f 3836 3838 4116
f 4116 3838 4081
f 4116 4081 4117
f 4117 4081 4082
f 4117 4082 4118
f 4118 4082 4083
f 4118 4083 4119
f 4119 4083 4084
f 4119 4084 4120
f 4120 4084 4085
f 4120 4085 4121
f 4121 4085 4086
f 4121 4086 3858
f 3858 4086 4087
f 3858 4087 3859
f 3859 4087 4088
f 3859 4088 3861
f 4060 3884 4061
f 4061 3884 3882
f 4061 3882 4089
f 4089 3882 3881
f 4089 3881 4090
f 4090 3881 4122
f 4090 4122 4091
f 4091 4122 4123
f 4091 4123 4092
f 4092 4123 4124
f 4092 4124 4093
f 4093 4124 4125
f 4093 4125 4094
f 4094 4125 4126
f 4094 4126 4095
f 4095 4126 4127
f 4095 4127 4096
f 4096 4127 4128
f 4096 4128 4097
f 4097 4128 4129
f 4097 4129 4098
f 4098 4129 4130
f 4098 4130 4099
f 3899 3898 3901
f 3901 3898 4131
f 3901 4131 4107
f 4107 4131 4132
f 4107 4132 4106
f 4106 4132 4133
f 4106 4133 4105
f 4105 4133 4134
f 4105 4134 4104
f 4104 4134 4135
f 4104 4135 4103
f 4103 4135 4136
f 4103 4136 4102
f 4102 4136 4137
f 4102 4137 3842
f 3963 3849 3964
f 3964 3849 3851
f 3964 3851 4069
f 4069 3851 3840
f 4069 3840 3903
f 3903 3840 3839
f 3903 3839 3904
f 3904 3839 4108
f 3904 4108 4138
f 4138 4108 4109
f 4138 4109 4139
f 4139 4109 4110
f 4139 4110 4140
f 4140 4110 4111
f 4140 4111 4141
f 4141 4111 4112
f 4141 4112 4142
f 4142 4112 4113
f 4142 4113 4143
f 4143 4113 4114
f 4143 4114 4144
f 4144 4114 4115
f 4144 4115 3921
f 3921 4115 3923
f 3921 3923 3922
f 3922 3923 3925
f 3922 3925 3905
f 3860 3942 3858
f 3858 3942 4145
f 3858 4145 4121
f 4121 4145 4146
f 4121 4146 4120
f 4120 4146 4147
f 4120 4147 4119
f 4119 4147 4148
f 4119 4148 4118
f 4118 4148 4149
f 4118 4149 4117
f 4117 4149 4150
f 4117 4150 4116
f 4116 4150 4151
f 4116 4151 3836
f 4022 4027 4023
f 4023 4027 4026
f 4023 4026 4088
f 4088 4026 4099
f 4088 4099 3861
f 3861 4099 4130
f 3861 4130 3862
f 3862 4130 4129
f 3862 4129 4152
f 4152 4129 4128
f 4152 4128 4153
f 4153 4128 4127
f 4153 4127 4154
f 4154 4127 4126
f 4154 4126 4155
f 4155 4126 4125
f 4155 4125 4156
f 4156 4125 4124
f 4156 4124 4157
f 4157 4124 4123
f 4157 4123 4158
f 4158 4123 4122
f 4158 4122 3879
f 3879 4122 3881
f 3879 3881 3880
f 3880 3881 3883
f 3880 3883 3863
f 4054 3944 4055
f 4055 3944 3847
f 4055 3847 4060
f 4060 3847 3843
f 4060 3843 4101
f 4101 3843 3842
f 4101 3842 4100
f 4100 3842 4137
f 4100 4137 3886
f 3886 4137 4136
f 3886 4136 3887
f 3887 4136 4135
f 3887 4135 3889
f 3889 4135 4134
f 3889 4134 3891
f 3891 4134 4133
f 3891 4133 3893
f 3893 4133 4132
f 3893 4132 3895
f 3895 4132 4131
f 3895 4131 3856
f 3856 4131 3898
f 3856 3898 3857
f 3857 3898 3900
f 3857 3900 3855
f 3905 3907 3921
f 3921 3907 3909
f 3921 3909 4144
f 4144 3909 3911
f 4144 3911 4143
f 4143 3911 3913
f 4143 3913 4142
f 4142 3913 3915
f 4142 3915 4141
f 4141 3915 3917
f 4141 3917 4140
f 4140 3917 3919
f 4140 3919 4139
f 4139 3919 3920
f 4139 3920 4138
f 3999 4001 4000
f 4000 4001 3845
f 4000 3845 4080
f 4080 3845 3837
f 4080 3837 3928
f 3928 3837 3836
f 3928 3836 3929
f 3929 3836 4151
f 3929 4151 3930
f 3930 4151 4150
f 3930 4150 3931
f 3931 4150 4149
f 3931 4149 3933
f 3933 4149 4148
f 3933 4148 3935
f 3935 4148 4147
f 3935 4147 3937
f 3937 4147 4146
f 3937 4146 3939
f 3939 4146 4145
f 3939 4145 3853
f 3853 4145 3942
f 3853 3942 3854
f 3854 3942 3943
f 3854 3943 3852
f 3863 3865 3879
f 3879 3865 3867
f 3879 3867 4158
f 4158 3867 3869
f 4158 3869 4157
f 4157 3869 3871
f 4157 3871 4156
f 4156 3871 3873
f 4156 3873 4155
f 4155 3873 3875
f 4155 3875 4154
f 4154 3875 3877
f 4154 3877 4153
f 4153 3877 3878
f 4153 3878 4152
f 4159 4160 4161
f 4159 4161 4162
f 4163 4164 4161
f 4161 4164 4165
f 4161 4165 4162
f 4166 4167 4161
f 4161 4167 4168
f 4161 4168 4163
f 4169 4170 4161
f 4161 4170 4171
f 4161 4171 4166
f 4172 4173 4161
f 4161 4173 4174
f 4161 4174 4169
f 4175 4176 4161
f 4161 4176 4177
f 4161 4177 4172
f 4178 4179 4161
f 4161 4179 4180
f 4161 4180 4175
f 4160 4181 4161
f 4161 4181 4182
f 4161 4182 4178
f 4159 4183 4160
f 4160 4183 4184
f 4160 4184 4181
f 4181 4184 4185
f 4181 4185 4182
f 4182 4185 4186
f 4182 4186 4178
f 4178 4186 4187
f 4178 4187 4179
f 4179 4187 4188
f 4179 4188 4180
f 4180 4188 4189
f 4180 4189 4175
f 4175 4189 4190
f 4175 4190 4176
f 4176 4190 4191
f 4176 4191 4177
f 4177 4191 4192
f 4177 4192 4172
f 4172 4192 4193
f 4172 4193 4173
f 4173 4193 4194
f 4173 4194 4174
f 4174 4194 4195
f 4174 4195 4169
f 4169 4195 4196
f 4169 4196 4170
f 4170 4196 4197
f 4170 4197 4171
f 4171 4197 4198
f 4171 4198 4166
f 4166 4198 4199
f 4166 4199 4167
f 4167 4199 4200
f 4167 4200 4168
f 4168 4200 4201
f 4168 4201 4163
f 4163 4201 4202
f 4163 4202 4164
f 4164 4202 4203
f 4164 4203 4165
f 4165 4203 4204
f 4165 4204 4162
f 4162 4204 4205
f 4162 4205 4159
f 4159 4205 4183
f 4201 4206 4202
f 4202 4206 4207
f 4202 4207 4203
f 4207 4208 4203
f 4203 4208 4209
f 4203 4209 4204
f 4204 4209 4210
f 4204 4210 4205
f 4205 4210 4211
f 4205 4211 4183
f 4199 4212 4200
f 4200 4212 4213
f 4200 4213 4201
f 4201 4213 4214
f 4201 4214 4206
f 4194 4215 4195
f 4195 4215 4216
f 4195 4216 4196
f 4216 4217 4196
f 4196 4217 4218
f 4196 4218 4197
f 4197 4218 4219
f 4197 4219 4198
f 4198 4219 4220
f 4198 4220 4199
f 4199 4220 4221
f 4199 4221 4212
f 4192 4222 4193
f 4193 4222 4223
f 4193 4223 4194
f 4194 4223 4224
f 4194 4224 4215
f 4190 4225 4191
f 4191 4225 4226
f 4191 4226 4192
f 4192 4226 4227
f 4192 4227 4222
f 4187 4228 4188
f 4188 4228 4229
f 4188 4229 4189
f 4189 4229 4230
f 4189 4230 4190
f 4190 4230 4231
f 4190 4231 4225
f 4211 4232 4183
f 4183 4232 4233
f 4183 4233 4184
f 4184 4233 4234
f 4184 4234 4185
f 4234 4235 4185
f 4185 4235 4236
f 4185 4236 4186
f 4186 4236 4237
f 4186 4237 4187
f 4187 4237 4238
f 4187 4238 4228
f 3969 3850 4210
f 4210 3850 4211
f 3969 4210 3971
f 3971 4210 4209
f 3971 4209 3972
f 4208 3976 4209
f 4209 3976 3974
f 4209 3974 3972
f 3982 3980 4207
f 4207 3980 3979
f 4207 3979 4208
f 4208 3979 3977
f 4208 3977 3976
f 3982 4207 3984
f 3984 4207 4206
f 3984 4206 3985
f 3985 4206 3987
f 3987 4206 4214
f 3987 4214 3988
f 3988 4214 3990
f 3990 4214 4213
f 3990 4213 3991
f 4212 3995 4213
f 4213 3995 3993
f 4213 3993 3991
f 4001 3999 4221
f 4221 3999 3998
f 4221 3998 4212
f 4212 3998 3996
f 4212 3996 3995
f 4001 4221 4002
f 4002 4221 4220
f 4002 4220 4003
f 4003 4220 4004
f 4004 4220 4219
f 4004 4219 4005
f 4005 4219 4007
f 4007 4219 4218
f 4007 4218 4008
f 4217 4012 4218
f 4218 4012 4010
f 4218 4010 4008
f 4216 4015 4217
f 4217 4015 4013
f 4217 4013 4012
f 4215 4018 4216
f 4216 4018 4016
f 4216 4016 4015
f 4224 4025 4215
f 4215 4025 4020
f 4215 4020 4018
f 4028 4027 4223
f 4223 4027 4022
f 4223 4022 4224
f 4224 4022 4024
f 4224 4024 4025
f 4028 4223 4030
f 4030 4223 4222
f 4030 4222 4031
f 4031 4222 4033
f 4033 4222 4227
f 4033 4227 4034
f 4034 4227 4036
f 4036 4227 4226
f 4036 4226 4038
f 4038 4226 4040
f 4040 4226 4225
f 4040 4225 4041
f 4041 4225 4043
f 4043 4225 4231
f 4043 4231 4044
f 4230 4048 4231
f 4231 4048 4046
f 4231 4046 4044
f 4229 4051 4230
f 4230 4051 4049
f 4230 4049 4048
f 4056 4058 4228
f 4228 4058 4059
f 4228 4059 4229
f 4229 4059 4052
f 4229 4052 4051
f 4056 4228 4054
f 4054 4228 4238
f 4054 4238 3944
f 3944 4238 3945
f 3945 4238 4237
f 3945 4237 3946
f 4236 3949 4237
f 4237 3949 3947
f 4237 3947 3946
f 4235 3952 4236
f 4236 3952 3950
f 4236 3950 3949
f 3958 3956 4234
f 4234 3956 3955
f 4234 3955 4235
f 4235 3955 3953
f 4235 3953 3952
f 3958 4234 3960
f 3960 4234 4233
f 3960 4233 3961
f 3961 4233 3968
f 3968 4233 4232
f 3968 4232 3967
f 3850 3849 4211
f 4211 3849 3963
f 4211 3963 4232
f 4232 3963 3965
f 4232 3965 3967
f 3876 4239 3878
f 3878 4239 4152
f 3862 4152 4239
f 4240 4241 4239
f 4239 4241 4242
f 4239 4242 3862
f 3862 4242 3860
f 3860 4242 3943
f 3943 4242 3852
f 3932 4243 3930
f 3930 4243 3929
f 3927 3929 4243
f 3925 3927 4244
f 4244 3927 4243
f 4244 4243 4245
f 4245 4243 4246
f 3925 4244 3905
f 3905 4244 3906
f 3918 4247 3920
f 3920 4247 4138
f 3904 4138 4247
f 3899 3904 4248
f 4248 3904 4247
f 4248 4247 4249
f 4249 4247 4250
f 3899 4248 3900
f 3900 4248 3855
f 3888 4251 3886
f 3886 4251 4100
f 3885 4100 4251
f 3883 3885 4252
f 4252 3885 4251
f 4252 4251 4253
f 4253 4251 4254
f 3883 4252 3863
f 3863 4252 3864
f 4253 4254 4255
f 4255 4254 4256
f 4255 4256 4257
f 4245 4246 4258
f 4258 4246 4259
f 4259 4260 4258
f 4258 4260 4241
f 4258 4241 4261
f 4249 4250 4262
f 4262 4250 4261
f 4262 4261 4256
f 4256 4261 4241
f 4256 4241 4257
f 4257 4241 4240
f 4260 3940 3941
f 3941 3852 4260
f 4260 3852 4242
f 4260 4242 4241
f 3940 4260 3938
f 3938 4260 4259
f 3938 4259 3936
f 4259 4246 4243
f 3936 4259 3934
f 3934 4259 4243
f 3934 4243 3932
f 4258 3910 3908
f 3908 3906 4258
f 4258 3906 4244
f 4258 4244 4245
f 3910 4258 3912
f 3912 4258 4261
f 3912 4261 3914
f 4261 4250 4247
f 3914 4261 3916
f 3916 4261 4247
f 3916 4247 3918
f 4255 3868 3866
f 3866 3864 4255
f 4255 3864 4252
f 4255 4252 4253
f 3868 4255 3870
f 3870 4255 4257
f 3870 4257 3872
f 4257 4240 4239
f 3872 4257 3874
f 3874 4257 4239
f 3874 4239 3876
f 4262 3896 3897
f 3897 3855 4262
f 4262 3855 4248
f 4262 4248 4249
f 3896 4262 3894
f 3894 4262 4256
f 3894 4256 3892
f 4256 4254 4251
f 3892 4256 3890
f 3890 4256 4251
f 3890 4251 3888
f 4263 4264 4265
f 4266 4267 4268
f 4269 4270 4271
f 4264 4272 4273
f 4270 4274 4275
f 4276 4277 4278
f 4279 4280 4281
f 4282 4283 4284
f 4285 4286 4287
f 4288 4289 4290
f 4291 4292 4293
f 4293 4292 4294
f 4293 4294 4295
f 4296 4297 4298
f 4298 4297 4299
f 4298 4299 4295
f 4296 4298 4300
f 4300 4298 4301
f 4300 4301 4302
f 4302 4301 4303
f 4302 4303 4304
f 4303 4305 4304
f 4304 4305 4306
f 4304 4306 4307
f 4290 4289 4306
f 4306 4289 4308
f 4306 4308 4307
f 4309 4310 4311
f 4310 4312 4311
f 4311 4312 4313
f 4311 4313 4314
f 4315 4316 4317
f 4317 4316 4318
f 4317 4318 4319
f 4315 4317 4320
f 4320 4317 4321
f 4320 4321 4322
f 4322 4321 4323
f 4322 4323 4324
f 4323 4325 4324
f 4324 4325 4326
f 4324 4326 4327
f 4287 4286 4326
f 4326 4286 4328
f 4326 4328 4327
f 4329 4330 4331
f 4330 4332 4331
f 4331 4332 4333
f 4331 4333 4334
f 4334 4333 4335
f 4334 4335 4336
f 4337 4338 4339
f 4339 4338 4340
f 4339 4340 4336
f 4337 4339 4341
f 4341 4339 4342
f 4341 4342 4343
f 4343 4342 4344
f 4343 4344 4345
f 4344 4346 4345
f 4345 4346 4347
f 4345 4347 4348
f 4284 4283 4347
f 4347 4283 4349
f 4347 4349 4348
f 4350 4351 4352
f 4351 4353 4352
f 4352 4353 4354
f 4352 4354 4355
f 4355 4354 4356
f 4355 4356 4357
f 4358 4359 4360
f 4360 4359 4361
f 4360 4361 4357
f 4358 4360 4362
f 4362 4360 4363
f 4362 4363 4364
f 4364 4363 4365
f 4364 4365 4366
f 4365 4367 4366
f 4366 4367 4368
f 4366 4368 4369
f 4281 4280 4368
f 4368 4280 4370
f 4368 4370 4369
f 4371 4372 4291
f 4291 4372 4373
f 4291 4373 4292
f 4374 4375 4376
f 4377 4378 4274
f 4274 4378 4379
f 4274 4379 4275
f 4379 4380 4275
f 4275 4380 4381
f 4275 4381 4382
f 4381 4383 4382
f 4382 4383 4384
f 4382 4384 4385
f 4385 4384 4386
f 4385 4386 4387
f 4386 4388 4387
f 4387 4388 4389
f 4387 4389 4390
f 4389 4391 4390
f 4390 4391 4392
f 4390 4392 4393
f 4393 4392 4394
f 4393 4394 4395
f 4394 4396 4395
f 4395 4396 4397
f 4395 4397 4398
f 4397 4399 4398
f 4398 4399 4400
f 4398 4400 4401
f 4401 4400 4402
f 4401 4402 4403
f 4277 4404 4278
f 4278 4404 4405
f 4278 4405 4267
f 4404 4406 4405
f 4405 4406 4407
f 4405 4407 4408
f 4408 4407 4409
f 4408 4409 4410
f 4409 4411 4410
f 4410 4411 4412
f 4410 4412 4413
f 4412 4414 4413
f 4413 4414 4415
f 4413 4415 4416
f 4416 4415 4417
f 4416 4417 4418
f 4417 4419 4418
f 4418 4419 4420
f 4418 4420 4421
f 4420 4422 4421
f 4421 4422 4423
f 4421 4423 4424
f 4425 4426 4427
f 4427 4426 4428
f 4427 4428 4429
f 4429 4428 4424
f 4429 4424 4430
f 4430 4424 4423
f 4431 4432 4272
f 4272 4432 4433
f 4272 4433 4273
f 4273 4433 4434
f 4273 4434 4435
f 4434 4436 4435
f 4435 4436 4437
f 4435 4437 4438
f 4437 4439 4438
f 4438 4439 4440
f 4438 4440 4441
f 4441 4440 4442
f 4441 4442 4443
f 4442 4444 4443
f 4443 4444 4445
f 4443 4445 4446
f 4445 4447 4446
f 4446 4447 4448
f 4446 4448 4449
f 4448 4450 4449
f 4449 4450 4451
f 4449 4451 4452
f 4452 4451 4453
f 4452 4453 4454
f 4455 4456 4457
f 4457 4456 4454
f 4457 4454 4458
f 4458 4454 4453
f 4459 4460 4461
f 4459 4461 4462
f 4461 4463 4462
f 4462 4463 4464
f 4462 4464 4465
f 4464 4466 4465
f 4465 4466 4467
f 4465 4467 4468
f 4467 4469 4468
f 4468 4469 4470
f 4468 4470 4471
f 4471 4470 4472
f 4471 4472 4473
f 4472 4474 4473
f 4473 4474 4475
f 4473 4475 4476
f 4475 4477 4476
f 4476 4477 4478
f 4476 4478 4479
f 4479 4478 4480
f 4479 4480 4481
f 4480 4482 4481
f 4481 4482 4483
f 4481 4483 4376
f 4376 4483 4484
f 4376 4484 4374
f 4375 4485 4486
f 4270 4275 4271
f 4271 4275 4382
f 4271 4382 4487
f 4487 4382 4385
f 4487 4385 4488
f 4488 4385 4387
f 4488 4387 4489
f 4489 4387 4390
f 4489 4390 4490
f 4490 4390 4393
f 4490 4393 4491
f 4491 4393 4395
f 4491 4395 4492
f 4492 4395 4398
f 4492 4398 4493
f 4493 4398 4401
f 4493 4401 4494
f 4494 4401 4403
f 4494 4403 4495
f 4267 4405 4268
f 4268 4405 4408
f 4268 4408 4496
f 4496 4408 4410
f 4496 4410 4497
f 4497 4410 4413
f 4497 4413 4498
f 4498 4413 4416
f 4498 4416 4499
f 4499 4416 4418
f 4499 4418 4500
f 4500 4418 4421
f 4500 4421 4501
f 4501 4421 4424
f 4501 4424 4502
f 4502 4424 4428
f 4502 4428 4503
f 4503 4428 4426
f 4503 4426 4504
f 4264 4273 4265
f 4265 4273 4435
f 4265 4435 4505
f 4505 4435 4438
f 4505 4438 4506
f 4506 4438 4441
f 4506 4441 4507
f 4507 4441 4443
f 4507 4443 4508
f 4508 4443 4446
f 4508 4446 4509
f 4509 4446 4449
f 4509 4449 4510
f 4510 4449 4452
f 4510 4452 4511
f 4511 4452 4454
f 4511 4454 4512
f 4512 4454 4456
f 4512 4456 4513
f 4375 4486 4376
f 4376 4486 4514
f 4376 4514 4481
f 4481 4514 4515
f 4481 4515 4479
f 4479 4515 4516
f 4479 4516 4476
f 4476 4516 4517
f 4476 4517 4473
f 4473 4517 4518
f 4473 4518 4471
f 4471 4518 4519
f 4471 4519 4468
f 4468 4519 4520
f 4468 4520 4465
f 4465 4520 4521
f 4465 4521 4462
f 4462 4521 4522
f 4462 4522 4459
f 4319 4314 4523
f 4523 4314 4313
f 4523 4313 4485
f 4269 4271 4524
f 4524 4271 4487
f 4524 4487 4525
f 4525 4487 4488
f 4525 4488 4526
f 4526 4488 4489
f 4526 4489 4527
f 4527 4489 4490
f 4527 4490 4528
f 4528 4490 4491
f 4528 4491 4329
f 4329 4491 4492
f 4329 4492 4330
f 4330 4492 4493
f 4330 4493 4332
f 4332 4493 4494
f 4332 4494 4333
f 4333 4494 4495
f 4333 4495 4335
f 4266 4268 4529
f 4529 4268 4496
f 4529 4496 4530
f 4530 4496 4497
f 4530 4497 4531
f 4531 4497 4498
f 4531 4498 4532
f 4532 4498 4499
f 4532 4499 4533
f 4533 4499 4500
f 4533 4500 4350
f 4350 4500 4501
f 4350 4501 4351
f 4351 4501 4502
f 4351 4502 4353
f 4353 4502 4503
f 4353 4503 4354
f 4354 4503 4504
f 4354 4504 4356
f 4263 4265 4534
f 4534 4265 4505
f 4534 4505 4535
f 4535 4505 4506
f 4535 4506 4536
f 4536 4506 4507
f 4536 4507 4537
f 4537 4507 4508
f 4537 4508 4538
f 4538 4508 4509
f 4538 4509 4371
f 4371 4509 4510
f 4371 4510 4372
f 4372 4510 4511
f 4372 4511 4373
f 4373 4511 4512
f 4373 4512 4292
f 4292 4512 4513
f 4292 4513 4294
f 4485 4313 4486
f 4486 4313 4312
f 4486 4312 4514
f 4514 4312 4310
f 4514 4310 4515
f 4515 4310 4309
f 4515 4309 4516
f 4516 4309 4539
f 4516 4539 4517
f 4517 4539 4540
f 4517 4540 4518
f 4518 4540 4541
f 4518 4541 4519
f 4519 4541 4542
f 4519 4542 4520
f 4520 4542 4543
f 4520 4543 4521
f 4521 4543 4544
f 4521 4544 4522
f 4374 4377 4375
f 4375 4377 4274
f 4375 4274 4485
f 4485 4274 4270
f 4485 4270 4523
f 4523 4270 4269
f 4523 4269 4319
f 4319 4269 4524
f 4319 4524 4317
f 4317 4524 4525
f 4317 4525 4321
f 4321 4525 4526
f 4321 4526 4323
f 4323 4526 4527
f 4323 4527 4325
f 4325 4527 4528
f 4325 4528 4326
f 4326 4528 4329
f 4326 4329 4287
f 4287 4329 4331
f 4287 4331 4285
f 4402 4276 4403
f 4403 4276 4278
f 4403 4278 4495
f 4495 4278 4267
f 4495 4267 4335
f 4335 4267 4266
f 4335 4266 4336
f 4336 4266 4529
f 4336 4529 4339
f 4339 4529 4530
f 4339 4530 4342
f 4342 4530 4531
f 4342 4531 4344
f 4344 4531 4532
f 4344 4532 4346
f 4346 4532 4533
f 4346 4533 4347
f 4347 4533 4350
f 4347 4350 4284
f 4284 4350 4352
f 4284 4352 4282
f 4425 4431 4426
f 4426 4431 4272
f 4426 4272 4504
f 4504 4272 4264
f 4504 4264 4356
f 4356 4264 4263
f 4356 4263 4357
f 4357 4263 4534
f 4357 4534 4360
f 4360 4534 4535
f 4360 4535 4363
f 4363 4535 4536
f 4363 4536 4365
f 4365 4536 4537
f 4365 4537 4367
f 4367 4537 4538
f 4367 4538 4368
f 4368 4538 4371
f 4368 4371 4281
f 4281 4371 4291
f 4281 4291 4279
f 4455 4460 4456
f 4456 4460 4459
f 4456 4459 4513
f 4513 4459 4522
f 4513 4522 4294
f 4294 4522 4544
f 4294 4544 4295
f 4295 4544 4543
f 4295 4543 4298
f 4298 4543 4542
f 4298 4542 4301
f 4301 4542 4541
f 4301 4541 4303
f 4303 4541 4540
f 4303 4540 4305
f 4305 4540 4539
f 4305 4539 4306
f 4306 4539 4309
f 4306 4309 4290
f 4290 4309 4311
f 4290 4311 4288
f 4545 4546 4547
f 4548 4549 4547
f 4547 4549 4550
f 4547 4550 4545
f 4551 4552 4547
f 4547 4552 4553
f 4547 4553 4548
f 4554 4555 4547
f 4547 4555 4556
f 4547 4556 4551
f 4557 4558 4547
f 4547 4558 4559
f 4547 4559 4554
f 4560 4561 4547
f 4547 4561 4562
f 4547 4562 4557
f 4563 4564 4547
f 4547 4564 4565
f 4547 4565 4560
f 4546 4566 4547
f 4547 4566 4567
f 4547 4567 4563
f 4545 4568 4546
f 4546 4568 4569
f 4546 4569 4566
f 4566 4569 4570
f 4566 4570 4567
f 4567 4570 4571
f 4567 4571 4563
f 4563 4571 4572
f 4563 4572 4564
f 4564 4572 4573
f 4564 4573 4565
f 4565 4573 4574
f 4565 4574 4560
f 4560 4574 4575
f 4560 4575 4561
f 4561 4575 4576
f 4561 4576 4562
f 4562 4576 4577
f 4562 4577 4557
f 4557 4577 4578
f 4557 4578 4558
f 4558 4578 4579
f 4558 4579 4559
f 4559 4579 4580
f 4559 4580 4554
f 4554 4580 4581
f 4554 4581 4555
f 4555 4581 4582
f 4555 4582 4556
f 4556 4582 4583
f 4556 4583 4551
f 4551 4583 4584
f 4551 4584 4552
f 4552 4584 4585
f 4552 4585 4553
f 4553 4585 4586
f 4553 4586 4548
f 4548 4586 4587
f 4548 4587 4549
f 4549 4587 4588
f 4549 4588 4550
f 4550 4588 4589
f 4550 4589 4545
f 4545 4589 4568
f 4587 4590 4588
f 4588 4590 4591
f 4588 4591 4589
f 4589 4591 4592
f 4589 4592 4568
f 4582 4593 4583
f 4583 4593 4594
f 4583 4594 4584
f 4584 4594 4595
f 4584 4595 4585
f 4575 4596 4576
f 4576 4596 4597
f 4576 4597 4577
f 4573 4598 4574
f 4574 4598 4599
f 4574 4599 4575
f 4575 4599 4600
f 4575 4600 4596
f 4595 4601 4585
f 4585 4601 4602
f 4585 4602 4586
f 4586 4602 4603
f 4586 4603 4587
f 4587 4603 4604
f 4587 4604 4590
f 4580 4605 4581
f 4581 4605 4606
f 4581 4606 4582
f 4582 4606 4607
f 4582 4607 4593
f 4597 4608 4577
f 4577 4608 4609
f 4577 4609 4578
f 4578 4609 4610
f 4578 4610 4579
f 4579 4610 4611
f 4579 4611 4580
f 4580 4611 4612
f 4580 4612 4605
f 4570 4613 4571
f 4571 4613 4614
f 4571 4614 4572
f 4572 4614 4615
f 4572 4615 4573
f 4573 4615 4616
f 4573 4616 4598
f 4592 4617 4568
f 4568 4617 4618
f 4568 4618 4569
f 4569 4618 4619
f 4569 4619 4570
f 4570 4619 4620
f 4570 4620 4613
f 4592 4591 4402
f 4590 4277 4591
f 4591 4277 4276
f 4591 4276 4402
f 4409 4407 4604
f 4604 4407 4406
f 4604 4406 4590
f 4590 4406 4404
f 4590 4404 4277
f 4409 4604 4411
f 4411 4604 4603
f 4411 4603 4412
f 4412 4603 4414
f 4414 4603 4602
f 4414 4602 4415
f 4601 4419 4602
f 4602 4419 4417
f 4602 4417 4415
f 4595 4422 4601
f 4601 4422 4420
f 4601 4420 4419
f 4427 4429 4594
f 4594 4429 4430
f 4594 4430 4595
f 4595 4430 4423
f 4595 4423 4422
f 4427 4594 4425
f 4425 4594 4593
f 4425 4593 4431
f 4431 4593 4432
f 4432 4593 4607
f 4432 4607 4433
f 4606 4436 4607
f 4607 4436 4434
f 4607 4434 4433
f 4442 4440 4605
f 4605 4440 4439
f 4605 4439 4606
f 4606 4439 4437
f 4606 4437 4436
f 4442 4605 4444
f 4444 4605 4612
f 4444 4612 4445
f 4445 4612 4447
f 4447 4612 4611
f 4447 4611 4448
f 4448 4611 4450
f 4450 4611 4610
f 4450 4610 4451
f 4609 4458 4610
f 4610 4458 4453
f 4610 4453 4451
f 4461 4460 4608
f 4608 4460 4455
f 4608 4455 4609
f 4609 4455 4457
f 4609 4457 4458
f 4461 4608 4463
f 4463 4608 4597
f 4463 4597 4464
f 4464 4597 4466
f 4466 4597 4596
f 4466 4596 4467
f 4467 4596 4469
f 4469 4596 4600
f 4469 4600 4470
f 4599 4474 4600
f 4600 4474 4472
f 4600 4472 4470
f 4480 4478 4598
f 4598 4478 4477
f 4598 4477 4599
f 4599 4477 4475
f 4599 4475 4474
f 4480 4598 4482
f 4482 4598 4616
f 4482 4616 4483
f 4483 4616 4484
f 4484 4616 4615
f 4484 4615 4374
f 4614 4378 4615
f 4615 4378 4377
f 4615 4377 4374
f 4613 4380 4614
f 4614 4380 4379
f 4614 4379 4378
f 4386 4384 4620
f 4620 4384 4383
f 4620 4383 4613
f 4613 4383 4381
f 4613 4381 4380
f 4386 4620 4388
f 4388 4620 4619
f 4388 4619 4389
f 4389 4619 4391
f 4391 4619 4618
f 4391 4618 4392
f 4617 4396 4618
f 4618 4396 4394
f 4618 4394 4392
f 4402 4400 4592
f 4592 4400 4399
f 4592 4399 4617
f 4617 4399 4397
f 4617 4397 4396
f 4297 4621 4299
f 4299 4621 4295
f 4622 4623 4624
f 4293 4295 4621
f 4291 4293 4625
f 4625 4293 4621
f 4625 4621 4626
f 4626 4621 4627
f 4626 4627 4624
f 4624 4627 4628
f 4624 4628 4622
f 4625 4279 4291
f 4359 4629 4361
f 4361 4629 4357
f 4630 4631 4632
f 4355 4357 4629
f 4352 4355 4633
f 4633 4355 4629
f 4633 4629 4634
f 4634 4629 4635
f 4634 4635 4632
f 4632 4635 4636
f 4632 4636 4630
f 4633 4282 4352
f 4338 4637 4340
f 4340 4637 4336
f 4638 4639 4640
f 4334 4336 4637
f 4331 4334 4641
f 4641 4334 4637
f 4641 4637 4642
f 4642 4637 4643
f 4642 4643 4640
f 4640 4643 4644
f 4640 4644 4638
f 4641 4285 4331
f 4316 4645 4318
f 4318 4645 4319
f 4314 4319 4645
f 4311 4314 4646
f 4646 4314 4645
f 4646 4645 4647
f 4647 4645 4648
f 4647 4648 4649
f 4649 4648 4650
f 4649 4650 4651
f 4651 4650 4652
f 4646 4288 4311
f 4653 4639 4638
f 4654 4623 4622
f 4631 4630 4655
f 4655 4630 4654
f 4655 4654 4656
f 4656 4654 4622
f 4651 4652 4656
f 4656 4652 4653
f 4656 4653 4655
f 4655 4653 4638
f 4624 4623 4654
f 4279 4625 4280
f 4280 4625 4626
f 4280 4626 4370
f 4370 4626 4624
f 4370 4624 4369
f 4369 4624 4654
f 4654 4630 4636
f 4635 4629 4359
f 4359 4358 4635
f 4635 4358 4362
f 4635 4362 4636
f 4636 4362 4364
f 4636 4364 4654
f 4654 4364 4366
f 4654 4366 4369
f 4632 4631 4655
f 4282 4633 4283
f 4283 4633 4634
f 4283 4634 4349
f 4349 4634 4632
f 4349 4632 4348
f 4348 4632 4655
f 4655 4638 4644
f 4643 4637 4338
f 4338 4337 4643
f 4643 4337 4341
f 4643 4341 4644
f 4644 4341 4343
f 4644 4343 4655
f 4655 4343 4345
f 4655 4345 4348
f 4649 4651 4656
f 4288 4646 4289
f 4289 4646 4647
f 4289 4647 4308
f 4308 4647 4649
f 4308 4649 4307
f 4307 4649 4656
f 4656 4622 4628
f 4627 4621 4297
f 4297 4296 4627
f 4627 4296 4300
f 4627 4300 4628
f 4628 4300 4302
f 4628 4302 4656
f 4656 4302 4304
f 4656 4304 4307
f 4640 4639 4653
f 4285 4641 4286
f 4286 4641 4642
f 4286 4642 4328
f 4328 4642 4640
f 4328 4640 4327
f 4327 4640 4653
f 4653 4652 4650
f 4648 4645 4316
f 4316 4315 4648
f 4648 4315 4320
f 4648 4320 4650
f 4650 4320 4322
f 4650 4322 4653
f 4653 4322 4324
f 4653 4324 4327
f 4657 4658 4659
f 4660 4661 4662
f 4658 4663 4664
f 4661 4665 4666
f 4663 4667 4668
f 4669 4670 4671
f 4672 4673 4674
f 4675 4676 4677
f 4678 4679 4680
f 4681 4682 4683
f 4683 4682 4684
f 4683 4684 4685
f 4686 4687 4688
f 4688 4687 4689
f 4688 4689 4690
f 4690 4689 4691
f 4690 4691 4692
f 4692 4691 4693
f 4692 4693 4694
f 4694 4693 4695
f 4694 4695 4696
f 4696 4695 4697
f 4696 4697 4698
f 4698 4697 4699
f 4698 4699 4700
f 4701 4702 4686
f 4686 4702 4703
f 4686 4703 4687
f 4704 4705 4701
f 4679 4678 4706
f 4706 4678 4707
f 4706 4707 4708
f 4708 4707 4709
f 4708 4709 4710
f 4710 4709 4711
f 4710 4711 4712
f 4712 4711 4713
f 4712 4713 4714
f 4714 4713 4715
f 4714 4715 4716
f 4676 4675 4715
f 4715 4675 4717
f 4715 4717 4716
f 4718 4719 4677
f 4677 4719 4720
f 4677 4720 4721
f 4722 4723 4724
f 4724 4723 4725
f 4724 4725 4726
f 4726 4725 4727
f 4726 4727 4728
f 4728 4727 4729
f 4728 4729 4730
f 4730 4729 4731
f 4730 4731 4732
f 4732 4731 4733
f 4732 4733 4734
f 4734 4733 4735
f 4734 4735 4736
f 4737 4738 4722
f 4722 4738 4739
f 4722 4739 4723
f 4740 4741 4737
f 4673 4672 4742
f 4742 4672 4743
f 4742 4743 4744
f 4744 4743 4745
f 4744 4745 4746
f 4746 4745 4747
f 4746 4747 4748
f 4748 4747 4749
f 4748 4749 4750
f 4750 4749 4751
f 4750 4751 4752
f 4753 4754 4751
f 4751 4754 4755
f 4751 4755 4752
f 4756 4757 4758
f 4758 4757 4759
f 4758 4759 4760
f 4761 4762 4763
f 4763 4764 4761
f 4761 4764 4765
f 4761 4765 4766
f 4765 4767 4766
f 4766 4767 4768
f 4766 4768 4769
f 4768 4770 4769
f 4769 4770 4771
f 4769 4771 4772
f 4772 4771 4773
f 4772 4773 4774
f 4773 4775 4774
f 4774 4775 4776
f 4774 4776 4777
f 4778 4779 4780
f 4780 4779 4781
f 4780 4781 4782
f 4782 4781 4777
f 4782 4777 4783
f 4783 4777 4776
f 4670 4784 4671
f 4671 4784 4785
f 4671 4785 4786
f 4784 4787 4785
f 4785 4787 4788
f 4785 4788 4789
f 4789 4788 4790
f 4789 4790 4791
f 4790 4792 4791
f 4791 4792 4793
f 4791 4793 4794
f 4793 4795 4794
f 4794 4795 4796
f 4794 4796 4797
f 4797 4796 4798
f 4797 4798 4799
f 4798 4800 4799
f 4799 4800 4801
f 4799 4801 4802
f 4801 4803 4802
f 4802 4803 4804
f 4802 4804 4805
f 4804 4806 4805
f 4805 4806 4807
f 4805 4807 4808
f 4808 4807 4809
f 4808 4809 4810
f 4809 4811 4810
f 4810 4811 4812
f 4810 4812 4813
f 4812 4814 4813
f 4813 4814 4815
f 4813 4815 4816
f 4817 4818 4667
f 4667 4818 4819
f 4667 4819 4668
f 4819 4820 4668
f 4668 4820 4821
f 4668 4821 4822
f 4821 4823 4822
f 4822 4823 4824
f 4822 4824 4825
f 4825 4824 4826
f 4825 4826 4827
f 4826 4828 4827
f 4827 4828 4829
f 4827 4829 4830
f 4829 4831 4830
f 4830 4831 4832
f 4830 4832 4833
f 4833 4832 4834
f 4833 4834 4835
f 4835 4834 4836
f 4835 4836 4837
f 4838 4839 4840
f 4840 4839 4837
f 4840 4837 4841
f 4841 4837 4836
f 4842 4843 4844
f 4842 4844 4845
f 4844 4846 4845
f 4845 4846 4847
f 4845 4847 4848
f 4847 4849 4848
f 4848 4849 4850
f 4848 4850 4851
f 4851 4850 4852
f 4851 4852 4853
f 4853 4852 4854
f 4853 4854 4855
f 4854 4856 4855
f 4855 4856 4857
f 4855 4857 4858
f 4857 4859 4858
f 4858 4859 4860
f 4858 4860 4861
f 4861 4860 4862
f 4861 4862 4863
f 4862 4864 4863
f 4863 4864 4865
f 4863 4865 4866
f 4865 4867 4866
f 4866 4867 4868
f 4866 4868 4869
f 4868 4870 4869
f 4869 4870 4871
f 4869 4871 4872
f 4872 4871 4873
f 4872 4873 4756
f 4756 4873 4874
f 4756 4874 4757
f 4665 4762 4666
f 4666 4762 4761
f 4666 4761 4875
f 4875 4761 4766
f 4875 4766 4876
f 4876 4766 4769
f 4876 4769 4877
f 4877 4769 4772
f 4877 4772 4878
f 4878 4772 4774
f 4878 4774 4879
f 4879 4774 4777
f 4879 4777 4880
f 4880 4777 4781
f 4880 4781 4881
f 4881 4781 4779
f 4881 4779 4882
f 4786 4785 4883
f 4883 4785 4789
f 4883 4789 4884
f 4884 4789 4791
f 4884 4791 4885
f 4885 4791 4794
f 4885 4794 4886
f 4886 4794 4797
f 4886 4797 4887
f 4887 4797 4799
f 4887 4799 4888
f 4888 4799 4802
f 4888 4802 4889
f 4889 4802 4805
f 4889 4805 4890
f 4890 4805 4808
f 4890 4808 4891
f 4891 4808 4810
f 4891 4810 4892
f 4892 4810 4813
f 4892 4813 4893
f 4893 4813 4816
f 4893 4816 4894
f 4663 4668 4664
f 4664 4668 4822
f 4664 4822 4895
f 4895 4822 4825
f 4895 4825 4896
f 4896 4825 4827
f 4896 4827 4897
f 4897 4827 4830
f 4897 4830 4898
f 4898 4830 4833
f 4898 4833 4899
f 4899 4833 4835
f 4899 4835 4900
f 4900 4835 4837
f 4900 4837 4901
f 4901 4837 4839
f 4901 4839 4902
f 4758 4903 4756
f 4756 4903 4904
f 4756 4904 4872
f 4872 4904 4905
f 4872 4905 4869
f 4869 4905 4906
f 4869 4906 4866
f 4866 4906 4907
f 4866 4907 4863
f 4863 4907 4908
f 4863 4908 4861
f 4861 4908 4909
f 4861 4909 4858
f 4858 4909 4910
f 4858 4910 4855
f 4855 4910 4911
f 4855 4911 4853
f 4853 4911 4912
f 4853 4912 4851
f 4851 4912 4913
f 4851 4913 4848
f 4848 4913 4914
f 4848 4914 4845
f 4845 4914 4915
f 4845 4915 4842
f 4661 4666 4662
f 4662 4666 4875
f 4662 4875 4916
f 4916 4875 4876
f 4916 4876 4917
f 4917 4876 4877
f 4917 4877 4918
f 4918 4877 4878
f 4918 4878 4919
f 4919 4878 4879
f 4919 4879 4920
f 4920 4879 4880
f 4920 4880 4921
f 4921 4880 4881
f 4921 4881 4922
f 4922 4881 4882
f 4922 4882 4923
f 4894 4924 4893
f 4893 4924 4925
f 4893 4925 4892
f 4892 4925 4926
f 4892 4926 4891
f 4891 4926 4927
f 4891 4927 4890
f 4890 4927 4928
f 4890 4928 4889
f 4889 4928 4929
f 4889 4929 4888
f 4888 4929 4930
f 4888 4930 4887
f 4887 4930 4931
f 4887 4931 4886
f 4886 4931 4932
f 4886 4932 4885
f 4885 4932 4933
f 4885 4933 4884
f 4884 4933 4934
f 4884 4934 4883
f 4883 4934 4935
f 4883 4935 4786
f 4658 4664 4659
f 4659 4664 4895
f 4659 4895 4936
f 4936 4895 4896
f 4936 4896 4937
f 4937 4896 4897
f 4937 4897 4938
f 4938 4897 4898
f 4938 4898 4939
f 4939 4898 4899
f 4939 4899 4940
f 4940 4899 4900
f 4940 4900 4941
f 4941 4900 4901
f 4941 4901 4942
f 4942 4901 4902
f 4942 4902 4943
f 4903 4944 4904
f 4904 4944 4945
f 4904 4945 4905
f 4905 4945 4946
f 4905 4946 4906
f 4906 4946 4947
f 4906 4947 4907
f 4907 4947 4948
f 4907 4948 4908
f 4908 4948 4949
f 4908 4949 4909
f 4909 4949 4950
f 4909 4950 4910
f 4910 4950 4951
f 4910 4951 4911
f 4911 4951 4952
f 4911 4952 4912
f 4912 4952 4953
f 4912 4953 4913
f 4913 4953 4954
f 4913 4954 4914
f 4914 4954 4955
f 4914 4955 4915
f 4680 4705 4956
f 4956 4705 4704
f 4956 4704 4957
f 4660 4662 4958
f 4958 4662 4916
f 4958 4916 4959
f 4959 4916 4917
f 4959 4917 4960
f 4960 4917 4918
f 4960 4918 4961
f 4961 4918 4919
f 4961 4919 4962
f 4962 4919 4920
f 4962 4920 4963
f 4963 4920 4921
f 4963 4921 4718
f 4718 4921 4922
f 4718 4922 4719
f 4719 4922 4923
f 4719 4923 4720
f 4924 4964 4925
f 4925 4964 4965
f 4925 4965 4926
f 4926 4965 4966
f 4926 4966 4927
f 4927 4966 4967
f 4927 4967 4928
f 4928 4967 4968
f 4928 4968 4929
f 4929 4968 4969
f 4929 4969 4930
f 4930 4969 4970
f 4930 4970 4931
f 4931 4970 4971
f 4931 4971 4932
f 4932 4971 4972
f 4932 4972 4933
f 4933 4972 4973
f 4933 4973 4934
f 4934 4973 4974
f 4934 4974 4935
f 4674 4741 4975
f 4975 4741 4740
f 4975 4740 4976
f 4657 4659 4977
f 4977 4659 4936
f 4977 4936 4978
f 4978 4936 4937
f 4978 4937 4979
f 4979 4937 4938
f 4979 4938 4980
f 4980 4938 4939
f 4980 4939 4981
f 4981 4939 4940
f 4981 4940 4982
f 4982 4940 4941
f 4982 4941 4681
f 4681 4941 4942
f 4681 4942 4682
f 4682 4942 4943
f 4682 4943 4684
f 4944 4983 4945
f 4945 4983 4984
f 4945 4984 4946
f 4946 4984 4985
f 4946 4985 4947
f 4947 4985 4986
f 4947 4986 4948
f 4948 4986 4987
f 4948 4987 4949
f 4949 4987 4988
f 4949 4988 4950
f 4950 4988 4989
f 4950 4989 4951
f 4951 4989 4990
f 4951 4990 4952
f 4952 4990 4991
f 4952 4991 4953
f 4953 4991 4992
f 4953 4992 4954
f 4954 4992 4993
f 4954 4993 4955
f 4677 4676 4718
f 4718 4676 4715
f 4718 4715 4963
f 4963 4715 4713
f 4963 4713 4962
f 4962 4713 4711
f 4962 4711 4961
f 4961 4711 4709
f 4961 4709 4960
f 4960 4709 4707
f 4960 4707 4959
f 4959 4707 4678
f 4959 4678 4958
f 4958 4678 4680
f 4958 4680 4660
f 4660 4680 4956
f 4660 4956 4661
f 4661 4956 4957
f 4661 4957 4665
f 4894 4976 4924
f 4924 4976 4740
f 4924 4740 4964
f 4964 4740 4737
f 4964 4737 4965
f 4965 4737 4722
f 4965 4722 4966
f 4966 4722 4724
f 4966 4724 4967
f 4967 4724 4726
f 4967 4726 4968
f 4968 4726 4728
f 4968 4728 4969
f 4969 4728 4730
f 4969 4730 4970
f 4970 4730 4732
f 4970 4732 4971
f 4971 4732 4734
f 4971 4734 4972
f 4972 4734 4736
f 4972 4736 4973
f 4973 4736 4721
f 4973 4721 4974
f 4974 4721 4720
f 4974 4720 4935
f 4935 4720 4923
f 4935 4923 4786
f 4786 4923 4882
f 4786 4882 4671
f 4671 4882 4779
f 4671 4779 4669
f 4669 4779 4778
f 4815 4817 4816
f 4816 4817 4667
f 4816 4667 4894
f 4894 4667 4663
f 4894 4663 4976
f 4976 4663 4658
f 4976 4658 4975
f 4975 4658 4657
f 4975 4657 4674
f 4674 4657 4977
f 4674 4977 4672
f 4672 4977 4978
f 4672 4978 4743
f 4743 4978 4979
f 4743 4979 4745
f 4745 4979 4980
f 4745 4980 4747
f 4747 4980 4981
f 4747 4981 4749
f 4749 4981 4982
f 4749 4982 4751
f 4751 4982 4681
f 4751 4681 4753
f 4753 4681 4683
f 4753 4683 4754
f 4838 4843 4839
f 4839 4843 4842
f 4839 4842 4902
f 4902 4842 4915
f 4902 4915 4943
f 4943 4915 4955
f 4943 4955 4684
f 4684 4955 4993
f 4684 4993 4685
f 4685 4993 4992
f 4685 4992 4700
f 4700 4992 4991
f 4700 4991 4698
f 4698 4991 4990
f 4698 4990 4696
f 4696 4990 4989
f 4696 4989 4694
f 4694 4989 4988
f 4694 4988 4692
f 4692 4988 4987
f 4692 4987 4690
f 4690 4987 4986
f 4690 4986 4688
f 4688 4986 4985
f 4688 4985 4686
f 4686 4985 4984
f 4686 4984 4701
f 4701 4984 4983
f 4701 4983 4704
f 4704 4983 4944
f 4704 4944 4957
f 4957 4944 4903
f 4957 4903 4665
f 4665 4903 4758
f 4665 4758 4762
f 4762 4758 4760
f 4762 4760 4763
f 4994 4995 4996
f 4994 4996 4997
f 4998 4999 4996
f 4996 4999 5000
f 4996 5000 4997
f 5001 5002 4996
f 4996 5002 5003
f 4996 5003 4998
f 5004 5005 4996
f 4996 5005 5006
f 4996 5006 5001
f 5007 5008 4996
f 4996 5008 5009
f 4996 5009 5004
f 5010 5011 4996
f 4996 5011 5012
f 4996 5012 5007
f 5013 5014 4996
f 4996 5014 5015
f 4996 5015 5010
f 4995 5016 4996
f 4996 5016 5017
f 4996 5017 5013
f 4994 5018 4995
f 4995 5018 5019
f 4995 5019 5016
f 5016 5019 5020
f 5016 5020 5017
f 5017 5020 5021
f 5017 5021 5013
f 5013 5021 5022
f 5013 5022 5014
f 5014 5022 5023
f 5014 5023 5015
f 5015 5023 5024
f 5015 5024 5010
f 5010 5024 5025
f 5010 5025 5011
f 5011 5025 5026
f 5011 5026 5012
f 5012 5026 5027
f 5012 5027 5007
f 5007 5027 5028
f 5007 5028 5008
f 5008 5028 5029
f 5008 5029 5009
f 5009 5029 5030
f 5009 5030 5004
f 5004 5030 5031
f 5004 5031 5005
f 5005 5031 5032
f 5005 5032 5006
f 5006 5032 5033
f 5006 5033 5001
f 5001 5033 5034
f 5001 5034 5002
f 5002 5034 5035
f 5002 5035 5003
f 5003 5035 5036
f 5003 5036 4998
f 4998 5036 5037
f 4998 5037 4999
f 4999 5037 5038
f 4999 5038 5000
f 5000 5038 5039
f 5000 5039 4997
f 4997 5039 5040
f 4997 5040 4994
f 4994 5040 5018
f 5038 5041 5039
f 5039 5041 5042
f 5039 5042 5040
f 5040 5042 5043
f 5040 5043 5018
f 5036 5044 5037
f 5037 5044 5045
f 5037 5045 5038
f 5038 5045 5046
f 5038 5046 5041
f 5034 5047 5035
f 5035 5047 5048
f 5035 5048 5036
f 5036 5048 5049
f 5036 5049 5044
f 5031 5050 5032
f 5032 5050 5051
f 5032 5051 5033
f 5033 5051 5052
f 5033 5052 5034
f 5034 5052 5053
f 5034 5053 5047
f 5029 5054 5030
f 5030 5054 5055
f 5030 5055 5031
f 5031 5055 5056
f 5031 5056 5050
f 5027 5057 5028
f 5028 5057 5058
f 5028 5058 5029
f 5029 5058 5059
f 5029 5059 5054
f 5025 5060 5026
f 5026 5060 5061
f 5026 5061 5027
f 5027 5061 5062
f 5027 5062 5057
f 5022 5063 5023
f 5023 5063 5064
f 5023 5064 5024
f 5024 5064 5065
f 5024 5065 5025
f 5025 5065 5066
f 5025 5066 5060
f 5020 5067 5021
f 5021 5067 5068
f 5021 5068 5022
f 5022 5068 5069
f 5022 5069 5063
f 5043 5070 5018
f 5018 5070 5071
f 5018 5071 5019
f 5019 5071 5072
f 5019 5072 5020
f 5020 5072 5073
f 5020 5073 5067
f 4784 4670 5042
f 5042 4670 5043
f 4784 5042 4787
f 4787 5042 5041
f 4787 5041 4788
f 4795 4793 5046
f 5046 4793 4792
f 5046 4792 5041
f 5041 4792 4790
f 5041 4790 4788
f 4795 5046 4796
f 4796 5046 5045
f 4796 5045 4798
f 4798 5045 4800
f 4800 5045 5044
f 4800 5044 4801
f 4801 5044 4803
f 4803 5044 5049
f 4803 5049 4804
f 4804 5049 4806
f 4806 5049 5048
f 4806 5048 4807
f 4814 4812 5047
f 5047 4812 4811
f 5047 4811 5048
f 5048 4811 4809
f 5048 4809 4807
f 4814 5047 4815
f 4815 5047 5053
f 4815 5053 4817
f 4817 5053 4818
f 4818 5053 5052
f 4818 5052 4819
f 4819 5052 4820
f 4820 5052 5051
f 4820 5051 4821
f 4821 5051 4823
f 4823 5051 5050
f 4823 5050 4824
f 5056 4828 5050
f 5050 4828 4826
f 5050 4826 4824
f 5055 4831 5056
f 5056 4831 4829
f 5056 4829 4828
f 5054 4834 5055
f 5055 4834 4832
f 5055 4832 4831
f 5059 4841 5054
f 5054 4841 4836
f 5054 4836 4834
f 4844 4843 5058
f 5058 4843 4838
f 5058 4838 5059
f 5059 4838 4840
f 5059 4840 4841
f 4844 5058 4846
f 4846 5058 5057
f 4846 5057 4847
f 4847 5057 4849
f 4849 5057 5062
f 4849 5062 4850
f 4850 5062 4852
f 4852 5062 5061
f 4852 5061 4854
f 4854 5061 4856
f 4856 5061 5060
f 4856 5060 4857
f 5066 4860 5060
f 5060 4860 4859
f 5060 4859 4857
f 5065 4864 5066
f 5066 4864 4862
f 5066 4862 4860
f 5064 4867 5065
f 5065 4867 4865
f 5065 4865 4864
f 4873 4871 5063
f 5063 4871 4870
f 5063 4870 5064
f 5064 4870 4868
f 5064 4868 4867
f 4873 5063 4874
f 4874 5063 5069
f 4874 5069 4757
f 5068 4760 5069
f 5069 4760 4759
f 5069 4759 4757
f 5067 4764 5068
f 5068 4764 4763
f 5068 4763 4760
f 5073 4767 5067
f 5067 4767 4765
f 5067 4765 4764
f 4773 4771 5072
f 5072 4771 4770
f 5072 4770 5073
f 5073 4770 4768
f 5073 4768 4767
f 4773 5072 4775
f 4775 5072 5071
f 4775 5071 4776
f 5070 4782 5071
f 5071 4782 4783
f 5071 4783 4776
f 4670 4669 5043
f 5043 4669 4778
f 5043 4778 5070
f 5070 4778 4780
f 5070 4780 4782
f 4699 5074 4700
f 4685 4700 5074
f 4683 4685 5075
f 5075 4685 5074
f 5075 5074 5076
f 5076 5074 5077
f 5076 5077 5078
f 5078 5077 5079
f 5078 5079 5080
f 5080 5079 5081
f 5075 4754 4683
f 4673 5082 4674
f 4741 4674 5082
f 4737 4741 5083
f 5083 4741 5082
f 5083 5082 5084
f 5084 5082 5085
f 5084 5085 5086
f 5086 5085 5087
f 5086 5087 5088
f 5088 5087 5089
f 5083 4738 4737
f 4735 5090 4736
f 5091 5092 5093
f 4721 4736 5090
f 4677 4721 5094
f 5094 4721 5090
f 5094 5090 5095
f 5095 5090 5096
f 5095 5096 5093
f 5093 5096 5097
f 5093 5097 5091
f 5094 4675 4677
f 4679 5098 4680
f 5099 5100 5101
f 4705 4680 5098
f 4701 4705 5102
f 5102 4705 5098
f 5102 5098 5103
f 5103 5098 5104
f 5103 5104 5101
f 5101 5104 5105
f 5101 5105 5099
f 5102 4702 4701
f 5106 5088 5089
f 5107 5100 5099
f 5080 5081 5108
f 5108 5081 5107
f 5108 5107 5109
f 5109 5107 5099
f 5092 5091 5109
f 5109 5091 5106
f 5109 5106 5108
f 5108 5106 5089
f 5108 4750 4752
f 4754 5075 4755
f 4755 5075 5076
f 4755 5076 4752
f 4752 5076 5078
f 4752 5078 5108
f 5108 5078 5080
f 5108 5089 5087
f 5085 5082 4673
f 4673 4742 5085
f 5085 4742 4744
f 5085 4744 5087
f 5087 4744 4746
f 5087 4746 5108
f 5108 4746 4748
f 5108 4748 4750
f 5106 4725 4723
f 4738 5083 4739
f 4739 5083 5084
f 4739 5084 4723
f 4723 5084 5086
f 4723 5086 5106
f 5106 5086 5088
f 5106 5091 5097
f 5096 5090 4735
f 4735 4733 5096
f 5096 4733 4731
f 5096 4731 5097
f 5097 4731 4729
f 5097 4729 5106
f 5106 4729 4727
f 5106 4727 4725
f 5107 4689 4687
f 4702 5102 4703
f 4703 5102 5103
f 4703 5103 4687
f 4687 5103 5101
f 4687 5101 5107
f 5107 5101 5100
f 5107 5081 5079
f 5077 5074 4699
f 4699 4697 5077
f 5077 4697 4695
f 5077 4695 5079
f 5079 4695 4693
f 5079 4693 5107
f 5107 4693 4691
f 5107 4691 4689
f 5109 4714 4716
f 4675 5094 4717
f 4717 5094 5095
f 4717 5095 4716
f 4716 5095 5093
f 4716 5093 5109
f 5109 5093 5092
f 5109 5099 5105
f 5104 5098 4679
f 4679 4706 5104
f 5104 4706 4708
f 5104 4708 5105
f 5105 4708 4710
f 5105 4710 5109
f 5109 4710 4712
f 5109 4712 4714
f 5110 5111 5112
f 5113 5114 5115
f 5111 5116 5117
f 5114 5118 5119
f 5116 5120 5121
f 5122 5123 5124
f 5125 5126 5127
f 5128 5129 5130
f 5131 5132 5133
f 5134 5135 5136
f 5136 5135 5137
f 5136 5137 5138
f 5139 5140 5141
f 5141 5140 5142
f 5141 5142 5143
f 5143 5142 5144
f 5143 5144 5145
f 5145 5144 5146
f 5145 5146 5147
f 5147 5146 5148
f 5147 5148 5149
f 5149 5148 5150
f 5149 5150 5151
f 5151 5150 5152
f 5151 5152 5153
f 5154 5155 5139
f 5139 5155 5156
f 5139 5156 5140
f 5157 5158 5154
f 5132 5131 5159
f 5159 5131 5160
f 5159 5160 5161
f 5161 5160 5162
f 5161 5162 5163
f 5163 5162 5164
f 5163 5164 5165
f 5165 5164 5166
f 5165 5166 5167
f 5167 5166 5168
f 5167 5168 5169
f 5129 5128 5168
f 5168 5128 5170
f 5168 5170 5169
f 5171 5172 5130
f 5130 5172 5173
f 5130 5173 5174
f 5175 5176 5177
f 5177 5176 5178
f 5177 5178 5179
f 5179 5178 5180
f 5179 5180 5181
f 5181 5180 5182
f 5181 5182 5183
f 5183 5182 5184
f 5183 5184 5185
f 5185 5184 5186
f 5185 5186 5187
f 5187 5186 5188
f 5187 5188 5189
f 5190 5191 5175
f 5175 5191 5192
f 5175 5192 5176
f 5193 5194 5190
f 5126 5125 5195
f 5195 5125 5196
f 5195 5196 5197
f 5197 5196 5198
f 5197 5198 5199
f 5199 5198 5200
f 5199 5200 5201
f 5201 5200 5202
f 5201 5202 5203
f 5203 5202 5204
f 5203 5204 5205
f 5206 5207 5204
f 5204 5207 5208
f 5204 5208 5205
f 5209 5210 5211
f 5211 5210 5212
f 5211 5212 5213
f 5214 5215 5216
f 5216 5217 5214
f 5214 5217 5218
f 5214 5218 5219
f 5218 5220 5219
f 5219 5220 5221
f 5219 5221 5222
f 5221 5223 5222
f 5222 5223 5224
f 5222 5224 5225
f 5225 5224 5226
f 5225 5226 5227
f 5226 5228 5227
f 5227 5228 5229
f 5227 5229 5230
f 5231 5232 5233
f 5233 5232 5234
f 5233 5234 5235
f 5235 5234 5230
f 5235 5230 5236
f 5236 5230 5229
f 5123 5237 5124
f 5124 5237 5238
f 5124 5238 5239
f 5237 5240 5238
f 5238 5240 5241
f 5238 5241 5242
f 5242 5241 5243
f 5242 5243 5244
f 5243 5245 5244
f 5244 5245 5246
f 5244 5246 5247
f 5246 5248 5247
f 5247 5248 5249
f 5247 5249 5250
f 5250 5249 5251
f 5250 5251 5252
f 5251 5253 5252
f 5252 5253 5254
f 5252 5254 5255
f 5254 5256 5255
f 5255 5256 5257
f 5255 5257 5258
f 5257 5259 5258
f 5258 5259 5260
f 5258 5260 5261
f 5261 5260 5262
f 5261 5262 5263
f 5262 5264 5263
f 5263 5264 5265
f 5263 5265 5266
f 5265 5267 5266
f 5266 5267 5268
f 5266 5268 5269
f 5270 5271 5120
f 5120 5271 5272
f 5120 5272 5121
f 5272 5273 5121
f 5121 5273 5274
f 5121 5274 5275
f 5274 5276 5275
f 5275 5276 5277
f 5275 5277 5278
f 5278 5277 5279
f 5278 5279 5280
f 5279 5281 5280
f 5280 5281 5282
f 5280 5282 5283
f 5282 5284 5283
f 5283 5284 5285
f 5283 5285 5286
f 5286 5285 5287
f 5286 5287 5288
f 5288 5287 5289
f 5288 5289 5290
f 5291 5292 5293
f 5293 5292 5290
f 5293 5290 5294
f 5294 5290 5289
f 5295 5296 5297
f 5295 5297 5298
f 5297 5299 5298
f 5298 5299 5300
f 5298 5300 5301
f 5300 5302 5301
f 5301 5302 5303
f 5301 5303 5304
f 5304 5303 5305
f 5304 5305 5306
f 5306 5305 5307
f 5306 5307 5308
f 5307 5309 5308
f 5308 5309 5310
f 5308 5310 5311
f 5310 5312 5311
f 5311 5312 5313
f 5311 5313 5314
f 5314 5313 5315
f 5314 5315 5316
f 5315 5317 5316
f 5316 5317 5318
f 5316 5318 5319
f 5318 5320 5319
f 5319 5320 5321
f 5319 5321 5322
f 5321 5323 5322
f 5322 5323 5324
f 5322 5324 5325
f 5325 5324 5326
f 5325 5326 5209
f 5209 5326 5327
f 5209 5327 5210
f 5118 5215 5119
f 5119 5215 5214
f 5119 5214 5328
f 5328 5214 5219
f 5328 5219 5329
f 5329 5219 5222
f 5329 5222 5330
f 5330 5222 5225
f 5330 5225 5331
f 5331 5225 5227
f 5331 5227 5332
f 5332 5227 5230
f 5332 5230 5333
f 5333 5230 5234
f 5333 5234 5334
f 5334 5234 5232
f 5334 5232 5335
f 5239 5238 5336
f 5336 5238 5242
f 5336 5242 5337
f 5337 5242 5244
f 5337 5244 5338
f 5338 5244 5247
f 5338 5247 5339
f 5339 5247 5250
f 5339 5250 5340
f 5340 5250 5252
f 5340 5252 5341
f 5341 5252 5255
f 5341 5255 5342
f 5342 5255 5258
f 5342 5258 5343
f 5343 5258 5261
f 5343 5261 5344
f 5344 5261 5263
f 5344 5263 5345
f 5345 5263 5266
f 5345 5266 5346
f 5346 5266 5269
f 5346 5269 5347
f 5116 5121 5117
f 5117 5121 5275
f 5117 5275 5348
f 5348 5275 5278
f 5348 5278 5349
f 5349 5278 5280
f 5349 5280 5350
f 5350 5280 5283
f 5350 5283 5351
f 5351 5283 5286
f 5351 5286 5352
f 5352 5286 5288
f 5352 5288 5353
f 5353 5288 5290
f 5353 5290 5354
f 5354 5290 5292
f 5354 5292 5355
f 5211 5356 5209
f 5209 5356 5357
f 5209 5357 5325
f 5325 5357 5358
f 5325 5358 5322
f 5322 5358 5359
f 5322 5359 5319
f 5319 5359 5360
f 5319 5360 5316
f 5316 5360 5361
f 5316 5361 5314
f 5314 5361 5362
f 5314 5362 5311
f 5311 5362 5363
f 5311 5363 5308
f 5308 5363 5364
f 5308 5364 5306
f 5306 5364 5365
f 5306 5365 5304
f 5304 5365 5366
f 5304 5366 5301
f 5301 5366 5367
f 5301 5367 5298
f 5298 5367 5368
f 5298 5368 5295
f 5114 5119 5115
f 5115 5119 5328
f 5115 5328 5369
f 5369 5328 5329
f 5369 5329 5370
f 5370 5329 5330
f 5370 5330 5371
f 5371 5330 5331
f 5371 5331 5372
f 5372 5331 5332
f 5372 5332 5373
f 5373 5332 5333
f 5373 5333 5374
f 5374 5333 5334
f 5374 5334 5375
f 5375 5334 5335
f 5375 5335 5376
f 5347 5377 5346
f 5346 5377 5378
f 5346 5378 5345
f 5345 5378 5379
f 5345 5379 5344
f 5344 5379 5380
f 5344 5380 5343
f 5343 5380 5381
f 5343 5381 5342
f 5342 5381 5382
f 5342 5382 5341
f 5341 5382 5383
f 5341 5383 5340
f 5340 5383 5384
f 5340 5384 5339
f 5339 5384 5385
f 5339 5385 5338
f 5338 5385 5386
f 5338 5386 5337
f 5337 5386 5387
f 5337 5387 5336
f 5336 5387 5388
f 5336 5388 5239
f 5111 5117 5112
f 5112 5117 5348
f 5112 5348 5389
f 5389 5348 5349
f 5389 5349 5390
f 5390 5349 5350
f 5390 5350 5391
f 5391 5350 5351
f 5391 5351 5392
f 5392 5351 5352
f 5392 5352 5393
f 5393 5352 5353
f 5393 5353 5394
f 5394 5353 5354
f 5394 5354 5395
f 5395 5354 5355
f 5395 5355 5396
f 5356 5397 5357
f 5357 5397 5398
f 5357 5398 5358
f 5358 5398 5399
f 5358 5399 5359
f 5359 5399 5400
f 5359 5400 5360
f 5360 5400 5401
f 5360 5401 5361
f 5361 5401 5402
f 5361 5402 5362
f 5362 5402 5403
f 5362 5403 5363
f 5363 5403 5404
f 5363 5404 5364
f 5364 5404 5405
f 5364 5405 5365
f 5365 5405 5406
f 5365 5406 5366
f 5366 5406 5407
f 5366 5407 5367
f 5367 5407 5408
f 5367 5408 5368
f 5133 5158 5409
f 5409 5158 5157
f 5409 5157 5410
f 5113 5115 5411
f 5411 5115 5369
f 5411 5369 5412
f 5412 5369 5370
f 5412 5370 5413
f 5413 5370 5371
f 5413 5371 5414
f 5414 5371 5372
f 5414 5372 5415
f 5415 5372 5373
f 5415 5373 5416
f 5416 5373 5374
f 5416 5374 5171
f 5171 5374 5375
f 5171 5375 5172
f 5172 5375 5376
f 5172 5376 5173
f 5377 5417 5378
f 5378 5417 5418
f 5378 5418 5379
f 5379 5418 5419
f 5379 5419 5380
f 5380 5419 5420
f 5380 5420 5381
f 5381 5420 5421
f 5381 5421 5382
f 5382 5421 5422
f 5382 5422 5383
f 5383 5422 5423
f 5383 5423 5384
f 5384 5423 5424
f 5384 5424 5385
f 5385 5424 5425
f 5385 5425 5386
f 5386 5425 5426
f 5386 5426 5387
f 5387 5426 5427
f 5387 5427 5388
f 5127 5194 5428
f 5428 5194 5193
f 5428 5193 5429
f 5110 5112 5430
f 5430 5112 5389
f 5430 5389 5431
f 5431 5389 5390
f 5431 5390 5432
f 5432 5390 5391
f 5432 5391 5433
f 5433 5391 5392
f 5433 5392 5434
f 5434 5392 5393
f 5434 5393 5435
f 5435 5393 5394
f 5435 5394 5134
f 5134 5394 5395
f 5134 5395 5135
f 5135 5395 5396
f 5135 5396 5137
f 5397 5436 5398
f 5398 5436 5437
f 5398 5437 5399
f 5399 5437 5438
f 5399 5438 5400
f 5400 5438 5439
f 5400 5439 5401
f 5401 5439 5440
f 5401 5440 5402
f 5402 5440 5441
f 5402 5441 5403
f 5403 5441 5442
f 5403 5442 5404
f 5404 5442 5443
f 5404 5443 5405
f 5405 5443 5444
f 5405 5444 5406
f 5406 5444 5445
f 5406 5445 5407
f 5407 5445 5446
f 5407 5446 5408
f 5130 5129 5171
f 5171 5129 5168
f 5171 5168 5416
f 5416 5168 5166
f 5416 5166 5415
f 5415 5166 5164
f 5415 5164 5414
f 5414 5164 5162
f 5414 5162 5413
f 5413 5162 5160
f 5413 5160 5412
f 5412 5160 5131
f 5412 5131 5411
f 5411 5131 5133
f 5411 5133 5113
f 5113 5133 5409
f 5113 5409 5114
f 5114 5409 5410
f 5114 5410 5118
f 5347 5429 5377
f 5377 5429 5193
f 5377 5193 5417
f 5417 5193 5190
f 5417 5190 5418
f 5418 5190 5175
f 5418 5175 5419
f 5419 5175 5177
f 5419 5177 5420
f 5420 5177 5179
f 5420 5179 5421
f 5421 5179 5181
f 5421 5181 5422
f 5422 5181 5183
f 5422 5183 5423
f 5423 5183 5185
f 5423 5185 5424
f 5424 5185 5187
f 5424 5187 5425
f 5425 5187 5189
f 5425 5189 5426
f 5426 5189 5174
f 5426 5174 5427
f 5427 5174 5173
f 5427 5173 5388
f 5388 5173 5376
f 5388 5376 5239
f 5239 5376 5335
f 5239 5335 5124
f 5124 5335 5232
f 5124 5232 5122
f 5122 5232 5231
f 5268 5270 5269
f 5269 5270 5120
f 5269 5120 5347
f 5347 5120 5116
f 5347 5116 5429
f 5429 5116 5111
f 5429 5111 5428
f 5428 5111 5110
f 5428 5110 5127
f 5127 5110 5430
f 5127 5430 5125
f 5125 5430 5431
f 5125 5431 5196
f 5196 5431 5432
f 5196 5432 5198
f 5198 5432 5433
f 5198 5433 5200
f 5200 5433 5434
f 5200 5434 5202
f 5202 5434 5435
f 5202 5435 5204
f 5204 5435 5134
f 5204 5134 5206
f 5206 5134 5136
f 5206 5136 5207
f 5291 5296 5292
f 5292 5296 5295
f 5292 5295 5355
f 5355 5295 5368
f 5355 5368 5396
f 5396 5368 5408
f 5396 5408 5137
f 5137 5408 5446
f 5137 5446 5138
f 5138 5446 5445
f 5138 5445 5153
f 5153 5445 5444
f 5153 5444 5151
f 5151 5444 5443
f 5151 5443 5149
f 5149 5443 5442
f 5149 5442 5147
f 5147 5442 5441
f 5147 5441 5145
f 5145 5441 5440
f 5145 5440 5143
f 5143 5440 5439
f 5143 5439 5141
f 5141 5439 5438
f 5141 5438 5139
f 5139 5438 5437
f 5139 5437 5154
f 5154 5437 5436
f 5154 5436 5157
f 5157 5436 5397
f 5157 5397 5410
f 5410 5397 5356
f 5410 5356 5118
f 5118 5356 5211
f 5118 5211 5215
f 5215 5211 5213
f 5215 5213 5216
f 5447 5448 5449
f 5447 5449 5450
f 5451 5452 5449
f 5449 5452 5453
f 5449 5453 5450
f 5454 5455 5449
f 5449 5455 5456
f 5449 5456 5451
f 5457 5458 5449
f 5449 5458 5459
f 5449 5459 5454
f 5460 5461 5449
f 5449 5461 5462
f 5449 5462 5457
f 5463 5464 5449
f 5449 5464 5465
f 5449 5465 5460
f 5466 5467 5449
f 5449 5467 5468
f 5449 5468 5463
f 5448 5469 5449
f 5449 5469 5470
f 5449 5470 5466
f 5447 5471 5448
f 5448 5471 5472
f 5448 5472 5469
f 5469 5472 5473
f 5469 5473 5470
f 5470 5473 5474
f 5470 5474 5466
f 5466 5474 5475
f 5466 5475 5467
f 5467 5475 5476
f 5467 5476 5468
f 5468 5476 5477
f 5468 5477 5463
f 5463 5477 5478
f 5463 5478 5464
f 5464 5478 5479
f 5464 5479 5465
f 5465 5479 5480
f 5465 5480 5460
f 5460 5480 5481
f 5460 5481 5461
f 5461 5481 5482
f 5461 5482 5462
f 5462 5482 5483
f 5462 5483 5457
f 5457 5483 5484
f 5457 5484 5458
f 5458 5484 5485
f 5458 5485 5459
f 5459 5485 5486
f 5459 5486 5454
f 5454 5486 5487
f 5454 5487 5455
f 5455 5487 5488
f 5455 5488 5456
f 5456 5488 5489
f 5456 5489 5451
f 5451 5489 5490
f 5451 5490 5452
f 5452 5490 5491
f 5452 5491 5453
f 5453 5491 5492
f 5453 5492 5450
f 5450 5492 5493
f 5450 5493 5447
f 5447 5493 5471
f 5491 5494 5492
f 5492 5494 5495
f 5492 5495 5493
f 5493 5495 5496
f 5493 5496 5471
f 5489 5497 5490
f 5490 5497 5498
f 5490 5498 5491
f 5491 5498 5499
f 5491 5499 5494
f 5487 5500 5488
f 5488 5500 5501
f 5488 5501 5489
f 5489 5501 5502
f 5489 5502 5497
f 5484 5503 5485
f 5485 5503 5504
f 5485 5504 5486
f 5486 5504 5505
f 5486 5505 5487
f 5487 5505 5506
f 5487 5506 5500
f 5482 5507 5483
f 5483 5507 5508
f 5483 5508 5484
f 5484 5508 5509
f 5484 5509 5503
f 5480 5510 5481
f 5481 5510 5511
f 5481 5511 5482
f 5482 5511 5512
f 5482 5512 5507
f 5478 5513 5479
f 5479 5513 5514
f 5479 5514 5480
f 5480 5514 5515
f 5480 5515 5510
f 5475 5516 5476
f 5476 5516 5517
f 5476 5517 5477
f 5477 5517 5518
f 5477 5518 5478
f 5478 5518 5519
f 5478 5519 5513
f 5473 5520 5474
f 5474 5520 5521
f 5474 5521 5475
f 5475 5521 5522
f 5475 5522 5516
f 5496 5523 5471
f 5471 5523 5524
f 5471 5524 5472
f 5472 5524 5525
f 5472 5525 5473
f 5473 5525 5526
f 5473 5526 5520
f 5237 5123 5495
f 5495 5123 5496
f 5237 5495 5240
f 5240 5495 5494
f 5240 5494 5241
f 5248 5246 5499
f 5499 5246 5245
f 5499 5245 5494
f 5494 5245 5243
f 5494 5243 5241
f 5248 5499 5249
f 5249 5499 5498
f 5249 5498 5251
f 5251 5498 5253
f 5253 5498 5497
f 5253 5497 5254
f 5254 5497 5256
f 5256 5497 5502
f 5256 5502 5257
f 5257 5502 5259
f 5259 5502 5501
f 5259 5501 5260
f 5267 5265 5500
f 5500 5265 5264
f 5500 5264 5501
f 5501 5264 5262
f 5501 5262 5260
f 5267 5500 5268
f 5268 5500 5506
f 5268 5506 5270
f 5270 5506 5271
f 5271 5506 5505
f 5271 5505 5272
f 5272 5505 5273
f 5273 5505 5504
f 5273 5504 5274
f 5274 5504 5276
f 5276 5504 5503
f 5276 5503 5277
f 5509 5281 5503
f 5503 5281 5279
f 5503 5279 5277
f 5508 5284 5509
f 5509 5284 5282
f 5509 5282 5281
f 5507 5287 5508
f 5508 5287 5285
f 5508 5285 5284
f 5512 5294 5507
f 5507 5294 5289
f 5507 5289 5287
f 5297 5296 5511
f 5511 5296 5291
f 5511 5291 5512
f 5512 5291 5293
f 5512 5293 5294
f 5297 5511 5299
f 5299 5511 5510
f 5299 5510 5300
f 5300 5510 5302
f 5302 5510 5515
f 5302 5515 5303
f 5303 5515 5305
f 5305 5515 5514
f 5305 5514 5307
f 5307 5514 5309
f 5309 5514 5513
f 5309 5513 5310
f 5519 5313 5513
f 5513 5313 5312
f 5513 5312 5310
f 5518 5317 5519
f 5519 5317 5315
f 5519 5315 5313
f 5517 5320 5518
f 5518 5320 5318
f 5518 5318 5317
f 5326 5324 5516
f 5516 5324 5323
f 5516 5323 5517
f 5517 5323 5321
f 5517 5321 5320
f 5326 5516 5327
f 5327 5516 5522
f 5327 5522 5210
f 5521 5213 5522
f 5522 5213 5212
f 5522 5212 5210
f 5520 5217 5521
f 5521 5217 5216
f 5521 5216 5213
f 5526 5220 5520
f 5520 5220 5218
f 5520 5218 5217
f 5226 5224 5525
f 5525 5224 5223
f 5525 5223 5526
f 5526 5223 5221
f 5526 5221 5220
f 5226 5525 5228
f 5228 5525 5524
f 5228 5524 5229
f 5523 5235 5524
f 5524 5235 5236
f 5524 5236 5229
f 5123 5122 5496
f 5496 5122 5231
f 5496 5231 5523
f 5523 5231 5233
f 5523 5233 5235
f 5152 5527 5153
f 5138 5153 5527
f 5136 5138 5528
f 5528 5138 5527
f 5528 5527 5529
f 5529 5527 5530
f 5529 5530 5531
f 5531 5530 5532
f 5531 5532 5533
f 5533 5532 5534
f 5528 5207 5136
f 5126 5535 5127
f 5194 5127 5535
f 5190 5194 5536
f 5536 5194 5535
f 5536 5535 5537
f 5537 5535 5538
f 5537 5538 5539
f 5539 5538 5540
f 5539 5540 5541
f 5541 5540 5542
f 5536 5191 5190
f 5188 5543 5189
f 5544 5545 5546
f 5174 5189 5543
f 5130 5174 5547
f 5547 5174 5543
f 5547 5543 5548
f 5548 5543 5549
f 5548 5549 5546
f 5546 5549 5550
f 5546 5550 5544
f 5547 5128 5130
f 5132 5551 5133
f 5552 5553 5554
f 5158 5133 5551
f 5154 5158 5555
f 5555 5158 5551
f 5555 5551 5556
f 5556 5551 5557
f 5556 5557 5554
f 5554 5557 5558
f 5554 5558 5552
f 5555 5155 5154
f 5559 5541 5542
f 5560 5553 5552
f 5533 5534 5561
f 5561 5534 5560
f 5561 5560 5562
f 5562 5560 5552
f 5545 5544 5562
f 5562 5544 5559
f 5562 5559 5561
f 5561 5559 5542
f 5561 5203 5205
f 5207 5528 5208
f 5208 5528 5529
f 5208 5529 5205
f 5205 5529 5531
f 5205 5531 5561
f 5561 5531 5533
f 5561 5542 5540
f 5538 5535 5126
f 5126 5195 5538
f 5538 5195 5197
f 5538 5197 5540
f 5540 5197 5199
f 5540 5199 5561
f 5561 5199 5201
f 5561 5201 5203
f 5559 5178 5176
f 5191 5536 5192
f 5192 5536 5537
f 5192 5537 5176
f 5176 5537 5539
f 5176 5539 5559
f 5559 5539 5541
f 5559 5544 5550
f 5549 5543 5188
f 5188 5186 5549
f 5549 5186 5184
f 5549 5184 5550
f 5550 5184 5182
f 5550 5182 5559
f 5559 5182 5180
f 5559 5180 5178
f 5560 5142 5140
f 5155 5555 5156
f 5156 5555 5556
f 5156 5556 5140
f 5140 5556 5554
f 5140 5554 5560
f 5560 5554 5553
f 5560 5534 5532
f 5530 5527 5152
f 5152 5150 5530
f 5530 5150 5148
f 5530 5148 5532
f 5532 5148 5146
f 5532 5146 5560
f 5560 5146 5144
f 5560 5144 5142
f 5562 5167 5169
f 5128 5547 5170
f 5170 5547 5548
f 5170 5548 5169
f 5169 5548 5546
f 5169 5546 5562
f 5562 5546 5545
f 5562 5552 5558
f 5557 5551 5132
f 5132 5159 5557
f 5557 5159 5161
f 5557 5161 5558
f 5558 5161 5163
f 5558 5163 5562
f 5562 5163 5165
f 5562 5165 5167
f 5563 5564 5565
f 5566 5567 5568
f 5564 5569 5570
f 5567 5571 5572
f 5569 5573 5574
f 5575 5576 5577
f 5578 5579 5580
f 5581 5582 5583
f 5584 5585 5586
f 5587 5588 5589
f 5589 5588 5590
f 5589 5590 5591
f 5592 5593 5594
f 5594 5593 5595
f 5594 5595 5596
f 5596 5595 5597
f 5596 5597 5598
f 5598 5597 5599
f 5598 5599 5600
f 5600 5599 5601
f 5600 5601 5602
f 5602 5601 5603
f 5602 5603 5604
f 5604 5603 5605
f 5604 5605 5606
f 5607 5608 5592
f 5592 5608 5609
f 5592 5609 5593
f 5610 5611 5607
f 5585 5584 5612
f 5612 5584 5613
f 5612 5613 5614
f 5614 5613 5615
f 5614 5615 5616
f 5616 5615 5617
f 5616 5617 5618
f 5618 5617 5619
f 5618 5619 5620
f 5620 5619 5621
f 5620 5621 5622
f 5582 5581 5621
f 5621 5581 5623
f 5621 5623 5622
f 5624 5625 5583
f 5583 5625 5626
f 5583 5626 5627
f 5628 5629 5630
f 5630 5629 5631
f 5630 5631 5632
f 5632 5631 5633
f 5632 5633 5634
f 5634 5633 5635
f 5634 5635 5636
f 5636 5635 5637
f 5636 5637 5638
f 5638 5637 5639
f 5638 5639 5640
f 5640 5639 5641
f 5640 5641 5642
f 5643 5644 5628
f 5628 5644 5645
f 5628 5645 5629
f 5646 5647 5643
f 5579 5578 5648
f 5648 5578 5649
f 5648 5649 5650
f 5650 5649 5651
f 5650 5651 5652
f 5652 5651 5653
f 5652 5653 5654
f 5654 5653 5655
f 5654 5655 5656
f 5656 5655 5657
f 5656 5657 5658
f 5659 5660 5657
f 5657 5660 5661
f 5657 5661 5658
f 5662 5663 5664
f 5664 5663 5665
f 5664 5665 5666
f 5667 5668 5669
f 5669 5670 5667
f 5667 5670 5671
f 5667 5671 5672
f 5671 5673 5672
f 5672 5673 5674
f 5672 5674 5675
f 5674 5676 5675
f 5675 5676 5677
f 5675 5677 5678
f 5678 5677 5679
f 5678 5679 5680
f 5679 5681 5680
f 5680 5681 5682
f 5680 5682 5683
f 5684 5685 5686
f 5686 5685 5687
f 5686 5687 5688
f 5688 5687 5683
f 5688 5683 5689
f 5689 5683 5682
f 5576 5690 5577
f 5577 5690 5691
f 5577 5691 5692
f 5690 5693 5691
f 5691 5693 5694
f 5691 5694 5695
f 5695 5694 5696
f 5695 5696 5697
f 5696 5698 5697
f 5697 5698 5699
f 5697 5699 5700
f 5699 5701 5700
f 5700 5701 5702
f 5700 5702 5703
f 5703 5702 5704
f 5703 5704 5705
f 5704 5706 5705
f 5705 5706 5707
f 5705 5707 5708
f 5707 5709 5708
f 5708 5709 5710
f 5708 5710 5711
f 5710 5712 5711
f 5711 5712 5713
f 5711 5713 5714
f 5714 5713 5715
f 5714 5715 5716
f 5715 5717 5716
f 5716 5717 5718
f 5716 5718 5719
f 5718 5720 5719
f 5719 5720 5721
f 5719 5721 5722
f 5723 5724 5573
f 5573 5724 5725
f 5573 5725 5574
f 5725 5726 5574
f 5574 5726 5727
f 5574 5727 5728
f 5727 5729 5728
f 5728 5729 5730
f 5728 5730 5731
f 5731 5730 5732
f 5731 5732 5733
f 5732 5734 5733
f 5733 5734 5735
f 5733 5735 5736
f 5735 5737 5736
f 5736 5737 5738
f 5736 5738 5739
f 5739 5738 5740
f 5739 5740 5741
f 5741 5740 5742
f 5741 5742 5743
f 5744 5745 5746
f 5746 5745 5743
f 5746 5743 5747
f 5747 5743 5742
f 5748 5749 5750
f 5748 5750 5751
f 5750 5752 5751
f 5751 5752 5753
f 5751 5753 5754
f 5753 5755 5754
f 5754 5755 5756
f 5754 5756 5757
f 5757 5756 5758
f 5757 5758 5759
f 5759 5758 5760
f 5759 5760 5761
f 5760 5762 5761
f 5761 5762 5763
f 5761 5763 5764
f 5763 5765 5764
f 5764 5765 5766
f 5764 5766 5767
f 5767 5766 5768
f 5767 5768 5769
f 5768 5770 5769
f 5769 5770 5771
f 5769 5771 5772
f 5771 5773 5772
f 5772 5773 5774
f 5772 5774 5775
f 5774 5776 5775
f 5775 5776 5777
f 5775 5777 5778
f 5778 5777 5779
f 5778 5779 5662
f 5662 5779 5780
f 5662 5780 5663
f 5571 5668 5572
f 5572 5668 5667
f 5572 5667 5781
f 5781 5667 5672
f 5781 5672 5782
f 5782 5672 5675
f 5782 5675 5783
f 5783 5675 5678
f 5783 5678 5784
f 5784 5678 5680
f 5784 5680 5785
f 5785 5680 5683
f 5785 5683 5786
f 5786 5683 5687
f 5786 5687 5787
f 5787 5687 5685
f 5787 5685 5788
f 5692 5691 5789
f 5789 5691 5695
f 5789 5695 5790
f 5790 5695 5697
f 5790 5697 5791
f 5791 5697 5700
f 5791 5700 5792
f 5792 5700 5703
f 5792 5703 5793
f 5793 5703 5705
f 5793 5705 5794
f 5794 5705 5708
f 5794 5708 5795
f 5795 5708 5711
f 5795 5711 5796
f 5796 5711 5714
f 5796 5714 5797
f 5797 5714 5716
f 5797 5716 5798
f 5798 5716 5719
f 5798 5719 5799
f 5799 5719 5722
f 5799 5722 5800
f 5569 5574 5570
f 5570 5574 5728
f 5570 5728 5801
f 5801 5728 5731
f 5801 5731 5802
f 5802 5731 5733
f 5802 5733 5803
f 5803 5733 5736
f 5803 5736 5804
f 5804 5736 5739
f 5804 5739 5805
f 5805 5739 5741
f 5805 5741 5806
f 5806 5741 5743
f 5806 5743 5807
f 5807 5743 5745
f 5807 5745 5808
f 5664 5809 5662
f 5662 5809 5810
f 5662 5810 5778
f 5778 5810 5811
f 5778 5811 5775
f 5775 5811 5812
f 5775 5812 5772
f 5772 5812 5813
f 5772 5813 5769
f 5769 5813 5814
f 5769 5814 5767
f 5767 5814 5815
f 5767 5815 5764
f 5764 5815 5816
f 5764 5816 5761
f 5761 5816 5817
f 5761 5817 5759
f 5759 5817 5818
f 5759 5818 5757
f 5757 5818 5819
f 5757 5819 5754
f 5754 5819 5820
f 5754 5820 5751
f 5751 5820 5821
f 5751 5821 5748
f 5567 5572 5568
f 5568 5572 5781
f 5568 5781 5822
f 5822 5781 5782
f 5822 5782 5823
f 5823 5782 5783
f 5823 5783 5824
f 5824 5783 5784
f 5824 5784 5825
f 5825 5784 5785
f 5825 5785 5826
f 5826 5785 5786
f 5826 5786 5827
f 5827 5786 5787
f 5827 5787 5828
f 5828 5787 5788
f 5828 5788 5829
f 5800 5830 5799
f 5799 5830 5831
f 5799 5831 5798
f 5798 5831 5832
f 5798 5832 5797
f 5797 5832 5833
f 5797 5833 5796
f 5796 5833 5834
f 5796 5834 5795
f 5795 5834 5835
f 5795 5835 5794
f 5794 5835 5836
f 5794 5836 5793
f 5793 5836 5837
f 5793 5837 5792
f 5792 5837 5838
f 5792 5838 5791
f 5791 5838 5839
f 5791 5839 5790
f 5790 5839 5840
f 5790 5840 5789
f 5789 5840 5841
f 5789 5841 5692
f 5564 5570 5565
f 5565 5570 5801
f 5565 5801 5842
f 5842 5801 5802
f 5842 5802 5843
f 5843 5802 5803
f 5843 5803 5844
f 5844 5803 5804
f 5844 5804 5845
f 5845 5804 5805
f 5845 5805 5846
f 5846 5805 5806
f 5846 5806 5847
f 5847 5806 5807
f 5847 5807 5848
f 5848 5807 5808
f 5848 5808 5849
f 5809 5850 5810
f 5810 5850 5851
f 5810 5851 5811
f 5811 5851 5852
f 5811 5852 5812
f 5812 5852 5853
f 5812 5853 5813
f 5813 5853 5854
f 5813 5854 5814
f 5814 5854 5855
f 5814 5855 5815
f 5815 5855 5856
f 5815 5856 5816
f 5816 5856 5857
f 5816 5857 5817
f 5817 5857 5858
f 5817 5858 5818
f 5818 5858 5859
f 5818 5859 5819
f 5819 5859 5860
f 5819 5860 5820
f 5820 5860 5861
f 5820 5861 5821
f 5586 5611 5862
f 5862 5611 5610
f 5862 5610 5863
f 5566 5568 5864
f 5864 5568 5822
f 5864 5822 5865
f 5865 5822 5823
f 5865 5823 5866
f 5866 5823 5824
f 5866 5824 5867
f 5867 5824 5825
f 5867 5825 5868
f 5868 5825 5826
f 5868 5826 5869
f 5869 5826 5827
f 5869 5827 5624
f 5624 5827 5828
f 5624 5828 5625
f 5625 5828 5829
f 5625 5829 5626
f 5830 5870 5831
f 5831 5870 5871
f 5831 5871 5832
f 5832 5871 5872
f 5832 5872 5833
f 5833 5872 5873
f 5833 5873 5834
f 5834 5873 5874
f 5834 5874 5835
f 5835 5874 5875
f 5835 5875 5836
f 5836 5875 5876
f 5836 5876 5837
f 5837 5876 5877
f 5837 5877 5838
f 5838 5877 5878
f 5838 5878 5839
f 5839 5878 5879
f 5839 5879 5840
f 5840 5879 5880
f 5840 5880 5841
f 5580 5647 5881
f 5881 5647 5646
f 5881 5646 5882
f 5563 5565 5883
f 5883 5565 5842
f 5883 5842 5884
f 5884 5842 5843
f 5884 5843 5885
f 5885 5843 5844
f 5885 5844 5886
f 5886 5844 5845
f 5886 5845 5887
f 5887 5845 5846
f 5887 5846 5888
f 5888 5846 5847
f 5888 5847 5587
f 5587 5847 5848
f 5587 5848 5588
f 5588 5848 5849
f 5588 5849 5590
f 5850 5889 5851
f 5851 5889 5890
f 5851 5890 5852
f 5852 5890 5891
f 5852 5891 5853
f 5853 5891 5892
f 5853 5892 5854
f 5854 5892 5893
f 5854 5893 5855
f 5855 5893 5894
f 5855 5894 5856
f 5856 5894 5895
f 5856 5895 5857
f 5857 5895 5896
f 5857 5896 5858
f 5858 5896 5897
f 5858 5897 5859
f 5859 5897 5898
f 5859 5898 5860
f 5860 5898 5899
f 5860 5899 5861
f 5583 5582 5624
f 5624 5582 5621
f 5624 5621 5869
f 5869 5621 5619
f 5869 5619 5868
f 5868 5619 5617
f 5868 5617 5867
f 5867 5617 5615
f 5867 5615 5866
f 5866 5615 5613
f 5866 5613 5865
f 5865 5613 5584
f 5865 5584 5864
f 5864 5584 5586
f 5864 5586 5566
f 5566 5586 5862
f 5566 5862 5567
f 5567 5862 5863
f 5567 5863 5571
f 5800 5882 5830
f 5830 5882 5646
f 5830 5646 5870
f 5870 5646 5643
f 5870 5643 5871
f 5871 5643 5628
f 5871 5628 5872
f 5872 5628 5630
f 5872 5630 5873
f 5873 5630 5632
f 5873 5632 5874
f 5874 5632 5634
f 5874 5634 5875
f 5875 5634 5636
f 5875 5636 5876
f 5876 5636 5638
f 5876 5638 5877
f 5877 5638 5640
f 5877 5640 5878
f 5878 5640 5642
f 5878 5642 5879
f 5879 5642 5627
f 5879 5627 5880
f 5880 5627 5626
f 5880 5626 5841
f 5841 5626 5829
f 5841 5829 5692
f 5692 5829 5788
f 5692 5788 5577
f 5577 5788 5685
f 5577 5685 5575
f 5575 5685 5684
f 5721 5723 5722
f 5722 5723 5573
f 5722 5573 5800
f 5800 5573 5569
f 5800 5569 5882
f 5882 5569 5564
f 5882 5564 5881
f 5881 5564 5563
f 5881 5563 5580
f 5580 5563 5883
f 5580 5883 5578
f 5578 5883 5884
f 5578 5884 5649
f 5649 5884 5885
f 5649 5885 5651
f 5651 5885 5886
f 5651 5886 5653
f 5653 5886 5887
f 5653 5887 5655
f 5655 5887 5888
f 5655 5888 5657
f 5657 5888 5587
f 5657 5587 5659
f 5659 5587 5589
f 5659 5589 5660
f 5744 5749 5745
f 5745 5749 5748
f 5745 5748 5808
f 5808 5748 5821
f 5808 5821 5849
f 5849 5821 5861
f 5849 5861 5590
f 5590 5861 5899
f 5590 5899 5591
f 5591 5899 5898
f 5591 5898 5606
f 5606 5898 5897
f 5606 5897 5604
f 5604 5897 5896
f 5604 5896 5602
f 5602 5896 5895
f 5602 5895 5600
f 5600 5895 5894
f 5600 5894 5598
f 5598 5894 5893
f 5598 5893 5596
f 5596 5893 5892
f 5596 5892 5594
f 5594 5892 5891
f 5594 5891 5592
f 5592 5891 5890
f 5592 5890 5607
f 5607 5890 5889
f 5607 5889 5610
f 5610 5889 5850
f 5610 5850 5863
f 5863 5850 5809
f 5863 5809 5571
f 5571 5809 5664
f 5571 5664 5668
f 5668 5664 5666
f 5668 5666 5669
f 5900 5901 5902
f 5900 5902 5903
f 5904 5905 5902
f 5902 5905 5906
f 5902 5906 5903
f 5907 5908 5902
f 5902 5908 5909
f 5902 5909 5904
f 5910 5911 5902
f 5902 5911 5912
f 5902 5912 5907
f 5913 5914 5902
f 5902 5914 5915
f 5902 5915 5910
f 5916 5917 5902
f 5902 5917 5918
f 5902 5918 5913
f 5919 5920 5902
f 5902 5920 5921
f 5902 5921 5916
f 5901 5922 5902
f 5902 5922 5923
f 5902 5923 5919
f 5900 5924 5901
f 5901 5924 5925
f 5901 5925 5922
f 5922 5925 5926
f 5922 5926 5923
f 5923 5926 5927
f 5923 5927 5919
f 5919 5927 5928
f 5919 5928 5920
f 5920 5928 5929
f 5920 5929 5921
f 5921 5929 5930
f 5921 5930 5916
f 5916 5930 5931
f 5916 5931 5917
f 5917 5931 5932
f 5917 5932 5918
f 5918 5932 5933
f 5918 5933 5913
f 5913 5933 5934
f 5913 5934 5914
f 5914 5934 5935
f 5914 5935 5915
f 5915 5935 5936
f 5915 5936 5910
f 5910 5936 5937
f 5910 5937 5911
f 5911 5937 5938
f 5911 5938 5912
f 5912 5938 5939
f 5912 5939 5907
f 5907 5939 5940
f 5907 5940 5908
f 5908 5940 5941
f 5908 5941 5909
f 5909 5941 5942
f 5909 5942 5904
f 5904 5942 5943
f 5904 5943 5905
f 5905 5943 5944
f 5905 5944 5906
f 5906 5944 5945
f 5906 5945 5903
f 5903 5945 5946
f 5903 5946 5900
f 5900 5946 5924
f 5944 5947 5945
f 5945 5947 5948
f 5945 5948 5946
f 5946 5948 5949
f 5946 5949 5924
f 5942 5950 5943
f 5943 5950 5951
f 5943 5951 5944
f 5944 5951 5952
f 5944 5952 5947
f 5940 5953 5941
f 5941 5953 5954
f 5941 5954 5942
f 5942 5954 5955
f 5942 5955 5950
f 5937 5956 5938
f 5938 5956 5957
f 5938 5957 5939
f 5939 5957 5958
f 5939 5958 5940
f 5940 5958 5959
f 5940 5959 5953
f 5935 5960 5936
f 5936 5960 5961
f 5936 5961 5937
f 5937 5961 5962
f 5937 5962 5956
f 5933 5963 5934
f 5934 5963 5964
f 5934 5964 5935
f 5935 5964 5965
f 5935 5965 5960
f 5931 5966 5932
f 5932 5966 5967
f 5932 5967 5933
f 5933 5967 5968
f 5933 5968 5963
f 5928 5969 5929
f 5929 5969 5970
f 5929 5970 5930
f 5930 5970 5971
f 5930 5971 5931
f 5931 5971 5972
f 5931 5972 5966
f 5926 5973 5927
f 5927 5973 5974
f 5927 5974 5928
f 5928 5974 5975
f 5928 5975 5969
f 5949 5976 5924
f 5924 5976 5977
f 5924 5977 5925
f 5925 5977 5978
f 5925 5978 5926
f 5926 5978 5979
f 5926 5979 5973
f 5690 5576 5948
f 5948 5576 5949
f 5690 5948 5693
f 5693 5948 5947
f 5693 5947 5694
f 5701 5699 5952
f 5952 5699 5698
f 5952 5698 5947
f 5947 5698 5696
f 5947 5696 5694
f 5701 5952 5702
f 5702 5952 5951
f 5702 5951 5704
f 5704 5951 5706
f 5706 5951 5950
f 5706 5950 5707
f 5707 5950 5709
f 5709 5950 5955
f 5709 5955 5710
f 5710 5955 5712
f 5712 5955 5954
f 5712 5954 5713
f 5720 5718 5953
f 5953 5718 5717
f 5953 5717 5954
f 5954 5717 5715
f 5954 5715 5713
f 5720 5953 5721
f 5721 5953 5959
f 5721 5959 5723
f 5723 5959 5724
f 5724 5959 5958
f 5724 5958 5725
f 5725 5958 5726
f 5726 5958 5957
f 5726 5957 5727
f 5727 5957 5729
f 5729 5957 5956
f 5729 5956 5730
f 5962 5734 5956
f 5956 5734 5732
f 5956 5732 5730
f 5961 5737 5962
f 5962 5737 5735
f 5962 5735 5734
f 5960 5740 5961
f 5961 5740 5738
f 5961 5738 5737
f 5965 5747 5960
f 5960 5747 5742
f 5960 5742 5740
f 5750 5749 5964
f 5964 5749 5744
f 5964 5744 5965
f 5965 5744 5746
f 5965 5746 5747
f 5750 5964 5752
f 5752 5964 5963
f 5752 5963 5753
f 5753 5963 5755
f 5755 5963 5968
f 5755 5968 5756
f 5756 5968 5758
f 5758 5968 5967
f 5758 5967 5760
f 5760 5967 5762
f 5762 5967 5966
f 5762 5966 5763
f 5972 5766 5966
f 5966 5766 5765
f 5966 5765 5763
f 5971 5770 5972
f 5972 5770 5768
f 5972 5768 5766
f 5970 5773 5971
f 5971 5773 5771
f 5971 5771 5770
f 5779 5777 5969
f 5969 5777 5776
f 5969 5776 5970
f 5970 5776 5774
f 5970 5774 5773
f 5779 5969 5780
f 5780 5969 5975
f 5780 5975 5663
f 5974 5666 5975
f 5975 5666 5665
f 5975 5665 5663
f 5973 5670 5974
f 5974 5670 5669
f 5974 5669 5666
f 5979 5673 5973
f 5973 5673 5671
f 5973 5671 5670
f 5679 5677 5978
f 5978 5677 5676
f 5978 5676 5979
f 5979 5676 5674
f 5979 5674 5673
f 5679 5978 5681
f 5681 5978 5977
f 5681 5977 5682
f 5976 5688 5977
f 5977 5688 5689
f 5977 5689 5682
f 5576 5575 5949
f 5949 5575 5684
f 5949 5684 5976
f 5976 5684 5686
f 5976 5686 5688
f 5605 5980 5606
f 5591 5606 5980
f 5589 5591 5981
f 5981 5591 5980
f 5981 5980 5982
f 5982 5980 5983
f 5982 5983 5984
f 5984 5983 5985
f 5984 5985 5986
f 5986 5985 5987
f 5981 5660 5589
f 5579 5988 5580
f 5647 5580 5988
f 5643 5647 5989
f 5989 5647 5988
f 5989 5988 5990
f 5990 5988 5991
f 5990 5991 5992
f 5992 5991 5993
f 5992 5993 5994
f 5994 5993 5995
f 5989 5644 5643
f 5641 5996 5642
f 5997 5998 5999
f 5627 5642 5996
f 5583 5627 6000
f 6000 5627 5996
f 6000 5996 6001
f 6001 5996 6002
f 6001 6002 5999
f 5999 6002 6003
f 5999 6003 5997
f 6000 5581 5583
f 5585 6004 5586
f 6005 6006 6007
f 5611 5586 6004
f 5607 5611 6008
f 6008 5611 6004
f 6008 6004 6009
f 6009 6004 6010
f 6009 6010 6007
f 6007 6010 6011
f 6007 6011 6005
f 6008 5608 5607
f 6012 5994 5995
f 6013 6006 6005
f 5986 5987 6014
f 6014 5987 6013
f 6014 6013 6015
f 6015 6013 6005
f 5998 5997 6015
f 6015 5997 6012
f 6015 6012 6014
f 6014 6012 5995
f 6014 5656 5658
f 5660 5981 5661
f 5661 5981 5982
f 5661 5982 5658
f 5658 5982 5984
f 5658 5984 6014
f 6014 5984 5986
f 6014 5995 5993
f 5991 5988 5579
f 5579 5648 5991
f 5991 5648 5650
f 5991 5650 5993
f 5993 5650 5652
f 5993 5652 6014
f 6014 5652 5654
f 6014 5654 5656
f 6012 5631 5629
f 5644 5989 5645
f 5645 5989 5990
f 5645 5990 5629
f 5629 5990 5992
f 5629 5992 6012
f 6012 5992 5994
f 6012 5997 6003
f 6002 5996 5641
f 5641 5639 6002
f 6002 5639 5637
f 6002 5637 6003
f 6003 5637 5635
f 6003 5635 6012
f 6012 5635 5633
f 6012 5633 5631
f 6013 5595 5593
f 5608 6008 5609
f 5609 6008 6009
f 5609 6009 5593
f 5593 6009 6007
f 5593 6007 6013
f 6013 6007 6006
f 6013 5987 5985
f 5983 5980 5605
f 5605 5603 5983
f 5983 5603 5601
f 5983 5601 5985
f 5985 5601 5599
f 5985 5599 6013
f 6013 5599 5597
f 6013 5597 5595
f 6015 5620 5622
f 5581 6000 5623
f 5623 6000 6001
f 5623 6001 5622
f 5622 6001 5999
f 5622 5999 6015
f 6015 5999 5998
f 6015 6005 6011
f 6010 6004 5585
f 5585 5612 6010
f 6010 5612 5614
f 6010 5614 6011
f 6011 5614 5616
f 6011 5616 6015
f 6015 5616 5618
f 6015 5618 5620

