# https://github.com/mikedh/trimesh

o yq_Link.STL
v 4.84355383 -7.55782250 -1.69164792
v 4.78842403 -7.54554189 -1.70253993
v 4.78842403 -7.15000002 -1.70253993
v 4.89883088 -7.57225762 -1.68072686
v 5.13105607 -7.15000002 -1.63484614
v 4.95362217 -7.58870497 -1.66990173
v 5.13105607 -7.64999996 -1.63484614
v 5.11507494 -7.64999996 -1.63800356
v 5.06174443 -7.62758712 -1.64854003
v 5.02100065 -7.61191725 -1.65658977
v 5.00792684 -7.60715186 -1.65917280
v 4.64674220 -7.53733321 -1.67782044
v 4.63033648 -7.53955200 -1.66683823
v 4.63125606 -7.15000002 -1.66751782
v 4.61309954 -7.54299919 -1.65245386
v 4.60063562 -7.54641063 -1.63971901
v 4.60063562 -7.15000002 -1.63971901
v 4.61508872 -7.54253297 -1.65428782
v 4.66693938 -7.15000002 -1.68842438
v 4.66865401 -7.53565702 -1.68919361
v 4.66428961 -7.53588612 -1.68719727
v 4.74932890 -7.53912564 -1.70633237
v 4.72967743 -7.53704227 -1.70533194
v 4.74724017 -7.15000002 -1.70631798
v 4.72546788 -7.53669507 -1.70486414
v 4.70615976 -7.15000002 -1.70154476
v 4.70595041 -7.53555271 -1.70149801
v 4.68699897 -7.53520961 -1.69626337
v 4.76892709 -7.54195928 -1.70540235
v 4.37323175 -7.15000002 -1.38565570
v 4.56236104 -7.55942195 -1.59695733
v 4.52440950 -7.57450826 -1.55455663
v 4.38403363 -7.64999996 -1.39772396
v 4.37323175 -7.64999996 -1.38565570
v 4.41230180 -7.63223051 -1.42930613
v 4.44939943 -7.61090490 -1.47075288
v 4.50704666 -7.58214771 -1.53515830
v 4.48676214 -7.59166769 -1.51249573
v 4.45582138 -7.64999996 -1.37067426
v 4.45582138 -7.15000002 -1.37067426
v 4.53955926 -7.64999996 -1.36488953
v 4.53955926 -7.15000002 -1.36488953
v 4.62342443 -7.64999996 -1.36837207
v 4.62342443 -7.15000002 -1.36837207
v 4.70639442 -7.64999996 -1.38107946
v 4.70639442 -7.15000002 -1.38107946
v 4.78745762 -7.64999996 -1.40285681
v 4.78745762 -7.15000002 -1.40285681
v 4.86562576 -7.64999996 -1.43343846
v 4.86562576 -7.15000002 -1.43343846
v 4.93994574 -7.64999996 -1.47245170
v 4.93994574 -7.15000002 -1.47245170
v 5.00951153 -7.64999996 -1.51942081
v 5.00951153 -7.15000002 -1.51942081
v 5.07347491 -7.64999996 -1.57377322
v 5.07347491 -7.15000002 -1.57377322
v 4.43666646 -7.64999996 -1.38768677
v 4.49472052 -7.64999996 -1.38107834
v 4.55311373 -7.64999996 -1.37903381
v 4.61148783 -7.64999996 -1.38156575
v 5.07866014 -7.64999996 -1.59869806
v 5.03584701 -7.64999996 -1.55893650
v 4.66948470 -7.64999996 -1.38865861
v 4.72674855 -7.64999996 -1.40026889
v 4.78292806 -7.64999996 -1.41632536
v 4.83767856 -7.64999996 -1.43672947
v 4.89066418 -7.64999996 -1.46135611
v 4.94155982 -7.64999996 -1.49005421
v 4.99005327 -7.64999996 -1.52264766
v 5.02618551 -7.64270920 -1.57019312
v 4.98130242 -7.64270920 -1.53462596
v 4.94134542 -7.61154193 -1.58931974
v 4.72323375 -7.64270920 -1.41468078
v 4.77829608 -7.64270920 -1.43041795
v 4.70259754 -7.61127203 -1.48002382
v 4.71331701 -7.61273141 -1.47919727
v 4.55247015 -7.58229430 -1.53321812
v 4.82274536 -7.55655795 -1.68272143
v 4.98207044 -7.61154193 -1.62159193
v 4.86062802 -7.58229430 -1.62129162
v 4.78729343 -7.55655795 -1.66273143
v 4.75038572 -7.55655795 -1.64557749
v 4.71224864 -7.55655795 -1.63136472
v 4.67311618 -7.55655795 -1.62018046
v 4.63322841 -7.55655795 -1.61209318
v 4.55276908 -7.61154193 -1.46160203
v 4.44921092 -7.61154193 -1.46929727
v 4.50083921 -7.61154193 -1.46342025
v 4.75845011 -7.60892789 -1.50156634
v 4.76239719 -7.60716043 -1.50725793
v 4.80583650 -7.61154193 -1.51291157
v 4.75601491 -7.60978508 -1.49866322
v 4.76699013 -7.60407440 -1.51656892
v 4.76916472 -7.60168555 -1.52340268
v 4.76995062 -7.60039251 -1.52699652
v 4.77092862 -7.59677320 -1.53672907
v 4.77007434 -7.59249526 -1.54769828
v 4.77821806 -7.58229430 -1.57898862
v 4.76972319 -7.59175430 -1.54954435
v 4.76646826 -7.58738565 -1.56011533
v 4.76252402 -7.58400626 -1.56791576
v 4.73154170 -7.61343978 -1.48239851
v 4.72115129 -7.61331703 -1.47984352
v 4.71635923 -7.61300727 -1.47932235
v 4.73973685 -7.61294413 -1.48595178
v 4.74867839 -7.61165648 -1.49176961
v 4.75714612 -7.61154193 -1.49476591
v 4.65397595 -7.58325133 -1.53988206
v 4.65422949 -7.58633773 -1.53182822
v 4.64478832 -7.58229430 -1.54085357
v 4.65636746 -7.59068533 -1.52099736
v 4.65625939 -7.61154193 -1.47016149
v 4.65813643 -7.59280707 -1.51592146
v 4.65962168 -7.59425732 -1.51253154
v 4.66530939 -7.59848907 -1.50302949
v 4.67057441 -7.60142087 -1.49682614
v 4.67168125 -7.60196104 -1.49572219
v 4.67895199 -7.60503291 -1.48972080
v 4.68536738 -7.60720792 -1.48582964
v 4.69226791 -7.60911416 -1.48277695
v 4.67159024 -7.57007833 -1.57957214
v 4.66489850 -7.57231686 -1.57178773
v 4.65992056 -7.57493890 -1.56346934
v 4.65946490 -7.57525034 -1.56251958
v 4.65586428 -7.57863029 -1.55259159
v 4.65408306 -7.58251484 -1.54185209
v 4.69645753 -7.56724580 -1.59396792
v 4.68796411 -7.56754364 -1.59082792
v 4.67988759 -7.56840698 -1.58630179
v 4.67494025 -7.56928764 -1.58259620
v 4.72073647 -7.56916023 -1.59560039
v 4.71681122 -7.56858989 -1.59602838
v 4.70607087 -7.56754010 -1.59584496
v 4.69806692 -7.56725065 -1.59440020
v 4.76102605 -7.58295535 -1.57026944
v 4.75594667 -7.57994718 -1.57679573
v 4.75027296 -7.57726516 -1.58230860
v 4.74357837 -7.57470961 -1.58721397
v 4.74129775 -7.57395617 -1.58857692
v 4.73459975 -7.57202777 -1.59183110
v 4.72424065 -7.56975590 -1.59498879
v 4.55305181 -7.64270920 -1.39386801
v 4.49581981 -7.64270920 -1.39587189
v 4.43892018 -7.64270920 -1.40234896
v 4.66710864 -7.64270920 -1.40330142
v 4.69541999 -7.60985586 -1.48171994
v 5.06814723 -7.64270920 -1.60916403
v 4.83195782 -7.64270920 -1.45041638
v 4.89909830 -7.58229430 -1.64714831
v 4.59283004 -7.55655795 -1.60715256
v 4.59877887 -7.58229430 -1.53522671
v 4.60468197 -7.61154193 -1.46385373
v 4.61026510 -7.64270920 -1.39634956
v 4.89821953 -7.61154193 -1.56033400
v 4.93377331 -7.64270920 -1.50268066
v 4.82025202 -7.58229430 -1.59852521
v 4.85295732 -7.61154193 -1.53481241
v 4.88388974 -7.64270920 -1.47455328
v 4.69645886 -7.55000013 -1.59396834
v 4.76102107 -7.55000013 -1.57027689
v 4.77007434 -7.55000013 -1.54769828
v 4.74356696 -7.55000013 -1.58722114
v 4.72072998 -7.55000013 -1.59560128
v 4.67495026 -7.55000013 -1.58260453
v 4.65992327 -7.55000013 -1.56347489
v 4.65397614 -7.55000013 -1.53988705
v 4.65813720 -7.55000013 -1.51591955
v 4.67168699 -7.55000013 -1.49571661
v 4.69228259 -7.55000013 -1.48277155
v 4.71636286 -7.55000013 -1.47932258
v 4.73976410 -7.55000013 -1.48596612
v 4.76916134 -7.55000013 -1.52338941
v 4.75844000 -7.55000013 -1.50155348
v 4.71243573 -7.55000013 -1.53769145
v 5.02546048 -7.54554189 -2.22120738
v 5.02546048 -7.15000002 -2.22120738
v 5.05486103 -7.55880411 -2.27386521
v 5.19572021 -7.15000002 -2.52615127
v 5.08191404 -7.57315952 -2.32231859
v 5.10873268 -7.58946809 -2.37035214
v 5.19572021 -7.64999996 -2.52615127
v 5.18777892 -7.64999996 -2.51192800
v 5.16166519 -7.62789893 -2.46515700
v 5.14099854 -7.61189248 -2.42814194
v 5.13531645 -7.60771829 -2.41796505
v 5.00512374 -7.53730658 -2.07910119
v 5.01038092 -7.53947674 -2.06036766
v 5.01020090 -7.15000002 -2.06090933
v 5.01891691 -7.54299919 -2.03898644
v 5.02717695 -7.54641063 -2.02319727
v 5.02717695 -7.15000002 -2.02319727
v 5.01743415 -7.54238713 -2.04223227
v 5.00098588 -7.15000002 -2.14266190
v 5.00008603 -7.53520831 -2.12337818
v 5.00134434 -7.15000002 -2.10130666
v 5.00105610 -7.53562107 -2.10403143
v 5.00169257 -7.53588612 -2.09840740
v 5.00994911 -7.53919753 -2.18574129
v 5.00483666 -7.53711752 -2.16704212
v 5.00914082 -7.15000002 -2.18320670
v 5.00379549 -7.53669507 -2.16205075
v 5.00099268 -7.53556351 -2.14273367
v 5.01682758 -7.54200603 -2.20381125
v 5.19853374 -7.15000002 -1.72841346
v 5.05560148 -7.55921836 -1.97429870
v 5.08378954 -7.57404129 -1.92580705
v 5.19039417 -7.64999996 -1.74241595
v 5.19853374 -7.64999996 -1.72841346
v 5.16707250 -7.63061355 -1.78253602
v 5.13951094 -7.60973199 -1.82994998
v 5.09637836 -7.58135515 -1.90415064
v 5.11175468 -7.59087774 -1.87769886
v 5.23830363 -7.64999996 -1.80233135
v 5.23830363 -7.15000002 -1.80233135
v 5.26968166 -7.64999996 -1.88018321
v 5.26968166 -7.15000002 -1.88018321
v 5.29228533 -7.64999996 -1.96101990
v 5.29228533 -7.15000002 -1.96101990
v 5.30583900 -7.64999996 -2.04385583
v 5.30583900 -7.15000002 -2.04385583
v 5.31017743 -7.64999996 -2.12768108
v 5.31017743 -7.15000002 -2.12768108
v 5.30524780 -7.64999996 -2.21147365
v 5.30524780 -7.15000002 -2.21147365
v 5.29111018 -7.64999996 -2.29421193
v 5.29111018 -7.15000002 -2.29421193
v 5.26793688 -7.64999996 -2.37488716
v 5.26793688 -7.15000002 -2.37488716
v 5.23601049 -7.64999996 -2.45251577
v 5.23601049 -7.15000002 -2.45251577
v 5.21620456 -7.64999996 -1.78937111
v 5.24042924 -7.64999996 -1.84254167
v 5.26041817 -7.64999996 -1.89744511
v 5.27604879 -7.64999996 -1.95374457
v 5.28722508 -7.64999996 -2.01109471
v 5.29387854 -7.64999996 -2.06914363
v 5.29596838 -7.64999996 -2.12753524
v 5.21390783 -7.64999996 -2.46514941
v 5.23849339 -7.64999996 -2.41214472
v 5.29348170 -7.64999996 -2.18591128
v 5.28643383 -7.64999996 -2.24391364
v 5.27486796 -7.64999996 -2.30118648
v 5.25885504 -7.64999996 -2.35737842
v 5.22105214 -7.64074168 -2.40487063
v 5.24089802 -7.64074168 -2.35149169
v 5.17744245 -7.61019505 -2.33068955
v 5.27503425 -7.64074168 -2.07055861
v 5.27707115 -7.64074168 -2.12747101
v 5.16113285 -7.61019505 -1.87498226
v 5.05389059 -7.55620926 -2.24747569
v 5.15941931 -7.61019505 -2.37916589
v 5.12301559 -7.58149746 -2.26427722
v 5.06193060 -7.55620926 -2.20766259
v 5.06682987 -7.55620926 -2.16734236
v 5.06855850 -7.55620926 -2.12676236
v 5.06710578 -7.55620926 -2.08617156
v 5.06248064 -7.55620926 -2.04581895
v 5.17882607 -7.61019505 -1.92357998
v 5.11159287 -7.58149746 -1.94511551
v 5.20658735 -7.60980147 -2.06431052
v 5.21127791 -7.61153187 -2.07222687
v 5.21422103 -7.61257942 -2.07938788
v 5.21583809 -7.61312238 -2.08517830
v 5.21666338 -7.61337235 -2.08966449
v 5.21725779 -7.61347070 -2.09750978
v 5.21639762 -7.61294152 -2.10800405
v 5.21602938 -7.61276047 -2.10993253
v 5.21296523 -7.61135957 -2.11999795
v 5.21029327 -7.61019505 -2.12724406
v 5.20826052 -7.60932165 -2.12917335
v 5.13648600 -7.58240103 -2.04390236
v 5.14681749 -7.58652437 -2.04072818
v 5.13278404 -7.58149746 -2.03495670
v 5.15646357 -7.59035061 -2.03954149
v 5.20255417 -7.61019505 -2.02417682
v 5.16737848 -7.59465500 -2.04013491
v 5.16876313 -7.59519908 -2.04035817
v 5.17590935 -7.59799957 -2.04206683
v 5.18596889 -7.60191783 -2.04620952
v 5.19005423 -7.60349903 -2.04857100
v 5.19272117 -7.60452758 -2.05036411
v 5.20087611 -7.60764844 -2.05739558
v 5.10934549 -7.57136020 -2.06668191
v 5.11164926 -7.57231984 -2.06331273
v 5.11873937 -7.57523488 -2.05532674
v 5.12508750 -7.57781408 -2.05015817
v 5.12713855 -7.57864314 -2.04877844
v 5.10408394 -7.56840083 -2.11880544
v 5.10177906 -7.56763174 -2.11124983
v 5.10032466 -7.56724543 -2.10078490
v 5.10056945 -7.56749354 -2.09197092
v 5.10112178 -7.56777815 -2.08798274
v 5.10259378 -7.56846267 -2.08163231
v 5.10618775 -7.57002785 -2.07233389
v 5.12052518 -7.57442351 -2.14227498
v 5.11308010 -7.57164351 -2.13454558
v 5.11093112 -7.57085282 -2.13168463
v 5.10874954 -7.57005784 -2.12835172
v 5.20185037 -7.60662063 -2.13756343
v 5.20809218 -7.61019505 -2.17891557
v 5.19388970 -7.60332748 -2.14477525
v 5.19243292 -7.60272994 -2.14583461
v 5.18478360 -7.59961317 -2.15039060
v 5.17518744 -7.59574427 -2.15414395
v 5.14875916 -7.58528105 -2.15563705
v 5.14435223 -7.58356239 -2.15469635
v 5.13772992 -7.58149746 -2.17315099
v 5.13632838 -7.58045363 -2.15202696
v 5.12673948 -7.57677789 -2.14695738
v 5.17156692 -7.59429476 -2.15507878
v 5.16452594 -7.59149111 -2.15621311
v 5.15514282 -7.58778407 -2.15638618
v 5.24242157 -7.64074168 -1.90320963
v 5.22293895 -7.64074168 -1.84969704
v 5.19932792 -7.64074168 -1.79787339
v 5.26854936 -7.64074168 -2.01398020
v 5.20573775 -7.60948370 -2.06313550
v 5.19708944 -7.64074168 -2.45653258
v 5.27464747 -7.64074168 -2.18436825
v 5.11035724 -7.58149746 -2.30869752
v 5.05471141 -7.55620926 -2.00595212
v 5.12394905 -7.58149746 -1.98962082
v 5.19266147 -7.61019505 -1.97341342
v 5.25765615 -7.64074168 -1.95808290
v 5.19161625 -7.61019505 -2.28095130
v 5.25650526 -7.64074168 -2.29672324
v 5.13215857 -7.58149746 -2.21900246
v 5.20185376 -7.61019505 -2.23025631
v 5.26777818 -7.64074168 -2.24090127
v 5.21639762 -7.55000013 -2.10800405
v 5.20818070 -7.55000013 -2.12929968
v 5.19243977 -7.55000013 -2.14582977
v 5.17157130 -7.55000013 -2.15507781
v 5.12745660 -7.55000013 -2.14741892
v 5.14875217 -7.55000013 -2.15563584
v 5.11092646 -7.55000013 -2.13167799
v 5.10167847 -7.55000013 -2.11080948
v 5.10112042 -7.55000013 -2.08799042
v 5.10933734 -7.55000013 -2.06669481
v 5.12507828 -7.55000013 -2.05016471
v 5.14594680 -7.55000013 -2.04091667
v 5.16876583 -7.55000013 -2.04035864
v 5.19006150 -7.55000013 -2.04857556
v 5.20659154 -7.55000013 -2.06431649
v 5.21583962 -7.55000013 -2.08518501
v 5.15875900 -7.55000013 -2.09799724
v 4.48724584 -7.59043145 -2.73443603
v 4.52392755 -7.57430094 -2.69485668
v 4.36802098 -7.15000002 -2.86307896
v 4.56092412 -7.56005115 -2.65493754
v 4.60542670 -7.15000002 -2.60691948
v 4.59823472 -7.54769455 -2.61467963
v 4.60542670 -7.54554189 -2.60691948
v 4.36802098 -7.64999996 -2.86307896
v 4.37909411 -7.64999996 -2.85113112
v 4.41482901 -7.62829083 -2.81257338
v 4.44438462 -7.61185988 -2.78068304
v 4.45087958 -7.60843150 -2.77367497
v 4.73393419 -7.53727361 -2.54369739
v 4.75301579 -7.53938343 -2.54287126
v 4.75316376 -7.15000002 -2.54287196
v 4.77670706 -7.54299919 -2.54438680
v 4.79427595 -7.54641063 -2.54736345
v 4.79427595 -7.15000002 -2.54736345
v 4.77208502 -7.54220627 -2.54386866
v 4.67256483 -7.15000002 -2.55937085
v 4.67216878 -7.53557748 -2.55954310
v 4.68994478 -7.53520775 -2.55277774
v 4.71200676 -7.15000002 -2.54693234
v 4.70827216 -7.53557786 -2.54773402
v 4.71200729 -7.53574121 -2.54693225
v 4.71487176 -7.53588612 -2.54636763
v 4.65499315 -7.53669507 -2.56803443
v 4.63652445 -7.15000002 -2.57965571
v 4.64963633 -7.53721400 -2.57111953
v 4.61903565 -7.54206489 -2.59357195
v 4.63378466 -7.53928880 -2.58163104
v 4.63651986 -7.53886878 -2.57965897
v 5.12758419 -7.15000002 -2.61924032
v 4.84854747 -7.55896337 -2.55906691
v 4.90237551 -7.57345773 -2.57067478
v 5.11175175 -7.64999996 -2.61582609
v 5.12758419 -7.64999996 -2.61924032
v 5.06145242 -7.62859966 -2.60497916
v 5.00880200 -7.60826945 -2.59362531
v 4.92564698 -7.58036441 -2.57569316
v 4.95578507 -7.58989184 -2.58219240
v 5.06957369 -7.64999996 -2.67990555
v 5.06957369 -7.15000002 -2.67990555
v 5.00522847 -7.64999996 -2.73380543
v 5.00522847 -7.15000002 -2.73380543
v 4.93533316 -7.64999996 -2.78028266
v 4.93533316 -7.15000002 -2.78028266
v 4.86073976 -7.64999996 -2.81877068
v 4.86073976 -7.15000002 -2.81877068
v 4.78235788 -7.64999996 -2.84880025
v 4.78235788 -7.15000002 -2.84880025
v 4.70114307 -7.64999996 -2.87000521
v 4.70114307 -7.15000002 -2.87000521
v 4.61808554 -7.64999996 -2.88212702
v 4.61808554 -7.15000002 -2.88212702
v 4.53419788 -7.64999996 -2.88501794
v 4.53419788 -7.15000002 -2.88501794
v 4.45050289 -7.64999996 -2.87864267
v 4.45050289 -7.15000002 -2.87864267
v 5.07507059 -7.64999996 -2.65488315
v 5.03198821 -7.64999996 -2.69435279
v 4.98594888 -7.64999996 -2.73032950
v 4.93723499 -7.64999996 -2.76259261
v 4.88614547 -7.64999996 -2.79094407
v 4.83299370 -7.64999996 -2.81520996
v 4.77810576 -7.64999996 -2.83524154
v 4.72181843 -7.64999996 -2.85091575
v 4.66447697 -7.64999996 -2.86213651
v 4.60643323 -7.64999996 -2.86883500
v 4.43165749 -7.64999996 -2.86152584
v 4.48966530 -7.64999996 -2.86852873
v 4.54804326 -7.64999996 -2.87097010
v 4.54827823 -7.60851382 -2.78139392
v 4.59965671 -7.60851382 -2.77951525
v 4.59441274 -7.58050169 -2.71039542
v 4.89309013 -7.58050169 -2.60139208
v 4.81849878 -7.55577265 -2.56709030
v 4.43494428 -7.63986401 -2.84106995
v 4.49134101 -7.63986401 -2.84787838
v 4.54846006 -7.58050169 -2.71207572
v 4.62937539 -7.55577265 -2.63611151
v 4.66913448 -7.55577265 -2.62833128
v 4.70816267 -7.55577265 -2.61746317
v 4.74622054 -7.55577265 -2.60357389
v 4.78307463 -7.55577265 -2.58674848
v 4.85475250 -7.58050169 -2.62678301
v 5.06048757 -7.63986401 -2.64016644
v 4.81454520 -7.58050169 -2.64909549
v 4.80761244 -7.58197877 -2.65685602
v 4.81163531 -7.58441194 -2.66194588
v 4.81388762 -7.58599798 -2.66539778
v 4.81832628 -7.58995201 -2.67442998
v 4.84578106 -7.60851382 -2.71097741
v 4.82087822 -7.59340870 -2.68280597
v 4.82127869 -7.59418226 -2.68474247
v 4.82229520 -7.59811915 -2.69496737
v 4.82143664 -7.60196365 -2.70562673
v 4.81891702 -7.60518658 -2.71522205
v 4.77381744 -7.57038976 -2.63798351
v 4.78094371 -7.57199331 -2.63968806
v 4.79098139 -7.57488917 -2.64381825
v 4.79511383 -7.57633551 -2.64620672
v 4.79975976 -7.57817823 -2.64947775
v 4.74196691 -7.56725176 -2.64134517
v 4.73272389 -7.56770755 -2.64605440
v 4.73011307 -7.56798490 -2.64779034
v 4.72621063 -7.56854835 -2.65079213
v 4.75049042 -7.56743523 -2.63865281
v 4.76073106 -7.56830733 -2.63719957
v 4.77082129 -7.56981700 -2.63754225
v 4.70703466 -7.57716644 -2.68146850
v 4.70615702 -7.57857516 -2.68562704
v 4.68522045 -7.58050169 -2.69629296
v 4.70949940 -7.57470570 -2.67384832
v 4.71428900 -7.57191769 -2.66445584
v 4.71884329 -7.57024448 -2.65818446
v 4.70118645 -7.60851382 -2.76374768
v 4.75057471 -7.60958224 -2.75260669
v 4.74073213 -7.60700117 -2.74938152
v 4.73248799 -7.60422937 -2.74503681
v 4.73112671 -7.60370801 -2.74414753
v 4.72298514 -7.60011013 -2.73753235
v 4.70671846 -7.58706379 -2.70843662
v 4.70551886 -7.58404370 -2.70070725
v 4.70540944 -7.58081778 -2.69199831
v 4.71611959 -7.59617659 -2.72951846
v 4.71076346 -7.59201824 -2.72031159
v 4.70742674 -7.58820559 -2.71126030
v 4.79706437 -7.61278003 -2.74374161
v 4.78998129 -7.61335577 -2.74793420
v 4.82513397 -7.63986401 -2.79604045
v 4.77123547 -7.61286496 -2.75364600
v 4.76092431 -7.61157098 -2.75405014
v 4.77177047 -7.63986401 -2.81551567
v 4.77660610 -7.61326450 -2.75270145
v 4.78035074 -7.61342599 -2.75173013
v 4.71704643 -7.63986401 -2.83075452
v 4.75377857 -7.61027347 -2.75325629
v 4.81579890 -7.60743573 -2.72242015
v 4.81322880 -7.60875168 -2.72690796
v 4.87680952 -7.63986401 -2.77244847
v 4.81016708 -7.60995942 -2.73128862
v 4.80506010 -7.61141285 -2.73709025
v 4.92648017 -7.63986401 -2.74488444
v 4.97384104 -7.63986401 -2.71351745
v 5.01860175 -7.63986401 -2.67853991
v 4.54809761 -7.63986401 -2.85025195
v 4.60486588 -7.63986401 -2.84817612
v 4.97411103 -7.60851382 -2.62598486
v 4.93360006 -7.60851382 -2.65764149
v 4.89073577 -7.60851382 -2.68603040
v 4.49691031 -7.60851382 -2.77924568
v 4.58912935 -7.55577265 -2.64075610
v 4.64009296 -7.58050169 -2.70512367
v 4.65073057 -7.60851382 -2.77362110
v 4.66129754 -7.63986401 -2.84166371
v 4.70671746 -7.55000013 -2.70843220
v 4.82143664 -7.55000013 -2.70562673
v 4.81321970 -7.55000013 -2.72692239
v 4.79747879 -7.55000013 -2.74345244
v 4.77661027 -7.55000013 -2.75270052
v 4.75379121 -7.55000013 -2.75325852
v 4.73249559 -7.55000013 -2.74504160
v 4.71596549 -7.55000013 -2.72930067
v 4.70615944 -7.55000013 -2.68561312
v 4.71437635 -7.55000013 -2.66431749
v 4.73011727 -7.55000013 -2.64778736
v 4.75098579 -7.55000013 -2.63853937
v 4.77380485 -7.55000013 -2.63798132
v 4.79510047 -7.55000013 -2.64619824
v 4.81163056 -7.55000013 -2.66193918
v 4.82087859 -7.55000013 -2.68280769
v 4.76379802 -7.55000013 -2.69561990
v 4.24840415 -7.60692946 -1.54616374
v 4.24178846 -7.58840564 -1.60144770
v 4.26339216 -7.15000002 -1.42091697
v 4.23511313 -7.57190447 -1.65722992
v 4.22189366 -7.15000002 -1.76769793
v 4.22837830 -7.55743898 -1.71350937
v 4.22189366 -7.54554189 -1.76769793
v 4.26339216 -7.64999996 -1.42091697
v 4.26145659 -7.64999996 -1.43709162
v 4.25496024 -7.62746456 -1.49137837
v 4.15451657 -7.53734364 -1.89488081
v 4.13890374 -7.53958180 -1.90714609
v 4.14001807 -7.15000002 -1.90635112
v 4.12008073 -7.54299919 -1.91896397
v 4.10411763 -7.54641063 -1.92688259
v 4.10411763 -7.15000002 -1.92688259
v 4.12214440 -7.54259071 -1.91780704
v 4.17092820 -7.15000002 -1.87887477
v 4.17196306 -7.53567173 -1.87773386
v 4.16894229 -7.53588612 -1.88101563
v 4.21334943 -7.53909751 -1.80626542
v 4.20625822 -7.53701302 -1.82474321
v 4.21276034 -7.15000002 -1.80803361
v 4.20464964 -7.53669507 -1.82829104
v 4.19552617 -7.15000002 -1.84562837
v 4.19535951 -7.53554861 -1.84591010
v 4.18444914 -7.53521017 -1.86240061
v 4.21856679 -7.54194102 -1.78723505
v 3.79221742 -7.15000002 -2.06464667
v 4.05132282 -7.55950223 -1.95020166
v 3.99897615 -7.57469247 -1.97332283
v 3.80703295 -7.64999996 -2.05810274
v 3.79221742 -7.64999996 -2.06464667
v 3.84435742 -7.63286996 -2.04161680
v 3.89552070 -7.61136851 -2.01901835
v 3.97480866 -7.58246063 -1.98399742
v 3.94705115 -7.59197968 -1.99625772
v 3.80349075 -7.64999996 -1.98146971
v 3.80349075 -7.15000002 -1.98146971
v 3.82386558 -7.64999996 -1.90004266
v 3.82386558 -7.15000002 -1.90004266
v 3.85309346 -7.64999996 -1.82135834
v 3.85309346 -7.15000002 -1.82135834
v 3.89081808 -7.64999996 -1.74637600
v 3.89081808 -7.15000002 -1.74637600
v 3.93657940 -7.64999996 -1.67600985
v 3.93657940 -7.15000002 -1.67600985
v 3.98981962 -7.64999996 -1.61111781
v 3.98981962 -7.15000002 -1.61111781
v 4.04988956 -7.64999996 -1.55249105
v 4.04988956 -7.15000002 -1.55249105
v 4.11605686 -7.64999996 -1.50084433
v 4.11605686 -7.15000002 -1.50084433
v 4.18751480 -7.64999996 -1.45680735
v 4.18751480 -7.15000002 -1.45680735
v 3.81375146 -7.64999996 -2.00494429
v 3.82540617 -7.64999996 -1.94768948
v 3.84150622 -7.64999996 -1.89152244
v 3.86195276 -7.64999996 -1.83678777
v 3.88662051 -7.64999996 -1.78382129
v 3.91535805 -7.64999996 -1.73294789
v 3.94798908 -7.64999996 -1.68447977
v 3.98431341 -7.64999996 -1.63871416
v 4.02410817 -7.64999996 -1.59593185
v 4.06712927 -7.64999996 -1.55639544
v 4.21282207 -7.64999996 -1.45957812
v 4.16177660 -7.64999996 -1.48800879
v 4.11311281 -7.64999996 -1.52034734
v 4.16075415 -7.61207408 -1.58628307
v 4.11978504 -7.61207408 -1.61840019
v 4.16640225 -7.58260871 -1.67329435
v 3.98716484 -7.58260871 -1.93952290
v 4.20293203 -7.58260871 -1.64465739
v 4.18339169 -7.55669541 -1.75617742
v 4.15565004 -7.55669541 -1.78600168
v 4.13032770 -7.55669541 -1.81790567
v 4.10758005 -7.55669541 -1.85169366
v 4.08754661 -7.55669541 -1.88715838
v 3.91876548 -7.61207408 -1.91698251
v 3.89403733 -7.61207408 -2.01803604
v 3.90442111 -7.61207408 -1.96702470
v 4.09695925 -7.56797354 -1.80803179
v 4.09392537 -7.56740730 -1.81525061
v 4.09021764 -7.56724580 -1.82161080
v 4.10061241 -7.58260871 -1.73868924
v 4.09328649 -7.57921516 -1.76156459
v 4.09656838 -7.57654711 -1.76891852
v 4.09835293 -7.57471091 -1.77470632
v 4.09936099 -7.57333311 -1.77955600
v 4.10012649 -7.57122087 -1.78817972
v 4.09927037 -7.56915911 -1.79903293
v 4.02217540 -7.60875504 -1.73385551
v 4.03231704 -7.60595082 -1.73127165
v 4.04599993 -7.61207408 -1.69174227
v 4.02148263 -7.60893068 -1.73410478
v 4.04314743 -7.60251480 -1.73054494
v 4.04556827 -7.60168704 -1.73065791
v 4.05341866 -7.59885210 -1.73172501
v 4.06395816 -7.59465984 -1.73495323
v 4.06896230 -7.59249433 -1.73730196
v 4.07243669 -7.59091350 -1.73929280
v 4.08131527 -7.58651822 -1.74604280
v 4.08716719 -7.58323400 -1.75229909
v 4.08763410 -7.58295312 -1.75288566
v 3.98733276 -7.61300746 -1.76725546
v 3.99182239 -7.61347405 -1.75834445
v 3.92661816 -7.64348685 -1.73990389
v 3.98704270 -7.61294152 -1.76799342
v 3.98477833 -7.61209979 -1.77524104
v 3.98456403 -7.61207408 -1.77570011
v 3.98321100 -7.61026080 -1.78596692
v 3.99680366 -7.61333472 -1.75143911
v 3.95867024 -7.64348685 -1.69229566
v 4.00088858 -7.61294096 -1.74704592
v 4.00442798 -7.61245872 -1.74387947
v 4.01363671 -7.61207408 -1.73251724
v 4.01241397 -7.61101685 -1.73834413
v 4.02300414 -7.58260871 -1.85396392
v 4.02564909 -7.58325170 -1.84530132
v 4.02380619 -7.58397832 -1.84474499
v 4.01363624 -7.58827134 -1.84039336
v 4.00585420 -7.59194466 -1.83531118
v 3.95896025 -7.61207408 -1.82102588
v 4.00414872 -7.59280651 -1.83394118
v 3.99772269 -7.59629674 -1.82768279
v 3.99267804 -7.59941611 -1.82105543
v 3.98912560 -7.60195880 -1.81482234
v 3.98751721 -7.60327532 -1.81125130
v 3.98509712 -7.60565560 -1.80406533
v 3.98328421 -7.60863303 -1.79325736
v 3.98317240 -7.60911639 -1.79122805
v 4.08822768 -7.56729405 -1.82439799
v 4.08235942 -7.56777982 -1.83102139
v 4.07399163 -7.56905592 -1.83776200
v 4.07275744 -7.56928652 -1.83855933
v 4.06525438 -7.57087554 -1.84254542
v 4.05503637 -7.57347430 -1.84597049
v 4.04990944 -7.57494207 -1.84693833
v 4.04463606 -7.57655754 -1.84744974
v 4.03374485 -7.58022658 -1.84699283
v 3.85407661 -7.64348685 -1.89566491
v 3.83826229 -7.64348685 -1.95083540
v 3.82681438 -7.64348685 -2.00707439
v 4.07569660 -7.64348685 -1.56648390
v 4.12086425 -7.64348685 -1.53107543
v 4.16866464 -7.64348685 -1.49931058
v 4.21880446 -7.64348685 -1.47138436
v 3.89839052 -7.64348685 -1.78987465
v 3.99435009 -7.64348685 -1.64734207
v 4.20411127 -7.61207408 -1.55747093
v 4.24959043 -7.61207408 -1.53214054
v 4.07035034 -7.55669541 -1.92408224
v 4.00340785 -7.58260871 -1.89604107
v 3.93698243 -7.61207408 -1.86821653
v 3.87416044 -7.64348685 -1.84190136
v 4.21338242 -7.55669541 -1.72861589
v 4.13222583 -7.58260871 -1.70470255
v 4.08145524 -7.61207408 -1.65362528
v 4.03343881 -7.64348685 -1.60531888
v 4.08763606 -7.55000013 -1.75288816
v 4.04555891 -7.55000013 -1.73065725
v 4.09021713 -7.55000013 -1.82161154
v 4.09927037 -7.55000013 -1.79903293
v 4.07276303 -7.55000013 -1.83855582
v 4.04992606 -7.55000013 -1.84693597
v 4.02565491 -7.55000013 -1.84530297
v 4.00414630 -7.55000013 -1.83393918
v 3.98911931 -7.55000013 -1.81480956
v 3.98317221 -7.55000013 -1.79122172
v 3.98733327 -7.55000013 -1.76725423
v 4.00088304 -7.55000013 -1.74705130
v 4.02147863 -7.55000013 -1.73410622
v 4.06896016 -7.55000013 -1.73730082
v 4.09835740 -7.55000013 -1.77472406
v 4.04163180 -7.55000013 -1.78902613
v 4.42238650 -6.84999998 -4.23368958
v 4.42238650 -7.34999996 -4.23368958
v 4.55556270 -7.34999996 -4.23754023
v 6.51604822 -6.84999998 -2.89798856
v 6.51604822 -7.34999996 -2.89798856
v 6.53704097 -7.34999996 -2.84230404
v 5.80866681 -6.94999999 -0.42835192
v 5.80866681 -7.34999996 -0.42835192
v 5.60145257 -7.34999996 -0.29270535
v 4.47488537 -5.85026249 -0.01378839
v 4.54443730 -5.85026249 -0.01245977
v 4.18798353 -6.91173167 -0.04370210
v 3.41378488 -6.84999998 -0.34402495
v 3.41378488 -7.34999996 -0.34402495
v 3.18782413 -7.34999996 -0.51027590
v 2.50508236 -6.84999998 -2.65525326
v 2.50508236 -7.34999996 -2.65525326
v 2.56676422 -7.34999996 -2.85275856
v 2.46858811 -7.34999996 -1.76363944
v 2.45978935 -7.34999996 -1.81860817
v 2.45978935 -6.84999998 -1.81860817
v 3.48891243 -6.84999998 -0.29826795
v 3.48891243 -5.85026249 -0.29826795
v 3.51913283 -5.85026249 -0.28104519
v 3.65216043 -6.84999998 -0.21273939
v 3.74445869 -5.85026249 -0.17206387
v 3.82224144 -6.84999998 -0.14176422
v 4.17768303 -5.85026249 -0.04552004
v 4.17925408 -6.89501192 -0.04523934
v 4.16664544 -6.87928933 -0.04752649
v 4.13478045 -6.85761205 -0.05365999
v 4.09730086 -6.84999998 -0.06152724
v 3.98109271 -5.85026249 -0.09049734
v 3.82224144 -5.85026249 -0.14176422
v 4.54443730 -7.34999996 -0.01245977
v 4.19548529 -7.34999996 -0.04241129
v 4.19548529 -6.94999999 -0.04241129
v 4.22571292 -5.85026249 -0.03749074
v 5.83452200 -6.84337408 -0.44784153
v 5.81874736 -6.88187422 -0.43587701
v 5.60145257 -5.85026249 -0.29270535
v 5.88772604 -6.77953211 -0.48996320
v 5.87147633 -6.79348686 -0.47680193
v 5.84633779 -6.82361402 -0.45695787
v 5.81291532 -6.90541163 -0.43151190
v 5.97087061 -6.74999996 -0.56167541
v 5.93753084 -6.75456838 -0.53201073
v 5.90365333 -5.85026249 -0.50312483
v 6.07112581 -6.74999996 -0.65904202
v 6.05702111 -5.85026249 -0.64454598
v 6.16472410 -6.74999996 -0.76282413
v 5.66712106 -5.85026249 -0.33198649
v 5.87134547 -5.85026249 -0.47669688
v 5.90328742 -6.76913547 -0.50281955
v 5.91888251 -6.76118412 -0.51595753
v 6.16472410 -5.85026249 -0.76282413
v 6.22154148 -5.85026249 -0.83317726
v 6.27730088 -6.74999996 -0.90874003
v 6.36259699 -5.85026249 -1.03994289
v 6.37673205 -6.74999996 -1.06391243
v 6.53323578 -7.34999996 -1.39724144
v 6.42110864 -7.34999996 -1.14428110
v 6.42110864 -6.74999996 -1.14428110
v 6.37673205 -5.85026249 -1.06391243
v 6.47820765 -5.85026249 -1.26194048
v 6.53323578 -5.85026249 -1.39724144
v 6.38229465 -6.84999998 -3.17645257
v 6.37533003 -5.85026249 -3.18849746
v 6.28368212 -6.84999998 -3.33214651
v 6.23673508 -5.85026249 -3.39692046
v 6.17187517 -6.84999998 -3.47865333
v 5.91217587 -7.34999996 -3.73972410
v 6.06092336 -7.34999996 -3.60147122
v 6.06092336 -6.84999998 -3.60147122
v 6.17187517 -5.85026249 -3.47865333
v 6.07446190 -5.85026249 -3.58748844
v 5.91217587 -5.85026249 -3.73972410
v 3.49854743 -7.34999996 -3.95729465
v 3.61269340 -7.34999996 -4.01822829
v 3.61269340 -6.84999998 -4.01822829
v 6.63141189 -7.34999996 -2.48636056
v 6.66254023 -7.34999996 -2.11943730
v 6.65954193 -5.85026249 -2.23764902
v 6.62947996 -7.34999996 -1.75268303
v 6.65805852 -5.85026249 -1.98735611
v 6.66254023 -5.85026249 -2.11943730
v 6.56675054 -5.85026249 -1.49605351
v 6.62698271 -5.85026249 -1.73899548
v 6.62947996 -5.85026249 -1.75268303
v 5.44721465 -5.85026249 -0.21244602
v 5.26730404 -7.34999996 -0.13795903
v 4.91136056 -5.85026249 -0.04358811
v 4.97288103 -5.85026249 -0.05521046
v 4.91136056 -7.34999996 -0.04358811
v 5.21471337 -5.85026249 -0.11975372
v 5.26730404 -5.85026249 -0.13795903
v 4.72511228 -5.85026249 -0.01972278
v 3.30827795 -5.85026249 -0.41591169
v 3.18782413 -5.85026249 -0.51027590
v 3.11485417 -5.85026249 -0.57476999
v 2.92812483 -7.34999996 -0.77134667
v 2.94157667 -5.85026249 -0.75539004
v 2.71770535 -7.34999996 -1.07354743
v 2.79087787 -5.85026249 -0.95523659
v 2.92812483 -5.85026249 -0.77134667
v 2.56295903 -7.34999996 -1.40769596
v 2.66487347 -5.85026249 -1.17150403
v 2.71770535 -5.85026249 -1.07354743
v 2.43745977 -6.84999998 -2.13056270
v 2.45083636 -5.85026249 -1.88757824
v 2.46858811 -5.85026249 -1.76363944
v 2.49365093 -5.85026249 -1.64096996
v 2.56533204 -5.85026249 -1.40115640
v 2.72326795 -5.85026249 -3.18608757
v 2.67630694 -5.85026249 -3.10077199
v 2.72326795 -7.34999996 -3.18608757
v 2.57405052 -5.85026249 -2.87231554
v 2.56676422 -5.85026249 -2.85275856
v 2.49953205 -5.85026249 -2.63336834
v 2.47052004 -6.84999998 -2.49731697
v 2.47052004 -5.85026249 -2.49731697
v 2.44598361 -6.84999998 -2.31466155
v 2.45379778 -5.85026249 -2.38728484
v 2.43748976 -5.85026249 -2.13751944
v 2.80486578 -5.85026249 -3.31553079
v 2.93527590 -7.34999996 -3.48717587
v 2.93527590 -5.85026249 -3.48717587
v 2.95792269 -5.85026249 -3.51357709
v 3.19634667 -7.34999996 -3.74687517
v 3.13332863 -5.85026249 -3.69213072
v 3.83269596 -5.85026249 -4.11204097
v 3.76766194 -5.85026249 -4.08734658
v 3.83269596 -6.84999998 -4.11204097
v 3.54106016 -5.85026249 -3.98104356
v 3.49854743 -5.85026249 -3.95729465
v 3.32862176 -5.85026249 -3.84868549
v 3.19634667 -5.85026249 -3.74687517
v 4.00524610 -5.85026249 -4.16610257
v 4.00860757 -6.84999998 -4.16699683
v 4.18863944 -5.85026249 -4.20641189
v 4.18863944 -6.84999998 -4.20641189
v 4.25047730 -5.85026249 -4.21620605
v 4.39785985 -6.84999998 -4.23206182
v 4.49991320 -5.85026249 -4.23695350
v 4.55556270 -5.85026249 -4.23754023
v 4.75005219 -5.85026249 -4.22805396
v 4.92231697 -7.34999996 -4.20447996
v 4.92231697 -5.85026249 -4.20447996
v 4.99738292 -5.85026249 -4.18963207
v 5.27775856 -7.34999996 -4.10823578
v 5.23843332 -5.85026249 -4.12222722
v 5.61108757 -7.34999996 -3.95173205
v 5.46981972 -5.85026249 -4.02678566
v 5.27775856 -5.85026249 -4.10823578
v 5.89078860 -5.85026249 -3.75752633
v 5.68829384 -5.85026249 -3.90464717
v 5.61108757 -5.85026249 -3.95173205
v 6.63141189 -5.85026249 -2.48636056
v 6.57406347 -5.85026249 -2.72999939
v 6.53704097 -5.85026249 -2.84230404
v 6.48830132 -5.85026249 -2.96514535
v 6.38229465 -5.85026249 -3.17645257
v 2.50508236 -7.37000002 -2.65525326
v 2.50508236 -7.55000013 -2.65525326
v 2.55800066 -7.55000013 -2.82841681
v 2.62555284 -7.37000002 -2.99641283
v 2.62555284 -7.55000013 -2.99641283
v 2.70724287 -7.55000013 -3.15800698
v 2.80247079 -7.37000002 -3.31201225
v 2.80247079 -7.55000013 -3.31201225
v 2.91053662 -7.55000013 -3.45729727
v 3.03064641 -7.37000002 -3.59279474
v 3.03064641 -7.55000013 -3.59279474
v 3.16191828 -7.55000013 -3.71750908
v 3.30338729 -7.37000002 -3.83052451
v 3.30338729 -7.55000013 -3.83052451
v 3.61269340 -7.37000002 -4.01822829
v 3.45401457 -7.55000013 -3.93101012
v 3.61269340 -7.55000013 -4.01822829
v 4.78407594 -7.37000002 -4.22453915
v 4.42238650 -7.37000002 -4.23368958
v 4.42238650 -7.55000013 -4.23368958
v 4.60342748 -7.55000013 -4.23687173
v 4.78407594 -7.55000013 -4.22453915
v 5.13889957 -7.37000002 -4.15380614
v 4.96300477 -7.55000013 -4.19678276
v 5.13889957 -7.55000013 -4.15380614
v 5.47644971 -7.37000002 -4.02356458
v 5.31046800 -7.55000013 -4.09592500
v 5.47644971 -7.55000013 -4.02356458
v 5.63562540 -7.55000013 -3.93725669
v 5.78682562 -7.37000002 -3.83763516
v 6.06092336 -7.55000013 -3.60147122
v 6.06092336 -7.37000002 -3.60147122
v 5.92893958 -7.55000013 -3.72543184
v 5.78682562 -7.55000013 -3.83763516
v 6.51604822 -7.37000002 -2.89798856
v 6.51604822 -7.55000013 -2.89798856
v 6.61911396 -7.37000002 -2.55117386
v 6.57501938 -7.55000013 -2.72679173
v 6.61911396 -7.55000013 -2.55117386
v 6.64800806 -7.55000013 -2.37242519
v 6.66148914 -7.37000002 -2.19185880
v 6.66148914 -7.55000013 -2.19185880
v 6.65945848 -7.55000013 -2.01080124
v 6.64193099 -7.37000002 -1.83058269
v 6.64193099 -7.55000013 -1.83058269
v 6.60903519 -7.55000013 -1.65252697
v 6.56101303 -7.37000002 -1.47794231
v 6.56101303 -7.55000013 -1.47794231
v 6.42110864 -7.37000002 -1.14428110
v 6.49821693 -7.55000013 -1.30811117
v 6.42110864 -7.55000013 -1.14428110
v 5.82530880 -6.94999999 -0.57339610
v 5.82530880 -7.34999996 -0.57339610
v 5.84476925 -6.94999999 -0.53772999
v 5.84476925 -7.34999996 -0.53772999
v 5.84843447 -6.94999999 -0.49726607
v 5.84843447 -7.34999996 -0.49726607
v 5.83569966 -6.94999999 -0.45868361
v 5.83569966 -7.34999996 -0.45868361
v 5.51970182 -7.37000002 -0.24815833
v 5.80866681 -7.37000002 -0.42835192
v 5.80866681 -7.55000013 -0.42835192
v 5.66782113 -7.55000013 -0.33242290
v 5.51970182 -7.55000013 -0.24815833
v 5.20553850 -7.37000002 -0.11673567
v 5.36527270 -7.55000013 -0.17610618
v 5.20553850 -7.55000013 -0.11673567
v 5.04153874 -7.55000013 -0.07043274
v 4.87434051 -7.37000002 -0.03749912
v 4.87434051 -7.55000013 -0.03749912
v 4.70503182 -7.55000013 -0.01814885
v 4.53471433 -7.37000002 -0.01250783
v 4.19548529 -7.55000013 -0.04241129
v 4.19548529 -7.37000002 -0.04241129
v 4.36449627 -7.55000013 -0.02061294
v 4.53471433 -7.55000013 -0.01250783
v 3.85579332 -7.58317664 -2.17653336
v 3.80124831 -7.58317664 -2.18437227
v 3.82807283 -7.61227991 -2.19678058
v 3.79418693 -7.56682838 -2.18110586
v 3.89180626 -7.55000013 -2.16563576
v 3.79181057 -7.55000013 -2.18000661
v 4.25843287 -7.55000013 -2.82704386
v 4.27305382 -7.55000013 -2.74258878
v 4.25808914 -7.56348140 -2.82367773
v 4.27184722 -7.56560165 -2.74237988
v 4.25706417 -7.57671680 -2.81364082
v 4.25312000 -7.60121430 -2.77501696
v 4.89572573 -6.84999998 -2.37218156
v 4.96570100 -6.84999998 -2.28338577
v 4.86334418 -6.84999998 -2.46427907
v 4.66618407 -6.84999998 -2.53381080
v 4.69554354 -6.84999998 -2.52430199
v 4.49909634 -6.84999998 -3.65138769
v 4.57230214 -6.84999998 -2.54941441
v 4.32415509 -6.84999998 -2.52785103
v 4.23208459 -6.84999998 -2.40705460
v 4.30281844 -6.84999998 -2.47072573
v 4.52782486 -6.84999998 -2.56929903
v 4.46667953 -6.84999998 -3.64996174
v 4.19575600 -6.84999998 -4.20103890
v 4.44170203 -6.84999998 -3.97913472
v 3.87238371 -6.84999998 -3.49368069
v 3.99208628 -6.84999998 -4.15959077
v 3.08332303 -6.84999998 -1.69919555
v 4.19467718 -6.84999998 -1.89182477
v 4.15793927 -6.84999998 -1.96094702
v 3.87131483 -6.84999998 -3.49584918
v 3.03891236 -6.84999998 -1.90349422
v 4.38594702 -6.84999998 -2.51706073
v 4.47730187 -6.84999998 -2.54373618
v 2.44258428 -6.84999998 -2.22311569
v 2.45434334 -6.84999998 -2.32637047
v 2.46610222 -6.84999998 -2.42962525
v 4.13126382 -6.84999998 -2.05230187
v 4.09707599 -6.84999998 -2.03469654
v 4.12558559 -6.84999998 -2.14730214
v 4.12059398 -6.84999998 -2.24120614
v 4.14118920 -6.84999998 -2.24118407
v 4.17729234 -6.84999998 -2.32924004
v 3.03651970 -6.84999998 -1.90314774
v 4.09392114 -6.84999998 -4.18031474
v 3.07392776 -6.84999998 -2.51699661
v 3.65022216 -6.84999998 -3.35903827
v 3.45409373 -6.84999998 -3.18869173
v 3.28967292 -6.84999998 -2.98756955
v 3.16171683 -6.84999998 -2.76149076
v 4.78985659 -6.84999998 -0.61671638
v 5.01654237 -6.84999998 -0.67076858
v 4.71405298 -6.84999998 -1.73293927
v 3.72105772 -6.84999998 -0.84230544
v 4.49592247 -6.84999998 -1.66633839
v 4.62269813 -6.84999998 -1.70626382
v 4.52769786 -6.84999998 -1.70058559
v 4.43381593 -6.84999998 -1.71618920
v 4.30678765 -6.84999998 -1.75252031
v 4.34575996 -6.84999998 -1.75229234
v 4.26794540 -6.84999998 -1.80708459
v 3.09831323 -6.84999998 -1.65059923
v 3.19971545 -6.84999998 -1.41143000
v 4.20427427 -6.84999998 -1.87781844
v 3.34018515 -6.84999998 -1.19290629
v 3.51565825 -6.84999998 -1.00135075
v 3.61632435 -6.84999998 -0.23722982
v 3.80545920 -6.84999998 -0.15104802
v 3.71089177 -6.84999998 -0.19413882
v 4.48716251 -6.84999998 -0.59905702
v 4.19569665 -6.84999998 -0.63942948
v 4.19472104 -6.84999998 -0.63381994
v 5.35532394 -6.84999998 -0.82734681
v 5.58922952 -6.84999998 -1.00586971
v 5.08309649 -6.84999998 -0.69382608
v 5.90361198 -6.84999998 -0.63567746
v 5.98788103 -6.84999998 -0.71686448
v 4.82909246 -6.84999998 -1.77858875
v 4.95881080 -6.84999998 -2.00881593
v 4.92270766 -6.84999998 -1.92075996
v 4.96950224 -6.84999998 -1.93183498
v 4.86791541 -6.84999998 -1.84294540
v 4.82161783 -6.84999998 -1.79812273
v 4.79718156 -6.84999998 -1.77927427
v 6.29026154 -6.84999998 -1.11414034
v 6.33253725 -6.84999998 -1.19070474
v 5.90483276 -6.84999998 -1.41488088
v 5.90269333 -6.84999998 -1.41600689
v 6.00328501 -6.84999998 -1.65551824
v 6.06182907 -6.84999998 -1.90861293
v 6.07663169 -6.84999998 -2.16796830
v 6.12546531 -6.84999998 -0.87269961
v 6.19553709 -6.84999998 -0.96631318
v 5.64402975 -6.84999998 -3.19408372
v 5.44559350 -6.84999998 -3.36207838
v 5.64229768 -6.84999998 -3.19239700
v 6.31260602 -6.84999998 -3.28433064
v 5.22297723 -6.84999998 -3.49596765
v 4.75424004 -6.84999998 -2.49770766
v 4.98088985 -6.84999998 -3.59019095
v 4.72633565 -6.84999998 -3.64202221
v 6.04726458 -6.84999998 -2.42608048
v 5.97457737 -6.84999998 -2.67548158
v 6.41496284 -6.84999998 -3.10343735
v 6.36378461 -6.84999998 -3.19388404
v 4.83205460 -6.84999998 -2.44291541
v 4.94206073 -6.84999998 -2.28905298
v 4.96873618 -6.84999998 -2.19769813
v 4.97441441 -6.84999998 -2.10269786
v 6.14884151 -6.84486653 -0.85128134
v 6.16241759 -6.83660411 -0.83884269
v 6.23641899 -6.83660253 -0.93752665
v 6.11289060 -6.78800360 -0.71482777
v 6.05685441 -6.78547078 -0.65366866
v 6.16349364 -6.78299132 -0.77005688
v 6.19726414 -6.77369970 -0.80691490
v 6.18946878 -6.80000109 -0.81405749
v 6.17070915 -6.82907269 -0.83124561
v 6.18747706 -6.80440270 -0.81588223
v 6.26634667 -6.79999997 -0.91645343
v 6.02016644 -6.83991496 -0.68728353
v 5.92935076 -6.84238800 -0.60735799
v 6.02476615 -6.83660281 -0.68306902
v 5.93724130 -6.83660253 -0.59867639
v 6.04031244 -6.82034583 -0.66882500
v 5.95117090 -6.82071072 -0.58335008
v 6.05176771 -6.80000043 -0.65832918
v 5.96185960 -6.79999997 -0.57158980
v 6.05453756 -6.79284425 -0.65579151
v 5.96575076 -6.78826838 -0.56730842
v 6.36514733 -6.79999997 -1.07064180
v 6.40924228 -6.79999997 -1.15050075
v 6.33349689 -6.83660253 -1.08902638
v 6.37682294 -6.83660253 -1.16749292
v 2.27893693 -7.64999996 -2.48869369
v 2.31672758 -7.64999996 -2.67499441
v 2.39837589 -7.64999996 -2.35466496
v 4.91369369 -7.64999996 -4.39606307
v 4.62897267 -7.64999996 -4.34906443
v 4.72490864 -7.64999996 -4.41833974
v 3.68374186 -7.64999996 -2.29656508
v 3.76959238 -7.64999996 -2.31964290
v 3.76182981 -7.64999996 -2.28534270
v 2.68365210 -7.64999996 -2.12293631
v 2.44577704 -7.64999996 -2.08163805
v 2.43233656 -7.64999996 -2.15905403
v 5.03620859 -7.64999996 -2.76572083
v 5.39919482 -7.64999996 -2.87564669
v 5.09596895 -7.64999996 -2.71562666
v 3.44682727 -7.64999996 -0.20709073
v 3.56939519 -7.64999996 -0.23584848
v 3.85130262 -7.64999996 -0.09726563
v 4.19472104 -7.64999996 -0.63381994
v 4.08050148 -7.64999996 0.03716035
v 5.23656923 -7.64999996 -0.02167185
v 5.40386457 -7.64999996 -0.08385291
v 5.31104742 -7.64999996 0.04543925
v 5.86824734 -7.64999996 -0.34803914
v 5.92231294 -7.64999996 -0.40870232
v 5.97455222 -7.64999996 -0.31927282
v 6.11880245 -7.64999996 -0.44307874
v 5.94778275 -7.64999996 -0.48586687
v 6.25233604 -7.64999996 -0.57837421
v 5.72073460 -7.64999996 -0.24756917
v 5.82057089 -7.64999996 -0.20780170
v 5.56560391 -7.64999996 -0.15931574
v 5.65791028 -7.64999996 -0.10942684
v 5.48768155 -7.64999996 -0.02482047
v 4.75494820 -7.64999996 0.16585051
v 4.88969358 -7.64999996 0.06131513
v 4.94342511 -7.64999996 0.14110173
v 5.06480634 -7.64999996 0.02682267
v 5.12921456 -7.64999996 0.10087287
v 3.81746194 -7.64999996 0.05522652
v 4.00000559 -7.64999996 0.10827242
v 4.18630631 -7.64999996 0.14606307
v 4.17870392 -7.64999996 0.05617051
v 4.37509136 -7.64999996 0.16833974
v 4.35571521 -7.64999996 0.07900076
v 4.56507125 -7.64999996 0.17495064
v 4.53399073 -7.64999996 0.08748958
v 4.71237043 -7.64999996 0.08158146
v 4.46999816 -7.64999996 -1.11112872
v 4.38880579 -7.64999996 -1.03333115
v 4.45546346 -7.64999996 -1.32626051
v 4.31942379 -7.64999996 -0.94483940
v 4.26324503 -7.64999996 -0.84742995
v 4.22139740 -7.64999996 -0.74305839
v 4.56137093 -7.64999996 -1.17667008
v 4.53325526 -7.64999996 -1.32085967
v 4.66108966 -7.64999996 -1.22863965
v 4.67146260 -7.64999996 -1.32990952
v 4.76715243 -7.64999996 -1.26599388
v 4.80606821 -7.64999996 -1.36253617
v 4.87742999 -7.64999996 -1.28798306
v 4.98970835 -7.64999996 -1.29416555
v 4.93308064 -7.64999996 -1.41777217
v 5.10173347 -7.64999996 -1.28441739
v 5.04873358 -7.64999996 -1.49397960
v 5.09339599 -7.64999996 -1.53200522
v 5.21125635 -7.64999996 -1.25893417
v 5.31607824 -7.64999996 -1.21822755
v 6.04366641 -7.64999996 -0.60860950
v 5.94045203 -7.64999996 -0.56679517
v 5.90153122 -7.64999996 -0.63812740
v 6.37424113 -7.64999996 -0.72423441
v 6.26258058 -7.64999996 -0.83389485
v 6.48368476 -7.64999996 -0.87966339
v 5.35427555 -7.64999996 -2.13292107
v 5.34099210 -7.64999996 -2.27078593
v 5.47604784 -7.64999996 -2.28644553
v 5.57801705 -7.64999996 -2.48626310
v 5.51993661 -7.64999996 -2.38997541
v 5.28189014 -7.64999996 -2.45855483
v 5.58201661 -7.64999996 -1.01436309
v 5.50333811 -7.64999996 -1.09470205
v 5.41409468 -7.64999996 -1.16311468
v 5.30425329 -7.64999996 -2.40432778
v 5.44723188 -7.64999996 -2.17775194
v 5.43406708 -7.64999996 -2.06607676
v 5.34370998 -7.64999996 -1.99482134
v 5.43681802 -7.64999996 -1.95366197
v 5.30960848 -7.64999996 -1.86058178
v 5.45542911 -7.64999996 -1.84276432
v 5.28043304 -7.64999996 -1.78826633
v 5.48952697 -7.64999996 -1.73561026
v 5.53842699 -7.64999996 -1.63435096
v 5.60114747 -7.64999996 -1.54101935
v 5.67642916 -7.64999996 -1.45748893
v 5.64912306 -7.64999996 -2.57337557
v 5.60797267 -7.64999996 -2.63063691
v 5.73182730 -7.64999996 -2.64956399
v 5.76276081 -7.64999996 -1.38543693
v 5.85840931 -7.64999996 -1.32630968
v 6.46125367 -7.64999996 -1.01033605
v 6.57991925 -7.64999996 -1.04359926
v 6.50967965 -7.64999996 -1.09785765
v 6.66228766 -7.64999996 -1.21492220
v 6.59043817 -7.64999996 -1.26944266
v 6.65620668 -7.64999996 -1.44731302
v 6.73022652 -7.64999996 -1.39246194
v 6.70650201 -7.64999996 -1.63016191
v 6.56980416 -7.64999996 -3.02819263
v 6.65017953 -7.64999996 -3.06268155
v 6.60911342 -7.64999996 -2.93457888
v 6.72043925 -7.64999996 -2.88604742
v 6.67087613 -7.64999996 -2.75527828
v 6.77587287 -7.64999996 -2.70421456
v 6.71705799 -7.64999996 -2.57134733
v 6.81610173 -7.64999996 -2.51842511
v 6.74731964 -7.64999996 -2.38413734
v 6.84085051 -7.64999996 -2.32994820
v 6.76143905 -7.64999996 -2.19502366
v 6.84995064 -7.64999996 -2.14007125
v 6.75931228 -7.64999996 -2.00539555
v 6.84333974 -7.64999996 -1.95009136
v 6.74095498 -7.64999996 -1.81664608
v 6.82106307 -7.64999996 -1.76130631
v 6.78327242 -7.64999996 -1.57500559
v 5.32207568 -7.64999996 -2.91343106
v 5.43022109 -7.64999996 -2.94424070
v 5.21066147 -7.64999996 -2.89821520
v 5.09821502 -7.64999996 -2.89889865
v 5.16677583 -7.64999996 -4.24984207
v 4.98255482 -7.64999996 -4.29485308
v 4.79515621 -7.64999996 -4.32392357
v 4.60595653 -7.64999996 -4.33683971
v 4.41634577 -7.64999996 -4.33350687
v 5.53292641 -7.64999996 -2.99002554
v 5.62812993 -7.64999996 -3.04986655
v 6.30713021 -7.64999996 -3.35478752
v 5.71392039 -7.64999996 -3.12256224
v 6.35572718 -7.64999996 -3.54955222
v 6.20071823 -7.64999996 -3.59826021
v 6.23192126 -7.64999996 -3.69380245
v 6.13244483 -7.64999996 -3.67136186
v 6.09662579 -7.64999996 -3.82733604
v 5.99421337 -7.64999996 -3.80119027
v 5.95076559 -7.64999996 -3.94924113
v 5.84537219 -7.64999996 -3.91870474
v 5.79533661 -7.64999996 -4.05868476
v 5.68701476 -7.64999996 -4.02304211
v 5.63140074 -7.64999996 -4.15491925
v 5.52030438 -7.64999996 -4.11343554
v 5.46007780 -7.64999996 -4.23728766
v 5.34646567 -7.64999996 -4.18922098
v 5.28253806 -7.64999996 -4.30522652
v 5.09999441 -7.64999996 -4.35827242
v 4.98699397 -7.64999996 -2.91546767
v 4.91907713 -7.64999996 -2.83963562
v 4.87923112 -7.64999996 -2.94758955
v 4.79100144 -7.64999996 -2.89235928
v 4.77708981 -7.64999996 -2.99461947
v 4.65577934 -7.64999996 -2.92232845
v 4.68262071 -7.64999996 -3.05561328
v 4.41631471 -7.64999996 -3.41108374
v 4.46321719 -7.64999996 -3.30888385
v 4.45893699 -7.64999996 -2.92414303
v 4.52409310 -7.64999996 -3.21433877
v 4.59772033 -7.64999996 -3.12934637
v 4.51742056 -7.64999996 -2.92865445
v 4.38432725 -7.64999996 -3.51888666
v 4.23291051 -7.64999996 -4.22974078
v 4.36789702 -7.64999996 -3.63012820
v 3.78895258 -7.64999996 -4.29543925
v 3.97078544 -7.64999996 -4.35087287
v 4.06354121 -7.64999996 -4.25089800
v 4.15657489 -7.64999996 -4.39110173
v 4.31516664 -7.64999996 -4.32504991
v 4.34505180 -7.64999996 -4.41585051
v 4.53492875 -7.64999996 -4.42495064
v 3.96093307 -7.64999996 -3.54021776
v 3.65894632 -7.64999996 -4.15018869
v 3.92338573 -7.64999996 -4.17615546
v 2.84766396 -7.64999996 -3.67162579
v 2.98119755 -7.64999996 -3.80692126
v 3.09621170 -7.64999996 -3.79289256
v 4.15699435 -7.64999996 -2.82676106
v 4.03105281 -7.64999996 -3.32712622
v 4.00356012 -7.64999996 -3.43616202
v 4.01878427 -7.64999996 -2.99226304
v 4.03874204 -7.64999996 -3.10292624
v 4.04285910 -7.64999996 -3.21529924
v 3.24437749 -7.64999996 -3.91125751
v 3.12544778 -7.64999996 -3.93072718
v 3.40213478 -7.64999996 -4.01649976
v 3.27942911 -7.64999996 -4.04219830
v 3.56832482 -7.64999996 -4.10784648
v 3.44208972 -7.64999996 -4.14057316
v 3.28555070 -7.64999996 -2.39527947
v 3.17313941 -7.64999996 -2.39817051
v 3.03884307 -7.64999996 -2.38924646
v 3.06226509 -7.64999996 -2.41691999
v 2.79741427 -7.64999996 -2.42394330
v 3.39724217 -7.64999996 -2.40830486
v 3.50597165 -7.64999996 -2.43698526
v 3.60955615 -7.64999996 -2.48074483
v 3.79406544 -7.64999996 -2.39974521
v 3.70591627 -7.64999996 -2.53870513
v 3.98338642 -7.64999996 -2.88553129
v 4.11806814 -7.64999996 -2.80349602
v 3.93325915 -7.64999996 -2.78487390
v 4.05064514 -7.64999996 -2.75552890
v 3.86940888 -7.64999996 -2.69231151
v 3.96860414 -7.64999996 -2.68078845
v 3.79311736 -7.64999996 -2.60970241
v 3.89763247 -7.64999996 -2.59546635
v 3.83908134 -7.64999996 -2.50118694
v 2.38506077 -7.64999996 -2.58151300
v 2.40560071 -7.64999996 -2.16289632
v 2.45028650 -7.64999996 -2.47383062
v 2.93505145 -7.64999996 -2.44783894
v 2.95872604 -7.64999996 -3.66227457
v 2.83293063 -7.64999996 -3.52036317
v 2.72575887 -7.64999996 -3.52576559
v 2.61631524 -7.64999996 -3.37033661
v 2.71974923 -7.64999996 -3.36820099
v 2.52008075 -7.64999996 -3.20640074
v 2.62001390 -7.64999996 -3.20690561
v 2.43771234 -7.64999996 -3.03507780
v 2.53445683 -7.64999996 -3.03766213
v 2.36977348 -7.64999996 -2.85753806
v 2.46370705 -7.64999996 -2.86171392
v 2.40828367 -7.64999996 -2.68035343
v 2.27271942 -7.64999996 -2.05159297
v 2.34858030 -7.64999996 -1.90337533
v 2.38821758 -7.64999996 -1.65376442
v 2.56215902 -7.64999996 -1.15347847
v 2.44982047 -7.64999996 -1.18731845
v 2.46016374 -7.64999996 -1.39839768
v 2.37956075 -7.64999996 -1.36395258
v 3.09535013 -7.64999996 -2.06376927
v 3.02201630 -7.64999996 -2.00209039
v 3.90398325 -7.64999996 -1.64585037
v 3.85513101 -7.64999996 -1.55494309
v 3.80014041 -7.64999996 -1.65302826
v 3.83135807 -7.64999996 -1.76378575
v 3.73183926 -7.64999996 -1.74235688
v 3.78004271 -7.64999996 -1.89243218
v 3.65159847 -7.64999996 -1.82113557
v 3.76114016 -7.64999996 -1.96808550
v 3.56102921 -7.64999996 -1.88778280
v 3.46194953 -7.64999996 -1.94096060
v 3.35634863 -7.64999996 -1.97960134
v 3.24634658 -7.64999996 -2.00292930
v 3.13415155 -7.64999996 -2.01047616
v 3.81263224 -7.64999996 -0.80028817
v 3.86472610 -7.64999996 -0.89994210
v 4.15394707 -7.64999996 -1.42495425
v 3.90221262 -7.64999996 -1.00595818
v 3.92433926 -7.64999996 -1.11620815
v 3.93066187 -7.64999996 -1.22847881
v 3.92105342 -7.64999996 -1.34051598
v 3.89570682 -7.64999996 -1.45007058
v 3.99576481 -7.64999996 -1.54212325
v 4.10398105 -7.64999996 -1.45568012
v 2.85001853 -7.64999996 -0.70886805
v 2.74427282 -7.64999996 -0.70044778
v 2.69273641 -7.64999996 -0.92252835
v 2.63280170 -7.64999996 -0.85442911
v 2.53442684 -7.64999996 -1.01708972
v 3.63992220 -7.64999996 -0.01271234
v 3.46859926 -7.64999996 -0.09508075
v 3.30466339 -7.64999996 -0.19131524
v 3.23530026 -7.64999996 -0.34541281
v 3.14923441 -7.64999996 -0.30075887
v 3.03174425 -7.64999996 -0.51556972
v 3.00337421 -7.64999996 -0.42266396
v 2.86807874 -7.64999996 -0.55619755
v 6.46719830 -7.64999996 -3.39557089
v 6.56557316 -7.64999996 -3.23291028
v 6.45374143 -7.64999996 -3.07697074
v 6.40222998 -7.64999996 -3.04978683
v 6.37930138 -7.64999996 -3.03768681
v 5.92518914 -7.64999996 -2.76330041
v 5.82446922 -7.64999996 -2.71329878
v 3.61231845 -7.64999996 -4.22517953
v 2.25666026 -7.64999996 -2.29990864
v 2.32412713 -7.64999996 -1.54578544
v 2.28389827 -7.64999996 -1.73157489
v 2.25914949 -7.64999996 -1.92005180
v 2.25004936 -7.64999996 -2.10992875
v 4.29330293 -6.94999999 -0.61703853
v 4.29330293 -7.55000013 -0.61703853
v 4.31661797 -6.94999999 -0.71251260
v 4.31661797 -7.55000013 -0.71251260
v 4.35319266 -6.94999999 -0.80373285
v 4.35319266 -7.55000013 -0.80373285
v 4.40229265 -6.94999999 -0.88886849
v 4.40229265 -7.55000013 -0.88886849
v 4.46293225 -6.94999999 -0.96620999
v 4.46293225 -7.55000013 -0.96620999
v 4.53389411 -6.94999999 -1.03420464
v 4.53389411 -7.55000013 -1.03420464
v 4.61375356 -6.94999999 -1.09148759
v 4.61375356 -7.55000013 -1.09148759
v 4.70090737 -6.94999999 -1.13690875
v 4.70090737 -7.55000013 -1.13690875
v 4.79360584 -6.94999999 -1.16955626
v 4.79360584 -7.55000013 -1.16955626
v 4.88998801 -6.94999999 -1.18877466
v 4.88998801 -7.55000013 -1.18877466
v 4.98811891 -6.94999999 -1.19417810
v 4.98811891 -7.55000013 -1.19417810
v 5.08602844 -6.94999999 -1.18565827
v 5.08602844 -7.55000013 -1.18565827
v 5.18175103 -6.94999999 -1.16338607
v 5.18175103 -7.55000013 -1.16338607
v 5.27336495 -6.94999999 -1.12780861
v 5.27336495 -7.55000013 -1.12780861
v 5.35903098 -6.94999999 -1.07964014
v 5.35903098 -7.55000013 -1.07964014
v 5.43702934 -6.94999999 -1.01984784
v 5.43702934 -7.55000013 -1.01984784
v 5.50579410 -6.94999999 -0.94963198
v 5.50579410 -7.55000013 -0.94963198
v 4.22750760 -7.37000002 -0.23052541
v 4.22750760 -7.34999996 -0.23052541
v 5.76916179 -7.34999996 -0.63951041
v 5.76916179 -7.37000002 -0.63951041
v 5.82530880 -7.37000002 -0.57339610
v 5.82530880 -7.55000013 -0.57339610
v 5.74578280 -6.87000004 -1.52953107
v 5.90269333 -6.87000004 -1.41600689
v 5.82123641 -7.55000013 -1.46655787
v 5.90483276 -7.55000013 -1.41488088
v 5.74578280 -7.55000013 -1.52953107
v 5.67998690 -7.55000013 -1.60253628
v 5.62516944 -6.87000004 -1.68410784
v 5.62516944 -7.55000013 -1.68410784
v 5.58243105 -7.55000013 -1.77260810
v 5.55262957 -6.87000004 -1.86626036
v 5.55262957 -7.55000013 -1.86626036
v 5.53636355 -7.55000013 -1.96318447
v 5.53395934 -6.87000004 -2.06143457
v 5.53395934 -7.55000013 -2.06143457
v 5.54546518 -7.55000013 -2.15903827
v 5.57065029 -6.87000004 -2.25403606
v 5.57065029 -7.55000013 -2.25403606
v 5.60900895 -7.55000013 -2.34452079
v 5.65977106 -6.87000004 -2.42867589
v 5.65977106 -7.55000013 -2.42867589
v 5.72191747 -7.55000013 -2.50481188
v 5.79420058 -6.87000004 -2.57140028
v 5.96319819 -7.55000013 -2.67080551
v 5.96319819 -6.87000004 -2.67080551
v 5.87516930 -7.55000013 -2.62710427
v 5.79420058 -7.55000013 -2.57140028
v 6.25209669 -7.37000002 -1.23286664
v 6.25209669 -7.34999996 -1.23286664
v 5.97457737 -6.87000004 -2.67548158
v 6.33952627 -7.37000002 -2.82545027
v 6.33952627 -7.34999996 -2.82545027
v 5.48584182 -6.87000004 -3.07824703
v 5.64229768 -6.87000004 -3.19239700
v 5.56904934 -7.55000013 -3.13054787
v 5.64402975 -7.55000013 -3.19408372
v 5.48584182 -7.55000013 -3.07824703
v 5.39607769 -7.55000013 -3.03823126
v 5.30155902 -6.87000004 -3.01130375
v 5.30155902 -7.55000013 -3.01130375
v 5.20418337 -7.55000013 -2.99800520
v 5.10590565 -6.87000004 -2.99860246
v 5.10590565 -7.55000013 -2.99860246
v 5.00869881 -7.55000013 -3.01308378
v 4.91451444 -6.87000004 -3.04115813
v 4.91451444 -7.55000013 -3.04115813
v 4.82524338 -7.55000013 -3.08226214
v 4.74267771 -6.87000004 -3.13557049
v 4.74267771 -7.55000013 -3.13557049
v 4.66847509 -7.55000013 -3.20001308
v 4.60412517 -6.87000004 -3.27429602
v 4.60412517 -7.55000013 -3.27429602
v 4.55091987 -7.55000013 -3.35692798
v 4.50992725 -6.87000004 -3.44625029
v 4.46761036 -7.55000013 -3.63769445
v 4.46761036 -6.87000004 -3.63769445
v 4.48197033 -7.55000013 -3.54046968
v 4.50992725 -7.55000013 -3.44625029
v 5.92444604 -7.37000002 -3.46810583
v 5.92444604 -7.34999996 -3.46810583
v 4.43682623 -7.34999996 -4.04339170
v 4.43682623 -7.37000002 -4.04339170
v 4.46667953 -6.87000004 -3.64996174
v 3.93259916 -6.87000004 -3.30960804
v 3.87238371 -6.87000004 -3.49368069
v 3.90857072 -7.55000013 -3.40490488
v 3.87131483 -7.55000013 -3.49584918
v 3.93259916 -7.55000013 -3.30960804
v 3.94291789 -7.55000013 -3.21187161
v 3.93931954 -6.87000004 -3.11365796
v 3.93931954 -7.55000013 -3.11365796
v 3.92187652 -7.55000013 -3.01693881
v 3.89093896 -6.87000004 -2.92365567
v 3.89093896 -7.55000013 -2.92365567
v 3.84712792 -7.55000013 -2.83568145
v 3.79132298 -6.87000004 -2.75478226
v 3.79132298 -7.55000013 -2.75478226
v 3.72464452 -7.55000013 -2.68258227
v 3.64843113 -6.87000004 -2.62053085
v 3.64843113 -7.55000013 -2.62053085
v 3.56421275 -7.55000013 -2.56987379
v 3.47368019 -6.87000004 -2.53162810
v 3.47368019 -7.55000013 -2.53162810
v 3.37865110 -7.55000013 -2.50656153
v 3.28103304 -6.87000004 -2.49517735
v 3.08588231 -7.55000013 -2.51409111
v 3.08588231 -6.87000004 -2.51409111
v 3.18278605 -7.55000013 -2.49770414
v 3.28103304 -7.55000013 -2.49517735
v 3.69735761 -7.37000002 -3.84721847
v 3.69735761 -7.34999996 -3.84721847
v 3.07392776 -6.87000004 -2.51699661
v 2.69052843 -7.37000002 -2.61018097
v 2.69052843 -7.34999996 -2.61018097
v 3.23258350 -6.87000004 -1.90388095
v 3.03891236 -6.87000004 -1.90349422
v 3.13452557 -7.55000013 -1.91047685
v 3.03651970 -7.55000013 -1.90314774
v 3.23258350 -7.55000013 -1.90388095
v 3.32872495 -7.55000013 -1.88349239
v 3.42101976 -6.87000004 -1.84972051
v 3.42101976 -7.55000013 -1.84972051
v 3.50761497 -7.55000013 -1.80324332
v 3.58677218 -6.87000004 -1.74499387
v 3.58677218 -7.55000013 -1.74499387
v 3.65690235 -7.55000013 -1.67614159
v 3.71659733 -6.87000004 -1.59806872
v 3.71659733 -7.55000013 -1.59806872
v 3.76465889 -7.55000013 -1.51234267
v 3.80012197 -6.87000004 -1.42068442
v 3.80012197 -7.55000013 -1.42068442
v 3.82227488 -7.55000013 -1.32493412
v 3.83067261 -6.87000004 -1.22701402
v 3.83067261 -7.55000013 -1.22701402
v 3.82514675 -7.55000013 -1.12888997
v 3.80580807 -6.87000004 -1.03253189
v 3.72751504 -7.55000013 -0.85277713
v 3.72751504 -6.87000004 -0.85277713
v 3.77304498 -7.55000013 -0.93987414
v 3.80580807 -7.55000013 -1.03253189
v 2.45978935 -7.37000002 -1.81860817
v 2.45978935 -7.55000013 -1.81860817
v 2.64859190 -7.37000002 -1.84628365
v 2.64859190 -7.34999996 -1.84628365
v 3.72105772 -6.87000004 -0.84230544
v 3.51395719 -7.37000002 -0.50646660
v 3.51395719 -7.34999996 -0.50646660
v 3.41378488 -7.37000002 -0.34402495
v 3.41378488 -7.55000013 -0.34402495
v 6.56003794 -5.86794504 -1.22531352
v 6.12097690 -5.86794504 -0.58171766
v 5.48529113 -5.86794504 -0.13128014
v 4.73254379 -5.86794504 0.06962216
v 3.95694910 -5.86794504 -0.00415591
v 3.25558111 -5.86794504 -0.34338047
v 2.71622343 -5.86794504 -0.90559356
v 2.41251336 -5.86794504 -2.65494275
v 2.73080496 -5.86794504 -3.36605513
v 3.27678816 -5.86794504 -3.92183622
v 3.98212750 -5.86794504 -4.25272395
v 4.75854215 -5.86794504 -4.31730447
v 5.50885554 -5.86794504 -4.10749463
v 6.13915780 -5.86794504 -3.64955429
v 6.82501895 -6.14999999 -1.36061243
v 6.84116809 -6.14999999 -1.41047321
v 6.82788202 -6.05968550 -1.41461671
v 6.66817659 -6.14999999 -0.99658182
v 6.74057743 -6.14999999 -1.14450471
v 6.72787437 -6.05968550 -1.15019053
v 6.45355610 -6.14999999 -0.66333169
v 6.60923561 -6.14999999 -0.89230014
v 6.59729419 -6.05968550 -0.89944841
v 6.18701121 -6.14999999 -0.36995185
v 6.26208028 -6.14999999 -0.44310184
v 6.25215201 -6.05968550 -0.45285502
v 5.52845029 -6.14999999 0.06649143
v 5.56929791 -6.14999999 0.04779363
v 5.56338709 -6.05968550 0.03519377
v 5.15439780 -6.14999999 0.19764996
v 5.30516040 -6.14999999 0.15309846
v 5.30078132 -6.05968550 0.13988821
v 4.76385897 -6.14999999 0.26545266
v 5.03042205 -6.14999999 0.22642391
v 5.02763614 -6.05968550 0.21278823
v 4.36748661 -6.14999999 0.26805012
v 4.46466458 -6.14999999 0.27348234
v 4.46515941 -6.05968550 0.25957378
v 3.60035356 -6.14999999 0.07912612
v 3.63484938 -6.14999999 0.09367077
v 3.64015624 -6.05968550 0.08080474
v 3.25051825 -6.14999999 -0.10724214
v 3.37886354 -6.14999999 -0.03013981
v 3.38565484 -6.05968550 -0.04228761
v 2.93612955 -6.14999999 -0.34864934
v 3.13931778 -6.14999999 -0.18335728
v 3.14749824 -6.05968550 -0.19461678
v 2.66576288 -6.14999999 -0.63851073
v 2.72271996 -6.14999999 -0.56902848
v 2.73331599 -6.05968550 -0.57805141
v 2.28519374 -6.14999999 -1.33086357
v 2.29527997 -6.14999999 -1.30266359
v 2.30835462 -6.05968550 -1.30743224
v 2.18537217 -6.14999999 -1.71446942
v 2.21384512 -6.14999999 -1.57510836
v 2.22739233 -6.05968550 -1.57829716
v 2.15005139 -6.14999999 -2.10927348
v 2.16520494 -6.14999999 -1.85527245
v 2.17903415 -6.05968550 -1.85683656
v 2.18019532 -6.14999999 -2.50450650
v 2.16856943 -6.14999999 -2.42297370
v 2.18237908 -6.05968550 -2.42124584
v 2.43182341 -6.14999999 -3.25341818
v 2.42135515 -6.14999999 -3.23354451
v 2.43369890 -6.05968550 -3.22711615
v 2.64644390 -6.14999999 -3.58666831
v 2.56740684 -6.14999999 -3.47752532
v 2.57890364 -6.05968550 -3.46968218
v 3.22418688 -6.14999999 -4.12555465
v 3.16242976 -6.14999999 -4.08322585
v 3.17047611 -6.05968550 -4.07187042
v 3.94560220 -6.14999999 -4.44764996
v 3.93112185 -6.14999999 -4.44383358
v 3.93471066 -6.05968550 -4.43038696
v 4.33614103 -6.14999999 -4.51545266
v 4.20972153 -6.14999999 -4.50075471
v 4.21169475 -6.05968550 -4.48697803
v 5.12390723 -6.14999999 -4.45537118
v 5.05825793 -6.14999999 -4.47056478
v 5.05531062 -6.05968550 -4.45696300
v 5.84948175 -6.14999999 -4.14275786
v 5.84318051 -6.14999999 -4.14680222
v 5.83568141 -6.05968550 -4.13507798
v 6.16387045 -6.14999999 -3.90135066
v 6.07322873 -6.14999999 -3.97966278
v 6.06439561 -6.05968550 -3.96890787
v 6.65320670 -6.14999999 -3.28108023
v 6.62370110 -6.14999999 -3.33320673
v 6.61167605 -6.05968550 -3.32620049
v 6.75204461 -6.14999999 -3.07946324
v 6.28189417 -6.14999999 -3.78648804
v 5.33210784 -6.14999999 -4.39398827
v 4.49309793 -6.14999999 -4.52432537
v 3.40377456 -6.14999999 -4.23359366
v 2.74128998 -6.14999999 -3.70251963
v 2.22052680 -6.14999999 -2.70254167
v 2.55151587 -6.14999999 -0.79606788
v 4.18158742 -6.14999999 0.24655482
v 6.05113981 -6.14999999 -0.25241373
v 6.94994861 -6.14999999 -2.14072652
v 6.93268785 -6.05968550 -2.25223494
v 6.94490028 -6.14999999 -1.96862704
v 6.93101259 -6.05968550 -1.96953382
v 6.91980468 -6.14999999 -1.74549350
v 6.89591290 -6.05968550 -1.68901512
v 6.90959589 -6.14999999 -1.68647214
v 6.94658542 -6.14999999 -2.25297706
v 6.91462783 -6.14999999 -2.53553058
v 6.90091560 -6.05968550 -2.53314998
v 6.84947604 -6.14999999 -2.81232114
v 6.83614155 -6.05968550 -2.80833540
v 6.81480626 -6.14999999 -2.91913643
v 6.73927506 -6.05968550 -3.07392839
v 6.70215161 -5.97775053 -3.05783737
v 6.79737544 -5.97775053 -2.79674812
v 6.86105126 -5.97775053 -2.52622895
v 6.89228466 -5.97775053 -2.25007743
v 6.89063771 -5.97775053 -1.97217006
v 6.85613332 -5.97775053 -1.69640810
v 6.64411848 -5.91179730 -3.03268328
v 6.73677465 -5.91179730 -2.77863431
v 6.79873312 -5.91179730 -2.51540975
v 6.82912460 -5.91179730 -2.24670469
v 6.82752198 -5.91179730 -1.97629114
v 6.79394817 -5.91179730 -1.70796521
v 6.57056002 -5.86794504 -3.00079982
v 6.65996158 -5.86794504 -2.75567465
v 6.46624761 -6.14999999 -3.56998963
v 6.43423712 -6.14999999 -3.61148927
v 6.45513562 -6.05968550 -3.56161033
v 6.27185116 -6.05968550 -3.77685314
v 6.42283028 -5.97775053 -3.53724973
v 6.24265363 -5.97775053 -3.74884287
v 6.37232913 -5.91179730 -3.49916823
v 6.19701100 -5.91179730 -3.70505562
v 6.30831746 -5.86794504 -3.45089890
v 5.59497876 -6.14999999 -4.28555997
v 5.58891902 -6.05968550 -4.27303107
v 5.81388017 -5.97775053 -4.10099307
v 5.57130221 -5.97775053 -4.23660704
v 5.77979935 -5.91179730 -4.04771005
v 5.54376254 -5.91179730 -4.17966710
v 5.73660126 -5.86794504 -3.98017278
v 4.77727314 -6.14999999 -4.51421475
v 4.77595520 -6.05968550 -4.50035983
v 5.04674208 -5.97775053 -4.41741997
v 4.77212367 -5.97775053 -4.46008106
v 5.03334729 -5.91179730 -4.35560455
v 4.76613410 -5.91179730 -4.39711509
v 5.01636919 -5.86794504 -4.27725201
v 4.21743139 -5.97775053 -4.44692595
v 3.94514408 -5.97775053 -4.39129470
v 4.22639917 -5.91179730 -4.38431481
v 3.96145414 -5.91179730 -4.33018373
v 4.23776600 -5.86794504 -4.30495383
v 3.57154971 -6.14999999 -4.31649143
v 3.41042140 -6.05968550 -4.22136614
v 3.42974523 -5.97775053 -4.18581830
v 3.19386870 -5.97775053 -4.03885746
v 3.45995305 -5.91179730 -4.13024796
v 3.23043698 -5.91179730 -3.98724990
v 3.49824224 -5.86794504 -4.05981129
v 2.91298879 -6.14999999 -3.88004815
v 2.75177853 -6.05968550 -3.69337162
v 2.78227096 -5.97775053 -3.66677686
v 2.61232769 -5.97775053 -3.44688033
v 2.82993792 -5.91179730 -3.62520262
v 2.66457712 -5.91179730 -3.41123573
v 2.89035710 -5.86794504 -3.57250625
v 2.30518477 -6.14999999 -2.97400213
v 2.27498105 -6.14999999 -2.88938757
v 2.31820224 -6.05968550 -2.96907879
v 2.23403526 -6.05968550 -2.69919250
v 2.35604672 -5.97775053 -2.95476585
v 2.27330690 -5.97775053 -2.68945594
v 2.41520693 -5.91179730 -2.93239101
v 2.33469820 -5.91179730 -2.67423533
v 2.49019405 -5.86794504 -2.90403043
v 2.15004226 -6.14999999 -2.13922292
v 2.16395920 -6.05968550 -2.13914044
v 2.20441921 -5.97775053 -2.13890067
v 2.21923860 -5.97775053 -1.86138384
v 2.26766812 -5.91179730 -2.13852580
v 2.28208797 -5.91179730 -1.86849230
v 2.34783785 -5.86794504 -2.13805072
v 2.36175107 -5.86794504 -1.87750242
v 2.26677665 -5.97775053 -1.58756760
v 2.34636636 -5.97775053 -1.32129572
v 2.32834434 -5.91179730 -1.60205953
v 2.40578754 -5.91179730 -1.34296778
v 2.40638247 -5.86794504 -1.62042843
v 2.48110564 -5.86794504 -1.37043756
v 2.40836581 -6.14999999 -1.04176260
v 2.42078500 -6.05968550 -1.04804419
v 2.45688995 -5.97775053 -1.06630612
v 2.51333108 -5.91179730 -1.09485395
v 2.58487137 -5.86794504 -1.13103900
v 2.44679330 -6.14999999 -0.96891977
v 2.56310487 -6.05968550 -0.80377429
v 2.59679640 -5.97775053 -0.82617819
v 2.64946492 -5.91179730 -0.86120113
v 2.91957511 -6.14999999 -0.36383139
v 2.92902989 -6.05968550 -0.37404427
v 2.95651639 -5.97775053 -0.40373521
v 3.17128049 -5.97775053 -0.22735035
v 2.99948500 -5.91179730 -0.45014934
v 3.20845777 -5.91179730 -0.27852056
v 3.05394865 -5.86794504 -0.50898043
v 3.90368197 -6.14999999 0.18633569
v 3.90742985 -6.05968550 0.17293265
v 3.65558444 -5.97775053 0.04340096
v 3.91832599 -5.97775053 0.13396668
v 3.67970252 -5.91179730 -0.01507027
v 3.93535909 -5.91179730 0.07305315
v 3.71027272 -5.86794504 -0.08918399
v 4.74893965 -6.14999999 0.26674049
v 4.74778602 -6.05968550 0.25287105
v 4.46659811 -5.97775053 0.21913873
v 4.74443219 -5.97775053 0.21254963
v 4.46884702 -5.91179730 0.15592857
v 4.73918931 -5.91179730 0.14951734
v 4.47169762 -5.86794504 0.07580838
v 5.28805032 -5.97775053 0.10148233
v 5.54620316 -5.97775053 -0.00143664
v 5.26814870 -5.91179730 0.04144499
v 5.51934037 -5.91179730 -0.05869900
v 5.24292285 -5.86794504 -0.03465393
v 5.87581312 -6.14999999 -0.12444535
v 6.04243493 -6.05968550 -0.26327258
v 6.01712773 -5.97775053 -0.29484199
v 6.22328864 -5.97775053 -0.48120951
v 5.97756635 -5.91179730 -0.34419259
v 6.17816811 -5.91179730 -0.52553450
v 5.92742143 -5.86794504 -0.40674543
v 6.56257840 -5.97775053 -0.92023013
v 6.69094426 -5.97775053 -1.16672029
v 6.50830893 -5.91179730 -0.95271689
v 6.63321344 -5.91179730 -1.19256049
v 6.43952088 -5.86794504 -0.99389476
v 6.71974393 -5.86794504 -2.50169616
v 6.74906773 -5.86794504 -2.24242965
v 6.74752137 -5.86794504 -1.98151473
v 6.71512680 -5.86794504 -1.72261403
v 6.45279447 -5.86794504 -3.23363075
v 6.52206549 -5.91179730 -3.27399036
v 6.57671625 -5.97775053 -3.30583172
v 5.94768980 -5.86794504 -3.82680835
v 5.99857261 -5.91179730 -3.88876272
v 6.03871606 -5.97775053 -3.93764076
v 5.26764947 -5.86794504 -4.20698652
v 5.29377544 -5.91179730 -4.28278109
v 5.31438729 -5.97775053 -4.34257852
v 5.32757258 -6.05968550 -4.38083054
v 5.49964644 -6.14999999 -4.32912612
v 4.49778760 -5.86794504 -4.32658175
v 4.49588679 -5.91179730 -4.40673025
v 4.49438720 -5.97775053 -4.46996258
v 4.49342789 -6.05968550 -4.51041197
v 4.73251339 -6.14999999 -4.51805012
v 3.73446066 -5.86794504 -4.17062563
v 3.70477103 -5.91179730 -4.24509661
v 3.68134770 -5.97775053 -4.30384965
v 3.66636384 -6.05968550 -4.34143355
v 3.66120990 -6.14999999 -4.35436124
v 3.07320720 -5.86794504 -3.75863758
v 3.01944464 -5.91179730 -3.81810998
v 2.97702933 -5.97775053 -3.86503020
v 2.94989636 -6.05968550 -3.89504486
v 2.94056339 -6.14999999 -3.90536913
v 2.59679006 -5.86794504 -3.14218232
v 2.52568358 -5.91179730 -3.17921273
v 2.46958481 -5.97775053 -3.20842757
v 2.36483803 -5.86794504 -2.39841580
v 2.28528744 -5.91179730 -2.40836952
v 2.22252672 -5.97775053 -2.41622236
v 2.87331762 -5.86794504 -0.69726592
v 2.81227799 -5.91179730 -0.64528927
v 2.76412154 -5.97775053 -0.60428295
v 3.47538423 -5.86794504 -0.20279044
v 3.43626300 -5.91179730 -0.13281254
v 3.40539860 -5.97775053 -0.07760411
v 4.21195065 -5.86794504 0.05110002
v 4.19964399 -5.91179730 0.13032092
v 4.18993477 -5.97775053 0.19282123
v 4.18372380 -6.05968550 0.23280254
v 3.97609277 -6.14999999 0.20537118
v 4.99082748 -5.86794504 0.03262835
v 5.00687575 -5.91179730 0.11117647
v 5.01953689 -5.97775053 0.17314649
v 5.71453003 -5.86794504 -0.25589371
v 5.75692467 -5.91179730 -0.18784886
v 5.79037154 -5.97775053 -0.13416575
v 5.81176728 -6.05968550 -0.09982509
v 5.81912678 -6.14999999 -0.08801257
v 6.29247921 -5.86794504 -0.77835422
v 6.35591401 -5.91179730 -0.72932977
v 6.40596030 -5.97775053 -0.69065231
v 6.43797470 -6.05968550 -0.66591052
v 6.44898666 -6.14999999 -0.65740019
v 6.65233852 -5.86794504 -1.46936190
v 6.72887405 -5.91179730 -1.44549341
v 6.78925598 -5.97775053 -1.42666267
v 5.08943540 -7.51999995 -1.67528975
v 5.08943540 -7.15000002 -1.67528975
v 6.04163809 -7.15000002 -0.75001631
v 5.05752815 -7.54871472 -1.70629465
v 5.05752815 -7.51999995 -1.70629465
v 5.05860480 -7.55000013 -1.70524845
v 6.04163809 -7.55000013 -0.75001631
v 5.13706375 -7.51999995 -1.78814507
v 5.13706375 -7.55000013 -1.78814507
v 5.15588815 -7.51999995 -1.76985299
v 6.12117378 -7.55000013 -0.83186671
v 5.15588815 -7.15000002 -1.76985299
v 6.12117378 -7.15000002 -0.83186671
v 4.28899482 -7.51999995 -1.47299834
v 4.28899482 -7.15000002 -1.47299834
v 3.70325437 -7.15000002 -0.28147453
v 4.30862235 -7.54871472 -1.51292498
v 4.30862235 -7.51999995 -1.51292498
v 4.30796007 -7.55000013 -1.51157773
v 3.70325437 -7.55000013 -0.28147453
v 4.41104459 -7.51999995 -1.46257531
v 4.41104459 -7.55000013 -1.46257531
v 4.39946487 -7.51999995 -1.43901964
v 3.80567657 -7.55000013 -0.23112481
v 4.39946487 -7.15000002 -1.43901964
v 3.80567657 -7.15000002 -0.23112481
v 5.14439461 -7.51999995 -2.49906543
v 5.14439461 -7.15000002 -2.49906543
v 6.31862888 -7.15000002 -3.11873888
v 5.10504725 -7.54871472 -2.47830087
v 5.10504725 -7.51999995 -2.47830087
v 5.10637504 -7.55000013 -2.47900153
v 6.31862888 -7.55000013 -3.11873888
v 5.05178077 -7.51999995 -2.57923689
v 5.05178077 -7.55000013 -2.57923689
v 5.07499464 -7.51999995 -2.59148742
v 6.26536226 -7.55000013 -3.21967488
v 5.07499464 -7.15000002 -2.59148742
v 6.26536226 -7.15000002 -3.21967488
v 4.37792066 -7.51999995 -2.80589543
v 4.37792066 -7.15000002 -2.80589543
v 4.15143454 -7.15000002 -4.11414818
v 4.38550996 -7.54871472 -2.76205733
v 4.38550996 -7.51999995 -2.76205733
v 4.38525387 -7.55000013 -2.76353655
v 4.15143454 -7.55000013 -4.11414818
v 4.03897841 -7.55000013 -4.09467963
v 4.03897841 -7.15000002 -4.09467963
v 4.27305382 -7.51999995 -2.74258878
v 4.26857634 -7.51999995 -2.76845212
v 4.26857634 -7.15000002 -2.76845212
v 2.53504412 -7.15000002 -2.36062228
v 2.53504412 -7.55000013 -2.36062228
v 3.89329228 -7.54871472 -2.16542220
v 3.89329228 -7.51999995 -2.16542220
v 3.84925455 -7.51999995 -2.17175107
v 3.84925455 -7.15000002 -2.17175107
v 3.87705709 -7.51999995 -2.05245396
v 3.87705709 -7.55000013 -2.05245396
v 3.85107598 -7.51999995 -2.05618783
v 2.51880893 -7.55000013 -2.24765405
v 3.85107598 -7.15000002 -2.05618783
v 2.51880893 -7.15000002 -2.24765405
v 2.15005139 -7.55000013 -2.10927348
v 2.15694988 -7.55000013 -2.30751339
v 2.18019532 -7.55000013 -2.50450650
v 2.21962882 -7.55000013 -2.69890723
v 2.27498105 -7.55000013 -2.88938757
v 2.34587388 -7.55000013 -3.07464644
v 2.43182341 -7.55000013 -3.25341818
v 2.53224214 -7.55000013 -3.42448175
v 2.64644390 -7.55000013 -3.58666831
v 2.77364934 -7.55000013 -3.73887045
v 2.91298879 -7.55000013 -3.88004815
v 3.06351073 -7.55000013 -4.00923712
v 3.22418688 -7.55000013 -4.12555465
v 3.39391977 -7.55000013 -4.22820670
v 3.57154971 -7.55000013 -4.31649143
v 3.75586357 -7.55000013 -4.38980626
v 3.94560220 -7.55000013 -4.44764996
v 4.13946942 -7.55000013 -4.48962783
v 4.33614103 -7.55000013 -4.51545266
v 4.53427348 -7.55000013 -4.52494861
v 4.73251339 -7.55000013 -4.51805012
v 4.92950650 -7.55000013 -4.49480468
v 5.12390723 -7.55000013 -4.45537118
v 5.31438757 -7.55000013 -4.40001895
v 5.49964644 -7.55000013 -4.32912612
v 5.67841818 -7.55000013 -4.24317659
v 5.84948175 -7.55000013 -4.14275786
v 6.01166831 -7.55000013 -4.02855610
v 6.16387045 -7.55000013 -3.90135066
v 6.30504815 -7.55000013 -3.76201121
v 6.43423712 -7.55000013 -3.61148927
v 6.55055465 -7.55000013 -3.45081312
v 6.65320670 -7.55000013 -3.28108023
v 6.74149143 -7.55000013 -3.10345029
v 6.81480626 -7.55000013 -2.91913643
v 6.87264996 -7.55000013 -2.72939780
v 6.91462783 -7.55000013 -2.53553058
v 6.94045266 -7.55000013 -2.33885897
v 6.94994861 -7.55000013 -2.14072652
v 6.94305012 -7.55000013 -1.94248661
v 6.91980468 -7.55000013 -1.74549350
v 6.88037118 -7.55000013 -1.55109277
v 6.82501895 -7.55000013 -1.36061243
v 6.75412612 -7.55000013 -1.17535356
v 6.66817659 -7.55000013 -0.99658182
v 6.56775786 -7.55000013 -0.82551825
v 6.45355610 -7.55000013 -0.66333169
v 6.32635066 -7.55000013 -0.51112955
v 6.18701121 -7.55000013 -0.36995185
v 6.03648927 -7.55000013 -0.24076288
v 5.87581312 -7.55000013 -0.12444535
v 5.70608023 -7.55000013 -0.02179330
v 5.52845029 -7.55000013 0.06649143
v 5.34413643 -7.55000013 0.13980626
v 5.15439780 -7.55000013 0.19764996
v 4.96053058 -7.55000013 0.23962783
v 4.76385897 -7.55000013 0.26545266
v 4.56572652 -7.55000013 0.27494861
v 4.36748661 -7.55000013 0.26805012
v 4.17049350 -7.55000013 0.24480468
v 3.97609277 -7.55000013 0.20537118
v 3.78561243 -7.55000013 0.15001895
v 3.60035356 -7.55000013 0.07912612
v 3.42158182 -7.55000013 -0.00682341
v 3.25051825 -7.55000013 -0.10724214
v 3.08833169 -7.55000013 -0.22144390
v 2.93612955 -7.55000013 -0.34864934
v 2.79495185 -7.55000013 -0.48798879
v 2.66576288 -7.55000013 -0.63851073
v 2.54944535 -7.55000013 -0.79918688
v 2.44679330 -7.55000013 -0.96891977
v 2.35850857 -7.55000013 -1.14654971
v 2.28519374 -7.55000013 -1.33086357
v 2.22735004 -7.55000013 -1.52060220
v 2.18537217 -7.55000013 -1.71446942
v 2.15954734 -7.55000013 -1.91114103
v 3.12655037 -7.55000013 -0.56402336
v 3.12655037 -7.37000002 -0.56402336
v 3.29472041 -7.55000013 -0.42584424
v 3.10036456 -7.55000013 -0.58831086
v 2.92685227 -7.55000013 -0.77287264
v 2.88106790 -7.37000002 -0.82980783
v 2.68453816 -7.55000013 -1.13358244
v 2.68453816 -7.37000002 -1.13358244
v 2.77667856 -7.55000013 -0.97687624
v 2.88106790 -7.55000013 -0.82980783
v 2.65200296 -7.55000013 -1.19738809
v 2.55461754 -7.55000013 -1.43123779
v 2.54272548 -7.37000002 -1.46643694
v 2.54272548 -7.55000013 -1.46643694
v 2.48592319 -7.55000013 -1.67506279
v 4.86043594 -7.51999995 -1.58499393
v 4.96679088 -7.51999995 -1.66211522
v 5.00379307 -7.61889993 -1.55084033
v 4.12720204 -7.51999995 -1.66759549
v 4.23254119 -7.51999995 -1.58909245
v 4.14417148 -7.61889993 -1.51599206
v 5.16125793 -7.60000005 -2.49281610
v 5.18475519 -7.61889993 -2.48924345
v 5.23628802 -7.61889993 -2.37915777
v 3.90884220 -7.54229008 -2.23414233
v 3.84121565 -7.60000005 -2.04406980
v 3.87688293 -7.56560165 -2.05124187
v 3.93842235 -7.51999995 -2.00689088
v 3.87705411 -7.56533194 -2.05243314
v 3.92725333 -7.51999995 -2.13778901
v 3.89150139 -7.54969466 -2.15296052
v 3.93944764 -7.51999995 -2.24829959
v 4.31992409 -7.54969503 -1.50736917
v 4.35200243 -7.51999995 -1.53442912
v 4.25056920 -7.61889993 -1.45722113
v 4.27167881 -7.60000005 -1.46814215
v 4.40794278 -7.60000005 -1.42589721
v 4.41214354 -7.56560165 -1.46203509
v 4.48027154 -7.51999995 -1.50603720
v 4.41106679 -7.56533287 -1.46256436
v 4.34000110 -7.55195144 -1.49749953
v 5.06630442 -7.54969503 -1.71532638
v 5.05460501 -7.51999995 -1.75982774
v 5.09256623 -7.61889993 -1.63386937
v 5.08870301 -7.60000005 -1.65732058
v 5.17098815 -7.60000005 -1.77386089
v 5.13791712 -7.56560165 -1.78902329
v 5.11997193 -7.51999995 -1.87378493
v 5.13708093 -7.56533287 -1.78816279
v 5.08718318 -7.55286711 -1.73681274
v 5.04908650 -7.51999995 -2.49767904
v 5.09917140 -7.54969466 -2.48943525
v 5.11615057 -7.51999995 -2.38471234
v 5.07584903 -7.60000005 -2.60708688
v 5.05120922 -7.56560165 -2.58031988
v 4.95982068 -7.51999995 -2.59406718
v 5.05177095 -7.56533194 -2.57925547
v 5.08164265 -7.55386046 -2.52265090
v 4.47102119 -7.51999995 -2.74285062
v 4.38907520 -7.60000005 -2.82000227
v 4.25135510 -7.58657354 -2.75773394
v 4.37189470 -7.54980139 -2.75970020
v 4.34319109 -7.51999995 -2.71254329
v 4.24202993 -7.51999995 -2.66641614
v 4.04570652 -7.61889993 -1.59464583
v 3.96219538 -7.61889993 -1.68902620
v 4.01779897 -7.55000013 -1.73560006
v 4.89856154 -7.61889993 -1.48149997
v 4.78299409 -7.61889993 -1.43124124
v 4.75588220 -7.55000013 -1.49851556
v 3.82406101 -7.61889993 -2.03226369
v 3.83143872 -7.61889993 -1.98622999
v 3.84942298 -7.61889993 -1.91338870
v 3.97679727 -7.51999995 -1.88124683
v 3.89611432 -7.61889993 -1.79633449
v 4.04067095 -7.51999995 -1.76644605
v 4.01076842 -7.55000013 -1.74539550
v 3.98313925 -7.55000013 -1.78804440
v 3.98758301 -7.55646519 -1.76664135
v 3.99985104 -7.55646519 -1.74807841
v 4.61164249 -7.51999995 -1.50517968
v 4.66051770 -7.61889993 -1.40155458
v 4.53476411 -7.61889993 -1.39332020
v 4.41386999 -7.61889993 -1.40593390
v 4.74027130 -7.51999995 -1.53189476
v 4.75144205 -7.55000013 -1.49707378
v 4.69529419 -7.55000013 -1.48175832
v 4.71702291 -7.55646519 -1.47937078
v 4.73846835 -7.55646519 -1.48530204
v 5.19180600 -7.61889993 -1.77332903
v 5.24116070 -7.61889993 -1.88440834
v 5.26668853 -7.61889993 -1.97686161
v 5.15998374 -7.51999995 -1.99891731
v 5.27218934 -7.61889993 -2.00655164
v 5.21662878 -7.55646519 -2.10656652
v 5.28180292 -7.61889993 -2.13220732
v 5.21564279 -7.55646519 -2.08433782
v 5.20665753 -7.55000013 -2.06441038
v 5.20879915 -7.55000013 -2.09577761
v 5.17286058 -7.51999995 -2.12965848
v 5.20944321 -7.55000013 -2.12721126
v 5.15802959 -7.51999995 -2.26019241
v 5.26971635 -7.61889993 -2.25764925
v 4.76310730 -7.61889993 -2.82512338
v 4.76928498 -7.61889993 -2.82321314
v 4.77353092 -7.55646519 -2.75330541
v 5.08278795 -7.61889993 -2.62672149
v 4.99239666 -7.61889993 -2.70798595
v 4.90520978 -7.61889993 -2.76485423
v 4.85232405 -7.51999995 -2.66958901
v 4.88581986 -7.61889993 -2.77524029
v 4.79436698 -7.55646519 -2.74549860
v 4.81054250 -7.55000013 -2.73079521
v 4.78137226 -7.55000013 -2.74252498
v 4.73137862 -7.51999995 -2.72088491
v 4.75167611 -7.55000013 -2.75285107
v 4.64624763 -7.61889993 -2.85048180
v 4.60236463 -7.51999995 -2.74567299
v 4.39973402 -7.61889993 -2.84124545
v 4.52035627 -7.61889993 -2.85623779
v 4.61152480 -7.61889993 -2.85424769
v 4.69327875 -7.51999995 -2.14987508
v 4.66164550 -7.51999995 -2.21818183
v 4.22379393 -7.51999995 -2.48783769
v 4.40672125 -7.51999995 -2.10012492
v 4.43835450 -7.51999995 -2.03181817
v 4.68652057 -7.51999995 -2.07490308
v 4.52512492 -7.51999995 -2.26827875
v 4.60009692 -7.51999995 -2.26152057
v 4.10879515 -7.51999995 -2.32663525
v 4.18764495 -7.51999995 -2.39200548
v 4.45681817 -7.51999995 -2.23664550
v 4.49990308 -7.51999995 -1.98847943
v 4.57487508 -7.51999995 -1.98172125
v 4.41347943 -7.51999995 -2.17509692
v 4.64318183 -7.51999995 -2.01335450
v 4.28009543 -6.89999999 -0.61928684
v 4.26442895 -6.87928933 -0.62195377
v 4.24401199 -6.86339743 -0.62542928
v 4.27852974 -6.87000004 -0.72473080
v 4.30386083 -6.89999999 -0.71660483
v 4.34114193 -6.89999999 -0.80958724
v 4.31721362 -6.87000004 -0.82121173
v 4.39119034 -6.89999999 -0.89636713
v 4.36914511 -6.87000004 -0.91125683
v 4.45300122 -6.89999999 -0.97520247
v 4.43328167 -6.87000004 -0.99305844
v 4.52533367 -6.89999999 -1.04451056
v 4.50833575 -6.87000004 -1.06497423
v 4.60673562 -6.89999999 -1.10289983
v 4.59280051 -6.87000004 -1.12556059
v 4.69557280 -6.89999999 -1.14919839
v 4.68498027 -6.87000004 -1.17360118
v 4.79006176 -6.89999999 -1.18247650
v 4.78302450 -6.87000004 -1.20813127
v 4.88830556 -6.89999999 -1.20206603
v 4.88496479 -6.87000004 -1.22845804
v 4.98833181 -6.89999999 -1.20757388
v 4.98875468 -6.87000004 -1.23417310
v 5.08813248 -6.89999999 -1.19888948
v 5.09231044 -6.87000004 -1.22516200
v 5.18570398 -6.89999999 -1.17618700
v 5.19355317 -6.87000004 -1.20160522
v 5.27908746 -6.89999999 -1.13992242
v 5.29045029 -6.87000004 -1.16397615
v 5.36640817 -6.89999999 -1.09082365
v 5.38105648 -6.87000004 -1.11302992
v 5.44591304 -6.89999999 -1.02987641
v 5.46355285 -6.87000004 -1.04978948
v 5.51600596 -6.89999999 -0.95830427
v 5.53628309 -6.87000004 -0.97552443
v 4.22654618 -6.85512421 -0.63240889
v 4.25436960 -6.87000004 -0.62664978
v 4.24456035 -6.86339650 -0.62861859
v 4.15329784 -7.62734535 -0.01276785
v 4.13759001 -7.63675804 -0.00186598
v 4.24401199 -7.63660251 -0.62542928
v 4.11839252 -7.64438967 0.01136067
v 4.08102577 -7.64999903 0.03680608
v 4.15756525 -7.62415203 -0.01574194
v 4.28009543 -7.60000005 -0.61928684
v 4.18057113 -7.59918812 -0.03187021
v 4.19145035 -7.57621779 -0.03955269
v 5.54390531 -7.63660251 -0.98199758
v 5.47018368 -7.63660251 -1.05727490
v 5.51600596 -7.60000005 -0.95830427
v 5.44591304 -7.60000005 -1.02987641
v 5.36640817 -7.60000005 -1.09082365
v 5.27908746 -7.60000005 -1.13992242
v 5.18570398 -7.60000005 -1.17618700
v 5.08813248 -7.60000005 -1.19888948
v 4.98833181 -7.60000005 -1.20757388
v 4.88830556 -7.60000005 -1.20206603
v 4.79006176 -7.60000005 -1.18247650
v 4.69557280 -7.60000005 -1.14919839
v 4.60673562 -7.60000005 -1.10289983
v 4.52533367 -7.60000005 -1.04451056
v 4.45300122 -7.60000005 -0.97520247
v 4.39119034 -7.60000005 -0.89636713
v 4.34114193 -7.60000005 -0.80958724
v 4.30386083 -7.60000005 -0.71660483
v 5.38656283 -7.63660251 -1.12137746
v 5.29472162 -7.63660251 -1.17301808
v 5.19650374 -7.63660251 -1.21116012
v 5.09388097 -7.63660251 -1.23503783
v 4.98891366 -7.63660251 -1.24417187
v 4.88370899 -7.63660251 -1.23837877
v 4.78037915 -7.63660251 -1.21777512
v 4.68099852 -7.63660251 -1.18277415
v 4.58756224 -7.63660251 -1.13407883
v 4.50194615 -7.63660251 -1.07266668
v 4.42586902 -7.63660251 -0.99977057
v 4.36085819 -7.63660251 -0.91685390
v 4.30821883 -7.63660251 -0.82558140
v 4.26900769 -7.63660251 -0.72778545
v 5.54445526 -6.87000004 -0.96590154
v 5.88804874 -6.85228424 -0.62117323
v 5.57010220 -6.85340769 -0.98840760
v 5.87921673 -6.85559211 -0.61346653
v 5.55202365 -6.86339743 -0.97243802
v 5.86426677 -6.86476610 -0.60121322
v 5.85637633 -6.87174348 -0.59512097
v 5.84404841 -6.88680706 -0.58608491
v 5.82743771 -6.92770581 -0.57477735
v 5.83035396 -6.91593715 -0.57669382
v 5.83654763 -6.89999924 -0.58085991
v 5.83820436 -6.89668700 -0.58199668
v 4.19323703 -7.60000005 -0.02920365
v 4.18709463 -7.63660251 0.00687970
v 4.36331985 -7.60000005 -0.00726727
v 4.53461739 -7.60000005 0.00088925
v 4.70601502 -7.60000005 -0.00478753
v 4.87639746 -7.60000005 -0.02426056
v 5.04465601 -7.60000005 -0.05740316
v 5.20969587 -7.60000005 -0.10399947
v 5.37044303 -7.60000005 -0.16374660
v 5.52585162 -7.60000005 -0.23625565
v 5.67491027 -7.60000005 -0.32105462
v 5.81664909 -7.60000005 -0.41759198
v 4.36010576 -7.63660251 0.02919400
v 4.53435253 -7.63660251 0.03749097
v 4.70870115 -7.63660251 0.03171640
v 4.88201703 -7.63660251 0.01190810
v 5.05317254 -7.63660251 -0.02180503
v 5.22105386 -7.63660251 -0.06920376
v 5.38456868 -7.63660251 -0.12997945
v 5.54265287 -7.63660251 -0.20373704
v 5.69427796 -7.63660251 -0.28999613
v 5.83845703 -7.63660251 -0.38819553
v 5.83552075 -7.60000005 -0.58206848
v 5.86342011 -7.63660251 -0.60576170
v 5.83901703 -6.91427670 -0.46122277
v 5.84692806 -6.92642124 -0.53926518
v 5.84990177 -6.91391665 -0.54139996
v 5.92356063 -6.79730621 -0.52992774
v 5.91766545 -6.82793108 -0.55336354
v 5.89842545 -6.81233990 -0.50867086
v 5.89771941 -6.84009266 -0.53642148
v 5.88538926 -6.82375642 -0.49793010
v 5.88740222 -6.84931537 -0.52791180
v 5.86535120 -6.84830088 -0.48178637
v 5.87160550 -6.86906890 -0.51520744
v 5.85599681 -6.86431953 -0.47439819
v 5.86426472 -6.88190300 -0.50943529
v 5.84358293 -6.89537215 -0.46473628
v 5.85456518 -6.90666733 -0.50193404
v 5.85101135 -6.92168556 -0.49922129
v 5.85799869 -6.89330210 -0.54732894
v 5.86410779 -6.88262142 -0.55191608
v 5.87720219 -6.86618618 -0.56208128
v 5.88571662 -6.85851423 -0.56893907
v 5.90209430 -6.84839792 -0.58269787
v 5.91189796 -6.84477153 -0.59130497
v 5.92967058 -6.82357221 -0.56388171
v 5.93867004 -6.79190268 -0.54306386
v 5.87900625 -7.63660251 -0.43369287
v 5.84730357 -7.60000005 -0.45198721
v 5.83569966 -7.55000013 -0.45868361
v 5.84843447 -7.55000013 -0.49726607
v 5.86174466 -7.60000005 -0.49573870
v 5.84476925 -7.55000013 -0.53772999
v 5.85758826 -7.60000005 -0.54162403
v 5.89810861 -7.63660251 -0.49156637
v 5.89261064 -7.63660251 -0.55226253
v 5.84476925 -7.37000002 -0.53772999
v 5.84843447 -7.37000002 -0.49726607
v 5.83569966 -7.37000002 -0.45868361
v 6.89065168 -7.63660251 -2.33440360
v 6.89994944 -7.63660251 -2.14039888
v 6.89319493 -7.63660251 -1.94628899
v 6.87043378 -7.63660251 -1.75339987
v 6.83182189 -7.63660251 -1.56304913
v 6.77762283 -7.63660251 -1.37653712
v 6.70820689 -7.63660251 -1.19513793
v 6.62404811 -7.63660251 -1.02009054
v 6.52572131 -7.63660251 -0.85259087
v 6.41389852 -7.63660251 -0.69378296
v 6.28934344 -7.63660251 -0.54475179
v 6.15290692 -7.63660251 -0.40651520
v 6.00552084 -7.63660251 -0.28001776
v 5.84819205 -7.63660251 -0.16612352
v 5.68199530 -7.63660251 -0.06561016
v 5.50806587 -7.63660251 0.02083538
v 5.32759190 -7.63660251 0.09262266
v 5.14180623 -7.63660251 0.14926160
v 4.95197782 -7.63660251 0.19036459
v 4.75940360 -7.63660251 0.21565168
v 4.56539888 -7.63660251 0.22494944
v 4.37128899 -7.63660251 0.21819493
v 4.17839987 -7.63660251 0.19543378
v 3.98804913 -7.63660251 0.15682189
v 3.80153712 -7.63660251 0.10262283
v 3.62013793 -7.63660251 0.03320689
v 3.44509054 -7.63660251 -0.05095189
v 3.27759087 -7.63660251 -0.14927869
v 3.11878296 -7.63660251 -0.26110148
v 2.96975179 -7.63660251 -0.38565656
v 2.83151520 -7.63660251 -0.52209308
v 2.70501776 -7.63660251 -0.66947916
v 2.59112352 -7.63660251 -0.82680795
v 2.49061016 -7.63660251 -0.99300470
v 2.40416462 -7.63660251 -1.16693413
v 2.33237734 -7.63660251 -1.34740810
v 2.27573840 -7.63660251 -1.53319377
v 2.23463541 -7.63660251 -1.72302218
v 2.20934832 -7.63660251 -1.91559640
v 2.20005056 -7.63660251 -2.10960112
v 2.20680507 -7.63660251 -2.30371101
v 2.22956622 -7.63660251 -2.49660013
v 2.26817811 -7.63660251 -2.68695087
v 2.32237717 -7.63660251 -2.87346288
v 2.39179311 -7.63660251 -3.05486207
v 2.47595189 -7.63660251 -3.22990946
v 2.57427869 -7.63660251 -3.39740913
v 2.68610148 -7.63660251 -3.55621704
v 2.81065656 -7.63660251 -3.70524821
v 2.94709308 -7.63660251 -3.84348480
v 3.09447916 -7.63660251 -3.96998224
v 3.25180795 -7.63660251 -4.08387648
v 3.41800470 -7.63660251 -4.18438984
v 3.59193413 -7.63660251 -4.27083538
v 3.77240810 -7.63660251 -4.34262266
v 3.95819377 -7.63660251 -4.39926160
v 4.14802218 -7.63660251 -4.44036459
v 4.34059640 -7.63660251 -4.46565168
v 4.53460112 -7.63660251 -4.47494944
v 4.72871101 -7.63660251 -4.46819493
v 4.92160013 -7.63660251 -4.44543378
v 5.11195087 -7.63660251 -4.40682189
v 5.29846288 -7.63660251 -4.35262283
v 5.47986207 -7.63660251 -4.28320689
v 5.65490946 -7.63660251 -4.19904811
v 5.82240913 -7.63660251 -4.10072131
v 5.98121704 -7.63660251 -3.98889852
v 6.13024821 -7.63660251 -3.86434344
v 6.26848480 -7.63660251 -3.72790692
v 6.39498224 -7.63660251 -3.58052084
v 6.50887648 -7.63660251 -3.42319205
v 6.60938984 -7.63660251 -3.25699530
v 6.69583538 -7.63660251 -3.08306587
v 6.76762266 -7.63660251 -2.90259190
v 6.82426160 -7.63660251 -2.71680623
v 6.86536459 -7.63660251 -2.52697782
v 6.92710867 -7.60000005 -2.33766516
v 6.93655135 -7.60000005 -2.14063877
v 6.92969141 -7.60000005 -1.94350549
v 6.90657599 -7.60000005 -1.74761205
v 6.86736265 -7.60000005 -1.55429647
v 6.81231925 -7.60000005 -1.36487943
v 6.74182204 -7.60000005 -1.18065483
v 6.65635234 -7.60000005 -1.00288100
v 6.55649425 -7.60000005 -0.83277233
v 6.44292990 -7.60000005 -0.67149100
v 6.31643468 -7.60000005 -0.52013861
v 6.17787307 -7.60000005 -0.37974899
v 6.02819128 -7.60000005 -0.25128124
v 5.86841209 -7.60000005 -0.13561284
v 5.69962673 -7.60000005 -0.03353392
v 5.52298827 -7.60000005 0.05425794
v 5.33970334 -7.60000005 0.12716355
v 5.15102390 -7.60000005 0.18468446
v 4.95823887 -7.60000005 0.22642782
v 4.76266516 -7.60000005 0.25210867
v 4.56563877 -7.60000005 0.26155135
v 4.36850549 -7.60000005 0.25469141
v 4.17261205 -7.60000005 0.23157599
v 3.97929647 -7.60000005 0.19236265
v 3.78987943 -7.60000005 0.13731925
v 3.60565483 -7.60000005 0.06682204
v 3.42788100 -7.60000005 -0.01864766
v 3.25777233 -7.60000005 -0.11850575
v 3.09649100 -7.60000005 -0.23207010
v 2.94513861 -7.60000005 -0.35856532
v 2.80474899 -7.60000005 -0.49712693
v 2.67628124 -7.60000005 -0.64680872
v 2.56061284 -7.60000005 -0.80658791
v 2.45853392 -7.60000005 -0.97537327
v 2.37074206 -7.60000005 -1.15201173
v 2.29783645 -7.60000005 -1.33529666
v 2.24031554 -7.60000005 -1.52397610
v 2.19857218 -7.60000005 -1.71676113
v 2.17289133 -7.60000005 -1.91233484
v 2.16344865 -7.60000005 -2.10936123
v 2.17030859 -7.60000005 -2.30649451
v 2.19342401 -7.60000005 -2.50238795
v 2.23263735 -7.60000005 -2.69570353
v 2.28768075 -7.60000005 -2.88512057
v 2.35817796 -7.60000005 -3.06934517
v 2.44364766 -7.60000005 -3.24711900
v 2.54350575 -7.60000005 -3.41722767
v 2.65707010 -7.60000005 -3.57850900
v 2.78356532 -7.60000005 -3.72986139
v 2.92212693 -7.60000005 -3.87025101
v 3.07180872 -7.60000005 -3.99871876
v 3.23158791 -7.60000005 -4.11438716
v 3.40037327 -7.60000005 -4.21646608
v 3.57701173 -7.60000005 -4.30425794
v 3.76029666 -7.60000005 -4.37716355
v 3.94897610 -7.60000005 -4.43468446
v 4.14176113 -7.60000005 -4.47642782
v 4.33733484 -7.60000005 -4.50210867
v 4.53436123 -7.60000005 -4.51155135
v 4.73149451 -7.60000005 -4.50469141
v 4.92738795 -7.60000005 -4.48157599
v 5.12070353 -7.60000005 -4.44236265
v 5.31012057 -7.60000005 -4.38731925
v 5.49434517 -7.60000005 -4.31682204
v 5.67211900 -7.60000005 -4.23135234
v 5.84222767 -7.60000005 -4.13149425
v 6.00350900 -7.60000005 -4.01792990
v 6.15486139 -7.60000005 -3.89143468
v 6.29525101 -7.60000005 -3.75287307
v 6.42371876 -7.60000005 -3.60319128
v 6.53938716 -7.60000005 -3.44341209
v 6.64146608 -7.60000005 -3.27462673
v 6.72925794 -7.60000005 -3.09798827
v 6.80216355 -7.60000005 -2.91470334
v 6.85968446 -7.60000005 -2.72602390
v 6.90142782 -7.60000005 -2.53323887
v 6.43626442 -7.62734535 -1.09499821
v 6.44178754 -7.63677071 -1.07666075
v 5.88162104 -7.63660251 -1.37059528
v 6.46107877 -7.64999903 -1.01094421
v 6.44842563 -7.64438967 -1.05434514
v 5.89861320 -7.60000005 -1.40301457
v 6.42258031 -7.57621779 -1.13956041
v 6.42652484 -7.59918812 -1.12683957
v 6.43475456 -7.62415203 -1.09997576
v 5.94419362 -7.63660251 -2.71705298
v 5.84981935 -7.63660251 -2.67020150
v 5.95810590 -7.60000005 -2.68319745
v 5.86837688 -7.60000005 -2.63865211
v 5.78584410 -7.60000005 -2.58187221
v 5.71216484 -7.60000005 -2.51399768
v 5.64881805 -7.60000005 -2.43639110
v 5.59707545 -7.60000005 -2.35061054
v 5.55797592 -7.60000005 -2.25837811
v 5.53230448 -7.60000005 -2.16154542
v 5.52057624 -7.60000005 -2.06205651
v 5.52302692 -7.60000005 -1.96190867
v 5.53960726 -7.60000005 -1.86311249
v 5.56998420 -7.60000005 -1.76765134
v 5.61354821 -7.60000005 -1.67744171
v 5.66942440 -7.60000005 -1.59429459
v 5.73649118 -7.60000005 -1.51987930
v 5.81340212 -7.60000005 -1.45568976
v 5.76301394 -7.63660251 -2.61048211
v 5.68552026 -7.63660251 -2.53909372
v 5.61889401 -7.63660251 -2.45746949
v 5.56447282 -7.63660251 -2.36724808
v 5.52334916 -7.63660251 -2.27024080
v 5.49634853 -7.63660251 -2.16839510
v 5.48401317 -7.63660251 -2.06375567
v 5.48659079 -7.63660251 -1.95842320
v 5.50402943 -7.63660251 -1.85451235
v 5.53597892 -7.63660251 -1.75410917
v 5.58179812 -7.63660251 -1.65922942
v 5.64056719 -7.63660251 -1.57177781
v 5.71110602 -7.63660251 -1.49351007
v 5.79199856 -7.63660251 -1.42599738
v 6.54361220 -7.63677350 -2.96369370
v 6.55238489 -7.64430418 -2.98506755
v 6.56956946 -7.64999903 -3.02760515
v 6.52316855 -7.59895231 -2.91475409
v 6.53406521 -7.62391715 -2.94068966
v 6.56258082 -7.63660251 -2.91628379
v 6.53614057 -7.62722149 -2.94566767
v 6.43297480 -7.60000005 -1.13806164
v 6.46539414 -7.63660251 -1.12106947
v 6.51057223 -7.60000005 -1.30293060
v 6.57376638 -7.60000005 -1.47383872
v 6.62209326 -7.60000005 -1.64953063
v 6.65519768 -7.60000005 -1.82871553
v 6.67283656 -7.60000005 -2.01007704
v 6.67487988 -7.60000005 -2.19228282
v 6.66131331 -7.60000005 -2.37399433
v 6.63223592 -7.60000005 -2.55387661
v 6.58786176 -7.60000005 -2.73060820
v 6.52851639 -7.60000005 -2.90289072
v 6.51798313 -7.57609840 -2.90253053
v 6.62294766 -7.63660251 -2.74103496
v 6.66808588 -7.63660251 -2.56126060
v 6.69766394 -7.63660251 -2.37828128
v 6.71146410 -7.63660251 -2.19344124
v 6.70938557 -7.63660251 -2.00809843
v 6.69144289 -7.63660251 -1.82361435
v 6.65776869 -7.63660251 -1.64134449
v 6.60860976 -7.63660251 -1.46262765
v 6.54432764 -7.63660251 -1.28877701
v 6.11247765 -7.62734535 -3.60065613
v 6.13159360 -7.63675804 -3.60024308
v 5.67897512 -7.63660251 -3.15832298
v 6.15489902 -7.64438967 -3.59965952
v 6.20008586 -7.64999903 -3.59828172
v 6.10727714 -7.62415203 -3.60075811
v 5.65339327 -7.60000005 -3.18450162
v 6.07918510 -7.59918812 -3.60123271
v 6.06586784 -7.57621779 -3.60141208
v 4.41775368 -7.63660251 -3.63391142
v 4.43314880 -7.63660251 -3.52967808
v 4.45425131 -7.60000005 -3.63668071
v 4.46888865 -7.60000005 -3.53757802
v 4.49738554 -7.60000005 -3.44153892
v 4.53916992 -7.60000005 -3.35049133
v 4.59340292 -7.60000005 -3.26626317
v 4.65899574 -7.60000005 -3.19054553
v 4.73463159 -7.60000005 -3.12485823
v 4.81879201 -7.60000005 -3.07052031
v 4.90978740 -7.60000005 -3.02862234
v 5.00579094 -7.60000005 -3.00000559
v 5.10487528 -7.60000005 -2.98524469
v 5.20505127 -7.60000005 -2.98463579
v 5.30430777 -7.60000005 -2.99819128
v 5.40065197 -7.60000005 -3.02563885
v 5.49214994 -7.60000005 -3.06642761
v 5.57696465 -7.60000005 -3.11973856
v 4.46312097 -7.63660251 -3.42866702
v 4.50706852 -7.63660251 -3.33290601
v 4.56410914 -7.63660251 -3.24431739
v 4.63309772 -7.63660251 -3.16467972
v 4.71264921 -7.63660251 -3.09559188
v 4.80116662 -7.63660251 -3.03844081
v 4.89687277 -7.63660251 -2.99437388
v 4.99784644 -7.63660251 -2.96427568
v 5.10206032 -7.63660251 -2.94875053
v 5.20742242 -7.63660251 -2.94811016
v 5.31181735 -7.63660251 -2.96236740
v 5.41314939 -7.63660251 -2.99123598
v 5.50938416 -7.63660251 -3.03413633
v 5.59858968 -7.63660251 -3.09020716
v 4.36841495 -7.63677350 -4.28020859
v 4.35079804 -7.64430418 -4.29515669
v 4.31565274 -7.64999903 -4.32464515
v 4.40864179 -7.59895231 -4.24564218
v 4.38734296 -7.62391715 -4.26402015
v 4.41936613 -7.63660251 -4.28359823
v 4.38324987 -7.62722149 -4.26753217
v 6.07050545 -7.60000005 -3.61083474
v 6.09668409 -7.63660251 -3.63641649
v 5.93768470 -7.60000005 -3.73558158
v 5.79466941 -7.60000005 -3.84849643
v 5.64251030 -7.60000005 -3.94874977
v 5.48232514 -7.60000005 -4.03560510
v 5.31529076 -7.60000005 -4.10842428
v 5.14263422 -7.60000005 -4.16667236
v 4.96562398 -7.60000005 -4.20992167
v 4.78556040 -7.60000005 -4.23785427
v 4.60376631 -7.60000005 -4.25026489
v 4.42157723 -7.60000005 -4.24706244
v 4.41866473 -7.57609840 -4.23693338
v 4.60469198 -7.63660251 -4.28685562
v 4.78961605 -7.63660251 -4.27423136
v 4.97277984 -7.63660251 -4.24581801
v 5.15283765 -7.63660251 -4.20182401
v 5.32846684 -7.63660251 -4.14257289
v 5.49837705 -7.63660251 -4.06850015
v 5.66132013 -7.63660251 -3.98014931
v 5.81609905 -7.63660251 -3.87816986
v 5.96157657 -7.63660251 -3.76331115
v 3.62939984 -7.62734535 -4.06700743
v 3.63569977 -7.63675804 -4.08506019
v 3.91612393 -7.63660251 -3.51803347
v 3.64345647 -7.64438967 -4.10704443
v 3.65873035 -7.64999903 -4.14959395
v 3.62769561 -7.62415203 -4.06209303
v 3.88332140 -7.60000005 -3.50179344
v 3.61856334 -7.59918812 -4.03552258
v 3.61427758 -7.57621779 -4.02291247
v 3.07407360 -7.63660251 -2.46550555
v 3.17796264 -7.63660251 -2.44793731
v 3.08271823 -7.60000005 -2.50107267
v 3.18149356 -7.60000005 -2.48436912
v 3.28163830 -7.60000005 -2.48179359
v 3.38114183 -7.60000005 -2.49339761
v 3.47800637 -7.60000005 -2.51894833
v 3.57028758 -7.60000005 -2.55793280
v 3.65613261 -7.60000005 -2.60956830
v 3.73381814 -7.60000005 -2.67281823
v 3.80178452 -7.60000005 -2.74641279
v 3.85866733 -7.60000005 -2.82887451
v 3.90332453 -7.60000005 -2.91854793
v 3.93485972 -7.60000005 -3.01363289
v 3.95263964 -7.60000005 -3.11222028
v 3.95630747 -7.60000005 -3.21233084
v 3.94578949 -7.60000005 -3.31195498
v 3.92129687 -7.60000005 -3.40909257
v 3.28329187 -7.63660251 -2.44522838
v 3.38794663 -7.63660251 -2.45743317
v 3.48982587 -7.63660251 -2.48430669
v 3.58688440 -7.63660251 -2.52530936
v 3.67717361 -7.63660251 -2.57961799
v 3.75888096 -7.63660251 -2.64614236
v 3.83036593 -7.63660251 -2.72354691
v 3.89019358 -7.63660251 -2.81027767
v 3.93716269 -7.63660251 -2.90459355
v 3.97033039 -7.63660251 -3.00460092
v 3.98903079 -7.63660251 -3.10829205
v 3.99288847 -7.63660251 -3.21358543
v 3.98182599 -7.63660251 -3.31836713
v 3.95606542 -7.63660251 -3.42053350
v 2.44416213 -7.63677350 -2.61829842
v 2.42450153 -7.64430418 -2.60616297
v 2.38559591 -7.64999903 -2.58185028
v 2.48946724 -7.59895231 -2.64587484
v 2.46540708 -7.62391715 -2.63129750
v 2.45668301 -7.63660251 -2.66780339
v 2.46080225 -7.62722149 -2.62849003
v 3.60674914 -7.60000005 -4.03023490
v 3.59050920 -7.63660251 -4.06303739
v 3.44706401 -7.60000005 -3.94246352
v 3.29548148 -7.60000005 -3.84134052
v 3.15311523 -7.60000005 -3.72760852
v 3.02101104 -7.60000005 -3.60210331
v 2.90013933 -7.60000005 -3.46574651
v 2.79138824 -7.60000005 -3.31954013
v 2.69555664 -7.60000005 -3.16455818
v 2.61334842 -7.60000005 -3.00193911
v 2.54536765 -7.60000005 -2.83287780
v 2.49211388 -7.60000005 -2.65861598
v 2.50084726 -7.57609840 -2.65271606
v 2.51085376 -7.63660251 -2.84506532
v 2.58000502 -7.63660251 -3.01703743
v 2.66362848 -7.63660251 -3.18245625
v 2.76111001 -7.63660251 -3.34010662
v 2.87173344 -7.63660251 -3.48883036
v 2.99468618 -7.63660251 -3.62753475
v 3.12906494 -7.63660251 -3.75520082
v 3.27388234 -7.63660251 -3.87089101
v 3.42807472 -7.63660251 -3.97375503
v 2.41856007 -7.62734535 -1.84957050
v 2.40331320 -7.63677071 -1.86115936
v 3.02926795 -7.63660251 -1.95261907
v 2.34907931 -7.64999903 -1.90298618
v 2.38482626 -7.64438967 -1.87531137
v 3.03457659 -7.60000005 -1.91640353
v 2.45582377 -7.57621779 -1.82156230
v 2.44515529 -7.59918812 -1.82953503
v 2.42270743 -7.62415203 -1.84643108
v 3.77007369 -7.63660251 -0.82653265
v 3.81888552 -7.63660251 -0.91990808
v 3.73891862 -7.60000005 -0.84574490
v 3.78532791 -7.60000005 -0.93452425
v 3.81872384 -7.60000005 -1.02897163
v 3.83843603 -7.60000005 -1.12719096
v 3.84406862 -7.60000005 -1.22721025
v 3.83550869 -7.60000005 -1.32702168
v 3.81292798 -7.60000005 -1.42462144
v 3.77677982 -7.60000005 -1.51805005
v 3.72779006 -7.60000005 -1.60543195
v 3.66694201 -7.60000005 -1.68501276
v 3.59545732 -7.60000005 -1.75519490
v 3.51477116 -7.60000005 -1.81456946
v 3.42650330 -7.60000005 -1.86194435
v 3.33242584 -7.60000005 -1.89636855
v 3.23442742 -7.60000005 -1.91715090
v 3.13447546 -7.60000005 -1.92387423
v 3.85401035 -7.63660251 -1.01924499
v 3.87474298 -7.63660251 -1.12254906
v 3.88066727 -7.63660251 -1.22774642
v 3.87166417 -7.63660251 -1.33272500
v 3.84791447 -7.63660251 -1.43537747
v 3.80989499 -7.63660251 -1.53364290
v 3.75836892 -7.63660251 -1.62554851
v 3.69437076 -7.63660251 -1.70924922
v 3.61918537 -7.63660251 -1.78306471
v 3.53432204 -7.63660251 -1.84551305
v 3.44148464 -7.63660251 -1.89534056
v 3.34253684 -7.63660251 -1.93154687
v 3.23946504 -7.63660251 -1.95340512
v 3.13433856 -7.63660251 -1.96047651
v 3.44667192 -7.64999903 -0.20770391
v 3.43557168 -7.64430418 -0.25221834
v 3.42430780 -7.62391715 -0.29888896
v 3.42555484 -7.62722149 -0.29364189
v 3.25803934 -7.64238808 -0.37619264
v 3.43010565 -7.63677350 -0.27466675
v 3.41488924 -7.57609840 -0.33921299
v 3.29019735 -7.58826836 -0.41972192
v 3.41787897 -7.59895231 -0.32627618
v 2.45730588 -7.62071080 -1.66882461
v 2.42560795 -7.64238808 -1.66191494
v 2.54742773 -7.58826836 -1.42873798
v 2.47848583 -7.58826836 -1.67344154
v 2.64516389 -7.58826836 -1.19404567
v 2.77028894 -7.58826836 -0.97273921
v 2.92100357 -7.58826836 -0.76800061
v 3.09514105 -7.58826836 -0.58277377
v 3.27731669 -7.62071080 -0.40228644
v 3.08026615 -7.62071080 -0.56700546
v 2.90434835 -7.62071080 -0.75412623
v 2.75209257 -7.62071080 -0.96095807
v 2.62568807 -7.62071080 -1.18452727
v 2.52695279 -7.62071080 -1.42161914
v 3.05800401 -7.64238808 -0.54340658
v 2.87942151 -7.64238808 -0.73336156
v 2.72485958 -7.64238808 -0.94332628
v 2.59654066 -7.64238808 -1.17028195
v 2.49630967 -7.64238808 -1.41096504
v 6.04170728 -7.57588196 -0.74519792
v 6.12599207 -7.57588196 -0.83193581
v 6.04190985 -7.60000005 -0.73107125
v 6.14011856 -7.60000005 -0.83213847
v 6.19187718 -7.63660251 -0.83288082
v 6.04265220 -7.63660251 -0.67931290
v 5.09334928 -7.63670813 -1.60151294
v 5.09340516 -7.64999903 -1.53263814
v 5.09348367 -7.64988373 -1.53864103
v 5.09352521 -7.64141503 -1.58840378
v 5.09346356 -7.63964961 -1.59371712
v 5.21983164 -7.63671520 -1.77770865
v 5.19920876 -7.62467488 -1.77445375
v 5.27979270 -7.64999866 -1.78814731
v 5.23618320 -7.64311302 -1.78041393
v 4.45515241 -7.64999866 -1.32683271
v 4.43432142 -7.64311302 -1.36591804
v 4.53407621 -7.64189671 -1.36028470
v 4.42666566 -7.63668503 -1.38069175
v 4.43021111 -7.63997334 -1.37382068
v 5.02428194 -7.64189671 -1.52491687
v 4.91429917 -7.64189671 -1.45244578
v 4.79351382 -7.64189671 -1.39991788
v 4.66550760 -7.64189671 -1.36889082
v 5.27236676 -7.64189671 -1.87354556
v 5.28129102 -7.64999903 -2.45875914
v 5.26727410 -7.64189671 -2.39063304
v 5.23378416 -7.64312252 -2.47437612
v 5.22829187 -7.64141503 -2.47610584
v 5.18916892 -7.62211300 -2.48795871
v 5.21584880 -7.63674165 -2.47996529
v 5.30479634 -7.64189671 -2.00120367
v 5.31484401 -7.64189671 -2.13253273
v 5.30221169 -7.64189671 -2.26363840
v 3.80723122 -7.57588196 -0.22656375
v 3.81178926 -7.60000005 -0.21319108
v 3.82848959 -7.63660251 -0.16419531
v 6.38618516 -7.63660251 -3.09785481
v 6.33673044 -7.60000005 -3.11314294
v 6.32323259 -7.57588196 -3.11731564
v 3.69869312 -7.57588196 -0.27991978
v 3.68532063 -7.60000005 -0.27536170
v 3.63632468 -7.63660251 -0.25866141
v 6.28624642 -7.63660251 -3.28723125
v 6.26678551 -7.57588196 -3.22427878
v 6.27095802 -7.60000005 -3.23777653
v 4.22003842 -7.63670813 -1.44647772
v 4.15455182 -7.64999903 -1.42514107
v 4.16028513 -7.64988373 -1.42692139
v 4.20762519 -7.64141503 -1.44225943
v 4.21265939 -7.63964961 -1.44396003
v 5.09588430 -7.64999866 -2.71498088
v 5.08400584 -7.62467488 -2.63410949
v 5.08728302 -7.63671520 -2.65472883
v 5.08976313 -7.64311302 -2.67111606
v 3.80400834 -7.63668503 -2.01229402
v 3.79856918 -7.63997334 -2.00679882
v 3.79232350 -7.64311302 -2.00044763
v 3.81779177 -7.64189671 -1.90383440
v 3.76158822 -7.64999866 -1.96855815
v 4.12584823 -7.64189671 -1.48849522
v 3.86659126 -7.64189671 -1.78149517
v 3.93565586 -7.64189671 -1.66934191
v 4.02293759 -7.64189671 -1.57070023
v 5.01237097 -7.64189671 -2.73430792
v 4.45855754 -7.64999903 -2.92363630
v 4.41816656 -7.63674165 -2.86795015
v 4.42568221 -7.64141503 -2.87859154
v 4.51901785 -7.64189671 -2.88925332
v 4.42902449 -7.64312252 -2.88328051
v 4.40231982 -7.62211300 -2.84504618
v 4.90098223 -7.64189671 -2.80459880
v 4.77918573 -7.64189671 -2.85473762
v 4.65059325 -7.64189671 -2.88323748
v 2.46220501 -7.63660251 -2.20527518
v 2.50364197 -7.60000005 -2.23629868
v 2.51495158 -7.57588196 -2.24476600
v 4.19217253 -7.63660251 -4.17194439
v 4.16235023 -7.60000005 -4.12963459
v 4.15421077 -7.57588196 -4.11808693
v 2.53215609 -7.57588196 -2.36447977
v 2.52368888 -7.60000005 -2.37578934
v 2.49266541 -7.63660251 -2.41722646
v 4.03503966 -7.57588196 -4.09745590
v 4.02349192 -7.60000005 -4.10559529
v 3.98118207 -7.63660251 -4.13541754
v 3.79707133 -7.63660214 -2.22976352
v 3.76219442 -7.64999903 -2.28482526
v 3.79790249 -7.63973474 -2.23557269
v 3.79487551 -7.64141503 -2.23963932
v 3.76565931 -7.64988373 -2.27992270
v 3.79206594 -7.57590953 -2.18341982
v 3.79289999 -7.60000005 -2.19338515
v 3.79449497 -7.62069683 -2.20919703
v 4.25519408 -7.57593728 -2.82568999
v 4.24576995 -7.60000005 -2.82164987
v 4.23069880 -7.62082516 -2.81487221
v 4.21140015 -7.63660251 -2.80560788
v 4.20592190 -7.63973474 -2.80285489
v 4.15758230 -7.64999866 -2.82648096
v 4.19740875 -7.64311302 -2.80710438
v 4.14176802 -7.63973474 -2.76626719
v 3.81241296 -7.63973474 -2.30896291
v 3.83554329 -7.63973474 -2.38467008
v 3.87808913 -7.63973474 -2.48054571
v 3.93342758 -7.63973474 -2.56965205
v 4.00050506 -7.63973474 -2.65029261
v 4.07804451 -7.63973474 -2.72093203
v 4.57565816 -5.49999998 -1.97721076
v 4.67545229 -5.49999998 -1.82518887
v 4.64611524 -5.49999998 -2.00983984
v 4.79311179 -5.49999998 -1.90931121
v 4.69081831 -5.49999998 -2.07332600
v 4.86262001 -5.49999998 -2.03615336
v 4.69778924 -5.49999998 -2.15065816
v 4.87021003 -5.49999998 -2.18059268
v 4.66516016 -5.49999998 -2.22111524
v 4.81437847 -5.49999998 -2.31402119
v 4.60167400 -5.49999998 -2.26581831
v 4.70618358 -5.49999998 -2.41001174
v 4.52434184 -5.49999998 -2.27278924
v 4.56705458 -5.49999998 -2.44955220
v 4.42454771 -5.49999998 -2.42481113
v 4.45388476 -5.49999998 -2.24016016
v 4.30688821 -5.49999998 -2.34068879
v 4.40918169 -5.49999998 -2.17667400
v 4.23737999 -5.49999998 -2.21384664
v 4.40221076 -5.49999998 -2.09934184
v 4.22978997 -5.49999998 -2.06940732
v 4.43483984 -5.49999998 -2.02888476
v 4.28562153 -5.49999998 -1.93597881
v 4.49832600 -5.49999998 -1.98418169
v 4.39381642 -5.49999998 -1.83998826
v 4.53294542 -5.49999998 -1.80044780
v 4.84981113 -6.74999996 -2.25045229
v 4.81437847 -6.74999996 -2.31402119
v 4.76568879 -6.74999996 -2.36811179
v 4.70618358 -6.74999996 -2.41001174
v 4.63884664 -6.74999996 -2.43762001
v 4.56705458 -6.74999996 -2.44955220
v 4.49440732 -6.74999996 -2.44521003
v 4.42454771 -6.74999996 -2.42481113
v 4.36097881 -6.74999996 -2.38937847
v 4.30688821 -6.74999996 -2.34068879
v 4.26498826 -6.74999996 -2.28118358
v 4.23737999 -6.74999996 -2.21384664
v 4.22544780 -6.74999996 -2.14205458
v 4.22978997 -6.74999996 -2.06940732
v 4.25018887 -6.74999996 -1.99954771
v 4.28562153 -6.74999996 -1.93597881
v 4.33431121 -6.74999996 -1.88188821
v 4.39381642 -6.74999996 -1.83998826
v 4.46115336 -6.74999996 -1.81237999
v 4.53294542 -6.74999996 -1.80044780
v 4.60559268 -6.74999996 -1.80478997
v 4.67545229 -6.74999996 -1.82518887
v 4.73902119 -6.74999996 -1.86062153
v 4.79311179 -6.74999996 -1.90931121
v 4.83501174 -6.74999996 -1.96881642
v 4.86262001 -6.74999996 -2.03615336
v 4.87455220 -6.74999996 -2.10794542
v 4.87021003 -6.74999996 -2.18059268
v 4.69778924 -6.84999998 -2.15065816
v 4.69081831 -6.84999998 -2.07332600
v 4.64611524 -6.84999998 -2.00983984
v 4.57565816 -6.84999998 -1.97721076
v 4.49832600 -6.84999998 -1.98418169
v 4.43483984 -6.84999998 -2.02888476
v 4.40221076 -6.84999998 -2.09934184
v 4.40918169 -6.84999998 -2.17667400
v 4.45388476 -6.84999998 -2.24016016
v 4.52434184 -6.84999998 -2.27278924
v 4.60167400 -6.84999998 -2.26581831
v 4.66516016 -6.84999998 -2.22111524
v 4.55000000 -6.84999998 -2.12500000
v 4.20406407 -6.83660253 -1.98024736
v 4.24494790 -6.83660253 -1.90689862
v 4.30112833 -6.83660253 -1.84448641
v 4.36978819 -6.83660253 -1.79614031
v 4.44748463 -6.83660253 -1.76428461
v 4.53032164 -6.83660253 -1.75051668
v 4.61414540 -6.83660253 -1.75552692
v 4.69475264 -6.83660253 -1.77906407
v 4.76810138 -6.83660253 -1.81994790
v 4.83051359 -6.83660253 -1.87612833
v 4.87885969 -6.83660253 -1.94478819
v 4.91071539 -6.83660253 -2.02248463
v 4.92448332 -6.83660253 -2.10532164
v 4.91947308 -6.83660253 -2.18914540
v 4.89593593 -6.83660253 -2.26975264
v 4.85505210 -6.83660253 -2.34310138
v 4.79887167 -6.83660253 -2.40551359
v 4.73021181 -6.83660253 -2.45385969
v 4.65251537 -6.83660253 -2.48571539
v 4.56967836 -6.83660253 -2.49948332
v 4.48585460 -6.83660253 -2.49447308
v 4.40524736 -6.83660253 -2.47093593
v 4.33189862 -6.83660253 -2.43005210
v 4.26948641 -6.83660253 -2.37387167
v 4.22114031 -6.83660253 -2.30521181
v 4.18928461 -6.83660253 -2.22751537
v 4.17551668 -6.83660253 -2.14467836
v 4.18052692 -6.83660253 -2.06085460
v 4.21658999 -6.79999997 -2.06711562
v 4.23782975 -6.79999997 -1.99437620
v 4.27472305 -6.79999997 -1.92818679
v 4.32541987 -6.79999997 -1.87186643
v 4.38737809 -6.79999997 -1.82823923
v 4.45749083 -6.79999997 -1.79949286
v 4.53224238 -6.79999997 -1.78706879
v 4.60788438 -6.79999997 -1.79158999
v 4.68062380 -6.79999997 -1.81282975
v 4.74681321 -6.79999997 -1.84972305
v 4.80313357 -6.79999997 -1.90041987
v 4.84676077 -6.79999997 -1.96237809
v 4.87550714 -6.79999997 -2.03249083
v 4.88793121 -6.79999997 -2.10724238
v 4.88341001 -6.79999997 -2.18288438
v 4.86217025 -6.79999997 -2.25562380
v 4.82527695 -6.79999997 -2.32181321
v 4.77458013 -6.79999997 -2.37813357
v 4.71262191 -6.79999997 -2.42176077
v 4.64250917 -6.79999997 -2.45050714
v 4.56775762 -6.79999997 -2.46293121
v 4.49211562 -6.79999997 -2.45841001
v 4.41937620 -6.79999997 -2.43717025
v 4.35318679 -6.79999997 -2.40027695
v 4.29686643 -6.79999997 -2.34958013
v 4.25323923 -6.79999997 -2.28762191
v 4.22449286 -6.79999997 -2.21750917
v 4.21206879 -6.79999997 -2.14275762
v 6.41496284 -6.05000002 -3.10343735
v 4.96570100 -6.05000002 -2.28338577
v 6.31260602 -6.05000002 -3.28433064
v 4.86334418 -6.05000002 -2.46427907
v 6.05685441 -6.05000002 -0.65366866
v 4.82909246 -6.05000002 -1.77858875
v 6.19726414 -6.05000002 -0.80691490
v 4.96950224 -6.05000002 -1.93183498
v 3.61632435 -6.05000002 -0.23722982
v 4.30678765 -6.05000002 -1.75252031
v 3.80545920 -6.05000002 -0.15104802
v 4.49592247 -6.05000002 -1.66633839
v 2.46610222 -6.05000002 -2.42962525
v 4.12059398 -6.05000002 -2.24120614
v 2.44258428 -6.05000002 -2.22311569
v 4.09707599 -6.05000002 -2.03469654
v 4.19575600 -6.05000002 -4.20103890
v 4.52782486 -6.05000002 -2.56929903
v 3.99208628 -6.05000002 -4.15959077
v 4.32415509 -6.05000002 -2.52785103
v 3.99985104 -7.55000013 -1.74807841
v 3.98758301 -7.55000013 -1.76664135
v 4.77353092 -7.55000013 -2.75330541
v 4.79436698 -7.55000013 -2.74549860
v 5.21662878 -7.55000013 -2.10656652
v 5.21564279 -7.55000013 -2.08433782
v 4.73846835 -7.55000013 -1.48530204
v 4.71702291 -7.55000013 -1.47937078
v 4.43835450 -7.53999996 -2.03181817
v 4.49990308 -7.53999996 -1.98847943
v 4.57487508 -7.53999996 -1.98172125
v 4.64318183 -7.53999996 -2.01335450
v 4.68652057 -7.53999996 -2.07490308
v 4.69327875 -7.53999996 -2.14987508
v 4.66164550 -7.53999996 -2.21818183
v 4.60009692 -7.53999996 -2.26152057
v 4.52512492 -7.53999996 -2.26827875
v 4.45681817 -7.53999996 -2.23664550
v 4.41347943 -7.53999996 -2.17509692
v 4.40672125 -7.53999996 -2.10012492
v 4.55000000 -7.53999996 -2.12500000
v 3.79181057 -7.64999996 -2.18000661
v 4.10879515 -7.54554189 -2.32663525
v 4.06460287 -7.55606118 -2.30619309
v 3.93410744 -7.59646456 -2.24582935
v 3.80659546 -7.64999996 -2.18684571
v 4.22119575 -7.54299919 -2.47020887
v 4.22379393 -7.54641063 -2.48783769
v 4.19340932 -7.53536589 -2.40054263
v 4.20020376 -7.53588612 -2.41201213
v 4.21870358 -7.54112146 -2.45903828
v 4.15152414 -7.53784451 -2.35340337
v 4.16109385 -7.53669507 -2.36175961
v 4.18763845 -7.53521241 -2.39199638
v 4.25843287 -7.64999996 -2.82704386
v 4.23859949 -7.58379466 -2.63282319
v 4.25309967 -7.63469964 -2.77481794
v 4.25678750 -7.64999996 -2.81093123
v 4.07804451 -7.64999996 -2.72093203
v 3.93342758 -7.64999996 -2.56965205
v 3.83554329 -7.64999996 -2.38467008
v 4.14102566 -7.64999996 -2.74887115
v 4.03442630 -7.64999996 -2.66412802
v 3.82896643 -7.64999996 -2.31627441
v 3.87575282 -7.64999996 -2.44416443
v 3.94500876 -7.64999996 -2.56141818
v 4.02821754 -7.59504113 -2.46747509
v 4.04394250 -7.58688479 -2.45410793
v 4.00954331 -7.58466414 -2.38083282
v 3.97204077 -7.58466414 -2.27831991
v 4.05318984 -7.58296485 -2.44975726
v 4.06235158 -7.57952138 -2.44721251
v 4.08109338 -7.57363598 -2.44667581
v 4.08336148 -7.57302541 -2.44702308
v 4.09854366 -7.56955548 -2.45185522
v 4.11084597 -7.56771445 -2.45973971
v 4.11356185 -7.56747174 -2.46215179
v 4.12498740 -7.56762467 -2.47712354
v 4.13117143 -7.57023703 -2.49561186
v 4.12830864 -7.56841722 -2.48454837
v 4.13101404 -7.57493704 -2.51467209
v 4.12649382 -7.57987435 -2.52917612
v 4.13673134 -7.58466414 -2.55714913
v 4.11827136 -7.58559509 -2.54217128
v 4.22217823 -7.58466414 -2.62507678
v 4.11427924 -7.58788857 -2.54648898
v 4.09742002 -7.59594116 -2.55799631
v 4.09355247 -7.59753111 -2.55957639
v 4.07866789 -7.60298419 -2.56292618
v 4.06340030 -7.60758585 -2.56230936
v 4.06019431 -7.60842460 -2.56166176
v 4.04341682 -7.61198337 -2.55491289
v 4.03590728 -7.61300578 -2.54959280
v 4.02937098 -7.61346045 -2.54321334
v 4.01928616 -7.61256377 -2.52695193
v 4.01844778 -7.61228959 -2.52479732
v 4.01492515 -7.60898712 -2.50709576
v 4.01574839 -7.60562598 -2.49459217
v 4.01789970 -7.60284989 -2.48609672
v 4.09352858 -7.55000013 -2.55958515
v 4.11828854 -7.55000013 -2.54215070
v 4.07337546 -7.55000013 -2.50466529
v 4.13101404 -7.55000013 -2.51467209
v 4.12829532 -7.55000013 -2.48451212
v 4.01845551 -7.55000013 -2.52481836
v 4.03588996 -7.55000013 -2.54957832
v 4.06336863 -7.55000013 -2.56230387
v 4.05322229 -7.55000013 -2.44974536
v 4.02846234 -7.55000013 -2.46717981
v 4.01573679 -7.55000013 -2.49465846
v 4.11086092 -7.55000013 -2.45975219
v 4.08338229 -7.55000013 -2.44702664
v 2.72385487 -7.37000002 -1.52647758
v 2.72385487 -7.34999996 -1.52647758
v 2.85249231 -7.37000002 -1.22416511
v 2.85249231 -7.34999996 -1.22416511
v 3.03074503 -7.37000002 -0.94818247
v 3.03074503 -7.34999996 -0.94818247
v 3.25340247 -7.37000002 -0.70659591
v 3.25340247 -7.34999996 -0.70659591
v 4.55491877 -7.37000002 -0.20327920
v 4.88218618 -7.37000002 -0.23220105
v 5.19974437 -7.37000002 -0.31644607
v 5.49831185 -7.37000002 -0.45355146
v 5.49831185 -7.34999996 -0.45355146
v 4.55491877 -7.34999996 -0.20327920
v 4.88218618 -7.34999996 -0.23220105
v 5.19974437 -7.34999996 -0.31644607
v 6.37918496 -7.37000002 -1.53583365
v 6.37918496 -7.34999996 -1.53583365
v 6.45280993 -7.37000002 -1.85602082
v 6.45280993 -7.34999996 -1.85602082
v 6.47081910 -7.37000002 -2.18406973
v 6.47081910 -7.34999996 -2.18406973
v 6.43268628 -7.37000002 -2.51039215
v 6.43268628 -7.34999996 -2.51039215
v 5.67557979 -7.37000002 -3.68259593
v 5.67557979 -7.34999996 -3.68259593
v 5.39381504 -7.37000002 -3.85156067
v 5.39381504 -7.34999996 -3.85156067
v 5.08738710 -7.37000002 -3.97006122
v 5.08738710 -7.34999996 -3.97006122
v 4.76525235 -7.37000002 -4.03463391
v 4.76525235 -7.34999996 -4.03463391
v 3.41646140 -7.37000002 -3.67681363
v 3.41646140 -7.34999996 -3.67681363
v 3.16869644 -7.37000002 -3.46105227
v 3.16869644 -7.34999996 -3.46105227
v 2.96130432 -7.37000002 -3.20624064
v 2.96130432 -7.34999996 -3.20624064
v 2.80034682 -7.37000002 -2.91982654
v 2.80034682 -7.34999996 -2.91982654
v 4.48716251 -6.87000004 -0.59905702
v 5.08309649 -6.87000004 -0.69382608
v 5.35532394 -6.87000004 -0.82734681
v 4.78985659 -6.87000004 -0.61671638
v 3.51565825 -6.87000004 -1.00135075
v 3.09831323 -6.87000004 -1.65059923
v 3.34018515 -6.87000004 -1.19290629
v 3.19971545 -6.87000004 -1.41143000
v 3.65022216 -6.87000004 -3.35903827
v 3.45409373 -6.87000004 -3.18869173
v 3.28967292 -6.87000004 -2.98756955
v 3.16171683 -6.87000004 -2.76149076
v 4.72633565 -6.87000004 -3.64202221
v 5.44559350 -6.87000004 -3.36207838
v 4.98088985 -6.87000004 -3.59019095
v 5.22297723 -6.87000004 -3.49596765
v 6.04726458 -6.87000004 -2.42608048
v 6.07663169 -6.87000004 -2.16796830
v 6.06182907 -6.87000004 -1.90861293
v 6.00328501 -6.87000004 -1.65551824
f 1 2 3
f 1 3 4
f 4 3 5
f 4 5 6
f 7 8 5
f 5 8 9
f 9 10 5
f 5 10 11
f 5 11 6
f 12 13 14
f 15 16 17
f 14 13 17
f 17 13 18
f 17 18 15
f 19 20 14
f 14 20 21
f 14 21 12
f 22 23 24
f 24 23 25
f 24 25 26
f 26 25 27
f 26 27 19
f 19 27 28
f 19 28 20
f 22 24 29
f 29 24 3
f 29 3 2
f 17 16 30
f 30 16 31
f 30 31 32
f 33 34 35
f 35 34 30
f 35 30 36
f 32 37 30
f 30 37 38
f 30 38 36
f 30 34 39
f 30 39 40
f 40 39 41
f 40 41 42
f 42 41 43
f 42 43 44
f 44 43 45
f 44 45 46
f 46 45 47
f 46 47 48
f 48 47 49
f 48 49 50
f 50 49 51
f 50 51 52
f 52 51 53
f 52 53 54
f 54 53 55
f 54 55 56
f 56 55 7
f 56 7 5
f 5 3 56
f 56 3 54
f 3 46 48
f 30 40 17
f 17 40 42
f 48 50 3
f 3 50 52
f 3 52 54
f 3 24 46
f 46 24 26
f 46 26 19
f 19 14 46
f 46 14 17
f 46 17 44
f 44 17 42
f 39 34 33
f 33 57 39
f 39 57 58
f 39 58 41
f 41 58 59
f 41 59 43
f 43 59 60
f 43 60 45
f 8 7 61
f 61 7 55
f 61 55 62
f 62 55 53
f 60 63 45
f 45 63 64
f 45 64 47
f 47 64 65
f 47 65 49
f 65 66 49
f 49 66 67
f 49 67 51
f 51 67 68
f 51 68 53
f 53 68 69
f 53 69 62
f 70 71 72
f 73 74 65
f 75 76 73
f 32 31 77
f 1 78 2
f 6 11 79
f 79 11 10
f 78 1 80
f 22 29 81
f 81 29 2
f 25 23 82
f 82 23 22
f 25 82 27
f 27 82 83
f 27 83 28
f 28 83 20
f 20 83 84
f 20 84 21
f 16 15 85
f 15 18 85
f 85 18 13
f 85 13 84
f 84 13 12
f 84 12 21
f 32 77 37
f 37 77 86
f 37 86 38
f 35 36 87
f 87 36 38
f 87 38 88
f 88 38 86
f 89 90 91
f 89 91 92
f 90 93 91
f 91 93 94
f 91 94 95
f 95 96 91
f 91 96 97
f 91 97 98
f 97 99 98
f 98 99 100
f 98 100 101
f 102 74 103
f 103 74 73
f 103 73 104
f 104 73 76
f 102 105 74
f 74 105 106
f 74 106 107
f 107 106 92
f 108 109 110
f 110 109 111
f 110 111 112
f 112 111 113
f 112 113 114
f 114 115 112
f 112 115 116
f 112 116 117
f 117 118 112
f 112 118 119
f 112 119 120
f 121 122 85
f 85 122 123
f 123 124 85
f 85 124 125
f 85 125 110
f 110 125 126
f 110 126 108
f 127 128 84
f 84 128 129
f 84 129 85
f 85 129 130
f 85 130 121
f 131 132 83
f 83 132 133
f 83 133 84
f 84 133 134
f 84 134 127
f 101 135 98
f 98 135 136
f 98 136 82
f 82 136 137
f 82 137 138
f 138 139 82
f 82 139 140
f 82 140 83
f 83 140 141
f 83 141 131
f 142 59 143
f 143 59 58
f 143 58 144
f 144 58 57
f 64 63 145
f 120 146 112
f 112 146 75
f 112 75 145
f 145 75 73
f 145 73 64
f 64 73 65
f 69 71 62
f 62 71 70
f 62 70 61
f 61 70 147
f 61 147 8
f 86 142 88
f 88 142 143
f 88 143 87
f 87 143 144
f 87 144 35
f 35 144 57
f 35 57 33
f 92 91 107
f 107 91 148
f 107 148 74
f 74 148 66
f 74 66 65
f 1 4 149
f 149 4 6
f 149 6 72
f 72 6 79
f 72 79 70
f 70 79 10
f 70 10 147
f 147 10 9
f 147 9 8
f 16 150 31
f 31 150 151
f 31 151 77
f 77 151 152
f 77 152 86
f 86 152 153
f 86 153 142
f 142 153 60
f 142 60 59
f 1 149 80
f 80 149 72
f 80 72 154
f 154 72 71
f 154 71 155
f 155 71 69
f 155 69 68
f 16 85 150
f 150 85 110
f 150 110 151
f 151 110 112
f 151 112 152
f 152 112 145
f 152 145 153
f 153 145 63
f 153 63 60
f 22 81 82
f 82 81 156
f 82 156 98
f 98 156 157
f 98 157 91
f 91 157 158
f 91 158 148
f 148 158 67
f 148 67 66
f 2 78 81
f 81 78 80
f 81 80 156
f 156 80 154
f 156 154 157
f 157 154 155
f 157 155 158
f 158 155 68
f 158 68 67
f 128 127 159
f 136 135 160
f 160 135 161
f 135 101 161
f 161 101 100
f 161 100 99
f 140 162 141
f 141 162 163
f 141 163 131
f 140 139 162
f 162 139 138
f 162 138 160
f 160 138 137
f 160 137 136
f 127 134 159
f 159 134 133
f 159 133 163
f 163 133 132
f 163 132 131
f 128 159 129
f 129 159 164
f 129 164 130
f 165 123 122
f 165 122 164
f 164 122 121
f 164 121 130
f 108 126 166
f 166 126 125
f 166 125 165
f 165 125 124
f 165 124 123
f 108 166 109
f 109 166 167
f 109 167 111
f 168 117 116
f 116 115 168
f 168 115 114
f 168 114 167
f 167 114 113
f 167 113 111
f 117 168 118
f 118 168 169
f 118 169 119
f 170 104 76
f 76 75 170
f 170 75 146
f 170 146 169
f 169 146 120
f 169 120 119
f 106 105 171
f 171 105 102
f 171 102 170
f 170 102 103
f 170 103 104
f 172 94 173
f 173 94 93
f 93 90 173
f 173 90 89
f 173 89 171
f 171 89 92
f 171 92 106
f 99 97 161
f 161 97 96
f 161 96 172
f 172 96 95
f 172 95 94
f 162 160 174
f 174 160 161
f 174 161 172
f 164 159 174
f 174 159 163
f 174 163 162
f 167 166 174
f 174 166 165
f 174 165 164
f 170 169 174
f 174 169 168
f 174 168 167
f 172 173 174
f 174 173 171
f 174 171 170
f 175 176 177
f 177 176 178
f 177 178 179
f 179 178 180
f 181 182 178
f 178 182 183
f 183 184 178
f 178 184 185
f 178 185 180
f 186 187 188
f 189 190 191
f 188 187 191
f 191 187 192
f 191 192 189
f 193 194 195
f 195 194 196
f 195 196 188
f 188 196 197
f 188 197 186
f 198 199 200
f 200 199 201
f 200 201 193
f 193 201 202
f 193 202 194
f 198 200 203
f 203 200 176
f 203 176 175
f 191 190 204
f 204 190 205
f 204 205 206
f 207 208 209
f 209 208 204
f 209 204 210
f 206 211 204
f 204 211 212
f 204 212 210
f 204 208 213
f 204 213 214
f 214 213 215
f 214 215 216
f 216 215 217
f 216 217 218
f 218 217 219
f 218 219 220
f 220 219 221
f 220 221 222
f 222 221 223
f 222 223 224
f 224 223 225
f 224 225 226
f 226 225 227
f 226 227 228
f 228 227 229
f 228 229 230
f 230 229 181
f 230 181 178
f 226 228 176
f 176 228 230
f 176 230 178
f 193 195 224
f 224 195 188
f 224 188 191
f 204 214 191
f 191 214 216
f 191 216 218
f 218 220 191
f 191 220 222
f 191 222 224
f 226 176 224
f 224 176 200
f 224 200 193
f 213 208 207
f 207 231 213
f 213 231 232
f 213 232 215
f 215 232 233
f 215 233 217
f 217 233 234
f 217 234 219
f 234 235 219
f 219 235 236
f 219 236 221
f 221 236 237
f 221 237 223
f 182 181 238
f 238 181 229
f 238 229 239
f 239 229 227
f 237 240 223
f 223 240 241
f 223 241 225
f 225 241 242
f 225 242 227
f 227 242 243
f 227 243 239
f 244 245 246
f 247 248 237
f 212 249 210
f 177 250 175
f 180 185 251
f 251 185 184
f 250 177 252
f 198 203 253
f 253 203 175
f 201 199 254
f 254 199 198
f 201 254 202
f 202 254 255
f 202 255 194
f 194 255 196
f 196 255 256
f 196 256 197
f 190 189 257
f 189 192 257
f 257 192 187
f 257 187 256
f 256 187 186
f 256 186 197
f 249 212 258
f 258 212 211
f 258 211 259
f 259 211 206
f 259 206 205
f 260 261 247
f 247 261 262
f 247 262 263
f 263 264 247
f 247 264 265
f 247 265 248
f 248 265 266
f 266 267 248
f 248 267 268
f 248 268 269
f 269 268 270
f 271 272 273
f 273 272 274
f 273 274 275
f 275 274 276
f 276 277 275
f 275 277 278
f 275 278 279
f 279 280 275
f 275 280 281
f 275 281 282
f 283 284 257
f 284 285 257
f 257 285 286
f 257 286 273
f 273 286 287
f 273 287 271
f 288 289 255
f 255 289 256
f 256 289 290
f 256 290 291
f 291 292 256
f 256 292 293
f 256 293 257
f 257 293 294
f 257 294 283
f 295 296 254
f 254 296 297
f 254 297 255
f 255 297 298
f 255 298 288
f 270 299 300
f 300 299 301
f 301 302 300
f 300 302 303
f 300 303 304
f 305 306 307
f 307 306 308
f 307 308 254
f 254 308 309
f 254 309 295
f 304 310 300
f 300 310 311
f 300 311 307
f 307 311 312
f 307 312 305
f 313 233 314
f 314 233 232
f 314 232 315
f 315 232 231
f 236 235 316
f 282 317 275
f 275 317 260
f 275 260 316
f 316 260 247
f 316 247 236
f 236 247 237
f 243 245 239
f 239 245 244
f 239 244 238
f 238 244 318
f 238 318 182
f 258 313 249
f 249 313 314
f 249 314 210
f 210 314 315
f 210 315 209
f 209 315 231
f 209 231 207
f 270 300 269
f 269 300 319
f 269 319 248
f 248 319 240
f 248 240 237
f 177 179 320
f 320 179 180
f 320 180 246
f 246 180 251
f 246 251 244
f 244 251 184
f 244 184 318
f 318 184 183
f 318 183 182
f 190 321 205
f 205 321 322
f 205 322 259
f 259 322 323
f 259 323 258
f 258 323 324
f 258 324 313
f 313 324 234
f 313 234 233
f 177 320 252
f 252 320 246
f 252 246 325
f 325 246 245
f 325 245 326
f 326 245 243
f 326 243 242
f 190 257 321
f 321 257 273
f 321 273 322
f 322 273 275
f 322 275 323
f 323 275 316
f 323 316 324
f 324 316 235
f 324 235 234
f 198 253 254
f 254 253 327
f 254 327 307
f 307 327 328
f 307 328 300
f 300 328 329
f 300 329 319
f 319 329 241
f 319 241 240
f 175 250 253
f 253 250 252
f 253 252 327
f 327 252 325
f 327 325 328
f 328 325 326
f 328 326 329
f 329 326 242
f 329 242 241
f 267 330 268
f 268 330 331
f 268 331 270
f 270 331 299
f 304 332 310
f 310 332 333
f 310 333 311
f 304 303 332
f 332 303 302
f 332 302 331
f 331 302 301
f 331 301 299
f 334 309 335
f 335 309 308
f 308 306 335
f 335 306 305
f 335 305 333
f 333 305 312
f 333 312 311
f 336 296 334
f 334 296 295
f 334 295 309
f 337 289 336
f 336 289 288
f 288 298 336
f 336 298 297
f 336 297 296
f 293 292 338
f 338 292 291
f 338 291 337
f 337 291 290
f 337 290 289
f 293 338 294
f 294 338 339
f 294 339 283
f 340 286 285
f 340 285 339
f 339 285 284
f 339 284 283
f 286 340 287
f 287 340 341
f 287 341 271
f 277 276 342
f 342 276 274
f 342 274 341
f 341 274 272
f 341 272 271
f 277 342 278
f 278 342 343
f 278 343 279
f 317 282 344
f 344 282 281
f 344 281 343
f 343 281 280
f 343 280 279
f 263 262 345
f 345 262 261
f 345 261 344
f 344 261 260
f 344 260 317
f 267 266 330
f 330 266 265
f 330 265 345
f 345 265 264
f 345 264 263
f 330 345 346
f 333 332 346
f 346 332 331
f 346 331 330
f 336 334 346
f 346 334 335
f 346 335 333
f 339 338 346
f 346 338 337
f 346 337 336
f 342 341 346
f 346 341 340
f 346 340 339
f 345 344 346
f 346 344 343
f 346 343 342
f 347 348 349
f 349 348 350
f 349 350 351
f 351 350 352
f 351 352 353
f 354 355 349
f 349 355 356
f 356 357 349
f 349 357 358
f 349 358 347
f 359 360 361
f 362 363 364
f 361 360 364
f 364 360 365
f 364 365 362
f 366 367 368
f 366 368 369
f 368 370 369
f 369 370 371
f 369 371 361
f 361 371 372
f 361 372 359
f 367 366 373
f 373 366 374
f 373 374 375
f 353 376 351
f 351 376 377
f 351 377 374
f 374 377 378
f 374 378 375
f 364 363 379
f 379 363 380
f 379 380 381
f 382 383 384
f 384 383 379
f 384 379 385
f 381 386 379
f 379 386 387
f 379 387 385
f 379 383 388
f 379 388 389
f 389 388 390
f 389 390 391
f 391 390 392
f 391 392 393
f 393 392 394
f 393 394 395
f 395 394 396
f 395 396 397
f 397 396 398
f 397 398 399
f 399 398 400
f 399 400 401
f 401 400 402
f 401 402 403
f 403 402 404
f 403 404 405
f 405 404 354
f 405 354 349
f 366 369 399
f 399 369 361
f 399 361 364
f 379 389 364
f 364 389 391
f 364 391 393
f 393 395 364
f 364 395 397
f 364 397 399
f 401 403 351
f 351 403 405
f 351 405 349
f 401 351 399
f 399 351 374
f 399 374 366
f 388 383 382
f 382 406 388
f 388 406 407
f 388 407 390
f 390 407 408
f 390 408 392
f 392 408 409
f 392 409 394
f 409 410 394
f 394 410 411
f 394 411 396
f 396 411 412
f 396 412 398
f 412 413 398
f 398 413 414
f 398 414 400
f 400 414 415
f 400 415 402
f 355 354 416
f 416 354 404
f 416 404 417
f 417 404 402
f 417 402 418
f 418 402 415
f 419 420 421
f 387 386 422
f 363 423 380
f 357 424 425
f 424 357 356
f 347 426 348
f 348 426 350
f 377 376 427
f 427 376 353
f 375 378 428
f 428 378 377
f 429 367 428
f 428 367 373
f 428 373 375
f 430 372 429
f 429 372 371
f 371 370 429
f 429 370 368
f 429 368 367
f 363 362 431
f 362 365 431
f 431 365 360
f 431 360 430
f 430 360 359
f 430 359 372
f 423 432 380
f 380 432 422
f 380 422 381
f 381 422 386
f 385 433 384
f 384 433 406
f 384 406 382
f 434 435 436
f 436 437 434
f 434 437 438
f 434 438 439
f 439 438 440
f 439 440 441
f 441 442 439
f 439 442 443
f 439 443 444
f 445 446 431
f 446 447 431
f 431 447 448
f 431 448 434
f 434 448 449
f 434 449 435
f 450 430 451
f 451 430 429
f 451 429 452
f 452 429 453
f 450 454 430
f 430 454 455
f 430 455 431
f 431 455 456
f 431 456 445
f 457 428 458
f 458 428 459
f 457 460 428
f 428 460 461
f 428 461 429
f 429 461 462
f 429 462 453
f 463 464 465
f 465 466 463
f 463 466 467
f 463 467 468
f 469 470 459
f 459 470 471
f 459 471 458
f 468 472 463
f 463 472 473
f 463 473 459
f 459 473 474
f 459 474 469
f 475 476 477
f 478 479 480
f 478 480 481
f 477 476 480
f 480 476 482
f 480 482 481
f 463 483 464
f 464 483 480
f 464 480 484
f 484 480 479
f 444 485 439
f 439 485 486
f 439 486 487
f 487 486 488
f 487 488 477
f 477 488 489
f 477 489 475
f 490 409 491
f 491 409 408
f 491 408 492
f 492 408 407
f 483 413 480
f 480 413 412
f 480 412 477
f 477 412 411
f 477 411 487
f 487 411 410
f 356 355 424
f 424 355 416
f 424 416 425
f 425 416 417
f 425 417 493
f 493 417 418
f 493 418 494
f 494 418 415
f 492 495 491
f 491 495 496
f 491 496 490
f 490 496 497
f 494 420 493
f 493 420 419
f 493 419 425
f 425 419 498
f 425 498 357
f 432 497 422
f 422 497 496
f 422 496 387
f 387 496 495
f 387 495 385
f 385 495 492
f 385 492 433
f 433 492 407
f 433 407 406
f 353 352 499
f 499 352 350
f 499 350 421
f 421 350 426
f 421 426 419
f 419 426 347
f 419 347 498
f 498 347 358
f 498 358 357
f 363 431 423
f 423 431 434
f 423 434 432
f 432 434 439
f 432 439 497
f 497 439 487
f 497 487 490
f 490 487 410
f 490 410 409
f 377 427 428
f 428 427 500
f 428 500 459
f 459 500 501
f 459 501 463
f 463 501 502
f 463 502 483
f 483 502 414
f 483 414 413
f 353 499 427
f 427 499 421
f 427 421 500
f 500 421 420
f 500 420 501
f 501 420 494
f 501 494 502
f 502 494 415
f 502 415 414
f 470 469 503
f 443 504 444
f 444 504 505
f 444 505 485
f 485 505 486
f 486 505 488
f 488 505 506
f 488 506 489
f 481 482 507
f 507 482 476
f 507 476 506
f 506 476 475
f 506 475 489
f 464 484 508
f 508 484 479
f 508 479 507
f 507 479 478
f 507 478 481
f 464 508 465
f 465 508 509
f 465 509 466
f 473 472 510
f 510 472 468
f 510 468 509
f 509 468 467
f 509 467 466
f 503 469 510
f 510 469 474
f 510 474 473
f 460 511 461
f 461 511 512
f 461 512 462
f 460 457 511
f 511 457 458
f 511 458 503
f 503 458 471
f 503 471 470
f 462 512 453
f 453 512 513
f 453 513 452
f 514 450 513
f 513 450 451
f 513 451 452
f 445 456 515
f 515 456 455
f 515 455 514
f 514 455 454
f 514 454 450
f 445 515 446
f 446 515 516
f 446 516 447
f 436 435 517
f 517 435 449
f 517 449 516
f 516 449 448
f 516 448 447
f 436 517 437
f 437 517 518
f 437 518 438
f 443 442 504
f 504 442 441
f 504 441 518
f 518 441 440
f 518 440 438
f 504 518 519
f 507 506 519
f 519 506 505
f 519 505 504
f 510 509 519
f 519 509 508
f 519 508 507
f 512 511 519
f 519 511 503
f 519 503 510
f 515 514 519
f 519 514 513
f 519 513 512
f 518 517 519
f 519 517 516
f 519 516 515
f 520 521 522
f 522 521 523
f 522 523 524
f 524 523 525
f 524 525 526
f 527 528 522
f 522 528 529
f 522 529 520
f 530 531 532
f 533 534 535
f 532 531 535
f 535 531 536
f 535 536 533
f 537 538 532
f 532 538 539
f 532 539 530
f 540 541 542
f 542 541 543
f 542 543 544
f 544 543 545
f 544 545 537
f 537 545 546
f 537 546 538
f 540 542 547
f 547 542 524
f 547 524 526
f 535 534 548
f 548 534 549
f 548 549 550
f 551 552 553
f 553 552 548
f 553 548 554
f 550 555 548
f 548 555 556
f 548 556 554
f 548 552 557
f 548 557 558
f 558 557 559
f 558 559 560
f 560 559 561
f 560 561 562
f 562 561 563
f 562 563 564
f 564 563 565
f 564 565 566
f 566 565 567
f 566 567 568
f 568 567 569
f 568 569 570
f 570 569 571
f 570 571 572
f 572 571 573
f 572 573 574
f 574 573 527
f 574 527 522
f 574 522 524
f 535 548 558
f 574 524 572
f 542 544 568
f 568 544 537
f 542 568 524
f 524 568 570
f 524 570 572
f 564 566 535
f 535 566 568
f 535 568 532
f 532 568 537
f 558 560 535
f 535 560 562
f 535 562 564
f 557 552 551
f 551 575 557
f 557 575 576
f 557 576 559
f 559 576 577
f 559 577 561
f 561 577 578
f 561 578 563
f 578 579 563
f 563 579 580
f 563 580 565
f 565 580 581
f 565 581 567
f 581 582 567
f 567 582 583
f 567 583 569
f 569 583 584
f 569 584 571
f 528 527 585
f 585 527 573
f 585 573 586
f 586 573 571
f 586 571 587
f 587 571 584
f 588 589 590
f 550 549 591
f 525 523 592
f 592 523 521
f 540 547 593
f 593 547 526
f 594 541 540
f 538 546 595
f 595 546 545
f 595 545 594
f 594 545 543
f 594 543 541
f 596 539 538
f 534 533 597
f 533 536 597
f 597 536 531
f 597 531 596
f 596 531 530
f 596 530 539
f 550 591 555
f 555 591 598
f 555 598 556
f 553 554 599
f 599 554 556
f 599 556 600
f 600 556 598
f 595 601 602
f 538 595 596
f 596 595 602
f 596 602 603
f 604 605 594
f 594 605 606
f 594 606 607
f 607 608 594
f 594 608 609
f 594 609 595
f 595 609 610
f 595 610 601
f 611 612 613
f 611 613 614
f 612 615 613
f 613 615 616
f 613 616 617
f 617 618 613
f 613 618 619
f 613 619 604
f 604 619 620
f 604 620 621
f 621 622 604
f 604 622 623
f 604 623 605
f 624 625 626
f 624 626 627
f 627 626 628
f 628 626 629
f 628 629 630
f 625 631 632
f 631 633 632
f 632 633 634
f 632 634 635
f 635 634 636
f 635 636 614
f 637 638 639
f 639 640 637
f 637 640 641
f 637 641 642
f 641 643 642
f 642 643 644
f 642 644 645
f 645 646 642
f 642 646 647
f 642 647 648
f 648 649 642
f 642 649 650
f 642 650 630
f 603 651 596
f 596 651 652
f 596 652 597
f 597 652 653
f 653 654 597
f 597 654 655
f 597 655 656
f 656 657 597
f 597 657 658
f 597 658 637
f 637 658 659
f 637 659 638
f 660 577 661
f 661 577 576
f 661 576 662
f 662 576 575
f 625 632 626
f 626 632 581
f 626 581 580
f 584 663 587
f 587 663 664
f 587 664 586
f 586 664 665
f 586 665 585
f 585 665 666
f 585 666 528
f 598 660 600
f 600 660 661
f 600 661 599
f 599 661 662
f 599 662 553
f 553 662 575
f 553 575 551
f 630 629 642
f 642 629 626
f 642 626 667
f 667 626 580
f 667 580 579
f 614 613 635
f 635 613 668
f 635 668 632
f 632 668 582
f 632 582 581
f 663 589 664
f 664 589 588
f 664 588 665
f 665 588 669
f 665 669 666
f 666 669 670
f 534 671 549
f 549 671 672
f 549 672 591
f 591 672 673
f 591 673 598
f 598 673 674
f 598 674 660
f 660 674 578
f 660 578 577
f 528 666 529
f 529 666 670
f 529 670 520
f 520 670 669
f 520 669 521
f 521 669 588
f 521 588 592
f 592 588 590
f 592 590 525
f 525 590 675
f 525 675 526
f 534 597 671
f 671 597 637
f 671 637 672
f 672 637 642
f 672 642 673
f 673 642 667
f 673 667 674
f 674 667 579
f 674 579 578
f 540 593 594
f 594 593 676
f 594 676 604
f 604 676 677
f 604 677 613
f 613 677 678
f 613 678 668
f 668 678 583
f 668 583 582
f 526 675 593
f 593 675 590
f 593 590 676
f 676 590 589
f 676 589 677
f 677 589 663
f 677 663 678
f 678 663 584
f 678 584 583
f 605 623 679
f 617 616 680
f 681 603 602
f 681 602 682
f 653 652 683
f 683 652 681
f 681 652 651
f 681 651 603
f 657 656 684
f 684 656 655
f 684 655 683
f 683 655 654
f 683 654 653
f 657 684 658
f 658 684 685
f 658 685 659
f 686 643 641
f 641 640 686
f 686 640 639
f 686 639 685
f 685 639 638
f 685 638 659
f 643 686 644
f 644 686 687
f 644 687 645
f 649 648 688
f 688 648 647
f 688 647 687
f 687 647 646
f 687 646 645
f 627 628 689
f 689 628 630
f 689 630 688
f 688 630 650
f 688 650 649
f 633 631 690
f 690 631 625
f 690 625 689
f 689 625 624
f 689 624 627
f 691 636 690
f 690 636 634
f 690 634 633
f 612 611 691
f 691 611 614
f 691 614 636
f 680 616 691
f 691 616 615
f 691 615 612
f 679 623 692
f 692 623 622
f 692 622 621
f 621 620 692
f 692 620 619
f 692 619 680
f 680 619 618
f 680 618 617
f 602 601 682
f 682 601 610
f 682 610 693
f 693 610 609
f 609 608 693
f 693 608 607
f 693 607 679
f 679 607 606
f 679 606 605
f 683 681 694
f 694 681 682
f 694 682 693
f 686 685 694
f 694 685 684
f 694 684 683
f 689 688 694
f 694 688 687
f 694 687 686
f 680 691 694
f 694 691 690
f 694 690 689
f 693 679 694
f 694 679 692
f 694 692 680
f 695 696 697
f 698 699 700
f 701 702 703
f 704 705 706
f 707 708 709
f 710 711 712
f 713 714 715
f 716 717 718
f 716 718 719
f 719 718 720
f 719 720 721
f 722 723 724
f 724 725 722
f 722 725 726
f 722 726 727
f 727 726 721
f 727 721 728
f 728 721 720
f 729 730 731
f 723 722 706
f 706 722 732
f 706 732 704
f 733 734 735
f 736 737 735
f 735 737 738
f 735 738 733
f 701 703 739
f 740 741 742
f 740 742 743
f 743 742 744
f 743 744 745
f 735 746 736
f 736 746 747
f 736 747 748
f 748 747 742
f 748 742 749
f 749 742 741
f 744 750 745
f 745 750 751
f 745 751 752
f 752 751 753
f 752 753 754
f 755 756 757
f 753 758 754
f 754 758 759
f 754 759 757
f 757 759 760
f 757 760 755
f 761 762 763
f 763 762 764
f 763 764 765
f 766 767 768
f 764 769 765
f 765 769 770
f 765 770 768
f 768 770 771
f 768 771 766
f 772 773 774
f 775 776 777
f 778 779 776
f 776 779 780
f 776 780 777
f 760 781 755
f 755 781 782
f 755 782 778
f 778 782 783
f 778 783 779
f 734 739 735
f 735 739 703
f 735 703 784
f 784 703 785
f 786 787 788
f 788 787 789
f 788 789 785
f 785 789 790
f 785 790 784
f 786 788 791
f 791 788 729
f 791 729 705
f 705 729 731
f 705 731 706
f 717 716 792
f 792 716 707
f 792 707 793
f 793 707 709
f 793 709 794
f 794 709 795
f 794 795 796
f 797 798 795
f 795 798 799
f 795 799 796
f 800 801 797
f 797 801 802
f 797 802 798
f 803 804 715
f 715 804 805
f 715 805 713
f 713 805 806
f 713 806 800
f 800 806 807
f 800 807 801
f 808 809 810
f 810 809 811
f 810 811 712
f 712 811 812
f 712 812 710
f 710 812 813
f 710 813 814
f 814 813 815
f 814 815 816
f 816 815 817
f 816 817 803
f 803 817 818
f 803 818 804
f 808 810 819
f 819 810 820
f 819 820 821
f 821 820 822
f 822 820 823
f 822 823 824
f 825 826 827
f 827 826 828
f 827 828 774
f 774 828 829
f 774 829 772
f 772 829 830
f 772 830 823
f 823 830 831
f 823 831 824
f 825 827 832
f 832 827 833
f 832 833 834
f 834 833 835
f 834 835 836
f 836 835 837
f 836 837 838
f 838 837 695
f 838 695 839
f 839 695 697
f 839 697 840
f 840 697 841
f 840 841 842
f 842 841 843
f 843 841 844
f 843 844 845
f 846 847 844
f 844 847 848
f 844 848 845
f 771 849 766
f 766 849 850
f 766 850 846
f 846 850 851
f 846 851 847
f 777 852 775
f 775 852 853
f 775 853 700
f 700 853 854
f 700 854 698
f 698 854 855
f 698 855 761
f 761 855 856
f 761 856 762
f 857 858 859
f 857 859 860
f 859 861 860
f 860 861 862
f 860 862 863
f 862 864 863
f 863 864 865
f 863 865 866
f 865 867 866
f 866 867 868
f 866 868 869
f 869 868 870
f 869 870 871
f 871 870 872
f 871 872 873
f 874 875 876
f 876 877 874
f 874 877 878
f 874 878 879
f 878 880 879
f 879 880 881
f 879 881 882
f 882 881 883
f 883 884 882
f 882 884 885
f 882 885 886
f 887 888 889
f 889 888 886
f 889 886 890
f 890 886 885
f 891 892 893
f 893 892 894
f 894 895 893
f 893 895 896
f 893 896 897
f 896 898 897
f 897 898 899
f 897 899 900
f 899 901 900
f 900 901 902
f 900 902 903
f 903 902 904
f 903 904 905
f 905 904 906
f 905 906 907
f 908 909 910
f 910 909 911
f 910 911 912
f 912 911 913
f 912 913 914
f 914 913 915
f 914 915 701
f 701 915 702
f 916 917 918
f 918 919 916
f 916 919 920
f 916 920 921
f 921 920 922
f 922 923 921
f 921 923 924
f 921 924 925
f 924 926 925
f 925 926 927
f 925 927 928
f 929 930 931
f 931 930 928
f 931 928 932
f 932 928 927
f 933 934 935
f 934 933 936
f 936 933 937
f 936 937 938
f 939 940 941
f 941 940 942
f 941 942 943
f 943 942 944
f 945 946 947
f 948 949 950
f 948 950 951
f 952 953 954
f 955 956 957
f 957 956 958
f 959 952 960
f 961 962 963
f 959 960 964
f 961 963 965
f 954 966 952
f 952 966 967
f 952 967 955
f 955 967 951
f 955 951 956
f 956 951 950
f 803 968 816
f 816 968 969
f 816 969 970
f 963 971 972
f 972 971 973
f 972 973 974
f 974 973 975
f 974 975 976
f 963 972 965
f 965 972 968
f 965 968 977
f 977 968 803
f 977 803 715
f 774 964 827
f 827 964 960
f 827 960 833
f 833 960 978
f 833 978 835
f 835 978 957
f 835 957 837
f 837 957 958
f 837 958 695
f 979 710 814
f 959 980 952
f 952 980 981
f 952 981 953
f 953 981 982
f 953 982 976
f 976 982 983
f 976 983 974
f 974 983 979
f 974 979 970
f 970 979 814
f 970 814 816
f 984 985 986
f 987 707 716
f 988 986 989
f 989 990 988
f 988 990 991
f 988 991 992
f 992 991 993
f 992 993 994
f 961 995 962
f 962 995 996
f 962 996 997
f 997 996 998
f 997 998 994
f 994 998 999
f 994 999 992
f 992 999 987
f 992 987 1000
f 1000 987 716
f 1000 716 719
f 721 1001 719
f 719 1001 1002
f 719 1002 1000
f 984 986 1003
f 1003 986 988
f 1003 988 1004
f 1004 988 1001
f 1004 1001 1005
f 1005 1001 721
f 1005 721 726
f 1006 1007 1008
f 1008 1007 985
f 1009 1010 1007
f 1007 1010 1011
f 1007 1011 985
f 1012 1013 1014
f 1014 1013 1015
f 1014 1015 1011
f 1011 1015 1016
f 1011 1016 985
f 985 1016 1017
f 985 1017 986
f 1018 1019 1020
f 1021 1022 1012
f 1012 1022 1023
f 1012 1023 1024
f 1012 1014 1021
f 1021 1014 1025
f 1021 1025 1020
f 1020 1025 1026
f 1020 1026 1018
f 765 768 1027
f 1028 947 1029
f 1029 947 1030
f 1029 1030 1027
f 1028 1031 1032
f 1032 1031 1033
f 1032 1033 949
f 949 1033 1034
f 949 1034 950
f 1024 1035 946
f 946 1035 1036
f 946 1036 1037
f 1037 1036 698
f 1037 698 761
f 765 1027 763
f 763 1027 1030
f 763 1030 761
f 761 1030 1038
f 761 1038 1037
f 1028 1032 947
f 947 1032 1039
f 947 1039 945
f 945 1040 946
f 946 1040 1041
f 946 1041 1024
f 1024 1041 1042
f 1024 1042 1012
f 1043 1044 1045
f 1046 1047 743
f 1046 743 1048
f 1048 743 745
f 1048 745 1049
f 1049 745 752
f 1049 752 1050
f 1051 1052 1053
f 1010 1009 1054
f 1054 1009 1055
f 1054 1055 1056
f 1056 1055 1057
f 1056 1057 1058
f 1058 1057 1059
f 1058 1059 1060
f 1060 1059 1061
f 1060 1061 1062
f 1062 1061 1063
f 1062 1063 1047
f 1047 1063 740
f 1047 740 743
f 1052 1050 1053
f 1053 1050 752
f 1053 752 1064
f 1064 752 754
f 1064 754 1065
f 1065 754 757
f 1044 1051 1045
f 1045 1051 1053
f 1045 1053 1066
f 1066 1053 1064
f 1066 1064 1067
f 1067 1064 1065
f 1025 1043 1026
f 1026 1043 1045
f 1026 1045 1018
f 1018 1045 1066
f 1018 1066 1019
f 1019 1066 1067
f 1068 1069 1070
f 1071 1072 1073
f 1074 1075 1076
f 1077 1078 1079
f 1080 1081 1082
f 1083 1084 1085
f 1086 1087 1085
f 1088 1089 1090
f 1091 1092 1093
f 1093 1092 1094
f 1094 1092 1095
f 1094 1095 1096
f 1091 1093 1097
f 1097 1093 1098
f 1097 1098 1099
f 1099 1098 1100
f 1099 1100 1089
f 1089 1100 1101
f 1089 1101 1090
f 1102 1103 1104
f 1104 1103 1105
f 1088 1090 1105
f 1105 1090 1106
f 1105 1106 1104
f 1107 1085 1108
f 1108 1085 1087
f 1108 1087 1109
f 1109 1087 1110
f 1109 1110 1111
f 1111 1110 1112
f 1111 1112 1113
f 1113 1112 1114
f 1113 1114 1102
f 1102 1114 1115
f 1102 1115 1103
f 1116 1117 1118
f 1117 1119 1118
f 1118 1119 1120
f 1118 1120 1085
f 1085 1120 1121
f 1085 1121 1086
f 1116 1118 1122
f 1122 1118 1123
f 1122 1123 1124
f 1124 1123 1125
f 1124 1125 1126
f 1126 1125 1127
f 1126 1127 1128
f 1128 1127 1129
f 1129 1127 1130
f 1129 1130 1131
f 1130 1132 1131
f 1131 1132 1133
f 1131 1133 1134
f 1134 1133 1135
f 1136 1137 1138
f 1095 1137 1096
f 1096 1137 1136
f 1096 1136 1139
f 1139 1136 1140
f 1139 1140 1141
f 1142 1143 1144
f 1145 1146 1147
f 1138 1148 1136
f 1136 1148 1149
f 1136 1149 1133
f 1133 1149 1150
f 1133 1150 1135
f 1144 1143 1146
f 1146 1143 1151
f 1146 1151 1147
f 1144 1152 1142
f 1142 1152 1153
f 1142 1153 1154
f 1154 1153 1155
f 1154 1155 1156
f 1156 1155 1157
f 1156 1157 1158
f 1158 1157 1159
f 1158 1159 1160
f 1160 1161 1158
f 1158 1161 1162
f 1158 1162 1140
f 1145 1147 1163
f 1163 1147 1164
f 1163 1164 1165
f 1162 1166 1140
f 1140 1166 1167
f 1140 1167 1141
f 1141 1167 1168
f 1141 1168 1169
f 1169 1168 1170
f 1169 1170 1171
f 1170 1172 1171
f 1171 1172 1173
f 1171 1173 1174
f 1174 1173 1175
f 1176 1177 1178
f 1178 1177 1179
f 1178 1179 1180
f 1180 1179 1181
f 1180 1181 1182
f 1182 1181 1183
f 1182 1183 1184
f 1184 1183 1185
f 1184 1185 1186
f 1186 1185 1187
f 1186 1187 1188
f 1188 1187 1189
f 1188 1189 1190
f 1190 1189 1191
f 1190 1191 1175
f 1175 1191 1192
f 1175 1192 1174
f 1081 1193 1194
f 1193 1081 1195
f 1195 1081 1080
f 1195 1080 1196
f 1197 1198 1071
f 1071 1198 1199
f 1071 1199 1072
f 1072 1199 1200
f 1072 1200 1201
f 1194 1202 1081
f 1081 1202 1203
f 1081 1203 1204
f 1204 1203 1205
f 1204 1205 1206
f 1206 1205 1207
f 1206 1207 1208
f 1208 1207 1209
f 1208 1209 1210
f 1210 1209 1211
f 1210 1211 1212
f 1212 1211 1213
f 1212 1213 1214
f 1214 1213 1215
f 1214 1215 1216
f 1216 1215 1217
f 1216 1217 1218
f 1218 1217 1219
f 1218 1219 1220
f 1220 1219 1197
f 1220 1197 1221
f 1221 1197 1071
f 1196 1080 1222
f 1222 1080 1223
f 1222 1223 1224
f 1224 1223 1225
f 1224 1225 1226
f 1226 1225 1227
f 1226 1227 1228
f 1229 1230 1231
f 1231 1230 1232
f 1231 1232 1233
f 1228 1227 1233
f 1233 1227 1234
f 1233 1234 1231
f 1229 1231 1235
f 1235 1231 1236
f 1235 1236 1237
f 1238 1239 1240
f 1240 1239 1241
f 1240 1241 1242
f 1242 1241 1243
f 1242 1243 1201
f 1201 1243 1072
f 1072 1243 1244
f 1072 1244 1073
f 1245 1246 1247
f 1247 1246 1240
f 1247 1240 1236
f 1236 1240 1242
f 1236 1242 1237
f 1248 1249 1250
f 1251 1252 1247
f 1247 1252 1253
f 1247 1253 1245
f 1254 1255 1251
f 1251 1255 1256
f 1251 1256 1252
f 1250 1249 1257
f 1257 1249 1258
f 1257 1258 1259
f 1259 1258 1260
f 1259 1260 1261
f 1261 1260 1262
f 1261 1262 1246
f 1263 1074 1264
f 1264 1074 1265
f 1264 1265 1266
f 1266 1265 1267
f 1263 1268 1074
f 1074 1268 1269
f 1074 1269 1270
f 1075 1074 1271
f 1271 1074 1270
f 1271 1270 1272
f 1254 1251 1273
f 1273 1251 1274
f 1273 1274 1275
f 1275 1274 1276
f 1275 1276 1277
f 1277 1276 1278
f 1277 1278 1279
f 1279 1278 1280
f 1279 1280 1272
f 1272 1280 1281
f 1272 1281 1271
f 1070 1069 1282
f 1283 1070 1284
f 1284 1070 1282
f 1284 1282 1267
f 1267 1282 1285
f 1267 1285 1266
f 1250 1286 1248
f 1248 1286 1287
f 1248 1287 1288
f 1288 1287 1289
f 1289 1287 1290
f 1289 1290 1291
f 1291 1290 1292
f 1291 1292 1293
f 1293 1292 1294
f 1293 1294 1295
f 1295 1294 1296
f 1295 1296 1069
f 1069 1296 1297
f 1069 1297 1282
f 1298 1299 1300
f 1301 1302 1303
f 1303 1302 1304
f 1303 1304 1300
f 1305 1306 1077
f 1077 1306 1299
f 1077 1299 1078
f 1078 1299 1298
f 1307 1308 1309
f 1307 1309 1310
f 1310 1309 1311
f 1310 1311 1312
f 1312 1311 1313
f 1312 1313 1314
f 1314 1313 1315
f 1314 1315 1316
f 1316 1317 1314
f 1314 1317 1318
f 1314 1318 1305
f 1305 1318 1319
f 1305 1319 1306
f 1083 1320 1084
f 1084 1320 1321
f 1084 1321 1322
f 1322 1321 1323
f 1323 1324 1322
f 1322 1324 1325
f 1322 1325 1326
f 1308 1307 1327
f 1327 1307 1328
f 1327 1328 1326
f 1326 1328 1329
f 1326 1329 1322
f 1330 1331 1332
f 1332 1331 1333
f 1332 1333 1301
f 1301 1333 1334
f 1301 1334 1302
f 1107 1335 1085
f 1085 1335 1336
f 1085 1336 1083
f 1083 1336 1337
f 1083 1337 1338
f 1338 1337 1339
f 1338 1339 1340
f 1340 1339 1341
f 1340 1341 1330
f 1330 1341 1342
f 1330 1342 1331
f 1206 1343 1204
f 1204 1343 1344
f 1204 1344 1345
f 1345 1344 1177
f 1345 1177 1346
f 1346 1177 1176
f 1346 1176 1347
f 1347 1176 1348
f 1347 1348 1164
f 1164 1348 1349
f 1164 1349 1165
f 1246 1262 1240
f 1240 1262 1350
f 1240 1350 1238
f 1079 1078 1283
f 1283 1078 1298
f 1283 1298 1070
f 1070 1298 1351
f 1070 1351 1068
f 1300 1304 1298
f 1298 1304 1352
f 1298 1352 1353
f 1353 1354 1298
f 1298 1354 1355
f 1298 1355 1351
f 1356 1357 1358
f 1358 1357 1359
f 1358 1359 1360
f 1360 1359 1361
f 1360 1361 1362
f 1362 1361 1363
f 1362 1363 1364
f 1364 1363 1365
f 1364 1365 1366
f 1366 1365 1367
f 1366 1367 1368
f 1368 1367 1369
f 1368 1369 1370
f 1370 1369 1371
f 1370 1371 1372
f 1372 1371 1373
f 1372 1373 1374
f 1374 1373 1375
f 1374 1375 1376
f 1376 1375 1377
f 1376 1377 1378
f 1378 1377 1379
f 1378 1379 1380
f 1380 1379 1381
f 1380 1381 1382
f 1382 1381 1383
f 1382 1383 1384
f 1384 1383 1385
f 1384 1385 1386
f 1386 1385 1387
f 1386 1387 1388
f 1388 1387 1389
f 930 929 1390
f 1390 929 1357
f 1390 1357 1391
f 1391 1357 1356
f 1391 1356 730
f 730 1356 731
f 909 908 1392
f 1392 908 1388
f 1392 1388 1393
f 1393 1388 1389
f 1393 1389 1394
f 1394 1389 1395
f 1396 1397 1398
f 1021 1020 1397
f 1397 1020 1399
f 1397 1399 1398
f 1398 1400 1396
f 1396 1400 1401
f 1396 1401 1402
f 1401 1403 1402
f 1402 1403 1404
f 1402 1404 1405
f 1404 1406 1405
f 1405 1406 1407
f 1405 1407 1408
f 1407 1409 1408
f 1408 1409 1410
f 1408 1410 1411
f 1410 1412 1411
f 1411 1412 1413
f 1411 1413 1414
f 1413 1415 1414
f 1414 1415 1416
f 1414 1416 1417
f 1418 1419 1420
f 1420 1419 1417
f 1420 1417 1421
f 1421 1417 1416
f 1065 757 756
f 1065 756 1067
f 905 907 1422
f 1422 907 1399
f 1422 1399 1423
f 1423 1399 1020
f 1423 1020 756
f 756 1020 1019
f 756 1019 1067
f 698 1036 1424
f 892 891 1418
f 1418 891 1425
f 1418 1425 1419
f 1419 1425 1426
f 1419 1426 1424
f 1424 1426 699
f 1424 699 698
f 1427 1428 1429
f 1029 1027 1428
f 1428 1027 1430
f 1428 1430 1429
f 1429 1431 1427
f 1427 1431 1432
f 1427 1432 1433
f 1432 1434 1433
f 1433 1434 1435
f 1433 1435 1436
f 1435 1437 1436
f 1436 1437 1438
f 1436 1438 1439
f 1438 1440 1439
f 1439 1440 1441
f 1439 1441 1442
f 1441 1443 1442
f 1442 1443 1444
f 1442 1444 1445
f 1444 1446 1445
f 1445 1446 1447
f 1445 1447 1448
f 1449 1450 1451
f 1451 1450 1448
f 1451 1448 1452
f 1452 1448 1447
f 888 887 1453
f 1453 887 1430
f 1453 1430 1454
f 1454 1430 1027
f 1454 1027 767
f 767 1027 768
f 696 695 1455
f 1455 695 958
f 876 875 1449
f 1449 875 1456
f 1449 1456 1450
f 1450 1456 1455
f 1450 1455 1457
f 1457 1455 958
f 1457 958 956
f 1458 1459 1460
f 959 964 1459
f 1459 964 1461
f 1459 1461 1460
f 1460 1462 1458
f 1458 1462 1463
f 1458 1463 1464
f 1463 1465 1464
f 1464 1465 1466
f 1464 1466 1467
f 1466 1468 1467
f 1467 1468 1469
f 1467 1469 1470
f 1469 1471 1470
f 1470 1471 1472
f 1470 1472 1473
f 1472 1474 1473
f 1473 1474 1475
f 1473 1475 1476
f 1475 1477 1476
f 1476 1477 1478
f 1476 1478 1479
f 1480 1481 1482
f 1482 1481 1479
f 1482 1479 1483
f 1483 1479 1478
f 871 873 1484
f 1484 873 1461
f 1484 1461 1485
f 1485 1461 964
f 1485 964 773
f 773 964 774
f 710 979 1486
f 858 857 1480
f 1480 857 1487
f 1480 1487 1481
f 1481 1487 1488
f 1481 1488 1486
f 1486 1488 711
f 1486 711 710
f 1489 1490 1491
f 965 977 1490
f 1490 977 1492
f 1490 1492 1491
f 1491 1493 1489
f 1489 1493 1494
f 1489 1494 1495
f 1494 1496 1495
f 1495 1496 1497
f 1495 1497 1498
f 1497 1499 1498
f 1498 1499 1500
f 1498 1500 1501
f 1500 1502 1501
f 1501 1502 1503
f 1501 1503 1504
f 1503 1505 1504
f 1504 1505 1506
f 1504 1506 1507
f 1506 1508 1507
f 1507 1508 1509
f 1507 1509 1510
f 1511 1512 1513
f 1513 1512 1510
f 1513 1510 1514
f 1514 1510 1509
f 1515 1516 1517
f 1517 1516 1492
f 1517 1492 1518
f 1518 1492 977
f 1518 977 714
f 714 977 715
f 1519 1520 1521
f 1519 1512 1520
f 1520 1512 1511
f 1520 1511 1522
f 1522 1511 1523
f 1521 708 1519
f 1519 708 707
f 1519 707 987
f 760 759 1524
f 750 744 1525
f 735 784 1526
f 786 791 1527
f 722 727 1528
f 717 792 1529
f 799 798 1530
f 815 813 1531
f 808 819 1532
f 831 830 1533
f 825 832 1534
f 839 840 1535
f 848 847 1536
f 771 770 1537
f 1538 1539 1540
f 1541 1542 1543
f 1544 1545 1546
f 1547 1548 1549
f 1550 1551 1552
f 1553 1554 1555
f 1556 1557 1558
f 1559 1560 1561
f 1562 1563 1564
f 1565 1566 1567
f 1568 1569 1570
f 1571 1572 1573
f 1574 1575 1576
f 1577 1578 1579
f 1580 1581 1582
f 1583 1584 1585
f 1586 1587 1588
f 1589 1590 1591
f 1592 1593 1594
f 1595 1596 1597
f 1598 1599 1600
f 1601 1602 1603
f 1604 1605 1606
f 1607 1608 1609
f 1610 1611 1612
f 1610 1612 1613
f 1607 1609 1614
f 1601 1603 1615
f 1598 1600 1616
f 1592 1594 1617
f 1589 1591 1618
f 1583 1585 1619
f 1571 1573 1620
f 1559 1561 1621
f 1547 1549 1622
f 1623 1624 1625
f 1625 1624 1626
f 1625 1626 1627
f 1627 1626 1628
f 1627 1628 1629
f 1623 1630 1624
f 1624 1630 1631
f 1624 1631 1632
f 1632 1631 1633
f 1632 1633 1634
f 1634 1633 1635
f 1634 1635 1636
f 1636 1637 1638
f 1636 1638 1634
f 1634 1638 1639
f 1634 1639 1632
f 1632 1639 1640
f 1632 1640 1624
f 1624 1640 1641
f 1624 1641 1626
f 1626 1641 1642
f 1626 1642 1628
f 1637 1643 1644
f 1637 1644 1638
f 1638 1644 1645
f 1638 1645 1639
f 1639 1645 1646
f 1639 1646 1640
f 1640 1646 1647
f 1640 1647 1641
f 1641 1647 1648
f 1641 1648 1642
f 1643 1649 1650
f 1651 1652 1653
f 1653 1652 1654
f 1653 1654 1655
f 1655 1654 1656
f 1655 1656 1657
f 1657 1656 1658
f 1657 1658 1659
f 1659 1658 1537
f 1605 1660 1606
f 1606 1660 1661
f 1606 1661 1662
f 1662 1661 1663
f 1662 1663 1664
f 1664 1663 1665
f 1664 1665 1666
f 1666 1665 1536
f 1602 1667 1603
f 1603 1667 1668
f 1603 1668 1669
f 1669 1668 1670
f 1669 1670 1671
f 1671 1670 1672
f 1671 1672 1673
f 1673 1672 1535
f 1599 1595 1600
f 1600 1595 1597
f 1600 1597 1674
f 1674 1597 1675
f 1674 1675 1676
f 1676 1675 1677
f 1676 1677 1678
f 1678 1677 1534
f 1679 1617 1680
f 1680 1617 1594
f 1680 1594 1681
f 1681 1594 1682
f 1681 1682 1683
f 1683 1682 1684
f 1683 1684 1685
f 1685 1684 1533
f 1686 1618 1687
f 1687 1618 1591
f 1687 1591 1688
f 1688 1591 1689
f 1688 1689 1690
f 1690 1689 1691
f 1690 1691 1692
f 1692 1691 1532
f 1693 1694 1695
f 1695 1694 1696
f 1695 1696 1697
f 1697 1696 1698
f 1697 1698 1699
f 1699 1698 1700
f 1699 1700 1701
f 1701 1700 1531
f 1702 1580 1703
f 1703 1580 1582
f 1703 1582 1704
f 1704 1582 1705
f 1704 1705 1706
f 1706 1705 1707
f 1706 1707 1708
f 1708 1707 1709
f 1708 1709 818
f 1578 1574 1579
f 1579 1574 1576
f 1579 1576 1710
f 1710 1576 1711
f 1710 1711 1712
f 1712 1711 1713
f 1712 1713 1714
f 1714 1713 1715
f 1575 1716 1576
f 1576 1716 1717
f 1576 1717 1711
f 1711 1717 1718
f 1711 1718 1713
f 1713 1718 1719
f 1713 1719 1715
f 1715 1719 1720
f 1716 1721 1717
f 1717 1721 1722
f 1717 1722 1718
f 1718 1722 1723
f 1718 1723 1719
f 1719 1723 1724
f 1719 1724 1720
f 1720 1724 1530
f 1725 1568 1726
f 1726 1568 1570
f 1726 1570 1727
f 1727 1570 1728
f 1727 1728 1729
f 1729 1728 1730
f 1729 1730 1731
f 1731 1730 1529
f 1563 1732 1564
f 1564 1732 1733
f 1564 1733 1734
f 1734 1733 1735
f 1734 1735 1736
f 1736 1735 1737
f 1736 1737 1738
f 1738 1737 1528
f 1560 1739 1561
f 1561 1739 1740
f 1561 1740 1741
f 1741 1740 1742
f 1741 1742 1743
f 1743 1742 1744
f 1743 1744 1745
f 1745 1744 1527
f 1554 1550 1555
f 1555 1550 1552
f 1555 1552 1746
f 1746 1552 1747
f 1746 1747 1748
f 1748 1747 1749
f 1748 1749 1750
f 1750 1749 1526
f 1751 1622 1752
f 1752 1622 1549
f 1752 1549 1753
f 1753 1549 1754
f 1753 1754 1755
f 1755 1754 1756
f 1755 1756 1757
f 1757 1756 1525
f 1545 1541 1546
f 1546 1541 1543
f 1546 1543 1758
f 1758 1543 1759
f 1758 1759 1760
f 1760 1759 1761
f 1760 1761 1762
f 1762 1761 1524
f 1643 1650 1644
f 1644 1650 1763
f 1644 1763 1645
f 1645 1763 1764
f 1645 1764 1646
f 1646 1764 1765
f 1646 1765 1647
f 1647 1765 1766
f 1647 1766 1648
f 854 1650 855
f 855 1650 1649
f 855 1649 856
f 762 856 1767
f 1767 856 1649
f 1767 1649 1768
f 1768 1649 1643
f 1768 1643 1769
f 1769 1643 1637
f 1769 1637 1612
f 1612 1637 1636
f 1612 1636 1613
f 1613 1636 1635
f 1611 1651 1612
f 1612 1651 1653
f 1612 1653 1769
f 1769 1653 1655
f 1769 1655 1768
f 1768 1655 1657
f 1768 1657 1767
f 1767 1657 1659
f 1767 1659 762
f 762 1659 764
f 1537 770 1659
f 1659 770 769
f 1659 769 764
f 849 771 1770
f 1770 771 1537
f 1770 1537 1771
f 1771 1537 1658
f 1771 1658 1772
f 1772 1658 1656
f 1772 1656 1609
f 1609 1656 1654
f 1609 1654 1614
f 1614 1654 1652
f 1608 1604 1609
f 1609 1604 1606
f 1609 1606 1772
f 1772 1606 1662
f 1772 1662 1771
f 1771 1662 1664
f 1771 1664 1770
f 1770 1664 1666
f 1770 1666 849
f 849 1666 850
f 1536 847 1666
f 1666 847 851
f 1666 851 850
f 845 848 1773
f 1773 848 1536
f 1773 1536 1774
f 1774 1536 1665
f 1774 1665 1775
f 1775 1665 1663
f 1775 1663 1776
f 1776 1663 1661
f 1776 1661 1777
f 1777 1661 1660
f 1777 1615 1776
f 1776 1615 1603
f 1776 1603 1775
f 1775 1603 1669
f 1775 1669 1774
f 1774 1669 1671
f 1774 1671 1773
f 1773 1671 1673
f 1773 1673 845
f 845 1673 843
f 1535 840 1673
f 1673 840 842
f 1673 842 843
f 838 839 1778
f 1778 839 1535
f 1778 1535 1779
f 1779 1535 1672
f 1779 1672 1780
f 1780 1672 1670
f 1780 1670 1781
f 1781 1670 1668
f 1781 1668 1782
f 1782 1668 1667
f 1782 1616 1781
f 1781 1616 1600
f 1781 1600 1780
f 1780 1600 1674
f 1780 1674 1779
f 1779 1674 1676
f 1779 1676 1778
f 1778 1676 1678
f 1778 1678 838
f 838 1678 836
f 1534 832 1678
f 1678 832 834
f 1678 834 836
f 826 825 1783
f 1783 825 1534
f 1783 1534 1784
f 1784 1534 1677
f 1784 1677 1785
f 1785 1677 1675
f 1785 1675 1786
f 1786 1675 1597
f 1786 1597 1787
f 1787 1597 1596
f 1787 1679 1786
f 1786 1679 1680
f 1786 1680 1785
f 1785 1680 1681
f 1785 1681 1784
f 1784 1681 1683
f 1784 1683 1783
f 1783 1683 1685
f 1783 1685 826
f 826 1685 828
f 1533 830 1685
f 1685 830 829
f 1685 829 828
f 824 831 1788
f 1788 831 1533
f 1788 1533 1789
f 1789 1533 1684
f 1789 1684 1790
f 1790 1684 1682
f 1790 1682 1791
f 1791 1682 1594
f 1791 1594 1792
f 1792 1594 1593
f 1792 1686 1791
f 1791 1686 1687
f 1791 1687 1790
f 1790 1687 1688
f 1790 1688 1789
f 1789 1688 1690
f 1789 1690 1788
f 1788 1690 1692
f 1788 1692 824
f 824 1692 822
f 1532 819 1692
f 1692 819 821
f 1692 821 822
f 809 808 1793
f 1793 808 1532
f 1793 1532 1794
f 1794 1532 1691
f 1794 1691 1795
f 1795 1691 1689
f 1795 1689 1588
f 1588 1689 1591
f 1588 1591 1586
f 1586 1591 1590
f 1587 1693 1588
f 1588 1693 1695
f 1588 1695 1795
f 1795 1695 1697
f 1795 1697 1794
f 1794 1697 1699
f 1794 1699 1793
f 1793 1699 1701
f 1793 1701 809
f 809 1701 811
f 1531 813 1701
f 1701 813 812
f 1701 812 811
f 817 815 1796
f 1796 815 1531
f 1796 1531 1797
f 1797 1531 1700
f 1797 1700 1798
f 1798 1700 1698
f 1798 1698 1585
f 1585 1698 1696
f 1585 1696 1619
f 1619 1696 1694
f 1584 1702 1585
f 1585 1702 1703
f 1585 1703 1798
f 1798 1703 1704
f 1798 1704 1797
f 1797 1704 1706
f 1797 1706 1796
f 1796 1706 1708
f 1796 1708 817
f 817 1708 818
f 806 805 1709
f 1709 805 804
f 1709 804 818
f 1581 1577 1582
f 1582 1577 1579
f 1582 1579 1705
f 1705 1579 1710
f 1705 1710 1707
f 1707 1710 1712
f 1707 1712 1709
f 1709 1712 1714
f 1709 1714 806
f 806 1714 1715
f 806 1715 807
f 807 1715 1720
f 807 1720 801
f 1530 798 1720
f 1720 798 802
f 1720 802 801
f 796 799 1799
f 1799 799 1530
f 1799 1530 1800
f 1800 1530 1724
f 1800 1724 1801
f 1801 1724 1723
f 1801 1723 1573
f 1573 1723 1722
f 1573 1722 1620
f 1620 1722 1721
f 1572 1725 1573
f 1573 1725 1726
f 1573 1726 1801
f 1801 1726 1727
f 1801 1727 1800
f 1800 1727 1729
f 1800 1729 1799
f 1799 1729 1731
f 1799 1731 796
f 796 1731 794
f 1529 792 1731
f 1731 792 793
f 1731 793 794
f 718 717 1802
f 1802 717 1529
f 1802 1529 1803
f 1803 1529 1730
f 1803 1730 1804
f 1804 1730 1728
f 1804 1728 1567
f 1567 1728 1570
f 1567 1570 1565
f 1565 1570 1569
f 1566 1562 1567
f 1567 1562 1564
f 1567 1564 1804
f 1804 1564 1734
f 1804 1734 1803
f 1803 1734 1736
f 1803 1736 1802
f 1802 1736 1738
f 1802 1738 718
f 718 1738 720
f 1528 727 1738
f 1738 727 728
f 1738 728 720
f 732 722 1805
f 1805 722 1528
f 1805 1528 1806
f 1806 1528 1737
f 1806 1737 1807
f 1807 1737 1735
f 1807 1735 1808
f 1808 1735 1733
f 1808 1733 1809
f 1809 1733 1732
f 1809 1621 1808
f 1808 1621 1561
f 1808 1561 1807
f 1807 1561 1741
f 1807 1741 1806
f 1806 1741 1743
f 1806 1743 1805
f 1805 1743 1745
f 1805 1745 732
f 732 1745 704
f 1527 791 1745
f 1745 791 705
f 1745 705 704
f 787 786 1810
f 1810 786 1527
f 1810 1527 1811
f 1811 1527 1744
f 1811 1744 1812
f 1812 1744 1742
f 1812 1742 1558
f 1558 1742 1740
f 1558 1740 1556
f 1556 1740 1739
f 1557 1553 1558
f 1558 1553 1555
f 1558 1555 1812
f 1812 1555 1746
f 1812 1746 1811
f 1811 1746 1748
f 1811 1748 1810
f 1810 1748 1750
f 1810 1750 787
f 787 1750 789
f 1526 784 1750
f 1750 784 790
f 1750 790 789
f 746 735 1813
f 1813 735 1526
f 1813 1526 1814
f 1814 1526 1749
f 1814 1749 1815
f 1815 1749 1747
f 1815 1747 1816
f 1816 1747 1552
f 1816 1552 1817
f 1817 1552 1551
f 1817 1751 1816
f 1816 1751 1752
f 1816 1752 1815
f 1815 1752 1753
f 1815 1753 1814
f 1814 1753 1755
f 1814 1755 1813
f 1813 1755 1757
f 1813 1757 746
f 746 1757 747
f 1525 744 1757
f 1757 744 742
f 1757 742 747
f 751 750 1818
f 1818 750 1525
f 1818 1525 1819
f 1819 1525 1756
f 1819 1756 1820
f 1820 1756 1754
f 1820 1754 1821
f 1821 1754 1549
f 1821 1549 1822
f 1822 1549 1548
f 1822 1544 1821
f 1821 1544 1546
f 1821 1546 1820
f 1820 1546 1758
f 1820 1758 1819
f 1819 1758 1760
f 1819 1760 1818
f 1818 1760 1762
f 1818 1762 751
f 751 1762 753
f 1524 759 1762
f 1762 759 758
f 1762 758 753
f 781 760 1823
f 1823 760 1524
f 1823 1524 1824
f 1824 1524 1761
f 1824 1761 1825
f 1825 1761 1759
f 1825 1759 1540
f 1540 1759 1543
f 1540 1543 1538
f 1538 1543 1542
f 1539 1629 1540
f 1540 1629 1628
f 1540 1628 1825
f 1825 1628 1642
f 1825 1642 1824
f 1824 1642 1648
f 1824 1648 1823
f 1823 1648 1766
f 1823 1766 781
f 781 1766 782
f 854 853 1650
f 1650 853 852
f 1650 852 1763
f 1763 852 777
f 1763 777 1764
f 1764 777 780
f 1764 780 1765
f 1765 780 779
f 1765 779 1766
f 1766 779 783
f 1766 783 782
f 1826 1827 1828
f 1829 1830 1831
f 1831 1830 1826
f 1831 1826 1832
f 1832 1826 1828
f 1833 1834 1835
f 1835 1834 1836
f 1835 1836 1837
f 1837 1836 1838
f 1837 1838 1827
f 1827 1838 1828
f 1839 1840 1841
f 1842 1843 1844
f 1844 1843 1839
f 1844 1839 1845
f 1845 1839 1841
f 1846 1847 1848
f 1848 1847 1849
f 1848 1849 1850
f 1850 1849 1851
f 1850 1851 1840
f 1840 1851 1841
f 1852 1853 1854
f 1855 1856 1857
f 1857 1856 1852
f 1857 1852 1858
f 1858 1852 1854
f 1859 1860 1861
f 1861 1860 1862
f 1861 1862 1863
f 1863 1862 1864
f 1863 1864 1853
f 1853 1864 1854
f 1865 1866 1867
f 1868 1869 1870
f 1870 1869 1865
f 1870 1865 1871
f 1871 1865 1867
f 939 1872 1873
f 1874 940 1875
f 1875 940 939
f 1875 939 1876
f 1876 939 1873
f 1876 1873 1866
f 1866 1873 1867
f 1877 1878 938
f 1879 1880 937
f 937 1880 1881
f 937 1881 938
f 938 1881 1882
f 938 1882 1877
f 1883 1884 1885
f 1885 1884 1886
f 1885 1886 1887
f 1887 1886 1888
f 1887 1888 1882
f 1882 1888 1877
f 1889 1702 1890
f 1890 1702 1584
f 1890 1584 1891
f 1891 1584 1583
f 1891 1583 1892
f 1892 1583 1619
f 1892 1619 1893
f 1893 1619 1694
f 1893 1694 1894
f 1694 1693 1894
f 1894 1693 1587
f 1894 1587 1895
f 1895 1587 1586
f 1895 1586 1896
f 1896 1586 1590
f 1896 1590 1897
f 1897 1590 1589
f 1897 1589 1898
f 1898 1589 1618
f 1898 1618 1899
f 1618 1686 1899
f 1899 1686 1792
f 1899 1792 1900
f 1900 1792 1593
f 1900 1593 1901
f 1901 1593 1592
f 1901 1592 1902
f 1902 1592 1617
f 1902 1617 1903
f 1903 1617 1679
f 1903 1679 1904
f 1679 1787 1904
f 1904 1787 1596
f 1904 1596 1905
f 1905 1596 1595
f 1905 1595 1906
f 1906 1595 1599
f 1906 1599 1907
f 1907 1599 1598
f 1907 1598 1908
f 1908 1598 1616
f 1908 1616 1909
f 1616 1782 1909
f 1909 1782 1667
f 1909 1667 1910
f 1910 1667 1602
f 1910 1602 1911
f 1911 1602 1601
f 1911 1601 1912
f 1912 1601 1615
f 1912 1615 1913
f 1913 1615 1777
f 1913 1777 1914
f 1777 1660 1914
f 1914 1660 1605
f 1914 1605 1915
f 1915 1605 1604
f 1915 1604 1916
f 1916 1604 1608
f 1916 1608 1917
f 1917 1608 1607
f 1917 1607 1918
f 1918 1607 1614
f 1918 1614 1919
f 1614 1652 1919
f 1919 1652 1651
f 1919 1651 1920
f 1920 1651 1611
f 1920 1611 1921
f 1921 1611 1610
f 1921 1610 1922
f 1922 1610 1613
f 1922 1613 1923
f 1923 1613 1635
f 1923 1635 1924
f 1924 1635 1633
f 1924 1633 1925
f 1925 1633 1631
f 1925 1631 1926
f 1926 1631 1630
f 1926 1630 1927
f 1927 1630 1623
f 1927 1623 1928
f 1928 1623 1625
f 1928 1625 1929
f 1929 1625 1627
f 1929 1627 1930
f 1627 1629 1930
f 1930 1629 1539
f 1930 1539 1931
f 1931 1539 1538
f 1931 1538 1932
f 1932 1538 1542
f 1932 1542 1933
f 1933 1542 1541
f 1933 1541 1934
f 1934 1541 1545
f 1934 1545 1935
f 1545 1544 1935
f 1935 1544 1822
f 1935 1822 1936
f 1936 1822 1548
f 1936 1548 1937
f 1937 1548 1547
f 1937 1547 1938
f 1938 1547 1622
f 1938 1622 1939
f 1939 1622 1751
f 1939 1751 1940
f 1751 1817 1940
f 1940 1817 1551
f 1940 1551 1941
f 1941 1551 1550
f 1941 1550 1942
f 1942 1550 1554
f 1942 1554 1943
f 1943 1554 1553
f 1943 1553 1944
f 1944 1553 1557
f 1944 1557 1945
f 1557 1556 1945
f 1945 1556 1739
f 1945 1739 1946
f 1946 1739 1560
f 1946 1560 1947
f 1947 1560 1559
f 1947 1559 1948
f 1948 1559 1621
f 1948 1621 1949
f 1949 1621 1809
f 1949 1809 1950
f 1809 1732 1950
f 1950 1732 1563
f 1950 1563 1951
f 1951 1563 1562
f 1951 1562 1952
f 1952 1562 1566
f 1952 1566 1953
f 1953 1566 1565
f 1953 1565 1954
f 1954 1565 1569
f 1954 1569 1955
f 1569 1568 1955
f 1955 1568 1725
f 1955 1725 1956
f 1956 1725 1572
f 1956 1572 1957
f 1957 1572 1571
f 1957 1571 1958
f 1958 1571 1620
f 1958 1620 1959
f 1959 1620 1721
f 1959 1721 1960
f 1721 1716 1960
f 1960 1716 1575
f 1960 1575 1961
f 1961 1575 1574
f 1961 1574 1962
f 1962 1574 1578
f 1962 1578 1963
f 1963 1578 1577
f 1963 1577 1964
f 1964 1577 1581
f 1964 1581 1889
f 1889 1581 1580
f 1889 1580 1702
f 1965 1966 1967
f 1967 1966 1522
f 1967 1522 1523
f 1965 1968 1966
f 1966 1968 1969
f 1966 1969 1970
f 1971 1972 1973
f 1973 1972 1970
f 1973 1970 1974
f 1974 1970 1969
f 1971 1975 1972
f 1972 1975 1976
f 1972 1976 1977
f 1977 1976 1978
f 1977 1978 1515
f 1515 1978 1979
f 1515 1979 1516
f 1980 1981 1982
f 1983 1984 1985
f 1986 1987 1988
f 933 935 1989
f 1990 1991 1992
f 1992 1991 1993
f 1992 1993 1994
f 1994 1993 1995
f 1994 1995 1996
f 1996 1995 1879
f 1996 1879 1989
f 1989 1879 937
f 1989 937 933
f 1842 1984 1997
f 1997 1984 1998
f 1999 1985 2000
f 2000 1985 1984
f 2000 1984 1844
f 1844 1984 1842
f 2001 2002 2003
f 2003 2002 2004
f 2003 2004 1998
f 1998 2004 2005
f 1998 2005 1997
f 1829 1981 2006
f 2006 1981 2007
f 2008 1982 2009
f 2009 1982 1981
f 2009 1981 1831
f 1831 1981 1829
f 2010 2011 2012
f 2012 2011 2013
f 2012 2013 2007
f 2007 2013 2014
f 2007 2014 2006
f 2015 2016 2017
f 2017 2016 1855
f 2017 1855 1857
f 2018 2019 2020
f 2020 2019 2021
f 2020 2021 2015
f 2015 2021 2022
f 2015 2022 2016
f 1868 1870 2023
f 2023 1870 2024
f 2025 944 942
f 1868 2023 2026
f 2026 2023 2027
f 2026 2027 942
f 942 2027 2028
f 942 2028 2025
f 2029 2030 2031
f 2032 2033 2034
f 2035 1990 2036
f 2036 1990 1992
f 2036 1992 2037
f 2037 1992 2038
f 2037 2038 2039
f 1985 2029 1983
f 1983 2029 2031
f 1983 2031 2040
f 2040 2031 2041
f 2040 2041 2038
f 2038 2041 2042
f 2038 2042 2039
f 2039 2042 2043
f 2039 2043 2030
f 2030 2043 2044
f 2030 2044 2031
f 2045 2046 2003
f 2003 2046 2047
f 2003 2047 2001
f 2001 2047 2048
f 1982 2032 1980
f 1980 2032 2034
f 1980 2034 2049
f 2049 2034 2050
f 2049 2050 2045
f 2045 2050 2051
f 2045 2051 2046
f 2046 2051 2052
f 2046 2052 2033
f 2033 2052 2053
f 2033 2053 2034
f 2054 2010 2055
f 2055 2010 2012
f 2055 2012 2056
f 2056 2012 2057
f 2056 2057 2058
f 2059 2060 2061
f 2061 2060 2058
f 2061 2058 2062
f 2062 2058 2057
f 2062 2057 2063
f 2063 2057 2064
f 2063 2064 2065
f 1857 1986 2017
f 2017 1986 1988
f 2017 1988 2066
f 2066 1988 2067
f 2066 2067 2064
f 2064 2067 2060
f 2064 2060 2065
f 2065 2060 2059
f 2068 2069 2070
f 2071 2018 2072
f 2072 2018 2020
f 2072 2020 2073
f 2073 2020 2074
f 2073 2074 2075
f 2070 2069 2076
f 2076 2069 2075
f 2076 2075 2077
f 2077 2075 2074
f 2077 2074 2078
f 2078 2074 2079
f 2078 2079 2080
f 2070 2080 2068
f 2068 2080 2079
f 2068 2079 2081
f 2081 2079 2082
f 2024 2083 2023
f 2023 2083 2084
f 2023 2084 2082
f 2082 2084 2085
f 2082 2085 2081
f 2011 1834 2013
f 2013 1834 2014
f 1834 1833 2014
f 2014 1833 1830
f 2014 1830 2006
f 2006 1830 1829
f 1832 1828 1836
f 1836 1828 1838
f 2002 1847 2004
f 2004 1847 2005
f 1847 1846 2005
f 2005 1846 1843
f 2005 1843 1997
f 1997 1843 1842
f 1845 1841 1849
f 1849 1841 1851
f 2019 1860 2021
f 2021 1860 2022
f 1860 1859 2022
f 2022 1859 1856
f 2022 1856 2016
f 2016 1856 1855
f 1858 1854 1862
f 1862 1854 1864
f 2026 942 940
f 940 1874 2026
f 2026 1874 1869
f 2026 1869 1868
f 1871 1867 1872
f 1872 1867 1873
f 1993 1991 1884
f 1880 1879 1995
f 1993 1884 1995
f 1995 1884 1883
f 1995 1883 1880
f 1878 1877 1886
f 1886 1877 1888
f 1887 1882 1885
f 1885 1882 1881
f 1883 1885 1880
f 1880 1885 1881
f 1876 1866 1875
f 1875 1866 1865
f 1874 1875 1869
f 1869 1875 1865
f 1863 1853 1861
f 1861 1853 1852
f 1859 1861 1856
f 1856 1861 1852
f 1850 1840 1848
f 1848 1840 1839
f 1846 1848 1843
f 1843 1848 1839
f 1837 1827 1835
f 1835 1827 1826
f 1833 1835 1830
f 1830 1835 1826
f 2066 2086 2017
f 2017 2086 2087
f 2017 2087 2015
f 2088 2028 2027
f 1992 2089 2038
f 2038 2089 2090
f 2038 2090 2040
f 2066 2064 2086
f 2086 2064 2057
f 2086 2057 2091
f 2092 2023 2082
f 2092 2082 2093
f 2094 2095 2096
f 2096 2095 2088
f 2096 2088 2092
f 2092 2088 2027
f 2092 2027 2023
f 1994 1996 2094
f 2003 2097 2098
f 2082 2079 2093
f 2093 2079 2074
f 2093 2074 2087
f 2087 2074 2020
f 2087 2020 2015
f 1992 1994 2089
f 2089 1994 2094
f 2089 2094 2099
f 2099 2094 2096
f 2003 1998 2097
f 2097 1998 1984
f 2097 1984 2090
f 2090 1984 1983
f 2090 1983 2040
f 1981 2100 2007
f 2007 2100 2091
f 2007 2091 2012
f 2012 2091 2057
f 1981 1980 2100
f 2100 1980 2049
f 2100 2049 2098
f 2098 2049 2045
f 2098 2045 2003
f 1356 2101 731
f 731 2101 706
f 706 2101 723
f 723 2101 2102
f 723 2102 724
f 724 2102 2103
f 724 2103 725
f 725 2103 1005
f 725 1005 726
f 2101 1356 1358
f 2104 2105 2106
f 2102 2101 2105
f 2104 2106 2107
f 2107 2106 2108
f 2107 2108 2109
f 2109 2108 2110
f 2109 2110 2111
f 2111 2110 2112
f 2111 2112 2113
f 2113 2112 2114
f 2113 2114 2115
f 2115 2114 2116
f 2115 2116 2117
f 2117 2116 2118
f 2117 2118 2119
f 2119 2118 2120
f 2119 2120 2121
f 2121 2120 2122
f 2121 2122 2123
f 2123 2122 2124
f 2123 2124 2125
f 2125 2124 2126
f 2125 2126 2127
f 2127 2126 2128
f 2127 2128 2129
f 2129 2128 2130
f 2129 2130 2131
f 2131 2130 2132
f 2131 2132 2133
f 2133 2132 2134
f 2133 2134 2135
f 1004 1005 2136
f 2136 1005 2103
f 2105 2104 2102
f 2102 2104 2137
f 2102 2137 2103
f 2103 2137 2138
f 2103 2138 2136
f 2101 1358 2105
f 2105 1358 1360
f 2105 1360 2106
f 2106 1360 1362
f 2106 1362 2108
f 2108 1362 1364
f 2108 1364 2110
f 2110 1364 1366
f 2110 1366 2112
f 2112 1366 1368
f 2112 1368 2114
f 2114 1368 1370
f 2114 1370 2116
f 2116 1370 1372
f 2116 1372 2118
f 2118 1372 1374
f 2118 1374 2120
f 2120 1374 1376
f 2120 1376 2122
f 2122 1376 1378
f 2122 1378 2124
f 2124 1378 1380
f 2124 1380 2126
f 2126 1380 1382
f 2126 1382 2128
f 2128 1382 1384
f 2128 1384 2130
f 2130 1384 1386
f 2130 1386 2132
f 2132 1386 1388
f 2132 1388 2134
f 2139 2140 2141
f 2141 2140 2142
f 2141 2142 1086
f 1086 2142 2143
f 1086 2143 1087
f 2139 2141 2144
f 2144 2141 2145
f 2144 2145 2146
f 1357 929 2145
f 2145 929 2147
f 2145 2147 2146
f 1148 2148 2149
f 2148 2150 2151
f 2150 1389 1387
f 2150 1387 2151
f 2151 1387 1385
f 2151 1385 2152
f 2152 1385 1383
f 2152 1383 2153
f 2153 1383 1381
f 2153 1381 2154
f 2154 1381 1379
f 2154 1379 2155
f 2155 1379 1377
f 2155 1377 2156
f 2156 1377 1375
f 2156 1375 2157
f 2157 1375 1373
f 2157 1373 2158
f 2158 1373 1371
f 2158 1371 2159
f 2159 1371 1369
f 2159 1369 2160
f 2160 1369 1367
f 2160 1367 2161
f 2161 1367 1365
f 2161 1365 2162
f 2162 1365 1363
f 2162 1363 2163
f 2163 1363 1361
f 2163 1361 2164
f 2164 1361 1359
f 2164 1359 2165
f 2165 1359 1357
f 2165 1357 2145
f 2148 2151 2149
f 2149 2151 2152
f 2149 2152 2166
f 2166 2152 2153
f 2166 2153 2167
f 2167 2153 2154
f 2167 2154 2168
f 2168 2154 2155
f 2168 2155 2169
f 2169 2155 2156
f 2169 2156 2170
f 2170 2156 2157
f 2170 2157 2171
f 2171 2157 2158
f 2171 2158 2172
f 2172 2158 2159
f 2172 2159 2173
f 2173 2159 2160
f 2173 2160 2174
f 2174 2160 2161
f 2174 2161 2175
f 2175 2161 2162
f 2175 2162 2176
f 2176 2162 2163
f 2176 2163 2177
f 2177 2163 2164
f 2177 2164 2178
f 2178 2164 2165
f 2178 2165 2179
f 2179 2165 2145
f 2179 2145 2141
f 1148 2149 1149
f 1149 2149 2166
f 1149 2166 1150
f 1150 2166 2167
f 1150 2167 1135
f 1135 2167 2168
f 1135 2168 1134
f 1134 2168 2169
f 1134 2169 1131
f 1131 2169 2170
f 1131 2170 1129
f 1129 2170 2171
f 1129 2171 1128
f 1128 2171 2172
f 1128 2172 1126
f 1126 2172 2173
f 1126 2173 1124
f 1124 2173 2174
f 1124 2174 1122
f 1122 2174 2175
f 1122 2175 1116
f 1116 2175 2176
f 1116 2176 1117
f 1117 2176 2177
f 1117 2177 1119
f 1119 2177 2178
f 1119 2178 1120
f 1120 2178 2179
f 1120 2179 1121
f 1121 2179 2141
f 1121 2141 1086
f 2180 2135 2134
f 1009 1007 2181
f 2181 1007 2182
f 2181 2182 2183
f 2183 2182 2184
f 2183 2184 2185
f 2185 2184 2186
f 2186 2184 2180
f 2186 2180 2187
f 1388 908 2134
f 2134 908 2188
f 2188 2189 2134
f 2134 2189 2190
f 2134 2190 2180
f 2180 2190 2191
f 2180 2191 2187
f 2144 2146 2192
f 2192 2146 2147
f 2142 2140 2193
f 2193 2140 2139
f 2193 2139 2144
f 2142 1110 2143
f 2143 1110 1087
f 2147 929 2192
f 2192 929 931
f 2192 931 2194
f 2194 931 932
f 2194 932 2195
f 2195 932 927
f 2195 927 2196
f 2196 927 926
f 2196 926 2197
f 2197 926 924
f 2197 924 2198
f 2198 924 923
f 2198 923 2199
f 2199 923 922
f 2199 922 2200
f 2200 922 920
f 2200 920 2201
f 2201 920 919
f 2201 919 2202
f 2202 919 918
f 2202 918 2203
f 2144 2192 2193
f 2193 2192 2194
f 2193 2194 2204
f 2204 2194 2195
f 2204 2195 2205
f 2205 2195 2196
f 2205 2196 2206
f 2206 2196 2197
f 2206 2197 2207
f 2207 2197 2198
f 2207 2198 2208
f 2208 2198 2199
f 2208 2199 2209
f 2209 2199 2200
f 2209 2200 2210
f 2210 2200 2201
f 2210 2201 2211
f 2211 2201 2202
f 2211 2202 2212
f 2212 2202 2203
f 2212 2203 2213
f 2142 2193 1110
f 1110 2193 2204
f 1110 2204 1112
f 1112 2204 2205
f 1112 2205 1114
f 1114 2205 2206
f 1114 2206 1115
f 1115 2206 2207
f 1115 2207 1103
f 1103 2207 2208
f 1103 2208 1105
f 1105 2208 2209
f 1105 2209 1088
f 1088 2209 2210
f 1088 2210 1089
f 1089 2210 2211
f 1089 2211 1099
f 1099 2211 2212
f 1099 2212 1097
f 1097 2212 2213
f 1097 2213 1091
f 1395 1389 2150
f 1395 2150 2214
f 2214 2150 2148
f 2214 2148 2215
f 2215 2148 1148
f 2215 1148 1138
f 914 701 739
f 912 914 2216
f 908 2217 2188
f 2188 2217 2218
f 2188 2218 2189
f 2219 2220 2221
f 2221 2220 2222
f 2221 2222 2223
f 2223 2222 2224
f 2223 2224 2225
f 2225 2224 2226
f 2225 2226 2227
f 2227 2226 2228
f 2227 2228 2229
f 2229 2228 2230
f 2229 2230 2216
f 2216 2230 2231
f 2216 2231 912
f 912 2231 910
f 914 739 2216
f 2216 739 734
f 2216 734 2229
f 2229 734 733
f 2229 733 2227
f 2227 733 738
f 2227 738 2225
f 2225 738 737
f 2225 737 2223
f 2223 737 736
f 2223 736 2221
f 2221 736 748
f 2221 748 2219
f 2219 748 749
f 2219 749 741
f 908 910 2217
f 2217 910 2231
f 2217 2231 2218
f 2218 2231 2230
f 2218 2230 2232
f 2232 2230 2228
f 2232 2228 2233
f 2233 2228 2226
f 2233 2226 2234
f 2234 2226 2224
f 2234 2224 2235
f 2235 2224 2222
f 2235 2222 2236
f 2236 2222 2220
f 2236 2220 2237
f 2237 2220 2238
f 2238 2220 2219
f 2238 2219 2239
f 2239 2219 741
f 2239 741 740
f 740 1063 2239
f 2239 1063 1061
f 2239 1061 2238
f 2238 1061 1059
f 2238 1059 2237
f 2237 1059 1057
f 2237 1057 1055
f 2189 2218 2190
f 2190 2218 2232
f 2190 2232 2191
f 2191 2232 2233
f 2191 2233 2187
f 2187 2233 2234
f 2187 2234 2186
f 2186 2234 2235
f 2186 2235 2185
f 2185 2235 2236
f 2185 2236 2183
f 2183 2236 2237
f 2183 2237 2181
f 2181 2237 1055
f 2181 1055 1009
f 1091 2213 2240
f 2213 2203 2241
f 2203 918 2242
f 2203 2242 2241
f 2241 2242 2243
f 2241 2243 2244
f 2244 2243 2245
f 2244 2245 2246
f 2246 2245 1395
f 2246 1395 2214
f 2213 2241 2240
f 2240 2241 2244
f 2240 2244 2247
f 2247 2244 2246
f 2247 2246 2248
f 2248 2246 2214
f 2248 2214 2215
f 1091 2240 1092
f 1092 2240 2247
f 1092 2247 1095
f 1095 2247 2248
f 1095 2248 1137
f 1137 2248 2215
f 1137 2215 1138
f 1394 1395 2249
f 2249 1395 2245
f 2249 2245 2250
f 2250 2245 2243
f 2250 2243 2251
f 2251 2243 2242
f 2251 2242 917
f 917 2242 918
f 1183 2252 1185
f 1185 2252 2253
f 1185 2253 1187
f 1187 2253 2254
f 1187 2254 1189
f 1189 2254 2255
f 1189 2255 1191
f 1191 2255 2256
f 1191 2256 1192
f 1192 2256 2257
f 1192 2257 1174
f 1174 2257 2258
f 1174 2258 1171
f 1171 2258 2259
f 1171 2259 1169
f 1169 2259 2260
f 1169 2260 1141
f 1141 2260 2261
f 1141 2261 1139
f 1139 2261 2262
f 1139 2262 1096
f 1096 2262 2263
f 1096 2263 1094
f 1094 2263 2264
f 1094 2264 1093
f 1093 2264 2265
f 1093 2265 1098
f 1098 2265 2266
f 1098 2266 1100
f 1100 2266 2267
f 1100 2267 1101
f 1101 2267 2268
f 1101 2268 1090
f 1090 2268 2269
f 1090 2269 1106
f 1106 2269 2270
f 1106 2270 1104
f 1104 2270 2271
f 1104 2271 1102
f 1102 2271 2272
f 1102 2272 1113
f 1113 2272 2273
f 1113 2273 1111
f 1111 2273 2274
f 1111 2274 1109
f 1109 2274 2275
f 1109 2275 1108
f 1108 2275 2276
f 1108 2276 1107
f 1107 2276 2277
f 1107 2277 1335
f 1335 2277 2278
f 1335 2278 1336
f 1336 2278 2279
f 1336 2279 1337
f 1337 2279 2280
f 1337 2280 1339
f 1339 2280 2281
f 1339 2281 1341
f 1341 2281 2282
f 1341 2282 1342
f 1342 2282 2283
f 1342 2283 1331
f 1331 2283 2284
f 1331 2284 1333
f 1333 2284 2285
f 1333 2285 1334
f 1334 2285 2286
f 1334 2286 1302
f 1302 2286 2287
f 1302 2287 1304
f 1304 2287 2288
f 1304 2288 1352
f 1352 2288 2289
f 1352 2289 1353
f 1353 2289 2290
f 1353 2290 1354
f 1354 2290 2291
f 1354 2291 1355
f 1355 2291 2292
f 1355 2292 1351
f 1351 2292 2293
f 1351 2293 1068
f 1068 2293 2294
f 1068 2294 1069
f 1069 2294 2295
f 1069 2295 1295
f 1295 2295 2296
f 1295 2296 1293
f 1293 2296 2297
f 1293 2297 1291
f 1291 2297 2298
f 1291 2298 1289
f 1289 2298 2299
f 1289 2299 1288
f 1288 2299 2300
f 1288 2300 1248
f 1248 2300 2301
f 1248 2301 1249
f 1249 2301 2302
f 1249 2302 1258
f 1258 2302 2303
f 1258 2303 1260
f 1260 2303 2304
f 1260 2304 1262
f 1262 2304 2305
f 1262 2305 1350
f 1350 2305 2306
f 1350 2306 1238
f 1238 2306 2307
f 1238 2307 1239
f 1239 2307 2308
f 1239 2308 1241
f 1241 2308 2309
f 1241 2309 1243
f 1243 2309 2310
f 1243 2310 1244
f 1244 2310 2311
f 1244 2311 1073
f 1073 2311 2312
f 1073 2312 1071
f 1071 2312 2313
f 1071 2313 1221
f 1221 2313 2314
f 1221 2314 1220
f 1220 2314 2315
f 1220 2315 1218
f 1218 2315 2316
f 1218 2316 1216
f 1216 2316 2317
f 1216 2317 1214
f 1214 2317 2318
f 1214 2318 1212
f 1212 2318 2319
f 1212 2319 1210
f 1210 2319 2320
f 1210 2320 1208
f 1208 2320 2321
f 1208 2321 1206
f 1206 2321 2322
f 1206 2322 1343
f 1343 2322 2323
f 1343 2323 1344
f 1344 2323 2324
f 1344 2324 1177
f 1177 2324 2325
f 1177 2325 1179
f 1179 2325 2326
f 1179 2326 1181
f 1181 2326 2327
f 1181 2327 1183
f 1183 2327 2252
f 2327 2328 2252
f 2252 2328 2329
f 2252 2329 2253
f 2253 2329 2330
f 2253 2330 2254
f 2254 2330 2331
f 2254 2331 2255
f 2255 2331 2332
f 2255 2332 2256
f 2256 2332 2333
f 2256 2333 2257
f 2257 2333 2334
f 2257 2334 2258
f 2258 2334 2335
f 2258 2335 2259
f 2259 2335 2336
f 2259 2336 2260
f 2260 2336 2337
f 2260 2337 2261
f 2261 2337 2338
f 2261 2338 2262
f 2262 2338 2339
f 2262 2339 2263
f 2263 2339 2340
f 2263 2340 2264
f 2264 2340 2341
f 2264 2341 2265
f 2265 2341 2342
f 2265 2342 2266
f 2266 2342 2343
f 2266 2343 2267
f 2267 2343 2344
f 2267 2344 2268
f 2268 2344 2345
f 2268 2345 2269
f 2269 2345 2346
f 2269 2346 2270
f 2270 2346 2347
f 2270 2347 2271
f 2271 2347 2348
f 2271 2348 2272
f 2272 2348 2349
f 2272 2349 2273
f 2273 2349 2350
f 2273 2350 2274
f 2274 2350 2351
f 2274 2351 2275
f 2275 2351 2352
f 2275 2352 2276
f 2276 2352 2353
f 2276 2353 2277
f 2277 2353 2354
f 2277 2354 2278
f 2278 2354 2355
f 2278 2355 2279
f 2279 2355 2356
f 2279 2356 2280
f 2280 2356 2357
f 2280 2357 2281
f 2281 2357 2358
f 2281 2358 2282
f 2282 2358 2359
f 2282 2359 2283
f 2283 2359 2360
f 2283 2360 2284
f 2284 2360 2361
f 2284 2361 2285
f 2285 2361 2362
f 2285 2362 2286
f 2286 2362 2363
f 2286 2363 2287
f 2287 2363 2364
f 2287 2364 2288
f 2288 2364 2365
f 2288 2365 2289
f 2289 2365 2366
f 2289 2366 2290
f 2290 2366 2367
f 2290 2367 2291
f 2291 2367 2368
f 2291 2368 2292
f 2292 2368 2369
f 2292 2369 2293
f 2293 2369 2370
f 2293 2370 2294
f 2294 2370 2371
f 2294 2371 2295
f 2295 2371 2372
f 2295 2372 2296
f 2296 2372 2373
f 2296 2373 2297
f 2297 2373 2374
f 2297 2374 2298
f 2298 2374 2375
f 2298 2375 2299
f 2299 2375 2376
f 2299 2376 2300
f 2300 2376 2377
f 2300 2377 2301
f 2301 2377 2378
f 2301 2378 2302
f 2302 2378 2379
f 2302 2379 2303
f 2303 2379 2380
f 2303 2380 2304
f 2304 2380 2381
f 2304 2381 2305
f 2305 2381 2382
f 2305 2382 2306
f 2306 2382 2383
f 2306 2383 2307
f 2307 2383 2384
f 2307 2384 2308
f 2308 2384 2385
f 2308 2385 2309
f 2309 2385 2386
f 2309 2386 2310
f 2310 2386 2387
f 2310 2387 2311
f 2311 2387 2388
f 2311 2388 2312
f 2312 2388 2389
f 2312 2389 2313
f 2313 2389 2390
f 2313 2390 2314
f 2314 2390 2391
f 2314 2391 2315
f 2315 2391 2392
f 2315 2392 2316
f 2316 2392 2393
f 2316 2393 2317
f 2317 2393 2394
f 2317 2394 2318
f 2318 2394 2395
f 2318 2395 2319
f 2319 2395 2396
f 2319 2396 2320
f 2320 2396 2397
f 2320 2397 2321
f 2321 2397 2398
f 2321 2398 2322
f 2322 2398 2399
f 2322 2399 2323
f 2323 2399 2400
f 2323 2400 2324
f 2324 2400 2401
f 2324 2401 2325
f 2325 2401 2402
f 2325 2402 2326
f 2326 2402 2403
f 2326 2403 2327
f 2327 2403 2328
f 2403 1926 2328
f 2328 1926 1927
f 2328 1927 2329
f 2329 1927 1928
f 2329 1928 2330
f 2330 1928 1929
f 2330 1929 2331
f 2331 1929 1930
f 2331 1930 2332
f 2332 1930 1931
f 2332 1931 2333
f 2333 1931 1932
f 2333 1932 2334
f 2334 1932 1933
f 2334 1933 2335
f 2335 1933 1934
f 2335 1934 2336
f 2336 1934 1935
f 2336 1935 2337
f 2337 1935 1936
f 2337 1936 2338
f 2338 1936 1937
f 2338 1937 2339
f 2339 1937 1938
f 2339 1938 2340
f 2340 1938 1939
f 2340 1939 2341
f 2341 1939 1940
f 2341 1940 2342
f 2342 1940 1941
f 2342 1941 2343
f 2343 1941 1942
f 2343 1942 2344
f 2344 1942 1943
f 2344 1943 2345
f 2345 1943 1944
f 2345 1944 2346
f 2346 1944 1945
f 2346 1945 2347
f 2347 1945 1946
f 2347 1946 2348
f 2348 1946 1947
f 2348 1947 2349
f 2349 1947 1948
f 2349 1948 2350
f 2350 1948 1949
f 2350 1949 2351
f 2351 1949 1950
f 2351 1950 2352
f 2352 1950 1951
f 2352 1951 2353
f 2353 1951 1952
f 2353 1952 2354
f 2354 1952 1953
f 2354 1953 2355
f 2355 1953 1954
f 2355 1954 2356
f 2356 1954 1955
f 2356 1955 2357
f 2357 1955 1956
f 2357 1956 2358
f 2358 1956 1957
f 2358 1957 2359
f 2359 1957 1958
f 2359 1958 2360
f 2360 1958 1959
f 2360 1959 2361
f 2361 1959 1960
f 2361 1960 2362
f 2362 1960 1961
f 2362 1961 2363
f 2363 1961 1962
f 2363 1962 2364
f 2364 1962 1963
f 2364 1963 2365
f 2365 1963 1964
f 2365 1964 2366
f 2366 1964 1889
f 2366 1889 2367
f 2367 1889 1890
f 2367 1890 2368
f 2368 1890 1891
f 2368 1891 2369
f 2369 1891 1892
f 2369 1892 2370
f 2370 1892 1893
f 2370 1893 2371
f 2371 1893 1894
f 2371 1894 2372
f 2372 1894 1895
f 2372 1895 2373
f 2373 1895 1896
f 2373 1896 2374
f 2374 1896 1897
f 2374 1897 2375
f 2375 1897 1898
f 2375 1898 2376
f 2376 1898 1899
f 2376 1899 2377
f 2377 1899 1900
f 2377 1900 2378
f 2378 1900 1901
f 2378 1901 2379
f 2379 1901 1902
f 2379 1902 2380
f 2380 1902 1903
f 2380 1903 2381
f 2381 1903 1904
f 2381 1904 2382
f 2382 1904 1905
f 2382 1905 2383
f 2383 1905 1906
f 2383 1906 2384
f 2384 1906 1907
f 2384 1907 2385
f 2385 1907 1908
f 2385 1908 2386
f 2386 1908 1909
f 2386 1909 2387
f 2387 1909 1910
f 2387 1910 2388
f 2388 1910 1911
f 2388 1911 2389
f 2389 1911 1912
f 2389 1912 2390
f 2390 1912 1913
f 2390 1913 2391
f 2391 1913 1914
f 2391 1914 2392
f 2392 1914 1915
f 2392 1915 2393
f 2393 1915 1916
f 2393 1916 2394
f 2394 1916 1917
f 2394 1917 2395
f 2395 1917 1918
f 2395 1918 2396
f 2396 1918 1919
f 2396 1919 2397
f 2397 1919 1920
f 2397 1920 2398
f 2398 1920 1921
f 2398 1921 2399
f 2399 1921 1922
f 2399 1922 2400
f 2400 1922 1923
f 2400 1923 2401
f 2401 1923 1924
f 2401 1924 2402
f 2402 1924 1925
f 2402 1925 2403
f 2403 1925 1926
f 2404 2405 2406
f 2407 1168 1167
f 2406 2405 1167
f 1167 2405 2408
f 1167 2408 2407
f 2409 1399 907
f 907 2410 2409
f 2409 2410 2411
f 2409 2411 2406
f 2406 2411 2412
f 2406 2412 2404
f 1348 2413 2414
f 2413 2415 2416
f 2415 1418 1420
f 2415 1420 2416
f 2416 1420 1421
f 2416 1421 2417
f 2417 1421 1416
f 2417 1416 2418
f 2418 1416 1415
f 2418 1415 2419
f 2419 1415 1413
f 2419 1413 2420
f 2420 1413 1412
f 2420 1412 2421
f 2421 1412 1410
f 2421 1410 2422
f 2422 1410 1409
f 2422 1409 2423
f 2423 1409 1407
f 2423 1407 2424
f 2424 1407 1406
f 2424 1406 2425
f 2425 1406 1404
f 2425 1404 2426
f 2426 1404 1403
f 2426 1403 2427
f 2427 1403 1401
f 2427 1401 2428
f 2428 1401 1400
f 2428 1400 2429
f 2429 1400 1398
f 2429 1398 2430
f 2430 1398 1399
f 2430 1399 2409
f 2413 2416 2414
f 2414 2416 2417
f 2414 2417 2431
f 2431 2417 2418
f 2431 2418 2432
f 2432 2418 2419
f 2432 2419 2433
f 2433 2419 2420
f 2433 2420 2434
f 2434 2420 2421
f 2434 2421 2435
f 2435 2421 2422
f 2435 2422 2436
f 2436 2422 2423
f 2436 2423 2437
f 2437 2423 2424
f 2437 2424 2438
f 2438 2424 2425
f 2438 2425 2439
f 2439 2425 2426
f 2439 2426 2440
f 2440 2426 2427
f 2440 2427 2441
f 2441 2427 2428
f 2441 2428 2442
f 2442 2428 2429
f 2442 2429 2443
f 2443 2429 2430
f 2443 2430 2444
f 2444 2430 2409
f 2444 2409 2406
f 1348 2414 1349
f 1349 2414 2431
f 1349 2431 1165
f 1165 2431 2432
f 1165 2432 1163
f 1163 2432 2433
f 1163 2433 1145
f 1145 2433 2434
f 1145 2434 1146
f 1146 2434 2435
f 1146 2435 1144
f 1144 2435 2436
f 1144 2436 1152
f 1152 2436 2437
f 1152 2437 1153
f 1153 2437 2438
f 1153 2438 1155
f 1155 2438 2439
f 1155 2439 1157
f 1157 2439 2440
f 1157 2440 1159
f 1159 2440 2441
f 1159 2441 1160
f 1160 2441 2442
f 1160 2442 1161
f 1161 2442 2443
f 1161 2443 1162
f 1162 2443 2444
f 1162 2444 1166
f 1166 2444 2406
f 1166 2406 1167
f 2445 2446 1178
f 1178 2446 2447
f 1178 2447 1176
f 2448 2449 2450
f 2450 2449 2451
f 2450 2451 2445
f 2452 2411 2410
f 2412 2453 2404
f 2404 2453 2405
f 2408 1170 2407
f 2407 1170 1168
f 2410 907 2452
f 2452 907 906
f 2452 906 2454
f 2454 906 904
f 2454 904 2455
f 2455 904 902
f 2455 902 2456
f 2456 902 901
f 2456 901 2457
f 2457 901 899
f 2457 899 2458
f 2458 899 898
f 2458 898 2459
f 2459 898 896
f 2459 896 2460
f 2460 896 895
f 2460 895 2461
f 2461 895 894
f 2461 894 2462
f 2462 894 892
f 2462 892 2463
f 2463 892 2464
f 2463 2464 2448
f 2448 2450 2463
f 2463 2450 2465
f 2463 2465 2462
f 2462 2465 2466
f 2462 2466 2461
f 2461 2466 2467
f 2461 2467 2460
f 2460 2467 2468
f 2460 2468 2459
f 2459 2468 2469
f 2459 2469 2458
f 2458 2469 2470
f 2458 2470 2457
f 2457 2470 2471
f 2457 2471 2456
f 2456 2471 2472
f 2456 2472 2455
f 2455 2472 2473
f 2455 2473 2454
f 2454 2473 2453
f 2454 2453 2452
f 2452 2453 2412
f 2452 2412 2411
f 2445 1178 2450
f 2450 1178 1180
f 2450 1180 2465
f 2465 1180 1182
f 2465 1182 2466
f 2466 1182 1184
f 2466 1184 2467
f 2467 1184 1186
f 2467 1186 2468
f 2468 1186 1188
f 2468 1188 2469
f 2469 1188 1190
f 2469 1190 2470
f 2470 1190 1175
f 2470 1175 2471
f 2471 1175 1173
f 2471 1173 2472
f 2472 1173 1172
f 2472 1172 2473
f 2473 1172 1170
f 2473 1170 2453
f 2453 1170 2408
f 2453 2408 2405
f 892 1418 2464
f 2464 1418 2415
f 2464 2415 2448
f 2448 2415 2449
f 2449 2415 2413
f 2449 2413 2451
f 1176 2447 1348
f 1348 2447 2446
f 1348 2446 2413
f 2413 2446 2445
f 2413 2445 2451
f 2474 2475 2476
f 2476 2475 2477
f 2476 2477 1205
f 1205 2477 2478
f 1205 2478 1207
f 2474 2476 2479
f 2479 2476 2480
f 2479 2480 2481
f 1430 887 2480
f 2480 887 2482
f 2480 2482 2481
f 1237 2483 2484
f 2483 2485 2486
f 2485 1449 1451
f 2485 1451 2486
f 2486 1451 1452
f 2486 1452 2487
f 2487 1452 1447
f 2487 1447 2488
f 2488 1447 1446
f 2488 1446 2489
f 2489 1446 1444
f 2489 1444 2490
f 2490 1444 1443
f 2490 1443 2491
f 2491 1443 1441
f 2491 1441 2492
f 2492 1441 1440
f 2492 1440 2493
f 2493 1440 1438
f 2493 1438 2494
f 2494 1438 1437
f 2494 1437 2495
f 2495 1437 1435
f 2495 1435 2496
f 2496 1435 1434
f 2496 1434 2497
f 2497 1434 1432
f 2497 1432 2498
f 2498 1432 1431
f 2498 1431 2499
f 2499 1431 1429
f 2499 1429 2500
f 2500 1429 1430
f 2500 1430 2480
f 2483 2486 2484
f 2484 2486 2487
f 2484 2487 2501
f 2501 2487 2488
f 2501 2488 2502
f 2502 2488 2489
f 2502 2489 2503
f 2503 2489 2490
f 2503 2490 2504
f 2504 2490 2491
f 2504 2491 2505
f 2505 2491 2492
f 2505 2492 2506
f 2506 2492 2493
f 2506 2493 2507
f 2507 2493 2494
f 2507 2494 2508
f 2508 2494 2495
f 2508 2495 2509
f 2509 2495 2496
f 2509 2496 2510
f 2510 2496 2497
f 2510 2497 2511
f 2511 2497 2498
f 2511 2498 2512
f 2512 2498 2499
f 2512 2499 2513
f 2513 2499 2500
f 2513 2500 2514
f 2514 2500 2480
f 2514 2480 2476
f 1237 2484 1235
f 1235 2484 2501
f 1235 2501 1229
f 1229 2501 2502
f 1229 2502 1230
f 1230 2502 2503
f 1230 2503 1232
f 1232 2503 2504
f 1232 2504 1233
f 1233 2504 2505
f 1233 2505 1228
f 1228 2505 2506
f 1228 2506 1226
f 1226 2506 2507
f 1226 2507 1224
f 1224 2507 2508
f 1224 2508 1222
f 1222 2508 2509
f 1222 2509 1196
f 1196 2509 2510
f 1196 2510 1195
f 1195 2510 2511
f 1195 2511 1193
f 1193 2511 2512
f 1193 2512 1194
f 1194 2512 2513
f 1194 2513 1202
f 1202 2513 2514
f 1202 2514 1203
f 1203 2514 2476
f 1203 2476 1205
f 2515 2516 1201
f 1201 2516 2517
f 1201 2517 1242
f 2518 2519 2520
f 2520 2519 2521
f 2520 2521 2515
f 2522 2481 2482
f 2479 2523 2474
f 2474 2523 2475
f 2477 1209 2478
f 2478 1209 1207
f 2482 887 2522
f 2522 887 889
f 2522 889 2524
f 2524 889 890
f 2524 890 2525
f 2525 890 885
f 2525 885 2526
f 2526 885 884
f 2526 884 2527
f 2527 884 883
f 2527 883 2528
f 2528 883 881
f 2528 881 2529
f 2529 881 880
f 2529 880 2530
f 2530 880 878
f 2530 878 2531
f 2531 878 877
f 2531 877 2532
f 2532 877 876
f 2532 876 2533
f 2533 876 2534
f 2533 2534 2518
f 2518 2520 2533
f 2533 2520 2535
f 2533 2535 2532
f 2532 2535 2536
f 2532 2536 2531
f 2531 2536 2537
f 2531 2537 2530
f 2530 2537 2538
f 2530 2538 2529
f 2529 2538 2539
f 2529 2539 2528
f 2528 2539 2540
f 2528 2540 2527
f 2527 2540 2541
f 2527 2541 2526
f 2526 2541 2542
f 2526 2542 2525
f 2525 2542 2543
f 2525 2543 2524
f 2524 2543 2523
f 2524 2523 2522
f 2522 2523 2479
f 2522 2479 2481
f 2515 1201 2520
f 2520 1201 1200
f 2520 1200 2535
f 2535 1200 1199
f 2535 1199 2536
f 2536 1199 1198
f 2536 1198 2537
f 2537 1198 1197
f 2537 1197 2538
f 2538 1197 1219
f 2538 1219 2539
f 2539 1219 1217
f 2539 1217 2540
f 2540 1217 1215
f 2540 1215 2541
f 2541 1215 1213
f 2541 1213 2542
f 2542 1213 1211
f 2542 1211 2543
f 2543 1211 1209
f 2543 1209 2523
f 2523 1209 2477
f 2523 2477 2475
f 876 1449 2534
f 2534 1449 2485
f 2534 2485 2518
f 2518 2485 2519
f 2519 2485 2483
f 2519 2483 2521
f 1242 2517 1237
f 1237 2517 2516
f 1237 2516 2483
f 2483 2516 2515
f 2483 2515 2521
f 2544 2545 2546
f 2546 2545 2547
f 2546 2547 1245
f 1245 2547 2548
f 1245 2548 1246
f 2544 2546 2549
f 2549 2546 2550
f 2549 2550 2551
f 1461 873 2550
f 2550 873 2552
f 2550 2552 2551
f 1266 2553 2554
f 2553 2555 2556
f 2555 1480 1482
f 2555 1482 2556
f 2556 1482 1483
f 2556 1483 2557
f 2557 1483 1478
f 2557 1478 2558
f 2558 1478 1477
f 2558 1477 2559
f 2559 1477 1475
f 2559 1475 2560
f 2560 1475 1474
f 2560 1474 2561
f 2561 1474 1472
f 2561 1472 2562
f 2562 1472 1471
f 2562 1471 2563
f 2563 1471 1469
f 2563 1469 2564
f 2564 1469 1468
f 2564 1468 2565
f 2565 1468 1466
f 2565 1466 2566
f 2566 1466 1465
f 2566 1465 2567
f 2567 1465 1463
f 2567 1463 2568
f 2568 1463 1462
f 2568 1462 2569
f 2569 1462 1460
f 2569 1460 2570
f 2570 1460 1461
f 2570 1461 2550
f 2553 2556 2554
f 2554 2556 2557
f 2554 2557 2571
f 2571 2557 2558
f 2571 2558 2572
f 2572 2558 2559
f 2572 2559 2573
f 2573 2559 2560
f 2573 2560 2574
f 2574 2560 2561
f 2574 2561 2575
f 2575 2561 2562
f 2575 2562 2576
f 2576 2562 2563
f 2576 2563 2577
f 2577 2563 2564
f 2577 2564 2578
f 2578 2564 2565
f 2578 2565 2579
f 2579 2565 2566
f 2579 2566 2580
f 2580 2566 2567
f 2580 2567 2581
f 2581 2567 2568
f 2581 2568 2582
f 2582 2568 2569
f 2582 2569 2583
f 2583 2569 2570
f 2583 2570 2584
f 2584 2570 2550
f 2584 2550 2546
f 1266 2554 1264
f 1264 2554 2571
f 1264 2571 1263
f 1263 2571 2572
f 1263 2572 1268
f 1268 2572 2573
f 1268 2573 1269
f 1269 2573 2574
f 1269 2574 1270
f 1270 2574 2575
f 1270 2575 1272
f 1272 2575 2576
f 1272 2576 1279
f 1279 2576 2577
f 1279 2577 1277
f 1277 2577 2578
f 1277 2578 1275
f 1275 2578 2579
f 1275 2579 1273
f 1273 2579 2580
f 1273 2580 1254
f 1254 2580 2581
f 1254 2581 1255
f 1255 2581 2582
f 1255 2582 1256
f 1256 2582 2583
f 1256 2583 1252
f 1252 2583 2584
f 1252 2584 1253
f 1253 2584 2546
f 1253 2546 1245
f 2585 2586 1297
f 1297 2586 2587
f 1297 2587 1282
f 2588 2589 2590
f 2590 2589 2591
f 2590 2591 2585
f 2592 2551 2552
f 2549 2593 2544
f 2544 2593 2545
f 2547 1261 2548
f 2548 1261 1246
f 2552 873 2592
f 2592 873 872
f 2592 872 2594
f 2594 872 870
f 2594 870 2595
f 2595 870 868
f 2595 868 2596
f 2596 868 867
f 2596 867 2597
f 2597 867 865
f 2597 865 2598
f 2598 865 864
f 2598 864 2599
f 2599 864 862
f 2599 862 2600
f 2600 862 861
f 2600 861 2601
f 2601 861 859
f 2601 859 2602
f 2602 859 858
f 2602 858 2603
f 2603 858 2604
f 2603 2604 2588
f 2588 2590 2603
f 2603 2590 2605
f 2603 2605 2602
f 2602 2605 2606
f 2602 2606 2601
f 2601 2606 2607
f 2601 2607 2600
f 2600 2607 2608
f 2600 2608 2599
f 2599 2608 2609
f 2599 2609 2598
f 2598 2609 2610
f 2598 2610 2597
f 2597 2610 2611
f 2597 2611 2596
f 2596 2611 2612
f 2596 2612 2595
f 2595 2612 2613
f 2595 2613 2594
f 2594 2613 2593
f 2594 2593 2592
f 2592 2593 2549
f 2592 2549 2551
f 2585 1297 2590
f 2590 1297 1296
f 2590 1296 2605
f 2605 1296 1294
f 2605 1294 2606
f 2606 1294 1292
f 2606 1292 2607
f 2607 1292 1290
f 2607 1290 2608
f 2608 1290 1287
f 2608 1287 2609
f 2609 1287 1286
f 2609 1286 2610
f 2610 1286 1250
f 2610 1250 2611
f 2611 1250 1257
f 2611 1257 2612
f 2612 1257 1259
f 2612 1259 2613
f 2613 1259 1261
f 2613 1261 2593
f 2593 1261 2547
f 2593 2547 2545
f 858 1480 2604
f 2604 1480 2555
f 2553 2589 2555
f 2555 2589 2588
f 2555 2588 2604
f 1285 1282 2587
f 2553 1266 1285
f 2587 2586 1285
f 1285 2586 2585
f 1285 2585 2553
f 2553 2585 2591
f 2553 2591 2589
f 2614 2615 2616
f 2617 1299 1306
f 2616 2615 1306
f 1306 2615 2618
f 1306 2618 2617
f 2619 1492 1516
f 1516 2620 2619
f 2619 2620 2621
f 2619 2621 2616
f 2616 2621 2622
f 2616 2622 2614
f 1320 2623 2624
f 2623 2625 2626
f 2625 1511 1513
f 2625 1513 2626
f 2626 1513 1514
f 2626 1514 2627
f 2627 1514 1509
f 2627 1509 2628
f 2628 1509 1508
f 2628 1508 2629
f 2629 1508 1506
f 2629 1506 2630
f 2630 1506 1505
f 2630 1505 2631
f 2631 1505 1503
f 2631 1503 2632
f 2632 1503 1502
f 2632 1502 2633
f 2633 1502 1500
f 2633 1500 2634
f 2634 1500 1499
f 2634 1499 2635
f 2635 1499 1497
f 2635 1497 2636
f 2636 1497 1496
f 2636 1496 2637
f 2637 1496 1494
f 2637 1494 2638
f 2638 1494 1493
f 2638 1493 2639
f 2639 1493 1491
f 2639 1491 2640
f 2640 1491 1492
f 2640 1492 2619
f 2623 2626 2624
f 2624 2626 2627
f 2624 2627 2641
f 2641 2627 2628
f 2641 2628 2642
f 2642 2628 2629
f 2642 2629 2643
f 2643 2629 2630
f 2643 2630 2644
f 2644 2630 2631
f 2644 2631 2645
f 2645 2631 2632
f 2645 2632 2646
f 2646 2632 2633
f 2646 2633 2647
f 2647 2633 2634
f 2647 2634 2648
f 2648 2634 2635
f 2648 2635 2649
f 2649 2635 2636
f 2649 2636 2650
f 2650 2636 2637
f 2650 2637 2651
f 2651 2637 2638
f 2651 2638 2652
f 2652 2638 2639
f 2652 2639 2653
f 2653 2639 2640
f 2653 2640 2654
f 2654 2640 2619
f 2654 2619 2616
f 1320 2624 1321
f 1321 2624 2641
f 1321 2641 1323
f 1323 2641 2642
f 1323 2642 1324
f 1324 2642 2643
f 1324 2643 1325
f 1325 2643 2644
f 1325 2644 1326
f 1326 2644 2645
f 1326 2645 1327
f 1327 2645 2646
f 1327 2646 1308
f 1308 2646 2647
f 1308 2647 1309
f 1309 2647 2648
f 1309 2648 1311
f 1311 2648 2649
f 1311 2649 1313
f 1313 2649 2650
f 1313 2650 1315
f 1315 2650 2651
f 1315 2651 1316
f 1316 2651 2652
f 1316 2652 1317
f 1317 2652 2653
f 1317 2653 1318
f 1318 2653 2654
f 1318 2654 1319
f 1319 2654 2616
f 1319 2616 1306
f 2620 1516 1979
f 2655 1083 1338
f 2655 1338 2656
f 2657 2658 2659
f 2659 2658 2660
f 2659 2660 2656
f 1523 2661 2662
f 2662 2661 2663
f 2662 2663 2657
f 2664 2622 2621
f 2617 2618 2665
f 2665 2618 2615
f 2665 2615 2614
f 1978 2666 1979
f 1979 2666 2667
f 1979 2667 2620
f 1978 1976 2666
f 2666 1976 1975
f 2666 1975 2668
f 2668 1975 1971
f 2668 1971 2669
f 2669 1971 1973
f 2669 1973 2670
f 2670 1973 1974
f 1974 1969 2670
f 2670 1969 1968
f 2670 1968 2671
f 2671 1968 1965
f 2671 1965 2662
f 2662 1965 1967
f 2662 1967 1523
f 2657 2672 2662
f 2662 2672 2673
f 2662 2673 2671
f 2671 2673 2674
f 2671 2674 2670
f 2670 2674 2675
f 2670 2675 2669
f 2669 2675 2676
f 2669 2676 2668
f 2668 2676 2677
f 2668 2677 2666
f 2666 2677 2664
f 2666 2664 2667
f 2667 2664 2621
f 2667 2621 2620
f 2657 2659 2672
f 2672 2659 2678
f 2672 2678 2673
f 2673 2678 2679
f 2673 2679 2674
f 2674 2679 2680
f 2674 2680 2675
f 2675 2680 2681
f 2675 2681 2676
f 2676 2681 2682
f 2676 2682 2677
f 2677 2682 2665
f 2677 2665 2664
f 2664 2665 2614
f 2664 2614 2622
f 2656 1338 2659
f 2659 1338 1340
f 2659 1340 2678
f 2678 1340 1330
f 2678 1330 2679
f 2679 1330 1332
f 2679 1332 2680
f 2680 1332 1301
f 2680 1301 2681
f 2681 1301 1303
f 2681 1303 2682
f 2682 1303 1300
f 2682 1300 2665
f 2665 1300 1299
f 2665 1299 2617
f 1523 1511 2661
f 2661 1511 2625
f 2661 2625 2663
f 2663 2625 2657
f 2657 2625 2623
f 2657 2623 2658
f 1083 2655 1320
f 1320 2655 2656
f 1320 2656 2623
f 2623 2656 2660
f 2623 2660 2658
f 1832 1836 2683
f 2683 1836 2684
f 2683 2684 2685
f 2684 2686 2685
f 2685 2686 2687
f 2685 2687 2688
f 2688 2687 1140
f 2688 1140 1136
f 2009 1831 1832
f 2685 2688 2689
f 1832 2683 2009
f 2009 2683 2685
f 2009 2685 2008
f 2008 2685 2689
f 1136 1133 2688
f 2688 1133 2690
f 2688 2690 2691
f 2691 2692 2688
f 2688 2692 2693
f 2688 2693 2689
f 2010 2686 2684
f 2010 2684 2011
f 2011 2684 1836
f 2011 1836 1834
f 2694 2687 2695
f 2695 2687 2686
f 2695 2686 2054
f 2054 2686 2010
f 1158 1140 2696
f 2696 1140 2687
f 2696 2687 2697
f 2697 2687 2694
f 2690 1133 1132
f 2698 2699 2700
f 2048 2047 2701
f 2701 2047 2702
f 2693 2692 2703
f 2703 2692 2691
f 2703 2691 2690
f 2693 1982 2689
f 2689 1982 2008
f 2693 2703 1982
f 1982 2703 2704
f 1982 2704 2032
f 2032 2704 2705
f 2032 2705 2033
f 2033 2705 2706
f 2033 2706 2046
f 2046 2706 2700
f 2046 2700 2047
f 2047 2700 2699
f 2047 2699 2702
f 2690 1132 2703
f 2703 1132 1130
f 2703 1130 2704
f 2704 1130 1127
f 2704 1127 2705
f 2705 1127 1125
f 2705 1125 2706
f 2706 1125 1123
f 2706 1123 2700
f 2700 1123 1118
f 2700 1118 2698
f 2696 2697 2707
f 2695 2054 2055
f 2708 1147 1151
f 2708 2709 2710
f 2710 2709 2711
f 1987 2712 1988
f 1988 2712 2713
f 2695 2055 2694
f 2697 2694 2707
f 2707 2694 2055
f 2707 2055 2714
f 2714 2055 2056
f 2056 2058 2714
f 2714 2058 2060
f 2714 2060 2715
f 2715 2060 2067
f 2715 2067 2716
f 2716 2067 1988
f 2716 1988 2709
f 2709 1988 2713
f 2709 2713 2711
f 2708 1151 2709
f 2709 1151 1143
f 2709 1143 2716
f 2716 1143 1142
f 2716 1142 2715
f 2715 1142 1154
f 2715 1154 2714
f 2714 1154 1156
f 2714 1156 2707
f 2707 1156 1158
f 2707 1158 2696
f 1849 1847 2002
f 1849 2002 2717
f 2717 2002 2001
f 2717 2001 2718
f 2718 2001 2048
f 2718 2048 2719
f 2719 2048 2701
f 2719 2701 2702
f 1118 1085 2698
f 2698 1085 2719
f 2698 2719 2699
f 2699 2719 2702
f 1345 1346 2720
f 2720 1346 1347
f 2712 2721 2713
f 2713 2721 2720
f 2713 2720 1164
f 1164 2720 1347
f 1164 1147 2708
f 2708 2710 1164
f 1164 2710 2711
f 1164 2711 2713
f 1986 1857 1858
f 2712 1987 2721
f 2721 1987 1986
f 2721 1986 2722
f 2722 1986 1858
f 2723 1845 1849
f 1849 2717 2723
f 2723 2717 2718
f 2723 2718 2724
f 2724 2718 2719
f 2724 2719 2725
f 2725 2719 1085
f 2725 1085 1084
f 2721 2726 2720
f 2720 2726 1204
f 2720 1204 1345
f 1858 1862 2722
f 2722 1862 2727
f 2722 2727 2721
f 2721 2727 2728
f 2721 2728 2726
f 2000 1844 1845
f 2724 2725 2729
f 1845 2723 2000
f 2000 2723 2724
f 2000 2724 1999
f 1999 2724 2729
f 1084 1322 2725
f 2725 1322 2730
f 2725 2730 2731
f 2731 2732 2725
f 2725 2732 2733
f 2725 2733 2729
f 1081 1204 2726
f 2018 2728 2727
f 2018 2727 2019
f 2019 2727 1862
f 2019 1862 1860
f 2734 1082 1081
f 2018 2071 2728
f 2728 2071 2735
f 2728 2735 2726
f 2726 2735 2736
f 2726 2736 1081
f 1081 2736 2737
f 1081 2737 2734
f 2730 1322 1329
f 2035 2036 2738
f 2738 2036 2739
f 2739 2036 2740
f 2740 2036 2741
f 2740 2741 2742
f 2730 2743 2731
f 2731 2743 2732
f 2733 1985 2729
f 2729 1985 1999
f 2036 2037 2741
f 2741 2037 2039
f 2741 2039 2744
f 2744 2039 2030
f 2744 2030 2745
f 2745 2030 2029
f 2745 2029 2746
f 2746 2029 1985
f 2746 1985 2743
f 2743 1985 2733
f 2743 2733 2732
f 2730 1329 2743
f 2743 1329 1328
f 2743 1328 2746
f 2746 1328 1307
f 2746 1307 2745
f 2745 1307 1310
f 2745 1310 2744
f 2744 1310 1312
f 2744 1312 2741
f 2741 1312 1314
f 2741 1314 2742
f 2734 2737 2747
f 2735 2071 2072
f 2748 1231 1234
f 2749 2750 2751
f 2751 2750 2752
f 2751 2752 2748
f 2084 2083 2753
f 2735 2072 2736
f 2737 2736 2747
f 2747 2736 2072
f 2747 2072 2754
f 2754 2072 2073
f 2073 2075 2754
f 2754 2075 2069
f 2754 2069 2755
f 2755 2069 2068
f 2755 2068 2756
f 2753 2749 2084
f 2084 2749 2751
f 2084 2751 2085
f 2085 2751 2756
f 2085 2756 2081
f 2081 2756 2068
f 2748 1234 2751
f 2751 1234 1227
f 2751 1227 2756
f 2756 1227 1225
f 2756 1225 2755
f 2755 1225 1223
f 2755 1223 2754
f 2754 1223 1080
f 2754 1080 2747
f 2747 1080 1082
f 2747 1082 2734
f 1079 1283 2757
f 2738 2757 2035
f 2035 2757 2758
f 2035 2758 1990
f 1990 2758 2759
f 1990 2759 1991
f 1991 2759 1886
f 1991 1886 1884
f 2738 2739 2757
f 2757 2739 2740
f 2757 2740 2742
f 2742 1314 1305
f 2742 1305 2757
f 2757 1305 1077
f 2757 1077 1079
f 2760 2749 2761
f 2761 2749 2753
f 1236 1231 2760
f 2760 1231 2748
f 2748 2752 2760
f 2760 2752 2750
f 2760 2750 2749
f 2024 1870 1871
f 2753 2083 2761
f 2761 2083 2024
f 2761 2024 2762
f 2762 2024 1871
f 2763 1878 1886
f 1886 2759 2763
f 2763 2759 2758
f 2763 2758 2764
f 2764 2758 2757
f 2764 2757 2765
f 2765 2757 1283
f 2765 1283 1284
f 2762 1871 1872
f 1872 2766 2762
f 2762 2766 2767
f 2762 2767 2761
f 2761 2767 2768
f 2761 2768 2760
f 2760 2768 1247
f 2760 1247 1236
f 2765 1284 1267
f 1265 1074 2769
f 1074 1076 2770
f 2771 2769 2772
f 2772 2769 1074
f 2772 1074 2773
f 2773 1074 2770
f 1267 1265 2765
f 2765 1265 2769
f 2765 2769 2764
f 938 1878 2774
f 2774 1878 2763
f 2774 2763 2775
f 2775 2763 2764
f 2775 2764 2776
f 2776 2764 2769
f 2766 1872 939
f 939 2777 2766
f 2766 2777 2778
f 2766 2778 2767
f 2767 2778 2768
f 2778 2779 2768
f 2768 2779 2780
f 2768 2780 2781
f 1251 1247 2782
f 2782 1247 2768
f 2782 2768 2783
f 2783 2768 2781
f 2770 1076 1075
f 2781 2784 2783
f 2783 2784 2782
f 2771 2772 2785
f 2785 2772 2773
f 2785 2773 2770
f 2770 1075 2785
f 2785 1075 1271
f 2785 1271 2786
f 2786 1271 1281
f 2786 1281 2787
f 2787 1281 1280
f 2787 1280 2788
f 2788 1280 1278
f 2788 1278 2789
f 2789 1278 1276
f 2789 1276 2790
f 2790 1276 1274
f 2790 1274 2784
f 2784 1274 1251
f 2784 1251 2782
f 2791 2792 2793
f 2793 2792 2794
f 2793 2794 2795
f 2795 2794 2796
f 2795 2796 2797
f 2797 2796 2798
f 2797 2798 2799
f 2799 2798 2800
f 2799 2800 2801
f 2801 2800 2802
f 2801 2802 2803
f 2802 2804 2803
f 2803 2804 2805
f 2803 2805 2806
f 2806 2805 2807
f 2806 2807 2808
f 2808 2807 2809
f 2808 2809 2810
f 2810 2809 2811
f 2810 2811 2812
f 2812 2811 2813
f 2812 2813 2814
f 2814 2813 2815
f 2814 2815 2791
f 2791 2815 2816
f 2791 2816 2792
f 2800 2798 2817
f 2817 2818 2800
f 2800 2818 2819
f 2800 2819 2802
f 2819 2820 2802
f 2802 2820 2821
f 2802 2821 2804
f 2821 2822 2804
f 2804 2822 2823
f 2804 2823 2805
f 2823 2824 2805
f 2805 2824 2825
f 2805 2825 2807
f 2825 2826 2807
f 2807 2826 2827
f 2807 2827 2809
f 2827 2828 2809
f 2809 2828 2829
f 2809 2829 2811
f 2829 2830 2811
f 2811 2830 2831
f 2811 2831 2813
f 2831 2832 2813
f 2813 2832 2833
f 2813 2833 2815
f 2833 2834 2815
f 2815 2834 2835
f 2815 2835 2816
f 2835 2836 2816
f 2816 2836 2837
f 2816 2837 2792
f 2837 2838 2792
f 2792 2838 2839
f 2792 2839 2794
f 2839 2840 2794
f 2794 2840 2841
f 2794 2841 2796
f 2841 2842 2796
f 2796 2842 2843
f 2796 2843 2798
f 2798 2843 2844
f 2798 2844 2817
f 2797 2845 2795
f 2795 2845 2846
f 2795 2846 2793
f 2793 2846 2847
f 2793 2847 2791
f 2791 2847 2848
f 2791 2848 2814
f 2814 2848 2849
f 2814 2849 2812
f 2812 2849 2850
f 2812 2850 2810
f 2810 2850 2851
f 2810 2851 2808
f 2808 2851 2852
f 2808 2852 2806
f 2806 2852 2853
f 2806 2853 2803
f 2803 2853 2854
f 2803 2854 2801
f 2801 2854 2855
f 2801 2855 2799
f 2799 2855 2856
f 2799 2856 2797
f 2797 2856 2845
f 2853 2852 2857
f 2857 2852 2851
f 2857 2851 2850
f 2856 2855 2857
f 2857 2855 2854
f 2857 2854 2853
f 2847 2846 2857
f 2857 2846 2845
f 2857 2845 2856
f 2850 2849 2857
f 2857 2849 2848
f 2857 2848 2847
f 2858 962 2859
f 2859 962 997
f 2859 997 2860
f 2860 997 994
f 2860 994 2861
f 2861 994 993
f 2861 993 2862
f 2862 993 991
f 2862 991 2863
f 2863 991 990
f 2863 990 2864
f 2864 990 989
f 2864 989 2865
f 2865 989 986
f 2865 986 2866
f 986 1017 2866
f 2866 1017 1016
f 2866 1016 2867
f 2867 1016 1015
f 2867 1015 2868
f 2868 1015 1013
f 2868 1013 2869
f 2869 1013 1012
f 2869 1012 2870
f 2870 1012 1042
f 2870 1042 2871
f 2871 1042 1041
f 2871 1041 2872
f 2872 1041 1040
f 2872 1040 2873
f 2873 1040 945
f 2873 945 2874
f 2874 945 1039
f 2874 1039 2875
f 1039 1032 2875
f 2875 1032 949
f 2875 949 2876
f 2876 949 948
f 2876 948 2877
f 2877 948 951
f 2877 951 2878
f 2878 951 967
f 2878 967 2879
f 2879 967 966
f 2879 966 2880
f 2880 966 954
f 2880 954 2881
f 2881 954 953
f 2881 953 2882
f 2882 953 976
f 2882 976 2883
f 2883 976 975
f 2883 975 2884
f 2884 975 973
f 2884 973 2885
f 2885 973 971
f 2885 971 2858
f 2858 971 963
f 2858 963 962
f 2886 2885 2887
f 2887 2885 2858
f 2887 2858 2888
f 2888 2858 2859
f 2888 2859 2889
f 2889 2859 2860
f 2889 2860 2890
f 2890 2860 2861
f 2890 2861 2891
f 2891 2861 2862
f 2891 2862 2892
f 2892 2862 2863
f 2892 2863 2893
f 2893 2863 2864
f 2893 2864 2894
f 2894 2864 2865
f 2894 2865 2895
f 2895 2865 2866
f 2895 2866 2896
f 2896 2866 2867
f 2896 2867 2897
f 2897 2867 2868
f 2897 2868 2898
f 2898 2868 2869
f 2898 2869 2899
f 2899 2869 2870
f 2899 2870 2900
f 2900 2870 2871
f 2900 2871 2901
f 2901 2871 2872
f 2901 2872 2902
f 2902 2872 2873
f 2902 2873 2903
f 2903 2873 2874
f 2903 2874 2904
f 2904 2874 2875
f 2904 2875 2905
f 2905 2875 2876
f 2905 2876 2906
f 2906 2876 2877
f 2906 2877 2907
f 2907 2877 2878
f 2907 2878 2908
f 2908 2878 2879
f 2908 2879 2909
f 2909 2879 2880
f 2909 2880 2910
f 2910 2880 2881
f 2910 2881 2911
f 2911 2881 2882
f 2911 2882 2912
f 2912 2882 2883
f 2912 2883 2913
f 2913 2883 2884
f 2913 2884 2886
f 2886 2884 2885
f 2830 2886 2831
f 2831 2886 2887
f 2831 2887 2832
f 2832 2887 2888
f 2832 2888 2833
f 2833 2888 2889
f 2833 2889 2834
f 2834 2889 2890
f 2834 2890 2835
f 2835 2890 2891
f 2835 2891 2836
f 2836 2891 2892
f 2836 2892 2837
f 2837 2892 2893
f 2837 2893 2838
f 2838 2893 2894
f 2838 2894 2839
f 2839 2894 2895
f 2839 2895 2840
f 2840 2895 2896
f 2840 2896 2841
f 2841 2896 2897
f 2841 2897 2842
f 2842 2897 2898
f 2842 2898 2843
f 2843 2898 2899
f 2843 2899 2844
f 2844 2899 2900
f 2844 2900 2817
f 2817 2900 2901
f 2817 2901 2818
f 2818 2901 2902
f 2818 2902 2819
f 2819 2902 2903
f 2819 2903 2820
f 2820 2903 2904
f 2820 2904 2821
f 2821 2904 2905
f 2821 2905 2822
f 2822 2905 2906
f 2822 2906 2823
f 2823 2906 2907
f 2823 2907 2824
f 2824 2907 2908
f 2824 2908 2825
f 2825 2908 2909
f 2825 2909 2826
f 2826 2909 2910
f 2826 2910 2827
f 2827 2910 2911
f 2827 2911 2828
f 2828 2911 2912
f 2828 2912 2829
f 2829 2912 2913
f 2829 2913 2830
f 2830 2913 2886
f 2914 2915 1037
f 1037 2915 946
f 1030 2916 1038
f 1038 2916 2914
f 1038 2914 1037
f 2917 2916 947
f 947 2916 1030
f 2915 2917 946
f 946 2917 947
f 2916 2917 2914
f 2914 2917 2915
f 1047 2918 1062
f 1062 2918 2919
f 1011 1010 2919
f 2919 1010 1054
f 2919 1054 1056
f 1056 1058 2919
f 2919 1058 1060
f 2919 1060 1062
f 1049 2920 1048
f 1048 2920 2918
f 1048 2918 1046
f 1046 2918 1047
f 1014 2921 1025
f 1025 2921 2920
f 1051 1044 1052
f 1052 1044 1050
f 2920 1049 1025
f 1025 1049 1050
f 1025 1050 1043
f 1043 1050 1044
f 2919 2921 1011
f 1011 2921 1014
f 2920 2921 2918
f 2918 2921 2919
f 2922 2923 1000
f 1000 2923 992
f 1001 2924 1002
f 1002 2924 2922
f 1002 2922 1000
f 2925 2924 988
f 988 2924 1001
f 2923 2925 992
f 992 2925 988
f 2924 2925 2922
f 2922 2925 2923
f 2926 2927 970
f 970 2927 974
f 968 2928 969
f 969 2928 2926
f 969 2926 970
f 2929 2928 972
f 972 2928 968
f 2927 2929 974
f 974 2929 972
f 2928 2929 2926
f 2926 2929 2927
f 2930 2931 957
f 957 2931 955
f 960 2932 978
f 978 2932 2930
f 978 2930 957
f 2933 2932 952
f 952 2932 960
f 2931 2933 955
f 955 2933 952
f 2932 2933 2930
f 2930 2933 2931
f 2044 2934 2031
f 2934 2044 2935
f 2935 2044 2043
f 2935 2043 2042
f 2935 2042 2934
f 2934 2042 2041
f 2934 2041 2031
f 2070 2936 2080
f 2936 2070 2937
f 2937 2070 2076
f 2937 2076 2077
f 2937 2077 2936
f 2936 2077 2078
f 2936 2078 2080
f 2059 2938 2065
f 2938 2059 2939
f 2939 2059 2061
f 2939 2061 2062
f 2939 2062 2938
f 2938 2062 2063
f 2938 2063 2065
f 2053 2940 2034
f 2940 2053 2941
f 2941 2053 2052
f 2941 2052 2051
f 2941 2051 2940
f 2940 2051 2050
f 2940 2050 2034
f 2089 2942 2090
f 2090 2942 2943
f 2090 2943 2097
f 2097 2943 2944
f 2097 2944 2098
f 2098 2944 2945
f 2098 2945 2100
f 2100 2945 2946
f 2100 2946 2091
f 2091 2946 2947
f 2091 2947 2086
f 2086 2947 2948
f 2086 2948 2087
f 2087 2948 2949
f 2087 2949 2093
f 2093 2949 2950
f 2093 2950 2092
f 2092 2950 2951
f 2092 2951 2096
f 2096 2951 2952
f 2096 2952 2099
f 2099 2952 2953
f 2099 2953 2089
f 2089 2953 2942
f 2949 2948 2954
f 2954 2948 2947
f 2954 2947 2946
f 2952 2951 2954
f 2954 2951 2950
f 2954 2950 2949
f 2943 2942 2954
f 2954 2942 2953
f 2954 2953 2952
f 2946 2945 2954
f 2954 2945 2944
f 2954 2944 2943
f 936 938 2955
f 2956 2094 2957
f 2957 2094 1996
f 2957 1996 2958
f 2958 1996 1989
f 2958 1989 2959
f 2959 1989 935
f 2959 935 2955
f 2955 935 934
f 2955 934 936
f 2960 2961 2088
f 2962 2963 2095
f 2095 2963 2088
f 2088 2963 2964
f 2088 2964 2960
f 2956 2965 2094
f 2094 2965 2966
f 2094 2966 2095
f 2095 2966 2967
f 2095 2967 2962
f 939 941 2968
f 2968 941 943
f 2088 2961 2028
f 2028 2961 2969
f 2028 2969 2025
f 2025 2969 944
f 944 2969 2970
f 944 2970 943
f 943 2970 2971
f 943 2971 2968
f 2777 939 2968
f 2781 2968 2784
f 2784 2968 2972
f 2777 2968 2778
f 2781 2780 2968
f 2968 2780 2779
f 2968 2779 2778
f 2973 2789 2972
f 2972 2789 2790
f 2972 2790 2784
f 2974 2787 2973
f 2973 2787 2788
f 2973 2788 2789
f 2955 938 2774
f 2774 2775 2955
f 2955 2775 2776
f 2955 2776 2769
f 2769 2771 2955
f 2955 2771 2785
f 2955 2785 2974
f 2974 2785 2786
f 2974 2786 2787
f 2968 2971 2975
f 2968 2975 2972
f 2972 2975 2976
f 2972 2976 2973
f 2959 2955 2977
f 2977 2955 2974
f 2977 2974 2978
f 2978 2974 2973
f 2978 2973 2979
f 2979 2973 2976
f 2980 2981 2982
f 2958 2959 2977
f 2983 2982 2957
f 2957 2982 2956
f 2981 2984 2982
f 2982 2984 2985
f 2982 2985 2956
f 2985 2986 2956
f 2956 2986 2987
f 2956 2987 2965
f 2965 2987 2988
f 2965 2988 2966
f 2966 2988 2989
f 2966 2989 2967
f 2967 2989 2990
f 2967 2990 2962
f 2962 2990 2991
f 2992 2960 2993
f 2993 2960 2964
f 2993 2964 2991
f 2991 2964 2963
f 2991 2963 2962
f 2994 2995 2996
f 2996 2995 2997
f 2992 2994 2960
f 2960 2994 2996
f 2960 2996 2961
f 2961 2996 2998
f 2961 2998 2969
f 2969 2998 2970
f 2999 3000 2976
f 2976 3000 3001
f 3001 3002 2976
f 2976 3002 3003
f 2976 3003 3004
f 3004 3005 2976
f 2976 3005 3006
f 2976 3006 2979
f 2979 3006 3007
f 2979 3007 3008
f 3008 3009 2979
f 2979 3009 3010
f 2979 3010 2978
f 2978 3010 3011
f 2978 3011 3012
f 2997 2999 2996
f 2996 2999 2976
f 2996 2976 2998
f 2998 2976 2975
f 2998 2975 2970
f 2970 2975 2971
f 2957 2958 2983
f 2983 2958 2977
f 2983 2977 2982
f 2982 2977 2978
f 2982 2978 2980
f 2980 2978 3012
f 3013 3014 3015
f 3015 3014 3016
f 3015 3016 3017
f 3018 3019 3015
f 3015 3019 3020
f 3015 3020 3013
f 3021 3022 3015
f 3015 3022 3023
f 3015 3023 3018
f 3017 3024 3015
f 3015 3024 3025
f 3015 3025 3021
f 2985 2984 3021
f 3016 3014 2995
f 3001 3000 3013
f 3013 3000 2999
f 3013 2999 3014
f 3014 2999 2997
f 3014 2997 2995
f 3001 3013 3002
f 3002 3013 3020
f 3002 3020 3003
f 3003 3020 3004
f 3004 3020 3019
f 3004 3019 3005
f 3009 3008 3018
f 3018 3008 3007
f 3018 3007 3019
f 3019 3007 3006
f 3019 3006 3005
f 3009 3018 3010
f 3010 3018 3023
f 3010 3023 3011
f 3011 3023 3012
f 3012 3023 3022
f 3012 3022 2980
f 3021 2984 3022
f 3022 2984 2981
f 3022 2981 2980
f 2985 3021 2986
f 2986 3021 3025
f 2986 3025 2987
f 3024 3017 2991
f 2991 2990 3024
f 3024 2990 2989
f 3024 2989 3025
f 3025 2989 2988
f 3025 2988 2987
f 2995 2994 3016
f 3016 2994 2992
f 3016 2992 3017
f 3017 2992 2993
f 3017 2993 2991
f 1517 1518 3026
f 3026 1518 3027
f 3026 3027 3028
f 3028 3027 3029
f 3028 3029 3030
f 3030 3029 3031
f 3030 3031 3032
f 3032 3031 3033
f 3032 3033 1520
f 1520 3033 1521
f 1520 1522 3032
f 3032 1522 1966
f 3032 1966 3030
f 3030 1966 1970
f 3030 1970 3028
f 3028 1970 1972
f 3028 1972 3026
f 3026 1972 1977
f 3026 1977 1517
f 1517 1977 1515
f 708 1521 709
f 709 1521 3033
f 709 3033 795
f 795 3033 3031
f 795 3031 797
f 797 3031 3029
f 797 3029 800
f 800 3029 3027
f 800 3027 713
f 713 3027 1518
f 713 1518 714
f 930 1390 928
f 928 1390 3034
f 928 3034 925
f 925 3034 3035
f 925 3035 921
f 921 3035 3036
f 921 3036 916
f 916 3036 3037
f 2250 2251 2249
f 2249 2251 917
f 2249 917 1394
f 1394 917 916
f 1394 916 1393
f 1393 916 3037
f 909 1392 3038
f 909 3038 911
f 1391 730 3039
f 3039 730 729
f 3039 729 3040
f 3040 729 788
f 3040 788 3041
f 3041 788 785
f 3041 785 3038
f 3038 785 703
f 913 911 915
f 915 911 3038
f 915 3038 702
f 702 3038 703
f 1390 1391 3034
f 3034 1391 3039
f 3034 3039 3035
f 3035 3039 3040
f 3035 3040 3036
f 3036 3040 3041
f 3036 3041 3037
f 3037 3041 3038
f 3037 3038 1393
f 1393 3038 1392
f 1422 1423 3042
f 3042 1423 3043
f 3042 3043 3044
f 3044 3043 3045
f 3044 3045 3046
f 3046 3045 3047
f 3046 3047 3048
f 3048 3047 3049
f 3048 3049 1425
f 1425 3049 1426
f 1425 891 3048
f 3048 891 893
f 3048 893 3046
f 3046 893 897
f 3046 897 3044
f 3044 897 900
f 3044 900 3042
f 3042 900 903
f 3042 903 1422
f 1422 903 905
f 699 1426 700
f 700 1426 3049
f 1423 756 3043
f 3043 756 755
f 3043 755 3045
f 3045 755 778
f 3045 778 3047
f 3047 778 776
f 3047 776 3049
f 3049 776 775
f 3049 775 700
f 1453 1454 3050
f 3050 1454 3051
f 3050 3051 3052
f 3052 3051 3053
f 3052 3053 3054
f 3054 3053 3055
f 3054 3055 3056
f 3056 3055 3057
f 3056 3057 1456
f 1456 3057 1455
f 1456 875 3056
f 3056 875 874
f 3056 874 3054
f 3054 874 879
f 3054 879 3052
f 3052 879 882
f 3052 882 3050
f 3050 882 886
f 3050 886 1453
f 1453 886 888
f 1454 767 3051
f 3051 767 766
f 3051 766 3053
f 3053 766 846
f 3053 846 3055
f 3055 846 844
f 3055 844 3057
f 3057 844 841
f 3057 841 1455
f 1455 841 697
f 1455 697 696
f 1484 1485 3058
f 3058 1485 3059
f 3058 3059 3060
f 3060 3059 3061
f 3060 3061 3062
f 3062 3061 3063
f 3062 3063 3064
f 3064 3063 3065
f 3064 3065 1487
f 1487 3065 1488
f 1487 857 3064
f 3064 857 860
f 3064 860 3062
f 3062 860 863
f 3062 863 3060
f 3060 863 866
f 3060 866 3058
f 3058 866 869
f 3058 869 1484
f 1484 869 871
f 711 1488 712
f 712 1488 3065
f 712 3065 810
f 810 3065 3063
f 810 3063 820
f 820 3063 3061
f 820 3061 823
f 823 3061 3059
f 823 3059 772
f 772 3059 1485
f 772 1485 773
f 3066 2137 2104
f 3067 2133 3068
f 3068 2133 2135
f 3068 2135 2180
f 2109 2111 3069
f 2125 2127 3067
f 3066 2104 3069
f 3069 2104 2107
f 3069 2107 2109
f 2111 2113 3069
f 3069 2113 2115
f 3069 2115 2117
f 2117 2119 3069
f 3069 2119 2121
f 3069 2121 3067
f 3067 2121 2123
f 3067 2123 2125
f 2127 2129 3067
f 3067 2129 2131
f 3067 2131 2133
f 2180 2184 1006
f 1006 2184 2182
f 1006 2182 1007
f 1004 2136 1003
f 1003 2136 2138
f 2180 1006 3068
f 3068 1006 1008
f 3068 1008 3067
f 3067 1008 985
f 3067 985 3069
f 985 984 3069
f 3069 984 1003
f 3069 1003 3066
f 3066 1003 2138
f 3066 2138 2137
f 1512 1519 3070
f 1501 1504 3070
f 1504 1507 3070
f 3070 1507 1510
f 3070 1510 1512
f 3071 1490 1489
f 3070 3072 1501
f 1501 3072 3073
f 1501 3073 1498
f 1498 3073 3071
f 1498 3071 1495
f 1495 3071 1489
f 965 1490 961
f 961 1490 3071
f 961 3071 995
f 995 3071 3073
f 995 3073 996
f 996 3073 3072
f 996 3072 998
f 998 3072 3070
f 998 3070 999
f 999 3070 1519
f 999 1519 987
f 3074 1459 1458
f 1458 1464 3074
f 3074 1464 1467
f 3074 1467 3075
f 3075 1467 1470
f 3075 1470 3076
f 1476 1479 3077
f 3077 1479 1481
f 3077 1481 1486
f 3076 1470 3077
f 3077 1470 1473
f 3077 1473 1476
f 1486 979 983
f 1486 983 3077
f 3077 983 982
f 3077 982 3076
f 3076 982 981
f 3076 981 3075
f 3075 981 980
f 3075 980 3074
f 3074 980 959
f 3074 959 1459
f 1450 1457 3078
f 1439 1442 3078
f 3079 1428 1427
f 1442 1445 3078
f 3078 1445 1448
f 3078 1448 1450
f 3078 3080 1439
f 1439 3080 3081
f 1439 3081 1436
f 1436 3081 3079
f 1436 3079 1433
f 1433 3079 1427
f 1457 956 950
f 1457 950 3078
f 950 1034 3078
f 3078 1034 1033
f 3078 1033 3080
f 3080 1033 1031
f 3080 1031 3081
f 3081 1031 1028
f 3081 1028 3079
f 3079 1028 1029
f 3079 1029 1428
f 1424 1036 1035
f 1424 1035 3082
f 3082 1035 1024
f 3082 1024 3083
f 3083 1024 1023
f 3083 1023 3084
f 3084 1023 1022
f 3084 1022 3085
f 3085 1022 1021
f 3085 1021 1397
f 3085 1397 1396
f 1414 1417 3082
f 3082 1417 1419
f 3082 1419 1424
f 1396 1402 3085
f 3085 1402 1405
f 3085 1405 3084
f 3084 1405 1408
f 3084 1408 3083
f 3083 1408 3082
f 3082 1408 1411
f 3082 1411 1414

