# https://github.com/mikedh/trimesh

o zq_Link.STL
v 4.97240261 7.55782250 -2.43410175
v 4.91682654 7.54554189 -2.44242216
v 4.91682654 7.15000002 -2.44242216
v 5.02812713 7.57225762 -2.42575912
v 5.26223225 7.15000002 -2.39071075
v 5.08336201 7.58870497 -2.41748982
v 5.26223225 7.64999996 -2.39071075
v 5.24612172 7.64999996 -2.39312267
v 5.19235954 7.62758712 -2.40117153
v 5.15128593 7.61191725 -2.40732075
v 5.13810627 7.60715186 -2.40929390
v 4.79175846 7.53733321 -2.51343465
v 4.78001241 7.53955200 -2.52930245
v 4.78064923 7.15000002 -2.52835273
v 4.76863007 7.54299919 -2.54865347
v 4.76118587 7.54641063 -2.56484330
v 4.76118587 7.15000002 -2.56484330
v 4.76988500 7.54253297 -2.54625657
v 4.80720173 7.15000002 -2.49664551
v 4.80855692 7.53565702 -2.49534352
v 4.80512036 7.53588612 -2.49869367
v 4.87873962 7.53912564 -2.45202421
v 4.86057436 7.53704227 -2.45958755
v 4.87677790 7.15000002 -2.45274154
v 4.85676858 7.53669507 -2.46144636
v 4.83970791 7.15000002 -2.47107735
v 4.83952656 7.53555271 -2.47119188
v 4.82344706 7.53520961 -2.48250596
v 4.89750518 7.54195928 -2.44629642
v 4.63268366 7.15000002 -2.88067216
v 4.73955753 7.55942195 -2.61800077
v 4.71811173 7.57450826 -2.67070963
v 4.63878761 7.64999996 -2.86566999
v 4.63268366 7.64999996 -2.88067216
v 4.65476150 7.63223051 -2.82640986
v 4.67572475 7.61090490 -2.77488695
v 4.70830027 7.58214771 -2.69482390
v 4.69683782 7.59166769 -2.72299599
v 4.71549180 7.64999996 -2.86694977
v 4.71549180 7.15000002 -2.86694977
v 4.79628227 7.64999996 -2.84418149
v 4.79628227 7.15000002 -2.84418149
v 4.87407006 7.64999996 -2.81264491
v 4.87407006 7.15000002 -2.81264491
v 4.94790678 7.64999996 -2.77272461
v 4.94790678 7.15000002 -2.77272461
v 5.01689222 7.64999996 -2.72490715
v 5.01689222 7.15000002 -2.72490715
v 5.08018532 7.64999996 -2.66977565
v 5.08018532 7.15000002 -2.66977565
v 5.13701430 7.64999996 -2.60800223
v 5.13701430 7.15000002 -2.60800223
v 5.18668648 7.64999996 -2.54034002
v 5.18668648 7.15000002 -2.54034002
v 5.22859609 7.64999996 -2.46761397
v 5.22859609 7.15000002 -2.46761397
v 4.69172472 7.64999996 -2.85738607
v 4.74861076 7.64999996 -2.84404729
v 4.80427837 7.64999996 -2.82629721
v 4.85838598 7.64999996 -2.80424471
v 5.22507988 7.64999996 -2.44239946
v 5.19816754 7.64999996 -2.49426151
v 4.91060163 7.64999996 -2.77802504
v 4.96060504 7.64999996 -2.74779911
v 5.00808940 7.64999996 -2.71375238
v 5.05276341 7.64999996 -2.67609365
v 5.09435302 7.64999996 -2.63505399
v 5.13260299 7.64999996 -2.59088518
v 5.16727874 7.64999996 -2.54385818
v 5.18527818 7.64270920 -2.48691845
v 5.15500363 7.64270920 -2.53552881
v 5.09895449 7.61154193 -2.49749634
v 4.95243980 7.64270920 -2.73541419
v 4.99897990 7.64270920 -2.70204449
v 4.91099353 7.61127203 -2.68084526
v 4.92136467 7.61273141 -2.67801166
v 4.75172137 7.58229430 -2.68134556
v 4.95581864 7.55655795 -2.44951751
v 5.12642432 7.61154193 -2.45338932
v 5.01218433 7.58229430 -2.49459103
v 4.92917516 7.55655795 -2.48028382
v 4.90020546 7.55655795 -2.50887042
v 4.86908730 7.55655795 -2.53510203
v 4.83601151 7.55655795 -2.55881769
v 4.80118110 7.55655795 -2.57987187
v 4.77613322 7.61154193 -2.74867325
v 4.67603772 7.61154193 -2.77632100
v 4.72662728 7.61154193 -2.76445865
v 4.95632156 7.60892789 -2.64174340
v 4.95812013 7.60716043 -2.63505469
v 4.99711442 7.61154193 -2.61509514
v 4.95500695 7.60978508 -2.64529728
v 4.95930728 7.60407440 -2.62474062
v 4.95905210 7.60168555 -2.61757372
v 4.95858113 7.60039251 -2.61392526
v 4.95622265 7.59677320 -2.60443229
v 4.95172236 7.59249526 -2.59439235
v 4.94884686 7.58229430 -2.56218768
v 4.95076971 7.59175430 -2.59277250
v 4.94414330 7.58738565 -2.58391637
v 4.93780142 7.58400626 -2.57790105
v 4.93744505 7.61343978 -2.66885695
v 4.92852309 7.61331703 -2.67476349
v 4.92418685 7.61300727 -2.67686884
v 4.94396374 7.61294413 -2.66275017
v 4.95042219 7.61165648 -2.65425977
v 4.95738517 7.61154193 -2.64858555
v 4.84504634 7.58325133 -2.64086982
v 4.84799873 7.58633773 -2.64836729
v 4.83606860 7.58229430 -2.64305079
v 4.85366105 7.59068533 -2.65784448
v 4.87068798 7.61154193 -2.70574412
v 4.85703687 7.59280707 -2.66202747
v 4.85957747 7.59425732 -2.66471875
v 4.86813420 7.59848907 -2.67174875
v 4.87518154 7.60142087 -2.67581537
v 4.87659562 7.60196104 -2.67648182
v 4.88546332 7.60503291 -2.67968250
v 4.89281467 7.60720792 -2.68118449
v 4.90034025 7.60911416 -2.68173360
v 4.84825743 7.57007833 -2.59756560
v 4.84457987 7.57231686 -2.60714956
v 4.84269580 7.57493890 -2.61665878
v 4.84258681 7.57525034 -2.61770657
v 4.84254188 7.57863029 -2.62826721
v 4.84448341 7.58251484 -2.63897891
v 4.86682008 7.56724580 -2.57563281
v 4.85988131 7.56754364 -2.58145093
v 4.85380210 7.56840698 -2.58843375
v 4.85039262 7.56928764 -2.59358964
v 4.88912929 7.56916023 -2.56591521
v 4.88528935 7.56858989 -2.56683480
v 4.87523884 7.56754010 -2.57062640
v 4.86818971 7.56725065 -2.57468352
v 4.93559800 7.58295535 -2.57618975
v 4.92861667 7.57994718 -2.57175651
v 4.92141719 7.57726516 -2.56847770
v 4.91346125 7.57470961 -2.56611484
v 4.91085476 7.57395617 -2.56560005
v 4.90345196 7.57202777 -2.56479301
v 4.89263462 7.56975590 -2.56531031
v 4.79922180 7.64270920 -2.81235126
v 4.74466123 7.64270920 -2.82974842
v 4.68890638 7.64270920 -2.84282190
v 4.90343075 7.64270920 -2.76503905
v 4.90366418 7.60985586 -2.68166673
v 5.21165528 7.64270920 -2.43608768
v 5.04276552 7.64270920 -2.66513464
v 5.03969295 7.58229430 -2.45728407
v 4.76480969 7.55655795 -2.59813548
v 4.79464545 7.58229430 -2.66385109
v 4.82425187 7.61154193 -2.72906160
v 4.85225345 7.64270920 -2.79073732
v 5.06811682 7.61154193 -2.53931808
v 5.12101743 7.64270920 -2.58162061
v 4.98184026 7.58229430 -2.52963055
v 5.03410059 7.61154193 -2.57859801
v 5.08352802 7.64270920 -2.62491109
v 4.86682120 7.55000013 -2.57563198
v 4.93559081 7.55000013 -2.57618439
v 4.95172236 7.55000013 -2.59439235
v 4.91344808 7.55000013 -2.56611190
v 4.88912288 7.55000013 -2.56591656
v 4.85039924 7.55000013 -2.59357838
v 4.84269650 7.55000013 -2.61665268
v 4.84504483 7.55000013 -2.64086502
v 4.85703822 7.55000013 -2.66202900
v 4.87660288 7.55000013 -2.67648513
v 4.90035589 7.55000013 -2.68173374
v 4.92419021 7.55000013 -2.67686739
v 4.94398456 7.55000013 -2.66272749
v 4.95905341 7.55000013 -2.61758736
v 4.95631639 7.55000013 -2.64175891
v 4.90082584 7.55000013 -2.62323481
v 4.96524204 7.54554189 -1.87421609
v 4.96524204 7.15000002 -1.87421609
v 4.97518079 7.55880411 -1.81473112
v 5.02279783 7.15000002 -1.52973605
v 4.98432601 7.57315952 -1.75999575
v 4.99339192 7.58946809 -1.70573464
v 5.02279783 7.64999996 -1.52973605
v 5.02011329 7.64999996 -1.54580337
v 5.01128561 7.62789893 -1.59863827
v 5.00429934 7.61189248 -1.64045233
v 5.00237849 7.60771829 -1.65194867
v 4.99397591 7.53730658 -2.01486499
v 5.00523779 7.53947674 -2.03073173
v 5.00488579 7.15000002 -2.03028239
v 5.02047883 7.54299919 -2.04798658
v 5.03357588 7.54641063 -2.06006935
v 5.03357588 7.15000002 -2.06006935
v 5.01798913 7.54238713 -2.04543014
v 4.96866377 7.15000002 -1.95641518
v 4.97431406 7.53520831 -1.97487448
v 4.98293559 7.15000002 -1.99523141
v 4.98174606 7.53562107 -1.99276309
v 4.98424033 7.53588612 -1.99784380
v 4.96258768 7.53919753 -1.91283473
v 4.96407468 7.53711752 -1.93216308
v 4.96268063 7.15000002 -1.91549347
v 4.96477620 7.53669507 -1.93721340
v 4.96864603 7.53556351 -1.95634529
v 4.96297539 7.54200603 -1.89350376
v 5.29423752 7.15000002 -2.27987872
v 5.07681426 7.55921836 -2.09653120
v 5.11969286 7.57404129 -2.13268964
v 5.28185586 7.64999996 -2.26943758
v 5.29423752 7.64999996 -2.27987872
v 5.24637983 7.63061355 -2.23952152
v 5.20445420 7.60973199 -2.20416669
v 5.13884253 7.58135515 -2.14883801
v 5.16223237 7.59087774 -2.16856212
v 5.30677591 7.64999996 -2.19688300
v 5.30677591 7.15000002 -2.19688300
v 5.31008765 7.64999996 -2.11301093
v 5.31008765 7.15000002 -2.11301093
v 5.30413235 7.64999996 -2.02928502
v 5.30413235 7.15000002 -2.02928502
v 5.28898267 7.64999996 -1.94672606
v 5.28898267 7.15000002 -1.94672606
v 5.26482323 7.64999996 -1.86634064
v 5.26482323 7.15000002 -1.86634064
v 5.23194871 7.64999996 -1.78910876
v 5.23194871 7.15000002 -1.78910876
v 5.19075980 7.64999996 -1.71597211
v 5.19075980 7.15000002 -1.71597211
v 5.14175873 7.64999996 -1.64782235
v 5.14175873 7.15000002 -1.64782235
v 5.08554294 7.64999996 -1.58549033
v 5.08554294 7.15000002 -1.58549033
v 5.29033588 7.64999996 -2.21653151
v 5.29522872 7.64999996 -2.15830777
v 5.29554961 7.64999996 -2.09987967
v 5.29129659 7.64999996 -2.04160567
v 5.28249578 7.64999996 -1.98384329
v 5.26920110 7.64999996 -1.92694692
v 5.25149419 7.64999996 -1.87126557
v 5.06047597 7.64999996 -1.58104270
v 5.10148336 7.64999996 -1.62266411
v 5.22948364 7.64999996 -1.81714087
v 5.20330449 7.64999996 -1.76490489
v 5.17311734 7.64999996 -1.71487804
v 5.13910740 7.64999996 -1.66736732
v 5.08751292 7.64074168 -1.63538952
v 5.12418388 7.64074168 -1.67896028
v 5.07144793 7.61019505 -1.71992683
v 5.25098196 7.64074168 -1.93196409
v 5.23372358 7.64074168 -1.87769330
v 5.20963855 7.61019505 -2.15448233
v 4.98315883 7.55620926 -1.83990451
v 5.03814500 7.61019505 -1.68035783
v 5.04258070 7.58149746 -1.80079439
v 5.00414339 7.55620926 -1.87468056
v 5.02234176 7.55620926 -1.91099232
v 5.03764232 7.55620926 -1.94861700
v 5.04995128 7.55620926 -1.98732377
v 5.05919303 7.55620926 -2.02687519
v 5.20992260 7.61019505 -2.10276475
v 5.13936463 7.58149746 -2.10514212
v 5.18864267 7.60980147 -1.96090941
v 5.19039160 7.61153187 -1.95187553
v 5.19074979 7.61257942 -1.94414159
v 5.19032124 7.61312238 -1.93814491
v 5.18958666 7.61337235 -1.93364298
v 5.18750297 7.61347070 -1.92605613
v 5.18315709 7.61294152 -1.91646535
v 5.18216062 7.61276047 -1.91477370
v 5.17588421 7.61135957 -1.90632928
v 5.17092696 7.61019505 -1.90040718
v 5.16836303 7.60932165 -1.89927565
v 5.12951678 7.58240103 -2.00374426
v 5.14031365 7.58652437 -2.00325172
v 5.12904543 7.58149746 -2.01341416
v 5.14979553 7.59035061 -2.00111885
v 5.19836801 7.61019505 -2.00005527
v 5.15987226 7.59465500 -1.99688246
v 5.16110072 7.59519908 -1.99620570
v 5.16725336 7.59799957 -1.99218909
v 5.17532881 7.60191783 -1.98489919
v 5.17837959 7.60349903 -1.98129927
v 5.18028643 7.60452758 -1.97871240
v 5.18559529 7.60764844 -1.96934436
v 5.09628793 7.57136020 -1.99144146
v 5.09959217 7.57231984 -1.99383741
v 5.10895853 7.57523488 -1.99896747
v 5.11667696 7.57781408 -2.00169486
v 5.11907297 7.57864314 -2.00230284
v 5.07377149 7.56840083 -1.94413865
v 5.07414718 7.56763174 -1.95202907
v 5.07630389 7.56724543 -1.96237211
v 5.07950415 7.56749354 -1.97058823
v 5.08136796 7.56777815 -1.97415711
v 5.08489362 7.56846267 -1.97964021
v 5.09141046 7.57002785 -1.98718396
v 5.08134346 7.57442351 -1.91650177
v 5.07693812 7.57164351 -1.92628773
v 5.07587874 7.57085282 -1.92970547
v 5.07494775 7.57005784 -1.93357855
v 5.15950075 7.60662063 -1.89353600
v 5.15144435 7.61019505 -1.85249879
v 5.14957560 7.60332748 -1.88942817
v 5.14784707 7.60272994 -1.88892160
v 5.13910996 7.59961317 -1.88720939
v 5.12881023 7.59574427 -1.88690885
v 5.10342428 7.58528105 -1.89440784
v 5.09959198 7.58356239 -1.89677840
v 5.08713880 7.58149746 -1.88163421
v 5.09293675 7.58045363 -1.90199528
v 5.08561674 7.57677789 -1.90999929
v 5.12508643 7.59429476 -1.88724860
v 5.11807501 7.59149111 -1.88855298
v 5.10918223 7.58778407 -1.89155159
v 5.27666300 7.64074168 -2.10051602
v 5.27635021 7.64074168 -2.15746400
v 5.27158137 7.64074168 -2.21421282
v 5.26393983 7.64074168 -1.98741915
v 5.18823867 7.60948370 -1.96230199
v 5.04754437 7.64074168 -1.59482251
v 5.21227065 7.64074168 -1.82493972
v 5.01569547 7.58149746 -1.76323666
v 5.06531089 7.55620926 -2.06702860
v 5.13600260 7.58149746 -2.05907592
v 5.20615801 7.61019505 -2.05118358
v 5.27251773 7.64074168 -2.04371827
v 5.10155177 7.61019505 -1.76198094
v 5.15733226 7.64074168 -1.72526746
v 5.06644393 7.58149746 -1.84034109
v 5.12827192 7.61019505 -1.80626211
v 5.18675470 7.64074168 -1.77402697
v 5.18315709 7.55000013 -1.91646535
v 5.16824531 7.55000013 -1.89918359
v 5.14785517 7.55000013 -1.88892384
v 5.12509090 7.55000013 -1.88724802
v 5.08613638 7.55000013 -1.90932313
v 5.10341809 7.55000013 -1.89441133
v 5.07587660 7.55000013 -1.92971329
v 5.07420083 7.55000013 -1.95247756
v 5.08136409 7.55000013 -1.97415033
v 5.09627592 7.55000013 -1.99143207
v 5.11666606 7.55000013 -2.00169182
v 5.13943038 7.55000013 -2.00336762
v 5.16110309 7.55000013 -1.99620435
v 5.17838485 7.55000013 -1.98129253
v 5.18864458 7.55000013 -1.96090237
v 5.19032041 7.55000013 -1.93813808
v 5.13226059 7.55000013 -1.94530784
v 4.28557128 7.59043145 -1.57234480
v 4.33344396 7.57430094 -1.59725018
v 4.12997291 7.15000002 -1.49139587
v 4.38172758 7.56005115 -1.62236940
v 4.43980716 7.15000002 -1.65258485
v 4.43042101 7.54769455 -1.64770179
v 4.43980716 7.54554189 -1.65258485
v 4.12997291 7.64999996 -1.49139587
v 4.14442425 7.64999996 -1.49891407
v 4.19106127 7.62829083 -1.52317665
v 4.22963381 7.61185988 -1.54324372
v 4.23811029 7.60843150 -1.54765358
v 4.58210239 7.53727361 -1.66881064
v 4.60034658 7.53938343 -1.66315909
v 4.60048563 7.15000002 -1.66310857
v 4.62214184 7.54299919 -1.65374961
v 4.63768045 7.54641063 -1.64502736
v 4.63768045 7.15000002 -1.64502736
v 4.61796467 7.54220627 -1.65579480
v 4.51904053 7.15000002 -1.67473152
v 4.51860960 7.53557748 -1.67470283
v 4.53762568 7.53520775 -1.67508309
v 4.56036718 7.15000002 -1.67315311
v 4.55658082 7.53557786 -1.67365663
v 4.56036769 7.53574121 -1.67315302
v 4.56325491 7.53588612 -1.67271949
v 4.49957722 7.53669507 -1.67249518
v 4.47827278 7.15000002 -1.66777631
v 4.49349414 7.53721400 -1.67139543
v 4.45711767 7.54206489 -1.66056652
v 4.47502763 7.53928880 -1.66683963
v 4.47826735 7.53886878 -1.66777482
v 4.92728047 7.15000002 -1.46504815
v 4.68483510 7.55896337 -1.61572190
v 4.73160443 7.57345773 -1.58665592
v 4.91352421 7.64999996 -1.47359737
v 4.92728047 7.64999996 -1.46504815
v 4.86982088 7.62859966 -1.50075790
v 4.82407475 7.60826945 -1.52918797
v 4.75182421 7.58036441 -1.57408987
v 4.77801016 7.58989184 -1.55781594
v 4.85222146 7.64999996 -1.42747637
v 4.85222146 7.15000002 -1.42747637
v 4.77347774 7.64999996 -1.39840886
v 4.77347774 7.15000002 -1.39840886
v 4.69200938 7.64999996 -1.37819995
v 4.69200938 7.15000002 -1.37819995
v 4.60880959 7.64999996 -1.36709607
v 4.60880959 7.15000002 -1.36709607
v 4.52489284 7.64999996 -1.36523254
v 4.52489284 7.15000002 -1.36523254
v 4.44128219 7.64999996 -1.37263213
v 4.44128219 7.15000002 -1.37263213
v 4.35899704 7.64999996 -1.38920464
v 4.35899704 7.15000002 -1.38920464
v 4.27904059 7.64999996 -1.41474798
v 4.27904059 7.15000002 -1.41474798
v 4.20238769 7.64999996 -1.44895071
v 4.20238769 7.15000002 -1.44895071
v 4.86582804 7.64999996 -1.44918349
v 4.81196591 7.64999996 -1.42653806
v 4.75649664 7.64999996 -1.40817759
v 4.69976052 7.64999996 -1.39421478
v 4.64210564 7.64999996 -1.38473532
v 4.58388571 7.64999996 -1.37979735
v 4.52545784 7.64999996 -1.37943111
v 4.46718059 7.64999996 -1.38363896
v 4.40941139 7.64999996 -1.39239503
v 4.35250471 7.64999996 -1.40564551
v 4.19041163 7.64999996 -1.47141644
v 4.24266790 7.64999996 -1.44527780
v 4.29680964 7.64999996 -1.42330926
v 4.32721279 7.60851382 -1.50756838
v 4.37621996 7.60851382 -1.49202568
v 4.39457194 7.58050169 -1.55887071
v 4.71251210 7.58050169 -1.56086341
v 4.65384009 7.55577265 -1.61829235
v 4.20039864 7.63986401 -1.48956876
v 4.25120359 7.63986401 -1.46415604
v 4.35074016 7.58050169 -1.57277200
v 4.45251947 7.55577265 -1.61703054
v 4.49257514 7.55577265 -1.61095935
v 4.53298311 7.55577265 -1.60804174
v 4.57349546 7.55577265 -1.60829562
v 4.61386369 7.55577265 -1.61171949
v 4.66786096 7.58050169 -1.54987474
v 4.85705640 7.63986401 -1.46795327
v 4.62248678 7.58050169 -1.54241447
v 4.61334457 7.58197877 -1.53744368
v 4.61541720 7.58441194 -1.53129592
v 4.61637474 7.58599798 -1.52728700
v 4.61751053 7.58995201 -1.51728739
v 4.63104559 7.60851382 -1.47362643
v 4.61709103 7.59340870 -1.50854129
v 4.61681559 7.59418226 -1.50658314
v 4.61432747 7.59811915 -1.49661361
v 4.60992753 7.60196365 -1.48686681
v 4.60432219 7.60518658 -1.47868155
v 4.58788462 7.57038976 -1.56659952
v 4.59401986 7.57199331 -1.56259353
v 4.60207895 7.57488917 -1.55532274
v 4.60516498 7.57633551 -1.55168155
v 4.60843710 7.57817823 -1.54703639
v 4.55676384 7.56725176 -1.57416619
v 4.54647458 7.56770755 -1.57284669
v 4.54343152 7.56798490 -1.57209195
v 4.53874584 7.56854835 -1.57058060
v 4.56569611 7.56743523 -1.57382919
v 4.57582759 7.56830733 -1.57174699
v 4.58521236 7.56981700 -1.56802454
v 4.51035504 7.57716644 -1.54815919
v 4.50812753 7.57857516 -1.54453951
v 4.48482142 7.58050169 -1.54155165
v 4.51524320 7.57470570 -1.55450327
v 4.52291745 7.57191769 -1.56173271
v 4.52931852 7.57024448 -1.56610289
v 4.47712555 7.60851382 -1.47266172
v 4.52737974 7.60958224 -1.46651028
v 4.51919938 7.60700117 -1.47286325
v 4.51290122 7.60422937 -1.47973171
v 4.51191917 7.60370801 -1.48102765
v 4.50648260 7.60011013 -1.48999922
v 4.50097066 7.58706379 -1.52287453
v 4.50244554 7.58404370 -1.53055613
v 4.50527691 7.58081778 -1.53879265
v 4.50271872 7.59617659 -1.49985782
v 4.50077796 7.59201824 -1.51033101
v 4.50068610 7.58820559 -1.51997728
v 4.57413796 7.61278003 -1.45919274
v 4.56605639 7.61335577 -1.45763189
v 4.58294456 7.63986401 -1.40049418
v 4.54648218 7.61286496 -1.45857029
v 4.53663779 7.61157098 -1.46166405
v 4.52613947 7.63986401 -1.40013818
v 4.55185702 7.61326450 -1.45765005
v 4.55570998 7.61342599 -1.45730286
v 4.46948076 7.63986401 -1.40422916
v 4.53017736 7.61027347 -1.46481914
v 4.59896108 7.60743573 -1.47295499
v 4.59502911 7.60875168 -1.46959557
v 4.63954753 7.63986401 -1.40529501
v 4.59067041 7.60995942 -1.46650269
v 4.58390725 7.61141285 -1.46276106
v 4.69560118 7.63986401 -1.41451124
v 4.75076151 7.63986401 -1.42808620
v 4.80469020 7.63986401 -1.44593676
v 4.30384164 7.63986401 -1.44279765
v 4.35798984 7.63986401 -1.42562448
v 4.78050902 7.60851382 -1.51040943
v 4.73170049 7.60851382 -1.49425368
v 4.68177727 7.60851382 -1.48196754
v 4.27957240 7.60851382 -1.52689896
v 4.41306183 7.55577265 -1.62621809
v 4.43935729 7.58050169 -1.54844259
v 4.42629328 7.60851382 -1.48036627
v 4.41331600 7.63986401 -1.41274196
v 4.50097121 7.55000013 -1.52287905
v 4.60992753 7.55000013 -1.48686681
v 4.59501570 7.55000013 -1.46958504
v 4.57462556 7.55000013 -1.45932532
v 4.55186127 7.55000013 -1.45764949
v 4.53018852 7.55000013 -1.46481281
v 4.51290675 7.55000013 -1.47972459
v 4.50264701 7.55000013 -1.50011478
v 4.50813451 7.55000013 -1.54455181
v 4.52304630 7.55000013 -1.56183357
v 4.54343647 7.55000013 -1.57209335
v 4.56620074 7.55000013 -1.57376912
v 4.58787350 7.55000013 -1.56660581
v 4.60515525 7.55000013 -1.55169403
v 4.61541501 7.55000013 -1.53130388
v 4.61709080 7.55000013 -1.50853957
v 4.55903101 7.55000013 -1.51570931
v 4.46107351 7.60692946 -2.77160930
v 4.43621720 7.58840564 -2.72178708
v 4.51738589 7.15000002 -2.88448224
v 4.41113692 7.57190447 -2.67151592
v 4.36146922 7.15000002 -2.57196159
v 4.38583302 7.55743898 -2.62079660
v 4.36146922 7.54554189 -2.57196159
v 4.51738589 7.64999996 -2.88448224
v 4.51011359 7.64999996 -2.86990556
v 4.48570568 7.62746456 -2.82098211
v 4.25517883 7.53734364 -2.47491778
v 4.23634625 7.53958180 -2.46863030
v 4.23766326 7.15000002 -2.46900332
v 4.21464196 7.54299919 -2.46384570
v 4.19694418 7.54641063 -2.46176876
v 4.19694418 7.15000002 -2.46176876
v 4.21697479 7.54259071 -2.46423965
v 4.27602385 7.15000002 -2.48445813
v 4.27738263 7.53567173 -2.48518363
v 4.27343275 7.53588612 -2.48311157
v 4.34042963 7.53909751 -2.53852822
v 4.32752713 7.53701302 -2.52352024
v 4.33927921 7.15000002 -2.53706195
v 4.32481721 7.53669507 -2.52072185
v 4.31038556 7.15000002 -2.50747239
v 4.31013375 7.53554861 -2.50726328
v 4.29430499 7.53521017 -2.49541320
v 4.35175402 7.54194102 -2.55468788
v 3.85686373 7.15000002 -2.43715234
v 4.13937936 7.55950223 -2.45760200
v 4.08230317 7.57469247 -2.45347058
v 3.87301785 7.64999996 -2.43832166
v 3.85686373 7.64999996 -2.43715234
v 3.91371460 7.63286996 -2.44126746
v 3.96950049 7.61136851 -2.44530544
v 4.05595214 7.58246063 -2.45156319
v 4.02568672 7.59197968 -2.44937246
v 3.89550361 7.64999996 -2.51166714
v 3.89550361 7.15000002 -2.51166714
v 3.94212315 7.64999996 -2.58146764
v 3.94212315 7.15000002 -2.58146764
v 3.99615397 7.64999996 -2.64570292
v 3.99615397 7.15000002 -2.64570292
v 4.05693729 7.64999996 -2.70358974
v 4.05693729 7.15000002 -2.70358974
v 4.12373198 7.64999996 -2.75442239
v 4.12373198 7.15000002 -2.75442239
v 4.19572382 7.64999996 -2.79758109
v 4.19572382 7.15000002 -2.79758109
v 4.27203500 7.64999996 -2.83253968
v 4.27203500 7.15000002 -2.83253968
v 4.35173509 7.64999996 -2.85887194
v 4.35173509 7.15000002 -2.85887194
v 4.43385246 7.64999996 -2.87625676
v 4.43385246 7.15000002 -2.87625676
v 3.89725477 7.64999996 -2.48610796
v 3.92751950 7.64999996 -2.53608788
v 3.96160306 7.64999996 -2.58354584
v 3.99929639 7.64999996 -2.62819065
v 4.04036832 7.64999996 -2.66974836
v 4.08456679 7.64999996 -2.70796411
v 4.13162066 7.64999996 -2.74260340
v 4.18124124 7.64999996 -2.77345369
v 4.23312415 7.64999996 -2.80032584
v 4.28695108 7.64999996 -2.82305481
v 4.45674633 7.64999996 -2.86512093
v 4.39910623 7.64999996 -2.85555206
v 4.34239183 7.64999996 -2.84150129
v 4.36503092 7.61207408 -2.76336877
v 4.31563586 7.61207408 -2.74693386
v 4.34103107 7.58260871 -2.67954234
v 4.08257111 7.58260871 -2.48927379
v 4.38507378 7.58260871 -2.69419642
v 4.32910037 7.55669541 -2.59578137
v 4.29293185 7.55669541 -2.57704838
v 4.25834048 7.55669541 -2.55554209
v 4.22553839 7.55669541 -2.53139443
v 4.19472689 7.55669541 -2.50475358
v 4.02576611 7.61207408 -2.53354267
v 3.96843487 7.61207408 -2.44673013
v 3.99539927 7.61207408 -2.49125990
v 4.23025014 7.56797354 -2.57608180
v 4.22496132 7.56740730 -2.57030733
v 4.21932738 7.56724580 -2.56556834
v 4.25705402 7.58260871 -2.64013868
v 4.24244881 7.57921516 -2.62106934
v 4.24306097 7.57654711 -2.61303966
v 4.24279103 7.57471091 -2.60698900
v 4.24210606 7.57333311 -2.60208326
v 4.23992113 7.57122087 -2.59370587
v 4.23545819 7.56915911 -2.58377574
v 4.18483226 7.60875504 -2.67111838
v 4.19525145 7.60595082 -2.67013407
v 4.22145335 7.61207408 -2.70274163
v 4.18409598 7.60893068 -2.67111717
v 4.20569342 7.60251480 -2.66716906
v 4.20793465 7.60168704 -2.66624705
v 4.21496644 7.59885210 -2.66259716
v 4.22380189 7.59465984 -2.65600656
v 4.22772204 7.59249433 -2.65210907
v 4.23032250 7.59091350 -2.64906397
v 4.23640755 7.58651822 -2.63971712
v 4.23980926 7.58323400 -2.63185490
v 4.24005124 7.58295312 -2.63114532
v 4.14077318 7.61300746 -2.65141141
v 4.14800276 7.61347405 -2.65828862
v 4.09282469 7.64348685 -2.69762089
v 4.14025141 7.61294152 -2.65081434
v 4.13567745 7.61209979 -2.64475348
v 4.13532099 7.61207408 -2.64439348
v 4.13058777 7.61026080 -2.63518288
v 4.15501948 7.61333472 -2.66311180
v 4.13904372 7.64348685 -2.73164560
v 4.16034574 7.61294096 -2.66587169
v 4.16474508 7.61245872 -2.66766043
v 4.17724375 7.61207408 -2.67525546
v 4.17412920 7.61101685 -2.67018129
v 4.14514304 7.58260871 -2.55775403
v 4.15055212 7.58325170 -2.56501890
v 4.14900444 7.58397832 -2.56616364
v 4.14089542 7.58827134 -2.57368747
v 4.13528080 7.59194466 -2.58109456
v 4.09594225 7.61207408 -2.61034507
v 4.13413667 7.59280651 -2.58295911
v 4.13019513 7.59629674 -2.59101677
v 4.12767851 7.59941611 -2.59895634
v 4.12643398 7.60195880 -2.60602187
v 4.12612283 7.60327532 -2.60992607
v 4.12626550 7.60565560 -2.61750727
v 4.12820023 7.60863303 -2.62829412
v 4.12877877 7.60911639 -2.63024240
v 4.21651467 7.56729405 -2.56361461
v 4.20875787 7.56777982 -2.55935576
v 4.19860817 7.56905592 -2.55582875
v 4.19717748 7.56928652 -2.55549389
v 4.18877012 7.57087554 -2.55426897
v 4.17799554 7.57347430 -2.55448709
v 4.17284230 7.57494207 -2.55530330
v 4.16770498 7.57655754 -2.55659863
v 4.15760451 7.58022658 -2.56069850
v 3.97204268 7.64348685 -2.57541009
v 3.93856387 7.64348685 -2.52879418
v 3.90883614 7.64348685 -2.47970100
v 4.29161822 7.64348685 -2.81066957
v 4.34607530 7.64348685 -2.82878873
v 4.40178346 7.64348685 -2.84259024
v 4.45840089 7.64348685 -2.85198933
v 4.04941044 7.64348685 -2.66008319
v 4.18778392 7.64348685 -2.76194855
v 4.41556078 7.61207408 -2.77588738
v 4.46691540 7.61207408 -2.78441280
v 4.16609496 7.55669541 -2.47578295
v 4.11251509 7.58260871 -2.52474009
v 4.05934914 7.61207408 -2.57331908
v 4.00906727 7.64348685 -2.61926281
v 4.36662402 7.55669541 -2.61162615
v 4.29827040 7.58260871 -2.66148613
v 4.26767860 7.61207408 -2.72668342
v 4.23874631 7.64348685 -2.78834382
v 4.24005226 7.55000013 -2.63114229
v 4.20792603 7.55000013 -2.66625078
v 4.21932666 7.55000013 -2.56556778
v 4.23545819 7.55000013 -2.58377574
v 4.19718395 7.55000013 -2.55549534
v 4.17285873 7.55000013 -2.55529995
v 4.15055705 7.55000013 -2.56501541
v 4.13413509 7.55000013 -2.58296181
v 4.12643235 7.55000013 -2.60603607
v 4.12878068 7.55000013 -2.63024846
v 4.14077407 7.55000013 -2.65141239
v 4.16033873 7.55000013 -2.66586852
v 4.18409174 7.55000013 -2.67111713
v 4.22772043 7.55000013 -2.65211084
v 4.24278926 7.55000013 -2.60697075
v 4.18456169 7.55000013 -2.61261819
v 3.71934436 6.84999998 -0.18261278
v 3.71934436 7.34999996 -0.18261278
v 3.84343569 7.34999996 -0.13411471
v 6.14063321 6.84999998 -0.73476888
v 6.14063321 7.34999996 -0.73476888
v 6.17916090 7.34999996 -0.78012392
v 6.30673775 6.94999999 -3.29834109
v 6.30673775 7.34999996 -3.29834109
v 6.15734523 7.34999996 -3.49587489
v 5.19063170 5.85026249 -4.13806920
v 5.25656431 5.85026249 -4.11588529
v 4.91042710 6.91173167 -4.20657375
v 4.08030800 6.84999998 -4.18467147
v 4.08030800 7.34999996 -4.18467147
v 3.81154334 7.34999996 -4.10427728
v 2.44599329 6.84999998 -2.31476983
v 2.44599329 7.34999996 -2.31476983
v 2.43752068 7.34999996 -2.10803034
v 2.71205446 7.34999996 -3.16654358
v 2.68524894 7.34999996 -3.11775373
v 2.68524894 6.84999998 -3.11775373
v 4.16645999 6.84999998 -4.20243924
v 4.16645999 5.85026249 -4.20243924
v 4.20071627 5.85026249 -4.20847254
v 4.34898024 6.84999998 -4.22796176
v 4.44958672 5.85026249 -4.23515958
v 4.53303034 6.84999998 -4.23747932
v 4.90011633 5.85026249 -4.20833265
v 4.90169011 6.89501192 -4.20806760
v 4.88904815 6.87928933 -4.21016270
v 4.85697978 6.85761205 -4.21512441
v 4.81904100 6.84999998 -4.22034559
v 4.69986681 5.85026249 -4.23222480
v 4.53303034 5.85026249 -4.23747932
v 5.25656431 7.34999996 -4.11588529
v 4.91792511 7.34999996 -4.20526133
v 4.91792511 6.94999999 -4.20526133
v 4.94804312 5.85026249 -4.19970935
v 6.32451409 6.84337408 -3.27127946
v 6.31369324 6.88187422 -3.28785952
v 6.15734523 5.85026249 -3.49587489
v 6.36041472 6.77953211 -3.21369430
v 6.34954972 6.79348686 -3.23156116
v 6.33256743 6.82361402 -3.25871508
v 6.30967310 6.90541163 -3.29393444
v 6.41453462 6.74999996 -3.11816053
v 6.39313972 6.75456838 -3.15732414
v 6.37097591 5.85026249 -3.19593565
v 6.47612056 6.74999996 -2.99270728
v 6.46772506 5.85026249 -3.01110807
v 6.52927728 6.74999996 -2.86345666
v 6.20593829 5.85026249 -3.43676431
v 6.34946180 5.85026249 -3.23170412
v 6.37073433 6.76913547 -3.19634646
v 6.38099061 6.76118412 -3.17872202
v 6.52927728 5.85026249 -2.86345666
v 6.55906750 5.85026249 -2.77807319
v 6.58610621 6.74999996 -2.68814124
v 6.62220707 5.85026249 -2.53587065
v 6.62743924 6.74999996 -2.50854001
v 6.66247932 7.34999996 -2.14196966
v 6.64214129 7.34999996 -2.41791857
v 6.64214129 6.74999996 -2.41791857
v 6.62743924 5.85026249 -2.50854001
v 6.65625734 5.85026249 -2.28790019
v 6.66247932 5.85026249 -2.14196966
v 5.92087489 6.84999998 -0.51765477
v 5.91025911 5.85026249 -0.50866099
v 5.77556901 6.84999998 -0.40429158
v 5.70954205 5.85026249 -0.35912374
v 5.62093565 6.84999998 -0.30402409
v 5.28845666 7.34999996 -0.14572272
v 5.47508933 7.34999996 -0.22577213
v 5.47508933 6.84999998 -0.22577213
v 5.62093565 5.85026249 -0.30402409
v 5.49254753 5.85026249 -0.23437550
v 5.28845666 5.85026249 -0.14572272
v 2.94265477 7.34999996 -0.75412511
v 3.02959531 7.34999996 -0.65829407
v 3.02959531 6.84999998 -0.65829407
v 6.38794554 7.34999996 -1.08345642
v 6.54088529 7.34999996 -1.41843569
v 6.49823183 5.85026249 -1.30814656
v 6.63333265 7.34999996 -1.77488367
v 6.58116909 5.85026249 -1.54430361
v 6.54088529 5.85026249 -1.41843569
v 6.66074054 5.85026249 -2.03764301
v 6.63559334 5.85026249 -1.78861227
v 6.63333265 5.85026249 -1.77488367
v 6.03916878 5.85026249 -3.62341020
v 5.89487608 7.34999996 -3.75416090
v 5.59154358 5.85026249 -3.96294554
v 5.64555060 5.85026249 -3.93127406
v 5.59154358 7.34999996 -3.96294554
v 5.85149471 5.85026249 -3.78902161
v 5.89487608 5.85026249 -3.75416090
v 5.42422719 5.85026249 -4.04817013
v 3.95674901 5.85026249 -4.15253786
v 3.81154334 5.85026249 -4.10427728
v 3.72110959 5.85026249 -4.06814104
v 3.47906435 7.34999996 -3.94597591
v 3.49710602 5.85026249 -3.95646689
v 3.17912511 7.34999996 -3.73234523
v 3.28788282 5.85026249 -3.81908303
v 3.47906435 5.85026249 -3.94597591
v 2.92083910 7.34999996 -3.46987608
v 3.09637692 5.85026249 -3.65791775
v 3.17912511 5.85026249 -3.73234523
v 2.55911471 6.84999998 -2.83156431
v 2.65358062 5.85026249 -3.05583326
v 2.71205446 5.85026249 -3.16654358
v 2.77698403 5.85026249 -3.27359538
v 2.92527685 5.85026249 -3.47523370
v 2.47256076 5.85026249 -1.74145999
v 2.45709205 5.85026249 -1.83760990
v 2.47256076 7.34999996 -1.74145999
v 2.43779132 5.85026249 -2.08716192
v 2.43752068 5.85026249 -2.10803034
v 2.44814148 5.85026249 -2.33724511
v 2.46666735 6.84999998 -2.47511633
v 2.46666735 5.85026249 -2.47511633
v 2.50510974 6.84999998 -2.65535845
v 2.48799724 5.85026249 -2.58434883
v 2.55679889 5.85026249 -2.82500426
v 2.50577247 5.85026249 -1.59209215
v 2.57072272 7.34999996 -1.38654334
v 2.57072272 5.85026249 -1.38654334
v 2.58314954 5.85026249 -1.35405536
v 2.72902409 7.34999996 -1.05406435
v 2.68813660 5.85026249 -1.12684097
v 3.20512392 5.85026249 -0.49583910
v 3.15221334 5.85026249 -0.54100209
v 3.20512392 6.84999998 -0.49583910
v 2.97467979 5.85026249 -0.71744069
v 2.94265477 5.85026249 -0.75412511
v 2.81926049 5.85026249 -0.91363841
v 2.72902409 5.85026249 -1.05406435
v 3.34936874 5.85026249 -0.38679948
v 3.35223237 6.84999998 -0.38482489
v 3.50845642 5.85026249 -0.28705446
v 3.50845642 6.84999998 -0.28705446
v 3.56337828 5.85026249 -0.25699714
v 3.69680030 6.84999998 -0.19240936
v 3.79123795 5.85026249 -0.15341768
v 3.84343569 5.85026249 -0.13411471
v 4.02974887 5.85026249 -0.07751489
v 4.19988367 7.34999996 -0.04166735
v 4.19988367 5.85026249 -0.04166735
v 4.27556303 5.85026249 -0.03035420
v 4.56696966 7.34999996 -0.01252068
v 4.52522966 5.85026249 -0.01259779
v 4.93354001 7.34999996 -0.04756076
v 4.77524411 5.85026249 -0.02449488
v 4.56696966 5.85026249 -0.01252068
v 5.26232165 5.85026249 -0.13616753
v 5.02209654 5.85026249 -0.06587838
v 4.93354001 5.85026249 -0.04756076
v 6.38794554 5.85026249 -1.08345642
v 6.25185845 5.85026249 -0.87338730
v 6.17916090 5.85026249 -0.78012392
v 6.09188108 5.85026249 -0.68088805
v 5.92087489 5.85026249 -0.51765477
v 2.44599329 7.37000002 -2.31476983
v 2.44599329 7.55000013 -2.31476983
v 2.43747132 7.55000013 -2.13390152
v 2.44446872 7.37000002 -1.95296786
v 2.44446872 7.55000013 -1.95296786
v 2.46693427 7.55000013 -1.77329804
v 2.50470294 7.37000002 -1.59621199
v 2.50470294 7.55000013 -1.59621199
v 2.55749719 7.55000013 -1.42301053
v 2.62492904 7.37000002 -1.25496627
v 2.62492904 7.55000013 -1.25496627
v 2.70650340 7.55000013 -1.09331354
v 2.80162068 7.37000002 -0.93924000
v 2.80162068 7.55000013 -0.93924000
v 3.02959531 7.37000002 -0.65829407
v 2.90958239 7.55000013 -0.79387759
v 3.02959531 7.55000013 -0.65829407
v 4.06296737 7.37000002 -0.06936004
v 3.71934436 7.37000002 -0.18261278
v 3.71934436 7.55000013 -0.18261278
v 3.88872684 7.55000013 -0.11861657
v 4.06296737 7.55000013 -0.06936004
v 4.42087583 7.37000002 -0.01640243
v 4.24078577 7.55000013 -0.03520490
v 4.42087583 7.55000013 -0.01640243
v 4.78257169 7.37000002 -0.02529358
v 4.60191445 7.55000013 -0.01309046
v 4.78257169 7.55000013 -0.02529358
v 4.96152034 7.55000013 -0.05292201
v 5.13744592 7.37000002 -0.09577253
v 5.47508933 7.55000013 -0.22577213
v 5.47508933 7.37000002 -0.22577213
v 5.30905570 7.55000013 -0.15353074
v 5.13744592 7.55000013 -0.09577253
v 6.14063321 7.37000002 -0.73476888
v 6.14063321 7.55000013 -0.73476888
v 6.35452857 7.37000002 -1.02657674
v 6.25383938 7.55000013 -0.87608525
v 6.35452857 7.55000013 -1.02657674
v 6.44196076 7.55000013 -1.18513757
v 6.51549390 7.37000002 -1.35060314
v 6.51549390 7.55000013 -1.35060314
v 6.57458762 7.55000013 -1.52175769
v 6.61880812 7.37000002 -1.69734380
v 6.61880812 7.55000013 -1.69734380
v 6.64783018 7.55000013 -1.87607182
v 6.66144071 7.37000002 -2.05662841
v 6.66144071 7.55000013 -2.05662841
v 6.64214129 7.37000002 -2.41791857
v 6.65953988 7.55000013 -2.23768744
v 6.64214129 7.55000013 -2.41791857
v 6.27353517 6.94999999 -3.15617097
v 6.27353517 7.34999996 -3.15617097
v 6.30387505 6.94999999 -3.18319441
v 6.30387505 7.34999996 -3.18319441
v 6.32095998 6.94999999 -3.22005737
v 6.32095998 7.34999996 -3.22005737
v 6.32196991 6.94999999 -3.26067468
v 6.32196991 7.34999996 -3.26067468
v 6.09538443 7.37000002 -3.56536226
v 6.30673775 7.37000002 -3.29834109
v 6.30673775 7.55000013 -3.29834109
v 6.20645033 7.55000013 -3.43611741
v 6.09538443 7.55000013 -3.56536226
v 5.84387323 7.37000002 -3.79495469
v 5.97426277 7.55000013 -3.68523474
v 5.84387323 7.55000013 -3.79495469
v 5.70506463 7.55000013 -3.89380825
v 5.55873988 7.37000002 -3.98115197
v 5.55873988 7.55000013 -3.98115197
v 5.40585127 7.55000013 -4.05641792
v 5.24739367 7.37000002 -4.11911605
v 4.91792511 7.55000013 -4.20526133
v 4.91792511 7.37000002 -4.20526133
v 5.08439806 7.55000013 -4.16883843
v 5.24739367 7.55000013 -4.11911605
v 3.87902288 7.58317664 -2.31038681
v 3.82502610 7.58317664 -2.32138473
v 3.84610118 7.61227991 -2.30066371
v 3.81947821 7.56682838 -2.32683942
v 3.91660184 7.55000013 -2.30851293
v 3.81761114 7.55000013 -2.32867508
v 4.03893460 7.55000013 -1.56224861
v 4.08115699 7.55000013 -1.63683884
v 4.03974513 7.56348140 -1.56553376
v 4.08009132 7.56560165 -1.63744206
v 4.04216195 7.57671680 -1.57532909
v 4.05146237 7.60121430 -1.61302339
v 4.79222401 6.84999998 -1.77578298
v 4.88802649 6.84999998 -1.83580897
v 4.73070452 6.84999998 -1.69998149
v 4.52164512 6.84999998 -1.70094695
v 4.55249172 6.84999998 -1.70000733
v 3.98777006 6.84999998 -0.70501834
v 4.42799536 6.84999998 -1.71788840
v 4.20162415 6.84999998 -1.82180186
v 4.15563867 6.84999998 -1.96655713
v 4.20078298 6.84999998 -1.88277599
v 4.37941890 6.84999998 -1.71415273
v 3.95772927 6.84999998 -0.71728339
v 3.51696722 6.84999998 -0.28971525
v 3.82330036 6.84999998 -0.41577441
v 3.45084201 6.84999998 -1.06466876
v 3.33917253 6.84999998 -0.39736459
v 3.31255700 6.84999998 -3.02008966
v 4.29402075 6.84999998 -2.46426335
v 4.23614096 6.84999998 -2.41156148
v 3.44910500 6.84999998 -1.06298716
v 3.20190657 6.84999998 -2.84270097
v 4.26343852 6.84999998 -1.81114096
v 4.34046339 6.84999998 -1.75524410
v 2.53275474 6.84999998 -2.74269658
v 2.50903526 6.84999998 -2.64151751
v 2.48531597 6.84999998 -2.54033839
v 4.18024410 6.84999998 -2.33453661
v 4.15398735 6.84999998 -2.36263177
v 4.14288840 6.84999998 -2.24700464
v 4.10654857 6.84999998 -2.16027349
v 4.12594695 6.84999998 -2.15335488
v 4.13026926 6.84999998 -2.05828329
v 3.19977058 6.84999998 -2.84383341
v 3.42806987 6.84999998 -0.34353992
v 3.02816024 6.84999998 -2.25327456
v 3.28703774 6.84999998 -1.26629339
v 3.15977456 6.84999998 -1.49276282
v 3.07273446 6.84999998 -1.73752469
v 3.02843582 6.84999998 -1.99349729
v 5.28403395 6.84999998 -3.46427027
v 5.47925197 6.84999998 -3.33699889
v 4.83656148 6.84999998 -2.43885904
v 4.20172205 6.84999998 -3.61199470
v 4.65362659 6.84999998 -2.57506266
v 4.75953661 6.84999998 -2.49475590
v 4.67200464 6.84999998 -2.53211160
v 4.57835488 6.84999998 -2.54905305
v 4.44651305 6.84999998 -2.55764744
v 4.48328329 6.84999998 -2.54473074
v 4.39155713 6.84999998 -2.51936133
v 3.34304469 6.84999998 -3.06079357
v 3.51910349 6.84999998 -3.25181091
v 4.30777599 6.84999998 -2.47421702
v 3.72498892 6.84999998 -3.41022655
v 3.95474429 6.84999998 -3.53145700
v 4.30698786 6.84999998 -4.21697793
v 4.51410134 6.84999998 -4.23439292
v 4.41054460 6.84999998 -4.22568543
v 5.00498987 6.84999998 -3.58288705
v 4.71696412 6.84999998 -3.64308225
v 4.71793564 6.84999998 -3.64869244
v 5.74546596 6.84999998 -3.07542707
v 5.90554234 6.84999998 -2.82853081
v 5.53414542 6.84999998 -3.29286491
v 6.32627448 6.84999998 -3.07114793
v 6.37826072 6.84999998 -2.96631444
v 4.92949295 6.84999998 -2.35711734
v 4.97405305 6.84999998 -2.09664512
v 4.96973074 6.84999998 -2.19171671
v 5.01005738 6.84999998 -2.16552226
v 4.94436133 6.84999998 -2.28344287
v 4.91587357 6.84999998 -2.34124411
v 4.89921702 6.84999998 -2.36722401
v 6.52910108 6.84999998 -2.49038467
v 6.54310724 6.84999998 -2.40405283
v 6.06487822 6.84999998 -2.33709652
v 6.06248453 6.84999998 -2.33675719
v 6.07649293 6.84999998 -2.07735765
v 6.04633568 6.84999998 -1.81933658
v 5.97288525 6.84999998 -1.57015922
v 6.45529265 6.84999998 -2.77323390
v 6.48972476 6.84999998 -2.66148427
v 5.21983891 6.84999998 -0.74980657
v 4.97640166 6.84999998 -0.65849663
v 5.21877641 6.84999998 -0.75197832
v 5.81891276 6.84999998 -0.43956598
v 4.72168996 6.84999998 -0.60744507
v 4.61671671 6.84999998 -1.70526926
v 4.46201075 6.84999998 -0.60030052
v 4.20487733 6.84999998 -0.63726984
v 5.85826663 6.84999998 -1.33703498
v 5.70579637 6.84999998 -1.12670872
v 5.97623466 6.84999998 -0.57539342
v 5.89757375 6.84999998 -0.50747951
v 4.70844287 6.84999998 -1.73063867
v 4.86385904 6.84999998 -1.83843852
v 4.91975590 6.84999998 -1.91546339
v 4.95711160 6.84999998 -2.00299536
v 6.48451867 6.84486653 -2.78552331
v 6.50149183 6.83660411 -2.79266040
v 6.53791549 6.83660253 -2.67481275
v 6.49664672 6.78800360 -2.92611129
v 6.46449430 6.78547078 -3.00257502
v 6.52568182 6.78299132 -2.85706141
v 6.54505873 6.77369970 -2.81097989
v 6.53531244 6.80000109 -2.80688161
v 6.51185857 6.82907269 -2.79701941
v 6.53282246 6.80440270 -2.80583471
v 6.57319361 6.79999997 -2.68456990
v 6.41862536 6.83991496 -2.98328751
v 6.36005020 6.84238800 -3.08913894
v 6.42437609 6.83660281 -2.98570569
v 6.37040446 6.83660253 -3.09465423
v 6.44381279 6.82034583 -2.99387861
v 6.38868371 6.82071072 -3.10439083
v 6.45813467 6.80000043 -2.99990091
v 6.40270999 6.79999997 -3.11186209
v 6.46159751 6.79284425 -3.00135694
v 6.40781606 6.78826838 -3.11458192
v 6.61426457 6.79999997 -2.50610758
v 6.62887329 6.79999997 -2.41606087
v 6.57827025 6.83660253 -2.49946229
v 6.59262435 6.83660253 -2.41098569
v 2.28919247 7.64999996 -2.54778762
v 2.26200083 7.64999996 -2.35964749
v 2.44680708 7.64999996 -2.63373519
v 4.12721238 7.64999996 0.13580753
v 3.87497600 7.64999996 -0.00437701
v 3.94196045 7.64999996 0.09317233
v 3.67658837 7.64999996 -2.25534509
v 3.74964289 7.64999996 -2.20469015
v 3.75389149 7.64999996 -2.23960017
v 2.79348073 7.64999996 -2.75579242
v 2.58343043 7.64999996 -2.87482569
v 2.54469113 7.64999996 -2.80646521
v 4.79189267 7.64999996 -1.35792119
v 5.09661501 7.64999996 -1.13211812
v 4.86503739 7.64999996 -1.38495041
v 4.15755706 7.64999996 -4.30246515
v 4.26326825 7.64999996 -4.23409098
v 4.57538557 7.64999996 -4.26958387
v 4.71793564 7.64999996 -3.64869244
v 4.83647583 7.64999996 -4.31892292
v 5.90512035 7.64999996 -3.87400405
v 6.04168195 7.64999996 -3.75909039
v 5.99785605 7.64999996 -3.91209626
v 6.38989499 7.64999996 -3.35388256
v 6.42035929 7.64999996 -3.27854974
v 6.49967631 7.64999996 -3.34514834
v 6.59377640 7.64999996 -3.17997800
v 6.41833981 7.64999996 -3.19731541
v 6.67391503 7.64999996 -3.00760090
v 6.28486043 7.64999996 -3.49818075
v 6.39225813 7.64999996 -3.50198390
v 6.16853712 7.64999996 -3.63354355
v 6.27225554 7.64999996 -3.64941338
v 6.14048811 7.64999996 -3.78642955
v 5.51484581 7.64999996 -4.21283913
v 5.60648981 7.64999996 -4.06901518
v 5.68396272 7.64999996 -4.12603186
v 5.75974099 7.64999996 -3.97753695
v 5.84533354 7.64999996 -4.02555538
v 4.59490461 7.64999996 -4.42456154
v 4.78464749 7.64999996 -4.41299917
v 4.97278762 7.64999996 -4.38580753
v 4.93534130 7.64999996 -4.30373305
v 5.15803955 7.64999996 -4.34317233
v 5.10969441 7.64999996 -4.26558589
v 5.33913793 7.64999996 -4.28538451
v 5.28040565 7.64999996 -4.21351006
v 5.44636398 7.64999996 -4.14784399
v 4.81629115 7.64999996 -3.10654172
v 4.76605967 7.64999996 -3.20714729
v 4.73011963 7.64999996 -2.90888704
v 4.73055122 7.64999996 -3.31384211
v 4.71047873 7.64999996 -3.42448454
v 4.70624522 7.64999996 -3.53685336
v 4.88023739 7.64999996 -3.01404565
v 4.80518236 7.64999996 -2.88776078
v 4.95661446 7.64999996 -2.93151566
v 4.93225886 7.64999996 -2.83267235
v 5.04388912 7.64999996 -2.86060872
v 5.04800025 7.64999996 -2.75659936
v 5.14030917 7.64999996 -2.80274835
v 5.24393902 7.64999996 -2.75909614
v 5.14897443 7.64999996 -2.66179757
v 5.35269817 7.64999996 -2.73052843
v 5.23218722 7.64999996 -2.55107808
v 5.26142563 7.64999996 -2.50022735
v 5.46440305 7.64999996 -2.71761876
v 5.57681136 7.64999996 -2.72062633
v 6.46725977 7.64999996 -3.04944299
v 6.38416959 7.64999996 -3.12358940
v 6.32349001 7.64999996 -3.06954233
v 6.73954552 7.64999996 -2.82919493
v 6.59746500 7.64999996 -2.76356980
v 6.79021915 7.64999996 -2.64597845
v 5.30457720 7.64999996 -1.84654859
v 5.24561810 7.64999996 -1.72122100
v 5.36750024 7.64999996 -1.66097127
v 5.39618004 7.64999996 -1.43848027
v 5.37393913 7.64999996 -1.54870728
v 5.12670502 7.64999996 -1.56434563
v 5.89588946 7.64999996 -2.82296434
v 5.79474205 7.64999996 -2.77383316
v 5.68766612 7.64999996 -2.73949069
v 5.16603184 7.64999996 -1.60786675
v 5.37699256 7.64999996 -1.77301837
v 5.40222553 7.64999996 -1.88259918
v 5.34116086 7.64999996 -1.98013301
v 5.44269280 7.64999996 -1.98751369
v 5.35428431 7.64999996 -2.11801319
v 5.49758160 7.64999996 -2.08565584
v 5.35118086 7.64999996 -2.19593048
v 5.56579018 7.64999996 -2.17505516
v 5.64594921 7.64999996 -2.25391695
v 5.73644945 7.64999996 -2.32065797
v 5.83547400 7.64999996 -2.37393847
v 5.43377651 7.64999996 -1.33250307
v 5.37573863 7.64999996 -1.29245527
v 5.48597360 7.64999996 -1.23290324
v 5.94103476 7.64999996 -2.41268862
v 6.05101259 7.64999996 -2.43613054
v 6.72507072 7.64999996 -2.53050474
v 6.82558948 7.64999996 -2.45920327
v 6.74117533 7.64999996 -2.43178420
v 6.84541566 7.64999996 -2.27014506
v 6.75939741 7.64999996 -2.24302163
v 6.76138839 7.64999996 -2.05339199
v 6.84956154 7.64999996 -2.08009539
v 6.74713338 7.64999996 -1.86428849
v 6.14737486 7.64999996 -0.59406578
v 6.21142955 7.64999996 -0.53451189
v 6.21592784 7.64999996 -0.66896060
v 6.33709626 7.64999996 -0.67714395
v 6.33449284 7.64999996 -0.81696629
v 6.45055538 7.64999996 -0.82966646
v 6.43994799 7.64999996 -0.97458146
v 6.55103186 7.64999996 -0.99103728
v 6.53151898 7.64999996 -1.14064810
v 6.63783913 7.64999996 -1.16015419
v 6.60853283 7.64999996 -1.31394609
v 6.71038451 7.64999996 -1.33586207
v 6.67042406 7.64999996 -1.49320241
v 6.76817233 7.64999996 -1.51696045
v 6.71673762 7.64999996 -1.67710024
v 6.81080753 7.64999996 -1.70221238
v 6.83799917 7.64999996 -1.89035251
v 5.01127425 7.64999996 -1.12252783
v 5.10271490 7.64999996 -1.05708118
v 4.91150173 7.64999996 -1.17439393
v 4.80540025 7.64999996 -1.21163835
v 4.41476359 7.64999996 0.08341058
v 4.22614869 7.64999996 0.06371813
v 4.03991309 7.64999996 0.02794622
v 3.85742471 7.64999996 -0.02364197
v 3.68002430 7.64999996 -0.09066758
v 5.18398783 7.64999996 -0.97936790
v 5.25346151 7.64999996 -0.89094804
v 5.79001736 7.64999996 -0.37507394
v 5.30974120 7.64999996 -0.79359680
v 5.77014834 7.64999996 -0.17532369
v 5.60779171 7.64999996 -0.18169282
v 5.60497800 7.64999996 -0.08122360
v 5.51887955 7.64999996 -0.13586988
v 5.43260090 7.64999996 -0.00108497
v 5.34498654 7.64999996 -0.06020886
v 5.25419493 7.64999996 0.06454552
v 5.16525335 7.64999996 0.00028333
v 5.07097845 7.64999996 0.11521915
v 4.98100021 7.64999996 0.04516246
v 4.88420327 7.64999996 0.15058948
v 4.79358076 7.64999996 0.07409865
v 4.69514506 7.64999996 0.17041566
v 4.60437186 7.64999996 0.08687919
v 4.50509539 7.64999996 0.17456154
v 4.31535251 7.64999996 0.16299917
v 4.69509999 7.64999996 -1.23351317
v 4.65670547 7.64999996 -1.32779495
v 4.58281530 7.64999996 -1.23957924
v 4.51835413 7.64999996 -1.32130820
v 4.47080029 7.64999996 -1.22971495
v 4.38094119 7.64999996 -1.33865334
v 4.36130389 7.64999996 -1.20411830
v 3.99079733 7.64999996 -0.95916323
v 4.06939257 7.64999996 -1.03958359
v 4.19499767 7.64999996 -1.40326920
v 4.15856494 7.64999996 -1.10808869
v 4.25652428 7.64999996 -1.16330308
v 4.24854136 7.64999996 -1.37931600
v 3.92435710 7.64999996 -0.86844189
v 3.54227833 7.64999996 -0.25017297
v 3.87140573 7.64999996 -0.76924113
v 3.10214395 7.64999996 -0.33790374
v 3.25466646 7.64999996 -0.22444462
v 3.37568400 7.64999996 -0.28732026
v 3.41603728 7.64999996 -0.12396814
v 3.58761102 7.64999996 -0.13272145
v 3.58515419 7.64999996 -0.03716087
v 3.76086207 7.64999996 0.03538451
v 3.51853324 7.64999996 -0.99101698
v 3.02868066 7.64999996 -0.51846539
v 3.26890787 7.64999996 -0.40491650
v 2.42608497 7.64999996 -1.24239910
v 2.50622360 7.64999996 -1.07002200
v 2.61923922 7.64999996 -1.04447731
v 3.94352293 7.64999996 -1.59669372
v 3.65635203 7.64999996 -1.16802191
v 3.59372841 7.64999996 -1.07462534
v 3.75763010 7.64999996 -1.48743803
v 3.73913385 7.64999996 -1.37652119
v 3.70514719 7.64999996 -1.26933192
v 2.71885926 7.64999996 -0.88311059
v 2.60032369 7.64999996 -0.90485166
v 2.83193132 7.64999996 -0.73086729
v 2.70774187 7.64999996 -0.74801610
v 2.95762503 7.64999996 -0.58886574
v 2.82774446 7.64999996 -0.60058662
v 3.26842023 7.64999996 -2.29656992
v 3.16160796 7.64999996 -2.33172395
v 3.03817140 7.64999996 -2.38537612
v 3.05089941 7.64999996 -2.35142894
v 2.79916925 7.64999996 -2.43405541
v 3.36919175 7.64999996 -2.24667273
v 3.46189979 7.64999996 -2.18303397
v 3.54468282 7.64999996 -2.10693132
v 3.74569520 7.64999996 -2.12102577
v 3.61587917 7.64999996 -2.01989255
v 3.76026444 7.64999996 -1.59985565
v 3.91471181 7.64999996 -1.63171420
v 3.74698397 7.64999996 -1.71151713
v 3.86739341 7.64999996 -1.69959406
v 3.71805541 7.64999996 -1.82018078
v 3.81533285 7.64999996 -1.79760705
v 3.67405936 7.64999996 -1.92366513
v 3.77725973 7.64999996 -1.90185332
v 3.75389894 7.64999996 -2.01034808
v 2.35783597 7.64999996 -2.42463842
v 2.51822406 7.64999996 -2.81185599
v 2.45553041 7.64999996 -2.50404687
v 2.92070685 7.64999996 -2.36518143
v 2.53380360 7.64999996 -1.21378207
v 2.46317973 7.64999996 -1.38978104
v 2.36045448 7.64999996 -1.42080507
v 2.30978085 7.64999996 -1.60402155
v 2.40788637 7.64999996 -1.57118107
v 2.27441052 7.64999996 -1.79079673
v 2.36832993 7.64999996 -1.75664979
v 2.25458434 7.64999996 -1.97985494
v 2.34480100 7.64999996 -1.94482455
v 2.25043846 7.64999996 -2.16990461
v 2.33747223 7.64999996 -2.13432286
v 2.34639766 7.64999996 -2.32375285
v 2.43061567 7.64999996 -2.96142416
v 2.55198115 7.64999996 -3.07541422
v 2.67340494 7.64999996 -3.29707384
v 3.00574219 7.64999996 -3.70949784
v 2.88857045 7.64999996 -3.71548811
v 2.82718772 7.64999996 -3.51326659
v 2.76290374 7.64999996 -3.57285605
v 3.20104090 7.64999996 -2.67278168
v 3.15277735 7.64999996 -2.75556313
v 4.10320386 7.64999996 -2.79380132
v 4.08783858 7.64999996 -2.89585318
v 4.00301465 7.64999996 -2.82203204
v 3.99508811 7.64999996 -2.70723256
v 3.90860885 7.64999996 -2.76094035
v 3.90342707 7.64999996 -2.60339885
v 3.80651629 7.64999996 -2.71380462
v 3.86013915 7.64999996 -2.53853838
v 3.69878681 7.64999996 -2.68157104
v 3.58758299 7.64999996 -2.66488681
v 3.47513733 7.64999996 -2.66408685
v 3.36370738 7.64999996 -2.67918718
v 3.25553007 7.64999996 -2.70988473
v 4.30209921 7.64999996 -3.62069977
v 4.31756941 7.64999996 -3.50932048
v 4.41298020 7.64999996 -2.91755756
v 4.31714274 7.64999996 -3.39687287
v 4.30082783 7.64999996 -3.28561429
v 4.26895213 7.64999996 -3.17777831
v 4.22215557 7.64999996 -3.07552989
v 4.16137767 7.64999996 -2.98092167
v 4.22456849 7.64999996 -2.86053808
v 4.35558311 7.64999996 -2.90546401
v 3.42657687 7.64999996 -4.03111836
v 3.32985166 7.64999996 -4.07467631
v 3.20650078 7.64999996 -3.88294642
v 3.17301610 7.64999996 -3.96725813
v 3.02558662 7.64999996 -3.84725554
v 4.40485494 7.64999996 -4.42041566
v 4.21579673 7.64999996 -4.40058948
v 4.02902155 7.64999996 -4.36521915
v 3.91179253 7.64999996 -4.24350367
v 3.84580507 7.64999996 -4.31454552
v 3.66280647 7.64999996 -4.15188277
v 3.66739910 7.64999996 -4.24891503
v 3.49502200 7.64999996 -4.16877640
v 5.92698390 7.64999996 -0.28274187
v 6.07441338 7.64999996 -0.40274446
v 6.02166336 7.64999996 -0.58724627
v 5.98232346 7.64999996 -0.63019691
v 5.96481245 7.64999996 -0.64931500
v 5.62970620 7.64999996 -1.06066594
v 5.55172348 7.64999996 -1.14168048
v 2.95951189 7.64999996 -0.46357045
v 2.33182767 7.64999996 -2.73303955
v 2.64944462 7.64999996 -3.42033354
v 2.54896814 7.64999996 -3.25896272
v 2.46216087 7.64999996 -3.08984581
v 2.38961549 7.64999996 -2.91413793
v 4.81640736 6.94999999 -3.63127624
v 4.81640736 7.55000013 -3.63127624
v 4.80618996 6.94999999 -3.53352928
v 4.80618996 7.55000013 -3.53352928
v 4.80989008 6.94999999 -3.43531945
v 4.80989008 7.55000013 -3.43531945
v 4.82743331 6.94999999 -3.33861837
v 4.82743331 7.55000013 -3.33861837
v 4.85846752 6.94999999 -3.24536737
v 4.85846752 7.55000013 -3.24536737
v 4.90236971 6.94999999 -3.15743859
v 4.90236971 7.55000013 -3.15743859
v 4.95825848 6.94999999 -3.07659728
v 4.95825848 7.55000013 -3.07659728
v 5.02501177 6.94999999 -3.00446644
v 5.02501177 7.55000013 -3.00446644
v 5.10128946 6.94999999 -2.94249400
v 5.10128946 7.55000013 -2.94249400
v 5.18556028 6.94999999 -2.89192426
v 5.18556028 7.55000013 -2.89192426
v 5.27613237 6.94999999 -2.85377244
v 5.27613237 7.55000013 -2.85377244
v 5.37118744 6.94999999 -2.82880433
v 5.37118744 7.55000013 -2.82880433
v 5.46881715 6.94999999 -2.81752132
v 5.46881715 7.55000013 -2.81752132
v 5.56706153 6.94999999 -2.82014993
v 5.56706153 7.55000013 -2.82014993
v 5.66394823 6.94999999 -2.83663732
v 5.66394823 7.55000013 -2.83663732
v 5.75753217 6.94999999 -2.86665249
v 5.75753217 7.55000013 -2.86665249
v 5.84593462 6.94999999 -2.90959289
v 5.84593462 7.55000013 -2.90959289
v 4.88469156 7.37000002 -4.01735751
v 4.88469156 7.34999996 -4.01735751
v 6.19839476 7.34999996 -3.11284082
v 6.19839476 7.37000002 -3.11284082
v 6.27353517 7.37000002 -3.15617097
v 6.27353517 7.55000013 -3.15617097
v 5.87649820 6.87000004 -2.28274088
v 6.06248453 6.87000004 -2.33675719
v 5.96875800 7.55000013 -2.31660834
v 6.06487822 7.55000013 -2.33709652
v 5.87649820 7.55000013 -2.28274088
v 5.78995123 7.55000013 -2.23617391
v 5.71085438 6.87000004 -2.17784248
v 5.71085438 7.55000013 -2.17784248
v 5.64079573 7.55000013 -2.10891753
v 5.58118159 6.87000004 -2.03078286
v 5.58118159 7.55000013 -2.03078286
v 5.53320898 7.55000013 -1.94500701
v 5.49784079 6.87000004 -1.85331211
v 5.49784079 7.55000013 -1.85331211
v 5.47578717 7.55000013 -1.75753890
v 5.46749094 6.87000004 -1.65961015
v 5.46749094 7.55000013 -1.65961015
v 5.47311855 7.55000013 -1.56149187
v 5.49255703 6.87000004 -1.46515381
v 5.49255703 7.55000013 -1.46515381
v 5.52541614 7.55000013 -1.37253015
v 5.57103623 6.87000004 -1.28548031
v 5.69665804 7.55000013 -1.13494552
v 5.69665804 6.87000004 -1.13494552
v 5.62850144 7.55000013 -1.20575184
v 5.57103623 7.55000013 -1.28548031
v 6.45316439 7.37000002 -2.39146003
v 6.45316439 7.34999996 -2.39146003
v 5.70579637 6.87000004 -1.12670872
v 5.99887445 7.37000002 -0.86254298
v 5.99887445 7.34999996 -0.86254298
v 5.10993097 6.87000004 -0.91216981
v 5.21877641 6.87000004 -0.75197832
v 5.17065069 7.55000013 -0.83489118
v 5.21983891 7.55000013 -0.74980657
v 5.10993097 7.55000013 -0.91216981
v 5.03889872 7.55000013 -0.98009089
v 4.95897992 6.87000004 -1.03729114
v 4.95897992 7.55000013 -1.03729114
v 4.87177912 7.55000013 -1.08262186
v 4.77904684 6.87000004 -1.11517336
v 4.77904684 7.55000013 -1.11517336
v 4.68264478 7.55000013 -1.13429183
v 4.58450837 6.87000004 -1.13959366
v 4.58450837 7.55000013 -1.13959366
v 4.48660771 7.55000013 -1.13097231
v 4.39090823 6.87000004 -1.10860083
v 4.39090823 7.55000013 -1.10860083
v 4.29933122 7.55000013 -1.07292847
v 4.21371513 6.87000004 -1.02467125
v 4.21371513 7.55000013 -1.02467125
v 4.13577882 7.55000013 -0.96479820
v 4.06708689 6.87000004 -0.89451100
v 3.96273904 7.55000013 -0.72851970
v 3.96273904 6.87000004 -0.72851970
v 4.00901837 7.55000013 -0.81522090
v 4.06708689 7.55000013 -0.89451100
v 5.39152874 7.37000002 -0.39732379
v 5.39152874 7.34999996 -0.39732379
v 3.79705890 7.34999996 -0.35691781
v 3.79705890 7.37000002 -0.35691781
v 3.95772927 6.87000004 -0.71728339
v 3.56955808 6.87000004 -1.21768878
v 3.45084201 6.87000004 -1.06466876
v 3.51482518 7.55000013 -1.13606060
v 3.44910500 7.55000013 -1.06298716
v 3.56955808 7.55000013 -1.21768878
v 3.61220483 7.55000013 -1.30623335
v 3.64190908 6.87000004 -1.39991643
v 3.64190908 7.55000013 -1.39991643
v 3.65807470 7.55000013 -1.49685734
v 3.66037711 6.87000004 -1.59510991
v 3.66037711 7.55000013 -1.59510991
v 3.64877004 7.55000013 -1.69270167
v 3.62348650 6.87000004 -1.78767329
v 3.62348650 7.55000013 -1.78767329
v 3.58503414 7.55000013 -1.87811819
v 3.53418495 6.87000004 -1.96222062
v 3.53418495 7.55000013 -1.96222062
v 3.47195966 7.55000013 -2.03829218
v 3.39960745 6.87000004 -2.10480563
v 3.39960745 7.55000013 -2.10480563
v 3.31858108 7.55000013 -2.16042566
v 3.23050702 6.87000004 -2.20403568
v 3.04039475 7.55000013 -2.25198221
v 3.04039475 6.87000004 -2.25198221
v 3.13715357 7.55000013 -2.23476013
v 3.23050702 7.55000013 -2.20403568
v 3.16692907 7.37000002 -0.79077731
v 3.16692907 7.34999996 -0.79077731
v 3.02816024 6.87000004 -2.25327456
v 2.63578230 7.37000002 -2.29472212
v 2.63578230 7.34999996 -2.29472212
v 3.38412262 6.87000004 -2.77708110
v 3.20190657 6.87000004 -2.84270097
v 3.28957606 7.55000013 -2.80391064
v 3.19977058 7.55000013 -2.84383341
v 3.38412262 7.55000013 -2.77708110
v 3.48151196 7.55000013 -2.76388347
v 3.57978903 6.87000004 -2.76458261
v 3.57978903 7.55000013 -2.76458261
v 3.67698073 7.55000013 -2.77916461
v 3.77113596 6.87000004 -2.80733660
v 3.77113596 7.55000013 -2.80733660
v 3.86036443 7.55000013 -2.84853310
v 3.94287482 6.87000004 -2.90192699
v 3.94287482 7.55000013 -2.90192699
v 4.01701061 7.55000013 -2.96644641
v 4.08128346 6.87000004 -3.04079603
v 4.08128346 7.55000013 -3.04079603
v 4.13440317 7.55000013 -3.12348313
v 4.17530320 6.87000004 -3.21284791
v 4.17530320 7.55000013 -3.21284791
v 4.20316248 7.55000013 -3.30709617
v 4.21742164 6.87000004 -3.40433575
v 4.20427355 7.55000013 -3.59995959
v 4.20427355 6.87000004 -3.59995959
v 4.21779454 7.55000013 -3.50261459
v 4.21742164 7.55000013 -3.40433575
v 2.68524894 7.37000002 -3.11775373
v 2.68524894 7.55000013 -3.11775373
v 2.85368645 7.37000002 -3.02808115
v 2.85368645 7.34999996 -3.02808115
v 4.20172205 6.87000004 -3.61199470
v 4.11988953 7.37000002 -3.99797631
v 4.11988953 7.34999996 -3.99797631
v 4.08030800 7.37000002 -4.18467147
v 4.08030800 7.55000013 -4.18467147
v 6.74564382 5.86794504 -2.29481344
v 6.54911054 5.86794504 -3.04871330
v 6.10236693 5.86794504 -3.68700044
v 5.46132820 5.86794504 -4.12978658
v 4.70622696 5.86794504 -4.32165244
v 3.93157224 5.86794504 -4.23858368
v 3.23432051 5.86794504 -3.89097722
v 2.35894183 5.86794504 -2.34625244
v 2.41901847 5.86794504 -1.56947638
v 2.74581024 5.86794504 -0.86222997
v 3.29841571 5.86794504 -0.31303277
v 4.00767024 5.86794504 0.00937732
v 4.78480312 5.86794504 0.06464759
v 5.53254783 5.86794504 -0.15414020
v 6.94954256 6.14999999 -2.07814304
v 6.94794720 6.14999999 -2.02575653
v 6.93404181 6.05968550 -2.02633198
v 6.92452835 6.14999999 -2.47373383
v 6.94285417 6.14999999 -2.31006591
v 6.92897821 6.05968550 -2.30899269
v 6.83474308 6.14999999 -2.85981197
v 6.90417057 6.14999999 -2.59177738
v 6.89051887 6.05968550 -2.58907063
v 6.68263612 6.14999999 -3.22584657
v 6.72866823 6.14999999 -3.13168017
v 6.71603428 6.05968550 -3.12584245
v 6.20963974 6.14999999 -3.85866535
v 6.24179868 6.14999999 -3.82729767
v 6.23198813 6.05968550 -3.81742602
v 5.90165239 6.14999999 -4.10818809
v 6.02858812 6.14999999 -4.01544364
v 6.02001389 6.05968550 -4.00448123
v 5.55679556 6.14999999 -4.30361477
v 5.79462117 6.14999999 -4.17705213
v 5.78740379 6.05968550 -4.16515244
v 5.18447598 6.14999999 -4.43961450
v 5.27780191 6.14999999 -4.41198589
v 5.27358144 6.05968550 -4.39872386
v 4.39854426 6.14999999 -4.52021638
v 4.43592364 6.14999999 -4.52228745
v 4.43658513 6.05968550 -4.50838578
v 4.00637020 6.14999999 -4.46261985
v 4.15318957 6.14999999 -4.49196880
v 4.15549055 6.05968550 -4.47824297
v 3.62902507 6.14999999 -4.34125920
v 3.87602579 6.14999999 -4.42842336
v 3.87993408 6.05968550 -4.41506596
v 3.27680167 6.14999999 -4.15944492
v 3.35383974 6.14999999 -4.20567298
v 3.36077604 6.05968550 -4.19360751
v 2.68520387 6.14999999 -3.63580629
v 2.70420210 6.14999999 -3.65895878
v 2.71490561 6.05968550 -3.65006363
v 2.46196678 6.14999999 -3.30826554
v 2.53573125 6.14999999 -3.42988379
v 2.54741171 6.05968550 -3.42231689
v 2.29568565 6.14999999 -2.94844832
v 2.39553647 6.14999999 -3.18249099
v 2.40802998 6.05968550 -3.17635869
v 2.19089659 6.14999999 -2.56616960
v 2.20742216 6.14999999 -2.64685208
v 2.22100662 6.05968550 -2.64382584
v 2.17547165 6.14999999 -1.77626617
v 2.17231186 6.14999999 -1.79850489
v 2.18609990 6.05968550 -1.80039820
v 2.26525692 6.14999999 -1.39018803
v 2.22761603 6.14999999 -1.51957988
v 2.24108333 6.05968550 -1.52309060
v 2.62764366 6.14999999 -0.68814724
v 2.58376012 6.14999999 -0.74880950
v 2.59516211 6.05968550 -0.75678981
v 3.19834761 6.14999999 -0.14181191
v 3.18599986 6.14999999 -0.15028396
v 3.19390958 6.05968550 -0.16173513
v 3.54320444 6.14999999 0.05361477
v 3.42912953 6.14999999 -0.00281965
v 3.43562933 6.05968550 -0.01512596
v 4.30515045 6.14999999 0.26247746
v 4.23822061 6.14999999 0.25466254
v 4.24002865 6.05968550 0.24086314
v 5.09362980 6.14999999 0.21261985
v 5.08633437 6.14999999 0.21430442
v 5.08322408 6.05968550 0.20073915
v 5.47097493 6.14999999 0.09125920
v 5.35924677 6.14999999 0.13445115
v 5.35455402 6.05968550 0.12134893
v 6.14069207 6.14999999 -0.32786389
v 6.09534839 6.14999999 -0.28872711
v 6.08638711 6.05968550 -0.29937548
v 6.30168365 6.14999999 -0.48438886
v 5.62079921 6.14999999 0.02288020
v 4.52185918 6.14999999 0.27483499
v 3.68799381 6.14999999 0.11485389
v 2.76032733 6.14999999 -0.52591541
v 2.31552171 6.14999999 -1.24915352
v 2.16214349 6.14999999 -2.36612505
v 3.11614769 6.14999999 -4.04959524
v 5.00220447 6.14999999 -4.48201315
v 6.59431303 6.14999999 -3.38229237
v 6.80431435 6.14999999 -1.30155168
v 6.75049117 6.05968550 -1.20237942
v 6.85754875 6.14999999 -1.46528871
v 6.84416750 6.05968550 -1.46911431
v 6.90910341 6.14999999 -1.68383040
v 6.90563852 6.05968550 -1.74505639
v 6.91937832 6.14999999 -1.74284030
v 6.76332610 6.14999999 -1.19699806
v 6.63803322 6.14999999 -0.94173446
v 6.62592491 6.05968550 -0.94859607
v 6.48342902 6.14999999 -0.70308137
v 6.47221720 6.05968550 -0.71132702
v 6.41479613 6.14999999 -0.61419371
v 6.29152572 6.05968550 -0.49390269
v 6.26199478 5.97775053 -0.52156111
v 6.43962221 5.97775053 -0.73529861
v 6.59072352 5.97775053 -0.96854435
v 6.71317754 5.97775053 -1.21802425
v 6.80526523 5.97775053 -1.48023616
v 6.86569409 5.97775053 -1.75149907
v 6.21583043 5.91179730 -0.56479813
v 6.38866825 5.91179730 -0.77277215
v 6.53569503 5.91179730 -0.99972847
v 6.65484713 5.91179730 -1.24248106
v 6.74445173 5.91179730 -1.49762232
v 6.80325096 5.91179730 -1.76157055
v 6.15731617 5.86794504 -0.61960209
v 6.32408289 5.86794504 -0.82027072
v 5.86731993 6.14999999 -0.11884251
v 5.82319833 6.14999999 -0.09055508
v 5.85968094 6.05968550 -0.13047585
v 5.61458971 6.05968550 0.01042469
v 5.83747281 5.97775053 -0.16429701
v 5.59653751 5.97775053 -0.02578551
v 5.80275580 5.91179730 -0.21716764
v 5.56831751 5.91179730 -0.08239111
v 5.75875128 5.86794504 -0.28418263
v 4.80589282 6.14999999 0.26131908
v 4.80440892 6.05968550 0.24748112
v 5.07418229 5.97775053 0.16130155
v 4.80009499 5.97775053 0.20725096
v 5.06004761 5.91179730 0.09965098
v 4.79335105 5.91179730 0.14436135
v 5.04213157 5.86794504 0.02150761
v 3.95895876 6.14999999 0.20108486
v 3.96238617 6.05968550 0.18759596
v 4.24528480 5.97775053 0.20074530
v 3.97235029 5.97775053 0.14838132
v 4.25350144 5.91179730 0.13803115
v 3.98792676 5.91179730 0.08707924
v 4.26391635 5.86794504 0.05853961
v 3.45452577 5.97775053 -0.05090309
v 3.21690468 5.97775053 -0.19502600
v 3.48406536 5.91179730 -0.10683143
v 3.25285178 5.91179730 -0.24706812
v 3.52150751 5.86794504 -0.17772184
v 2.89036026 6.14999999 -0.39133465
v 2.77070543 6.05968550 -0.53518822
v 2.80087693 5.97775053 -0.56214666
v 2.62831012 5.97775053 -0.77999046
v 2.84804227 5.91179730 -0.60428919
v 2.68012891 5.91179730 -0.81625895
v 2.90782554 5.86794504 -0.65770594
v 2.41736388 6.14999999 -1.02415343
v 2.32847938 6.05968550 -1.25423258
v 2.36614952 5.97775053 -1.26899814
v 2.28023576 5.97775053 -1.53329724
v 2.42503742 5.91179730 -1.29208032
v 2.34144023 5.91179730 -1.54925257
v 2.49967920 5.86794504 -1.32133763
v 2.15038517 6.14999999 -2.08201329
v 2.15045744 6.14999999 -2.17185696
v 2.16430006 6.05968550 -2.08226261
v 2.17599058 6.05968550 -2.36472683
v 2.20475448 5.97775053 -2.08298725
v 2.21624644 5.97775053 -2.36066182
v 2.26799427 5.91179730 -2.08412018
v 2.27917647 5.91179730 -2.35430715
v 2.34815245 5.86794504 -2.08555616
v 2.28558583 6.14999999 -2.92025327
v 2.29871673 6.05968550 -2.91564174
v 2.33689165 5.97775053 -2.90223484
v 2.44435137 5.97775053 -3.15853085
v 2.39656856 5.91179730 -2.88127663
v 2.50113057 5.91179730 -3.13066149
v 2.47221040 5.86794504 -2.85471145
v 2.57309945 5.86794504 -3.09533642
v 2.58136978 5.97775053 -3.40031830
v 2.74602333 5.97775053 -3.62420313
v 2.63445424 5.91179730 -3.36592912
v 2.79466761 5.91179730 -3.58377693
v 2.70174006 5.86794504 -3.32233997
v 2.85632582 5.86794504 -3.53253556
v 2.89858365 6.14999999 -3.86650057
v 2.90816007 6.05968550 -3.85640168
v 2.93600066 5.97775053 -3.82704248
v 2.97952248 5.91179730 -3.78114653
v 3.03468723 5.86794504 -3.72297240
v 2.95930793 6.14999999 -3.92213611
v 3.12446244 6.05968550 -4.03843483
v 3.14863510 5.97775053 -4.00598885
v 3.18642314 5.91179730 -3.95526772
v 3.60832326 6.14999999 -4.33254277
v 3.61378398 6.05968550 -4.31974137
v 3.62965921 5.97775053 -4.28252535
v 3.89129640 5.97775053 -4.37623335
v 3.65447635 5.91179730 -4.22434711
v 3.90905840 5.91179730 -4.31552862
v 3.68593270 5.86794504 -4.15060518
v 4.72025903 6.14999999 -4.51895313
v 4.71927172 6.05968550 -4.50507084
v 4.43850828 5.97775053 -4.46797067
v 4.71640150 5.97775053 -4.46471216
v 4.44151467 5.91179730 -4.40479217
v 4.71191434 5.91179730 -4.40162139
v 4.44532535 5.86794504 -4.32471184
v 5.54318260 6.14999999 -4.30985426
v 5.53742321 6.05968550 -4.29718455
v 5.26131177 5.97775053 -4.36016840
v 5.52067961 5.97775053 -4.26035093
v 5.24213109 5.91179730 -4.29989675
v 5.49450507 5.91179730 -4.20277079
v 5.21781919 5.86794504 -4.22350091
v 5.99508686 5.97775053 -3.97261081
v 6.20346675 5.97775053 -3.78872769
v 5.95611995 5.91179730 -3.92278989
v 6.15888080 5.91179730 -3.74386495
v 5.90672828 5.86794504 -3.85964026
v 6.47235634 6.14999999 -3.56185276
v 6.58245841 6.05968550 -3.37500151
v 6.54799407 5.97775053 -3.35380517
v 6.67930497 5.97775053 -3.10887115
v 6.49411781 5.91179730 -3.32067020
v 6.62188781 5.91179730 -3.08234103
v 6.42582839 5.86794504 -3.27867090
v 6.85083074 5.97775053 -2.58120133
v 6.88863797 5.97775053 -2.30587277
v 6.78878864 5.91179730 -2.56889982
v 6.82557626 5.91179730 -2.30099547
v 6.71014851 5.86794504 -2.55330729
v 6.46594530 5.86794504 -1.03925483
v 6.58091186 5.86794504 -1.27348059
v 6.66736895 5.86794504 -1.51965970
v 6.72410289 5.86794504 -1.77433645
v 5.96798649 5.86794504 -0.44006591
v 6.01960821 5.91179730 -0.37872603
v 6.06033467 5.97775053 -0.33033246
v 5.29255164 5.86794504 -0.05176438
v 5.31958416 5.91179730 0.02371168
v 5.34091117 5.97775053 0.08325765
v 4.52417848 5.86794504 0.07704946
v 4.52323849 5.91179730 0.15721491
v 4.52249684 5.97775053 0.22046084
v 4.52202240 6.05968550 0.26091880
v 4.70145574 6.14999999 0.27021638
v 3.75903724 5.86794504 -0.06974673
v 3.73024223 5.91179730 0.00507480
v 3.70752476 5.97775053 0.06410426
v 3.69299240 6.05968550 0.10186529
v 3.91552402 6.14999999 0.18961450
v 3.09289331 5.86794504 -0.47377960
v 3.03984741 5.91179730 -0.41366702
v 2.99799740 5.97775053 -0.36624184
v 2.97122626 6.05968550 -0.33590437
v 2.96201771 6.14999999 -0.32546891
v 2.60912189 5.86794504 -1.08448051
v 2.53846431 5.91179730 -1.04660045
v 2.48271981 5.97775053 -1.01671543
v 2.44706040 6.05968550 -0.99759807
v 2.43479432 6.14999999 -0.99102219
v 2.36827200 5.86794504 -1.82541348
v 2.28884639 5.91179730 -1.81450709
v 2.22618440 5.97775053 -1.80590258
v 2.40048887 5.86794504 -2.60384295
v 2.32223598 5.91179730 -2.62127516
v 2.26049935 5.97775053 -2.63502814
v 3.45242275 5.86794504 -4.03419172
v 3.41246547 5.91179730 -4.10369577
v 3.38094179 5.97775053 -4.15853018
v 4.18589318 5.86794504 -4.29689211
v 4.17263787 5.91179730 -4.37595954
v 4.16218028 5.97775053 -4.43833915
v 4.96493550 5.86794504 -4.28775696
v 4.98004118 5.91179730 -4.36649190
v 4.99195871 5.97775053 -4.42860907
v 4.99958224 6.05968550 -4.46834525
v 4.79484955 6.14999999 -4.51247746
v 5.69204418 5.86794504 -4.00792973
v 5.73362019 5.91179730 -4.07647749
v 5.76642109 5.97775053 -4.13055772
v 6.27621384 5.86794504 -3.49243356
v 6.33905651 5.91179730 -3.54221498
v 6.38863565 5.97775053 -3.58148941
v 6.42035110 6.05968550 -3.60661305
v 6.43126042 6.14999999 -3.61525498
v 6.64432933 5.86794504 -2.80578870
v 6.72057317 5.91179730 -2.83057273
v 6.78072506 5.97775053 -2.85012585
v 6.81920396 6.05968550 -2.86263393
v 6.83243954 6.14999999 -2.86693622
v 6.75031720 5.86794504 -2.03393581
v 6.83041969 5.91179730 -2.03062059
v 6.89361570 5.97775053 -2.02800507
v 5.20941820 7.51999995 -2.36665579
v 5.20941820 7.15000002 -2.36665579
v 6.41770428 7.15000002 -2.91698824
v 5.16892988 7.54871472 -2.34821474
v 5.16892988 7.51999995 -2.34821474
v 5.17029609 7.55000013 -2.34883700
v 6.41770428 7.55000013 -2.91698824
v 5.21623590 7.51999995 -2.24435165
v 5.21623590 7.55000013 -2.24435165
v 5.24012293 7.51999995 -2.25523140
v 6.46501025 7.55000013 -2.81312515
v 5.24012293 7.15000002 -2.25523140
v 6.46501025 7.15000002 -2.81312515
v 4.52394310 7.51999995 -2.82681973
v 4.52394310 7.15000002 -2.82681973
v 4.37392676 7.15000002 -4.14602996
v 4.52897000 7.54871472 -2.78261446
v 4.52897000 7.51999995 -2.78261446
v 4.52880038 7.55000013 -2.78410607
v 4.37392676 7.55000013 -4.14602996
v 4.64236804 7.51999995 -2.79550965
v 4.64236804 7.55000013 -2.79550965
v 4.63940232 7.51999995 -2.82158961
v 4.48732483 7.55000013 -4.15892543
v 4.63940232 7.15000002 -2.82158961
v 4.48732483 7.15000002 -4.15892543
v 4.98359976 7.51999995 -1.57253177
v 4.98359976 7.15000002 -1.57253177
v 5.88037800 7.15000002 -0.59344552
v 4.95354966 7.54871472 -1.60533988
v 4.95354966 7.51999995 -1.60533988
v 4.95456369 7.55000013 -1.60423282
v 5.88037800 7.55000013 -0.59344552
v 4.86938839 7.51999995 -1.52825371
v 4.86938839 7.55000013 -1.52825371
v 4.88711712 7.51999995 -1.50889780
v 5.79621661 7.55000013 -0.51635930
v 4.88711712 7.15000002 -1.50889780
v 5.79621661 7.15000002 -0.51635930
v 4.15856121 7.51999995 -1.54190010
v 4.15856121 7.15000002 -1.54190010
v 3.50451451 7.15000002 -0.38645899
v 4.18047756 7.54871472 -1.58061760
v 4.18047756 7.51999995 -1.58061760
v 4.17973804 7.55000013 -1.57931114
v 3.50451451 7.55000013 -0.38645899
v 3.40519389 7.55000013 -0.44268014
v 3.40519389 7.15000002 -0.44268014
v 4.08115699 7.51999995 -1.63683884
v 4.06822688 7.51999995 -1.61399648
v 4.06822688 7.15000002 -1.61399648
v 2.57347645 7.15000002 -2.58207710
v 2.57347645 7.55000013 -2.58207710
v 3.91807291 7.54871472 -2.30821330
v 3.91807291 7.51999995 -2.30821330
v 3.87447779 7.51999995 -2.31709265
v 3.87447779 7.15000002 -2.31709265
v 3.94085068 7.51999995 -2.42004611
v 3.94085068 7.55000013 -2.42004611
v 3.91513072 7.51999995 -2.42528468
v 2.59625418 7.55000013 -2.69390990
v 3.91513072 7.15000002 -2.42528468
v 2.59625418 7.15000002 -2.69390990
v 2.29568565 7.55000013 -2.94844832
v 2.23538550 7.55000013 -2.75947598
v 2.19089659 7.55000013 -2.56616960
v 2.16252254 7.55000013 -2.36984955
v 2.15045744 7.55000013 -2.17185696
v 2.15478362 7.55000013 -1.97354426
v 2.17547165 7.55000013 -1.77626617
v 2.21238015 7.55000013 -1.58137020
v 2.26525692 7.55000013 -1.39018803
v 2.33374080 7.55000013 -1.20402507
v 2.41736388 7.55000013 -1.02415343
v 2.51555508 7.55000013 -0.85180167
v 2.62764366 7.55000013 -0.68814724
v 2.75286389 7.55000013 -0.53430793
v 2.89036026 7.55000013 -0.39133465
v 3.03919371 7.55000013 -0.26020387
v 3.19834761 7.55000013 -0.14181191
v 3.36673446 7.55000013 -0.03696678
v 3.54320444 7.55000013 0.05361477
v 3.72655168 7.55000013 0.12931435
v 3.91552402 7.55000013 0.18961450
v 4.10883040 7.55000013 0.23410341
v 4.30515045 7.55000013 0.26247746
v 4.50314304 7.55000013 0.27454256
v 4.70145574 7.55000013 0.27021638
v 4.89873383 7.55000013 0.24952835
v 5.09362980 7.55000013 0.21261985
v 5.28481197 7.55000013 0.15974308
v 5.47097493 7.55000013 0.09125920
v 5.65084657 7.55000013 0.00763612
v 5.82319833 7.55000013 -0.09055508
v 5.98685276 7.55000013 -0.20264366
v 6.14069207 7.55000013 -0.32786389
v 6.28366535 7.55000013 -0.46536026
v 6.41479613 7.55000013 -0.61419371
v 6.53318809 7.55000013 -0.77334761
v 6.63803322 7.55000013 -0.94173446
v 6.72861477 7.55000013 -1.11820444
v 6.80431435 7.55000013 -1.30155168
v 6.86461450 7.55000013 -1.49052402
v 6.90910341 7.55000013 -1.68383040
v 6.93747746 7.55000013 -1.88015045
v 6.94954256 7.55000013 -2.07814304
v 6.94521638 7.55000013 -2.27645574
v 6.92452835 7.55000013 -2.47373383
v 6.88761985 7.55000013 -2.66862980
v 6.83474308 7.55000013 -2.85981197
v 6.76625920 7.55000013 -3.04597493
v 6.68263612 7.55000013 -3.22584657
v 6.58444492 7.55000013 -3.39819833
v 6.47235634 7.55000013 -3.56185276
v 6.34713611 7.55000013 -3.71569207
v 6.20963974 7.55000013 -3.85866535
v 6.06080629 7.55000013 -3.98979613
v 5.90165239 7.55000013 -4.10818809
v 5.73326554 7.55000013 -4.21303322
v 5.55679556 7.55000013 -4.30361477
v 5.37344832 7.55000013 -4.37931435
v 5.18447598 7.55000013 -4.43961450
v 4.99116960 7.55000013 -4.48410341
v 4.79484955 7.55000013 -4.51247746
v 4.59685696 7.55000013 -4.52454256
v 4.39854426 7.55000013 -4.52021638
v 4.20126617 7.55000013 -4.49952835
v 4.00637020 7.55000013 -4.46261985
v 3.81518803 7.55000013 -4.40974308
v 3.62902507 7.55000013 -4.34125920
v 3.44915343 7.55000013 -4.25763612
v 3.27680167 7.55000013 -4.15944492
v 3.11314724 7.55000013 -4.04735634
v 2.95930793 7.55000013 -3.92213611
v 2.81633465 7.55000013 -3.78463974
v 2.68520387 7.55000013 -3.63580629
v 2.56681191 7.55000013 -3.47665239
v 2.46196678 7.55000013 -3.30826554
v 2.37138523 7.55000013 -3.13179556
v 3.73574281 7.55000013 -4.07431831
v 3.73574281 7.37000002 -4.07431831
v 3.94063741 7.55000013 -4.14775403
v 3.70290475 7.55000013 -4.06027415
v 3.47735202 7.55000013 -3.94496785
v 3.41506107 7.37000002 -3.90678865
v 3.12766898 7.55000013 -3.68699597
v 3.12766898 7.37000002 -3.68699597
v 3.26722246 7.55000013 -3.80349306
v 3.41506107 7.55000013 -3.90678865
v 3.07553755 7.55000013 -3.63788370
v 2.90505318 7.55000013 -3.45052143
v 2.88199643 7.37000002 -3.42138743
v 2.88199643 7.55000013 -3.42138743
v 2.75822105 7.55000013 -3.24409984
v 5.02423369 7.51999995 -2.52883097
v 5.09838429 7.51999995 -2.42038393
v 5.17071583 7.61889993 -2.51268451
v 4.30604326 7.51999995 -2.69811612
v 4.43167366 7.51999995 -2.73653565
v 4.37310184 7.61889993 -2.83513696
v 5.00158267 7.60000005 -1.57273372
v 5.02490974 7.61889993 -1.56818030
v 5.11052161 7.61889993 -1.65446524
v 3.90955890 7.54229008 -2.23827214
v 3.90993003 7.60000005 -2.44001646
v 3.94109511 7.56560165 -2.42124603
v 4.01397971 7.51999995 -2.44226845
v 3.94085487 7.56533194 -2.42006672
v 3.95935886 7.51999995 -2.32278779
v 3.92058557 7.54969466 -2.32054973
v 3.93360453 7.51999995 -2.21463048
v 4.54148286 7.54969503 -2.78403733
v 4.56256782 7.51999995 -2.74775119
v 4.49308038 7.61889993 -2.85462153
v 4.50927588 7.60000005 -2.83722642
v 4.65180597 7.60000005 -2.83108817
v 4.64358475 7.56560165 -2.79564799
v 4.69290289 7.51999995 -2.73126380
v 4.64239263 7.56533287 -2.79551249
v 4.56371137 7.55195144 -2.78656508
v 5.17414976 7.54969503 -2.33675405
v 5.14814015 7.51999995 -2.29879686
v 5.22632217 7.61889993 -2.40459924
v 5.21478318 7.60000005 -2.38382099
v 5.25298952 7.60000005 -2.24637004
v 5.21674347 7.56560165 -2.24323724
v 5.17128790 7.51999995 -2.16947846
v 5.21624610 7.56533287 -2.24432916
v 5.18656801 7.55286711 -2.30948918
v 4.89433187 7.51999995 -1.60595032
v 4.94426573 7.54969466 -1.59683640
v 4.99553755 7.51999995 -1.68971473
v 4.88266544 7.60000005 -1.49392260
v 4.86848536 7.56560165 -1.52742660
v 4.77780867 7.51999995 -1.54527573
v 4.86937286 7.56533194 -1.52823951
v 4.91657024 7.55386046 -1.57146917
v 4.26746013 7.51999995 -1.56988900
v 4.16431031 7.60000005 -1.52485969
v 4.05562404 7.58657354 -1.62989048
v 4.16845267 7.54980139 -1.58742445
v 4.15731659 7.51999995 -1.64149532
v 4.07761289 7.51999995 -1.71901055
v 4.25389288 7.61889993 -2.79425930
v 4.14346433 7.61889993 -2.73353609
v 4.18012391 7.55000013 -2.67095047
v 5.09500126 7.61889993 -2.61342710
v 5.00312583 7.61889993 -2.69968638
v 4.95493174 7.55000013 -2.64548103
v 3.89775648 7.61889993 -2.45691233
v 3.92021341 7.61889993 -2.49776840
v 3.96168930 7.61889993 -2.56029072
v 4.09244536 7.51999995 -2.54763544
v 4.04509078 7.61889993 -2.65476804
v 4.19126521 7.51999995 -2.63420164
v 4.17020400 7.55000013 -2.66409668
v 4.12982022 7.55000013 -2.63325109
v 4.14121575 7.55646519 -2.65190529
v 4.15902100 7.55646519 -2.66524919
v 4.81688096 7.51999995 -2.68780685
v 4.89781378 7.61889993 -2.76890451
v 4.78218805 7.61889993 -2.81902894
v 4.66411306 7.61889993 -2.84788704
v 4.92898687 7.51999995 -2.61931361
v 4.95123705 7.55000013 -2.64833456
v 4.90353280 7.55000013 -2.68167297
v 4.92479540 7.55646519 -2.67659959
v 4.94298837 7.55646519 -2.66378929
v 5.27276928 7.61889993 -2.23985642
v 5.28181079 7.61889993 -2.11864276
v 5.27469460 7.61889993 -2.02299425
v 5.16679780 7.51999995 -2.03818148
v 5.26986993 7.61889993 -1.99318688
v 5.18385912 7.55646519 -1.91774091
v 5.23658283 7.61889993 -1.87163961
v 5.19042057 7.55646519 -1.93900203
v 5.18867508 7.55000013 -1.96079174
v 5.18012256 7.55000013 -1.93053710
v 5.13486960 7.51999995 -1.91074656
v 5.17013767 7.55000013 -1.90072449
v 5.07692364 7.51999995 -1.79284269
v 5.18293646 7.61889993 -1.75760526
v 4.51474565 7.61889993 -1.39401124
v 4.52120570 7.61889993 -1.39372826
v 4.54875817 7.55646519 -1.45811758
v 4.88258293 7.61889993 -1.47309813
v 4.77009590 7.61889993 -1.42704209
v 4.66884592 7.61889993 -1.40287599
v 4.65115143 7.51999995 -1.51039001
v 4.64709031 7.61889993 -1.39963052
v 4.57100628 7.55646519 -1.45844731
v 4.59119012 7.55000013 -1.46684076
v 4.55977337 7.55000013 -1.46562553
v 4.51999450 7.51999995 -1.50284513
v 4.52833439 7.55000013 -1.46590911
v 4.39617494 7.61889993 -1.40951045
v 4.39017238 7.51999995 -1.52297665
v 4.16718814 7.61889993 -1.50126724
v 4.27570557 7.61889993 -1.44650901
v 4.36221363 7.61889993 -1.41766432
v 4.67651918 7.51999995 -2.05330296
v 4.62372031 7.51999995 -1.99964895
v 4.12061363 7.51999995 -1.89329125
v 4.42348082 7.51999995 -2.19669704
v 4.47627969 7.51999995 -2.25035105
v 4.69541735 7.51999995 -2.12616814
v 4.47830296 7.51999995 -1.99848082
v 4.55116814 7.51999995 -1.97958265
v 4.06665504 7.51999995 -2.08381531
v 4.11886829 7.51999995 -1.99569980
v 4.42464895 7.51999995 -2.05127969
v 4.54883186 7.51999995 -2.27041735
v 4.62169704 7.51999995 -2.25151918
v 4.40458265 7.51999995 -2.12383186
v 4.67535105 7.51999995 -2.19872031
v 4.80321462 6.89999999 -3.63360958
v 4.78756565 6.87928933 -3.63637738
v 4.76717148 6.86339743 -3.63998429
v 4.76621208 6.87000004 -3.53485893
v 4.79279992 6.89999999 -3.53397464
v 4.79657145 6.89999999 -3.43386780
v 4.77012554 6.87000004 -3.43098545
v 4.81445359 6.89999999 -3.33529895
v 4.78868047 6.87000004 -3.32870788
v 4.84608726 6.89999999 -3.24024686
v 4.82150440 6.87000004 -3.23007933
v 4.89083738 6.89999999 -3.15061973
v 4.86793832 6.87000004 -3.13707988
v 4.94780564 6.89999999 -3.06821696
v 4.92705004 6.87000004 -3.05157665
v 5.01584825 6.89999999 -2.99469286
v 4.99765281 6.87000004 -2.97528606
v 5.09359930 6.89999999 -2.93152349
v 5.07832933 6.87000004 -2.90973995
v 5.17949779 6.89999999 -2.87997697
v 5.16745984 6.87000004 -2.85625390
v 5.27181928 6.89999999 -2.84108820
v 5.26325502 6.87000004 -2.81590188
v 5.36871031 6.89999999 -2.81563785
v 5.36379171 6.87000004 -2.78949395
v 5.46822576 6.89999999 -2.80413695
v 5.46705155 6.87000004 -2.77756036
v 5.56836771 6.89999999 -2.80681627
v 5.57096144 6.87000004 -2.78034050
v 5.66712590 6.89999999 -2.82362213
v 5.67343542 6.87000004 -2.79777872
v 5.76251736 6.89999999 -2.85421705
v 5.77241620 6.87000004 -2.82952481
v 5.85262729 6.89999999 -2.89798689
v 5.86591652 6.87000004 -2.87494150
v 4.74837527 6.85512421 -3.63929782
v 4.77651220 6.87000004 -3.63534528
v 4.76661317 6.86339650 -3.63679675
v 4.88819266 7.62734535 -4.24738617
v 4.87707660 7.63675804 -4.26294317
v 4.76717148 7.63660251 -3.63998429
v 4.86345827 7.64438967 -4.28186485
v 4.83685012 7.64999903 -4.31841274
v 4.89120840 7.62415203 -4.24314810
v 4.80321462 7.60000005 -3.63360958
v 4.90743481 7.59918812 -4.22021130
v 4.91508928 7.57621779 -4.20931240
v 5.87091194 7.63660251 -2.86627861
v 5.77613711 7.63660251 -2.82024287
v 5.85262729 7.60000005 -2.89798689
v 5.76251736 7.60000005 -2.85421705
v 5.66712590 7.60000005 -2.82362213
v 5.56836771 7.60000005 -2.80681627
v 5.46822576 7.60000005 -2.80413695
v 5.36871031 7.60000005 -2.81563785
v 5.27181928 7.60000005 -2.84108820
v 5.17949779 7.60000005 -2.87997697
v 5.09359930 7.60000005 -2.93152349
v 5.01584825 7.60000005 -2.99469286
v 4.94780564 7.60000005 -3.06821696
v 4.89083738 7.60000005 -3.15061973
v 4.84608726 7.60000005 -3.24024686
v 4.81445359 7.60000005 -3.33529895
v 4.79657145 7.60000005 -3.43386780
v 4.79279992 7.60000005 -3.53397464
v 5.67580722 7.63660251 -2.78806400
v 5.57193644 7.63660251 -2.77038810
v 5.46661010 7.63660251 -2.76757006
v 5.36194276 7.63660251 -2.77966641
v 5.26003572 7.63660251 -2.80643429
v 5.16293477 7.63660251 -2.84733635
v 5.07258931 7.63660251 -2.90155134
v 4.99081314 7.63660251 -2.96799110
v 4.91924793 7.63660251 -3.04532151
v 4.85933046 7.63660251 -3.13199021
v 4.81226358 7.63660251 -3.22625728
v 4.77899224 7.63660251 -3.32623029
v 4.76018439 7.63660251 -3.42990204
v 4.75621761 7.63660251 -3.53519132
v 5.87685322 6.87000004 -2.88124813
v 6.31650845 6.85228424 -3.09004791
v 5.89341717 6.85340769 -2.85141652
v 6.31078957 6.85559211 -3.10027979
v 5.88177666 6.86339743 -2.87254376
v 6.30084248 6.86476610 -3.11685389
v 6.29546596 6.87174348 -3.12524845
v 6.28690375 6.88680706 -3.13790997
v 6.27507428 6.92770581 -3.15415317
v 6.27717422 6.91593715 -3.15136619
v 6.28160192 6.89999924 -3.14535683
v 6.28277874 6.89668700 -3.14372822
v 4.92025849 7.60000005 -4.21845426
v 4.92663323 7.63660251 -4.25449719
v 5.08778715 7.60000005 -4.18180002
v 5.25181643 7.60000005 -4.13176247
v 5.41127901 7.60000005 -4.06866667
v 5.56513714 7.60000005 -3.99292351
v 5.71238976 7.60000005 -3.90502566
v 5.85207883 7.60000005 -3.80554532
v 5.98329520 7.60000005 -3.69512939
v 6.10518511 7.60000005 -3.57449686
v 6.21695528 7.60000005 -3.44443235
v 6.31787861 7.60000005 -3.30578226
v 5.09704631 7.63660251 -4.21721225
v 5.26389969 7.63660251 -4.16631305
v 5.42610772 7.63660251 -4.10213096
v 5.58261480 7.63660251 -4.02508357
v 5.73240276 7.63660251 -3.93567251
v 5.87449679 7.63660251 -3.83447928
v 6.00797236 7.63660251 -3.72216252
v 6.13196073 7.63660251 -3.59945295
v 6.24565547 7.63660251 -3.46714908
v 6.34831646 7.63660251 -3.32611192
v 6.28022784 7.60000005 -3.14456492
v 6.29851269 7.63660251 -3.11285665
v 6.32423768 6.91427670 -3.25716611
v 6.30539032 6.92642124 -3.18102164
v 6.30747089 6.91391665 -3.17800974
v 6.38068812 6.79730621 -3.16399240
v 6.36724112 6.82793108 -3.14391337
v 6.36418508 6.81233990 -3.19247551
v 6.35416983 6.84009266 -3.16658539
v 6.35553012 6.82375642 -3.20698049
v 6.34732330 6.84931537 -3.17807372
v 6.34210324 6.84830088 -3.22893194
v 6.33673081 6.86906890 -3.19535786
v 6.33578533 6.86431953 -3.23903996
v 6.33176425 6.88190300 -3.20326581
v 6.32735277 6.89537215 -3.25231960
v 6.32515931 6.90666733 -3.21359660
v 6.32272744 6.92168556 -3.21734825
v 6.31309664 6.89330210 -3.16969927
v 6.31730286 6.88262142 -3.16332195
v 6.32620668 6.86618618 -3.14933916
v 6.33191252 6.85851423 -3.14001346
v 6.34269668 6.84839792 -3.12154095
v 6.34902688 6.84477153 -3.11013383
v 6.37500035 6.82357221 -3.12996523
v 6.39048787 6.79190268 -3.14653337
v 6.37116460 7.63660251 -3.26961230
v 6.33515147 7.60000005 -3.26306957
v 6.32196991 7.55000013 -3.26067468
v 6.32095998 7.55000013 -3.22005737
v 6.33400651 7.60000005 -3.21701064
v 6.30387505 7.55000013 -3.18319441
v 6.31463258 7.60000005 -3.17520888
v 6.36964990 7.63660251 -3.20868648
v 6.34402251 7.63660251 -3.15339200
v 6.30387505 7.37000002 -3.18319441
v 6.32095998 7.37000002 -3.22005737
v 6.32196991 7.37000002 -3.26067468
v 6.68322714 7.63660251 -1.13917932
v 6.75734943 7.63660251 -1.31870692
v 6.81639342 7.63660251 -1.50374223
v 6.85995547 7.63660251 -1.69302148
v 6.88773831 7.63660251 -1.88525152
v 6.89955214 7.63660251 -2.07911926
v 6.89531593 7.63660251 -2.27330036
v 6.87505910 7.63660251 -2.46646849
v 6.83891950 7.63660251 -2.65730408
v 6.78714430 7.63660251 -2.84450350
v 6.72008721 7.63660251 -3.02678801
v 6.63820626 7.63660251 -3.20291228
v 6.54206062 7.63660251 -3.37167333
v 6.43230723 7.63660251 -3.53191828
v 6.30969582 7.63660251 -3.68255263
v 6.17506402 7.63660251 -3.82254736
v 6.02933112 7.63660251 -3.95094620
v 5.87349301 7.63660251 -4.06687183
v 5.70861408 7.63660251 -4.16953245
v 5.53582068 7.63660251 -4.25822714
v 5.35629308 7.63660251 -4.33234943
v 5.17125777 7.63660251 -4.39139342
v 4.98197852 7.63660251 -4.43495547
v 4.78974848 7.63660251 -4.46273831
v 4.59588074 7.63660251 -4.47455214
v 4.40169964 7.63660251 -4.47031593
v 4.20853151 7.63660251 -4.45005910
v 4.01769592 7.63660251 -4.41391950
v 3.83049650 7.63660251 -4.36214430
v 3.64821199 7.63660251 -4.29508721
v 3.47208772 7.63660251 -4.21320626
v 3.30332667 7.63660251 -4.11706062
v 3.14308172 7.63660251 -4.00730723
v 2.99244737 7.63660251 -3.88469582
v 2.85245264 7.63660251 -3.75006402
v 2.72405380 7.63660251 -3.60433112
v 2.60812817 7.63660251 -3.44849301
v 2.50546755 7.63660251 -3.28361408
v 2.41677286 7.63660251 -3.11082068
v 2.34265057 7.63660251 -2.93129308
v 2.28360658 7.63660251 -2.74625777
v 2.24004453 7.63660251 -2.55697852
v 2.21226169 7.63660251 -2.36474848
v 2.20044786 7.63660251 -2.17088074
v 2.20468407 7.63660251 -1.97669964
v 2.22494090 7.63660251 -1.78353151
v 2.26108050 7.63660251 -1.59269592
v 2.31285570 7.63660251 -1.40549650
v 2.37991279 7.63660251 -1.22321199
v 2.46179374 7.63660251 -1.04708772
v 2.55793938 7.63660251 -0.87832667
v 2.66769277 7.63660251 -0.71808172
v 2.79030418 7.63660251 -0.56744737
v 2.92493598 7.63660251 -0.42745264
v 3.07066888 7.63660251 -0.29905380
v 3.22650699 7.63660251 -0.18312817
v 3.39138592 7.63660251 -0.08046755
v 3.56417932 7.63660251 0.00822714
v 3.74370692 7.63660251 0.08234943
v 3.92874223 7.63660251 0.14139342
v 4.11802148 7.63660251 0.18495547
v 4.31025152 7.63660251 0.21273831
v 4.50411926 7.63660251 0.22455214
v 4.69830036 7.63660251 0.22031593
v 4.89146849 7.63660251 0.20005910
v 5.08230408 7.63660251 0.16391950
v 5.26950350 7.63660251 0.11214430
v 5.45178801 7.63660251 0.04508721
v 5.62791228 7.63660251 -0.03679374
v 5.79667333 7.63660251 -0.13293938
v 5.95691828 7.63660251 -0.24269277
v 6.10755263 7.63660251 -0.36530418
v 6.24754736 7.63660251 -0.49993598
v 6.37594620 7.63660251 -0.64566888
v 6.49187183 7.63660251 -0.80150699
v 6.59453245 7.63660251 -0.96638592
v 6.71645319 7.60000005 -1.12382460
v 6.79173013 7.60000005 -1.30614832
v 6.85169371 7.60000005 -1.49406579
v 6.89593432 7.60000005 -1.68629305
v 6.92415005 7.60000005 -1.88151721
v 6.93614772 7.60000005 -2.07840461
v 6.93184556 7.60000005 -2.27561026
v 6.91127302 7.60000005 -2.47178713
v 6.87457072 7.60000005 -2.66559508
v 6.82198917 7.60000005 -2.85571010
v 6.75388751 7.60000005 -3.04083366
v 6.67073121 7.60000005 -3.21970133
v 6.57308800 7.60000005 -3.39109094
v 6.46162527 7.60000005 -3.55383193
v 6.33710409 7.60000005 -3.70681265
v 6.20037513 7.60000005 -3.84898761
v 6.05237251 7.60000005 -3.97938637
v 5.89410718 7.60000005 -4.09711746
v 5.72666023 7.60000005 -4.20137735
v 5.55117540 7.60000005 -4.29145319
v 5.36885168 7.60000005 -4.36673013
v 5.18093421 7.60000005 -4.42669371
v 4.98870695 7.60000005 -4.47093432
v 4.79348279 7.60000005 -4.49915005
v 4.59659539 7.60000005 -4.51114772
v 4.39938974 7.60000005 -4.50684556
v 4.20321287 7.60000005 -4.48627302
v 4.00940492 7.60000005 -4.44957072
v 3.81928990 7.60000005 -4.39698917
v 3.63416634 7.60000005 -4.32888751
v 3.45529867 7.60000005 -4.24573121
v 3.28390906 7.60000005 -4.14808800
v 3.12116807 7.60000005 -4.03662527
v 2.96818735 7.60000005 -3.91210409
v 2.82601239 7.60000005 -3.77537513
v 2.69561363 7.60000005 -3.62737251
v 2.57788254 7.60000005 -3.46910718
v 2.47362265 7.60000005 -3.30166023
v 2.38354681 7.60000005 -3.12617540
v 2.30826987 7.60000005 -2.94385168
v 2.24830629 7.60000005 -2.75593421
v 2.20406568 7.60000005 -2.56370695
v 2.17584995 7.60000005 -2.36848279
v 2.16385228 7.60000005 -2.17159539
v 2.16815444 7.60000005 -1.97438974
v 2.18872698 7.60000005 -1.77821287
v 2.22542928 7.60000005 -1.58440492
v 2.27801083 7.60000005 -1.39428990
v 2.34611249 7.60000005 -1.20916634
v 2.42926879 7.60000005 -1.03029867
v 2.52691200 7.60000005 -0.85890906
v 2.63837473 7.60000005 -0.69616807
v 2.76289591 7.60000005 -0.54318735
v 2.89962487 7.60000005 -0.40101239
v 3.04762749 7.60000005 -0.27061363
v 3.20589282 7.60000005 -0.15288254
v 3.37333977 7.60000005 -0.04862265
v 3.54882460 7.60000005 0.04145319
v 3.73114832 7.60000005 0.11673013
v 3.91906579 7.60000005 0.17669371
v 4.11129305 7.60000005 0.22093432
v 4.30651721 7.60000005 0.24915005
v 4.50340461 7.60000005 0.26114772
v 4.70061026 7.60000005 0.25684556
v 4.89678713 7.60000005 0.23627302
v 5.09059508 7.60000005 0.19957072
v 5.28071010 7.60000005 0.14698917
v 5.46583366 7.60000005 0.07888751
v 5.64470133 7.60000005 -0.00426879
v 5.81609094 7.60000005 -0.10191200
v 5.97883193 7.60000005 -0.21337473
v 6.13181265 7.60000005 -0.33789591
v 6.27398761 7.60000005 -0.47462487
v 6.40438637 7.60000005 -0.62262749
v 6.52211746 7.60000005 -0.78089282
v 6.62637735 7.60000005 -0.94833977
v 6.67301649 7.62734535 -2.45921307
v 6.68439520 7.63677071 -2.47461726
v 6.05794536 7.63660251 -2.38661356
v 6.72470098 7.64999903 -2.52999107
v 6.69816425 7.64438967 -2.49339140
v 6.06302060 7.60000005 -2.35036458
v 6.64511779 7.57621779 -2.42186736
v 6.65311767 7.59918812 -2.43251522
v 6.66991761 7.62415203 -2.45503532
v 5.66318212 7.63660251 -1.09780568
v 5.59011251 7.63660251 -1.17371611
v 5.68768820 7.60000005 -1.12499397
v 5.61821517 7.60000005 -1.19716793
v 5.55964000 7.60000005 -1.27843635
v 5.51313879 7.60000005 -1.36716755
v 5.47964498 7.60000005 -1.46158023
v 5.45983100 7.60000005 -1.55977907
v 5.45409471 7.60000005 -1.65979250
v 5.46255121 7.60000005 -1.75961275
v 5.48503073 7.60000005 -1.85723584
v 5.52108204 7.60000005 -1.95070189
v 5.56998141 7.60000005 -2.03813443
v 5.63074686 7.60000005 -2.11777829
v 5.70215881 7.60000005 -2.18803450
v 5.78278340 7.60000005 -2.24749264
v 5.87100200 7.60000005 -2.29495900
v 5.96504379 7.60000005 -2.32948065
v 5.52850487 7.63660251 -1.25919178
v 5.47959637 7.63660251 -1.35251659
v 5.44436853 7.63660251 -1.45181704
v 5.42352889 7.63660251 -1.55509955
v 5.41749559 7.63660251 -1.66029066
v 5.42638991 7.63660251 -1.76527863
v 5.45003321 7.63660251 -1.86795562
v 5.48795080 7.63660251 -1.96626037
v 5.53938160 7.63660251 -2.05821933
v 5.60329296 7.63660251 -2.14198637
v 5.67840179 7.63660251 -2.21587972
v 5.76320030 7.63660251 -2.27841596
v 5.85598610 7.63660251 -2.32833964
v 5.95489638 7.63660251 -2.36464851
v 6.14444679 7.63677350 -0.66361835
v 6.14550458 7.64430418 -0.64053841
v 6.14735177 7.64999903 -0.59469796
v 6.14168821 7.59895231 -0.71658453
v 6.14320906 7.62391715 -0.68849407
v 6.17828062 7.63660251 -0.70186469
v 6.14348566 7.62722149 -0.68310786
v 6.65540928 7.60000005 -2.41977617
v 6.69165840 7.63660251 -2.42485134
v 6.67291814 7.60000005 -2.23840206
v 6.67483127 7.60000005 -2.05619491
v 6.66113431 7.60000005 -1.87449313
v 6.63192803 7.60000005 -1.69463174
v 6.58742739 7.60000005 -1.51793195
v 6.52795872 7.60000005 -1.34569199
v 6.45395918 7.60000005 -1.17917711
v 6.36597248 7.60000005 -1.01961063
v 6.26464495 7.60000005 -0.86816482
v 6.15072073 7.60000005 -0.72595223
v 6.14092471 7.57609840 -0.72984051
v 6.29416602 7.63660251 -0.84652582
v 6.39723828 7.63660251 -1.00057914
v 6.48673987 7.63660251 -1.16289284
v 6.56201346 7.63660251 -1.33227462
v 6.62250584 7.63660251 -1.50748000
v 6.66777277 7.63660251 -1.68722209
v 6.69748178 7.63660251 -1.87018013
v 6.71141455 7.63660251 -2.05501028
v 6.70946864 7.63660251 -2.24035445
v 5.52390357 7.62734535 -0.20916888
v 5.54204099 7.63675804 -0.20311677
v 5.26479003 7.63660251 -0.77170169
v 5.56418020 7.64438967 -0.19581372
v 5.60718896 7.64999903 -0.18188560
v 5.51897278 7.62415203 -0.21082496
v 5.23188347 7.60000005 -0.75567335
v 5.49236359 7.59918812 -0.21984351
v 5.47976457 7.57621779 -0.22416187
v 3.91707239 7.63660251 -0.74888037
v 3.96668776 7.63660251 -0.84183139
v 3.95050272 7.60000005 -0.73397539
v 3.99767593 7.60000005 -0.82235120
v 4.05686600 7.60000005 -0.90317277
v 4.12688474 7.60000005 -0.97481755
v 4.20632644 7.60000005 -1.03584712
v 4.29359616 7.60000005 -1.08503632
v 4.38694202 7.60000005 -1.12139785
v 4.48448991 7.60000005 -1.14420129
v 4.58428155 7.60000005 -1.15298915
v 4.68431349 7.60000005 -1.14758497
v 4.78257749 7.60000005 -1.12809714
v 4.87710093 7.60000005 -1.09491709
v 4.96598608 7.60000005 -1.04871064
v 5.04744840 7.60000005 -0.99040575
v 5.11985267 7.60000005 -0.92117263
v 5.18174525 7.60000005 -0.84240146
v 4.02894211 7.63660251 -0.92683702
v 4.10258570 7.63660251 -1.00219089
v 4.18614005 7.63660251 -1.06637997
v 4.27792775 7.63660251 -1.11811578
v 4.37610609 7.63660251 -1.15635961
v 4.47870403 7.63660251 -1.18034368
v 4.58366181 7.63660251 -1.18958640
v 4.68887241 7.63660251 -1.18390254
v 4.79222352 7.63660251 -1.16340581
v 4.89164044 7.63660251 -1.12850794
v 4.98512709 7.63660251 -1.07990948
v 5.07080681 7.63660251 -1.01858608
v 5.14695942 7.63660251 -0.94576876
v 5.21205608 7.63660251 -0.86291961
v 3.65285464 7.63677350 -0.15699917
v 3.63123119 7.64430418 -0.14886109
v 3.58820511 7.64999903 -0.13293882
v 3.70237594 7.59895231 -0.17599014
v 3.67613034 7.62391715 -0.16586331
v 3.69968424 7.63660251 -0.13664009
v 3.67109319 7.62722149 -0.16393585
v 5.48095610 7.60000005 -0.21372752
v 5.49698444 7.63660251 -0.18082091
v 5.31386966 7.60000005 -0.14102792
v 5.14117139 7.60000005 -0.08290352
v 4.96413018 7.60000005 -0.03978105
v 4.78404660 7.60000005 -0.01197753
v 4.60224369 7.60000005 0.00030289
v 4.42005690 7.60000005 -0.00303013
v 4.23882478 7.60000005 -0.02195181
v 4.05987864 7.60000005 -0.05632339
v 3.88453319 7.60000005 -0.10589229
v 3.71407652 7.60000005 -0.17029455
v 3.71474726 7.57609840 -0.18081272
v 3.87307578 7.63660251 -0.07112937
v 4.05144021 7.63660251 -0.02070700
v 4.23346725 7.63660251 0.01425652
v 4.41781967 7.63660251 0.03350398
v 4.60314320 7.63660251 0.03689437
v 4.78807622 7.63660251 0.02440254
v 4.97126030 7.63660251 -0.00387968
v 5.15134968 7.63660251 -0.04774460
v 5.32702124 7.63660251 -0.10686980
v 3.02888909 7.62734535 -0.60673819
v 3.02873794 7.63675804 -0.58761842
v 3.48381912 7.63660251 -1.02700207
v 3.02863363 7.64438967 -0.56430593
v 3.02867778 7.64999903 -0.51909813
v 3.02894041 7.62415203 -0.61193945
v 3.45840659 7.60000005 -1.05334509
v 3.02929478 7.59918812 -0.64003326
v 3.02950852 7.57621779 -0.65334996
v 3.04564703 7.63660251 -2.30170559
v 3.14938072 7.63660251 -2.28324205
v 3.04180216 7.60000005 -2.26530553
v 3.14042978 7.60000005 -2.24775085
v 3.23558645 7.60000005 -2.21643291
v 3.32536166 7.60000005 -2.17198060
v 3.40795303 7.60000005 -2.11528626
v 3.48170269 7.60000005 -2.04748808
v 3.54512986 7.60000005 -1.96994720
v 3.59696131 7.60000005 -1.88422031
v 3.63615630 7.60000005 -1.79202845
v 3.66192823 7.60000005 -1.69522243
v 3.67375947 7.60000005 -1.59574577
v 3.67141263 7.60000005 -1.49559539
v 3.65493474 7.60000005 -1.39678207
v 3.62465670 7.60000005 -1.30128951
v 3.58118629 7.60000005 -1.21103476
v 3.52539625 7.60000005 -1.12782985
v 3.24946362 7.63660251 -2.25030282
v 3.34388642 7.63660251 -2.20354921
v 3.43075367 7.63660251 -2.14391978
v 3.50832120 7.63660251 -2.07261173
v 3.57503202 7.63660251 -1.99105661
v 3.62954680 7.63660251 -1.90089163
v 3.67077095 7.63660251 -1.80392703
v 3.69787700 7.63660251 -1.70210938
v 3.71032078 7.63660251 -1.59748274
v 3.70785240 7.63660251 -1.49214764
v 3.69052151 7.63660251 -1.38821884
v 3.65867596 7.63660251 -1.28778264
v 3.61295510 7.63660251 -1.19285535
v 3.55427675 7.63660251 -1.10534288
v 2.40108697 7.63677350 -2.37009029
v 2.38666506 7.64430418 -2.38814054
v 2.35822638 7.64999903 -2.42414051
v 2.43445123 7.59895231 -2.32886123
v 2.41670972 7.62391715 -2.35069301
v 2.39619547 7.63660251 -2.31926129
v 2.41332007 7.62722149 -2.35488787
v 3.01995305 7.60000005 -0.64899239
v 2.99361022 7.63660251 -0.62357995
v 2.89917914 7.60000005 -0.78543581
v 2.79053273 7.60000005 -0.93172013
v 2.69481232 7.60000005 -1.08677072
v 2.61272071 7.60000005 -1.24944856
v 2.54486101 7.60000005 -1.41855867
v 2.49173203 7.60000005 -1.59285844
v 2.45372383 7.60000005 -1.77106757
v 2.43111579 7.60000005 -1.95187689
v 2.42407406 7.60000005 -2.13395794
v 2.43265005 7.60000005 -2.31597336
v 2.44286070 7.57609840 -2.31858566
v 2.38747178 7.63660251 -2.13411223
v 2.39463495 7.63660251 -1.94889617
v 2.41763210 7.63660251 -1.76497395
v 2.45629465 7.63660251 -1.58369646
v 2.51033837 7.63660251 -1.40639574
v 2.57936632 7.63660251 -1.23437408
v 2.66287131 7.63660251 -1.06889547
v 2.76023997 7.63660251 -0.91117525
v 2.87075685 7.63660251 -0.76237244
v 2.63599818 7.62734535 -3.10249373
v 2.61773812 7.63677071 -3.09671981
v 3.17627396 7.63660251 -2.79969827
v 2.55258223 7.64999903 -3.07561250
v 2.59556370 7.64438967 -3.08962434
v 3.19347465 7.60000005 -2.83200743
v 2.68051987 7.57621779 -3.11630850
v 2.66778888 7.59918812 -3.11239667
v 2.64096064 7.62415203 -3.10405220
v 4.25318642 7.63660251 -3.61032968
v 4.26768195 7.63660251 -3.50596763
v 4.21737973 7.60000005 -3.60273828
v 4.23116181 7.60000005 -3.50351303
v 4.23078174 7.60000005 -3.40333588
v 4.21624712 7.60000005 -3.30421811
v 4.18784975 7.60000005 -3.20814948
v 4.14615977 7.60000005 -3.11705859
v 4.09201411 7.60000005 -3.03277427
v 4.02649972 7.60000005 -2.95698864
v 3.95093206 7.60000005 -2.89122306
v 3.86682800 7.60000005 -2.83679788
v 3.77587606 7.60000005 -2.79480571
v 3.67990220 7.60000005 -2.76608954
v 3.58083323 7.60000005 -2.75122596
v 3.48065803 7.60000005 -2.75051321
v 3.38138752 7.60000005 -2.76396580
v 3.28501481 7.60000005 -2.79131357
v 4.26728218 7.63660251 -3.40060431
v 4.25199515 7.63660251 -3.29635523
v 4.22212768 7.63660251 -3.19531306
v 4.17827940 7.63660251 -3.09950651
v 4.12133061 7.63660251 -3.01085885
v 4.05242462 7.63660251 -2.93114975
v 3.97294476 7.63660251 -2.86197949
v 3.88448662 7.63660251 -2.80473677
v 3.78882615 7.63660251 -2.76057061
v 3.68788373 7.63660251 -2.73036782
v 3.58368605 7.63660251 -2.71473469
v 3.47832469 7.63660251 -2.71398511
v 3.37391496 7.63660251 -2.72813414
v 3.27255316 7.63660251 -2.75689766
v 4.15720423 7.64999903 -4.30194025
v 4.13175430 7.64430418 -4.26376888
v 4.10542381 7.62391715 -4.22362255
v 4.10836590 7.62722149 -4.22814263
v 3.92283099 7.64238808 -4.20686172
v 4.11904412 7.63677350 -4.24447486
v 4.08296911 7.57609840 -4.18882982
v 3.93844177 7.58826836 -4.15504256
v 4.09014299 7.59895231 -4.20000290
v 2.73337895 7.62071080 -3.25961567
v 2.70586265 7.64238808 -3.27680155
v 2.89912606 7.58826836 -3.45529753
v 2.75176475 7.58826836 -3.24813228
v 3.07022473 7.58826836 -3.64333510
v 3.26260030 7.58826836 -3.80954107
v 3.47348694 7.58826836 -3.95152567
v 3.69985243 7.58826836 -4.06724752
v 3.93218896 7.62071080 -4.17579839
v 3.69116021 7.62071080 -4.08710574
v 3.46248038 7.62071080 -3.97020073
v 3.24943755 7.62071080 -3.82676439
v 3.05509483 7.62071080 -3.65885913
v 2.88224695 7.62071080 -3.46889903
v 3.67815131 7.64238808 -4.11682574
v 3.44600771 7.64238808 -3.99814991
v 3.22973793 7.64238808 -3.85254098
v 3.03245159 7.64238808 -3.68209237
v 2.85698557 7.64238808 -3.48925504
v 6.41939295 7.57588196 -2.92150162
v 6.46952363 7.57588196 -2.81143661
v 6.42434349 7.60000005 -2.93473394
v 6.48275586 7.60000005 -2.80648598
v 6.53123772 7.63660251 -2.78834740
v 6.44248193 7.63660251 -2.98321562
v 5.23796165 7.63670813 -2.43479980
v 5.26122102 7.64999903 -2.49962835
v 5.25927232 7.64988373 -2.49395005
v 5.24254432 7.64141503 -2.44708310
v 5.24069597 7.63964961 -2.44210127
v 5.29768048 7.63671520 -2.22628990
v 5.27936020 7.62467488 -2.23630316
v 5.35061816 7.64999866 -2.19625827
v 5.31216436 7.64311302 -2.21823329
v 4.72963396 7.64999866 -2.90845314
v 4.69685160 7.64311302 -2.87867205
v 4.79267139 7.64189671 -2.85036450
v 4.68466564 7.63668503 -2.86734176
v 4.69031891 7.63997334 -2.87261645
v 5.19874133 7.64189671 -2.53018856
v 5.11960820 7.64189671 -2.63547970
v 5.02358451 7.64189671 -2.72563363
v 4.91351767 7.64189671 -2.79797695
v 5.31485220 7.64189671 -2.11835575
v 5.12607209 7.64999903 -1.56435517
v 5.13582928 7.64189671 -1.63322052
v 5.07608117 7.64312252 -1.56565837
v 5.07032722 7.64141503 -1.56588040
v 5.02949827 7.62211300 -1.56790272
v 5.05731138 7.63674165 -1.56643919
v 5.30237225 7.64189671 -1.98723548
v 5.26758218 7.64189671 -1.86020034
v 5.21151368 7.64189671 -1.74101731
v 4.49032542 7.57588196 -4.16269598
v 4.49912268 7.60000005 -4.17375078
v 4.53135519 7.63660251 -4.21425456
v 5.95102068 7.63660251 -0.59034589
v 5.89930657 7.60000005 -0.59261497
v 5.88519210 7.57588196 -0.59323430
v 4.37015613 7.57588196 -4.14903069
v 4.35910136 7.60000005 -4.15782796
v 4.31859752 7.63660251 -4.19006066
v 5.79311708 7.63660251 -0.44571662
v 5.79600539 7.57588196 -0.51154511
v 5.79538606 7.60000005 -0.49743073
v 4.46795475 7.63670813 -2.87502383
v 4.41348663 7.64999903 -2.91717795
v 4.41828485 7.64988373 -2.91356992
v 4.45768870 7.64141503 -2.88317793
v 4.46185553 7.63964961 -2.87988058
v 4.86517525 7.64999866 -1.38558692
v 4.88124031 7.62467488 -1.46573179
v 4.87737835 7.63671520 -1.44521392
v 4.87419190 7.64311302 -1.42894930
v 3.88560495 7.63668503 -2.48247087
v 3.88233541 7.63997334 -2.48947740
v 3.87859489 7.64311302 -2.49756165
v 3.93512696 7.64189671 -2.57994419
v 3.86040173 7.64999866 -2.53794242
v 4.36511488 7.64189671 -2.86719978
v 4.02229400 7.64189671 -2.67868715
v 4.12510913 7.64189671 -2.76101164
v 4.24052356 7.64189671 -2.82447648
v 4.78003325 7.64189671 -1.39552911
v 4.19481113 7.64999903 -1.40387409
v 4.17554495 7.63674165 -1.46991343
v 4.17903562 7.64141503 -1.45736199
v 4.26332112 7.64189671 -1.41587502
v 4.18060254 7.64312252 -1.45182100
v 4.16834212 7.62211300 -1.49681752
v 4.65147399 7.64189671 -1.36687991
v 4.51990564 7.64189671 -1.36071120
v 4.38922972 7.64189671 -1.37720590
v 2.55723922 7.63660251 -2.75288292
v 2.58580027 7.60000005 -2.70971165
v 2.59359544 7.57588196 -2.69792879
v 3.52339642 7.63660251 -0.31831598
v 3.50957392 7.60000005 -0.36820003
v 3.50580122 7.57588196 -0.38181504
v 2.56945761 7.57588196 -2.57941827
v 2.55767470 7.60000005 -2.57162296
v 2.51450343 7.63660251 -2.54306195
v 3.40055013 7.57588196 -0.44139342
v 3.38693503 7.60000005 -0.43762082
v 3.33705088 7.63660251 -0.42379832
v 3.80579913 7.63660214 -2.28005510
v 3.75440912 7.64999903 -2.23996453
v 3.80462441 7.63973474 -2.27430556
v 3.80040416 7.64141503 -2.27149663
v 3.75932325 7.64988373 -2.24341295
v 3.81670152 7.57590953 -2.32537540
v 3.81412911 7.60000005 -2.31571177
v 3.81030315 7.62069683 -2.30028706
v 4.03634137 7.57593728 -1.56461459
v 4.02882956 7.60000005 -1.57159388
v 4.01692339 7.62082516 -1.58305329
v 4.00187476 7.63660251 -1.59827841
v 3.99764441 7.63973474 -1.60271626
v 3.94417085 7.64999866 -1.59675933
v 3.98819726 7.64311302 -1.60158367
v 3.94956982 7.63973474 -1.65878062
v 3.79355815 7.63973474 -2.20031761
v 3.78982709 7.63973474 -2.12124382
v 3.79758063 7.63973474 -2.01663900
v 3.81965968 7.63973474 -1.91409728
v 3.85564370 7.63973474 -1.81557094
v 3.90484775 7.63973474 -1.72293589
v 4.62395410 5.49999998 -2.25550208
v 4.76913527 5.49999998 -2.36500986
v 4.67929717 5.49999998 -2.20104106
v 4.85157042 5.49999998 -2.24616218
v 4.69999516 5.49999998 -2.12620492
v 4.87427586 5.49999998 -2.10331686
v 4.68050208 5.49999998 -2.05104590
v 4.83275452 5.49999998 -1.96476613
v 4.62604106 5.49999998 -1.99570283
v 4.73523012 5.49999998 -1.85795170
v 4.55120492 5.49999998 -1.97500484
v 4.60101867 5.49999998 -1.80402945
v 4.47604590 5.49999998 -1.99449792
v 4.45670233 5.49999998 -1.81367935
v 4.33086473 5.49999998 -1.88499014
v 4.42070283 5.49999998 -2.04895894
v 4.24842958 5.49999998 -2.00383782
v 4.40000484 5.49999998 -2.12379508
v 4.22572414 5.49999998 -2.14668314
v 4.41949792 5.49999998 -2.19895410
v 4.26724548 5.49999998 -2.28523387
v 4.47395894 5.49999998 -2.25429717
v 4.36476988 5.49999998 -2.39204830
v 4.54879508 5.49999998 -2.27499516
v 4.49898133 5.49999998 -2.44597055
v 4.64329767 5.49999998 -2.43632065
v 4.79000986 6.74999996 -1.90586473
v 4.73523012 6.74999996 -1.85795170
v 4.67116218 6.74999996 -1.82342958
v 4.60101867 6.74999996 -1.80402945
v 4.52831686 6.74999996 -1.80072414
v 4.45670233 6.74999996 -1.81367935
v 4.38976613 6.74999996 -1.84224548
v 4.33086473 6.74999996 -1.88499014
v 4.28295170 6.74999996 -1.93976988
v 4.24842958 6.74999996 -2.00383782
v 4.22902945 6.74999996 -2.07398133
v 4.22572414 6.74999996 -2.14668314
v 4.23867935 6.74999996 -2.21829767
v 4.26724548 6.74999996 -2.28523387
v 4.30999014 6.74999996 -2.34413527
v 4.36476988 6.74999996 -2.39204830
v 4.42883782 6.74999996 -2.42657042
v 4.49898133 6.74999996 -2.44597055
v 4.57168314 6.74999996 -2.44927586
v 4.64329767 6.74999996 -2.43632065
v 4.71023387 6.74999996 -2.40775452
v 4.76913527 6.74999996 -2.36500986
v 4.81704830 6.74999996 -2.31023012
v 4.85157042 6.74999996 -2.24616218
v 4.87097055 6.74999996 -2.17601867
v 4.87427586 6.74999996 -2.10331686
v 4.86132065 6.74999996 -2.03170233
v 4.83275452 6.74999996 -1.96476613
v 4.68050208 6.84999998 -2.05104590
v 4.69999516 6.84999998 -2.12620492
v 4.67929717 6.84999998 -2.20104106
v 4.62395410 6.84999998 -2.25550208
v 4.54879508 6.84999998 -2.27499516
v 4.47395894 6.84999998 -2.25429717
v 4.41949792 6.84999998 -2.19895410
v 4.40000484 6.84999998 -2.12379508
v 4.42070283 6.84999998 -2.04895894
v 4.47604590 6.84999998 -1.99449792
v 4.55120492 6.84999998 -1.97500484
v 4.62604106 6.84999998 -1.99570283
v 4.55000000 6.84999998 -2.12500000
v 4.27306555 6.83660253 -2.37784837
v 4.33627292 6.83660253 -2.43313266
v 4.41019748 6.83660253 -2.47296586
v 4.49113231 6.83660253 -2.49535062
v 4.57501901 6.83660253 -2.49916446
v 4.65765116 6.83660253 -2.48421612
v 4.73488523 6.83660253 -2.45125520
v 4.80284837 6.83660253 -2.40193445
v 4.85813266 6.83660253 -2.33872708
v 4.89796586 6.83660253 -2.26480252
v 4.92035062 6.83660253 -2.18386769
v 4.92416446 6.83660253 -2.09998099
v 4.90921612 6.83660253 -2.01734884
v 4.87625520 6.83660253 -1.94011477
v 4.82693445 6.83660253 -1.87215163
v 4.76372708 6.83660253 -1.81686734
v 4.68980252 6.83660253 -1.77703414
v 4.60886769 6.83660253 -1.75464938
v 4.52498099 6.83660253 -1.75083554
v 4.44234884 6.83660253 -1.76578388
v 4.36511477 6.83660253 -1.79874480
v 4.29715163 6.83660253 -1.84806555
v 4.24186734 6.83660253 -1.91127292
v 4.20203414 6.83660253 -1.98519748
v 4.17964938 6.83660253 -2.06613231
v 4.17583554 6.83660253 -2.15001901
v 4.19078388 6.83660253 -2.23265116
v 4.22374480 6.83660253 -2.30988523
v 4.25558954 6.79999997 -2.29183917
v 4.30009621 6.79999997 -2.35316868
v 4.35713413 6.79999997 -2.40305683
v 4.42384315 6.79999997 -2.43900204
v 4.49687820 6.79999997 -2.45920192
v 4.57257699 6.79999997 -2.46264348
v 4.64714368 6.79999997 -2.44915420
v 4.71683917 6.79999997 -2.41941046
v 4.77816868 6.79999997 -2.37490379
v 4.82805683 6.79999997 -2.31786587
v 4.86400204 6.79999997 -2.25115685
v 4.88420192 6.79999997 -2.17812180
v 4.88764348 6.79999997 -2.10242301
v 4.87415420 6.79999997 -2.02785632
v 4.84441046 6.79999997 -1.95816083
v 4.79990379 6.79999997 -1.89683132
v 4.74286587 6.79999997 -1.84694317
v 4.67615685 6.79999997 -1.81099796
v 4.60312180 6.79999997 -1.79079808
v 4.52742301 6.79999997 -1.78735652
v 4.45285632 6.79999997 -1.80084580
v 4.38316083 6.79999997 -1.83058954
v 4.32183132 6.79999997 -1.87509621
v 4.27194317 6.79999997 -1.93213413
v 4.23599796 6.79999997 -1.99884315
v 4.21579808 6.79999997 -2.07187820
v 4.21235652 6.79999997 -2.14757699
v 4.22584580 6.79999997 -2.22214368
v 5.97623466 6.05000002 -0.57539342
v 4.88802649 6.05000002 -1.83580897
v 5.81891276 6.05000002 -0.43956598
v 4.73070452 6.05000002 -1.69998149
v 6.46449430 6.05000002 -3.00257502
v 4.92949295 6.05000002 -2.35711734
v 6.54505873 6.05000002 -2.81097989
v 5.01005738 6.05000002 -2.16552226
v 4.30698786 6.05000002 -4.21697793
v 4.44651305 6.05000002 -2.55764744
v 4.51410134 6.05000002 -4.23439292
v 4.65362659 6.05000002 -2.57506266
v 2.48531597 6.05000002 -2.54033839
v 4.10654857 6.05000002 -2.16027349
v 2.53275474 6.05000002 -2.74269658
v 4.15398735 6.05000002 -2.36263177
v 3.51696722 6.05000002 -0.28971525
v 4.37941890 6.05000002 -1.71415273
v 3.33917253 6.05000002 -0.39736459
v 4.20162415 6.05000002 -1.82180186
v 4.15902100 7.55000013 -2.66524919
v 4.14121575 7.55000013 -2.65190529
v 4.54875817 7.55000013 -1.45811758
v 4.57100628 7.55000013 -1.45844731
v 5.18385912 7.55000013 -1.91774091
v 5.19042057 7.55000013 -1.93900203
v 4.94298837 7.55000013 -2.66378929
v 4.92479540 7.55000013 -2.67659959
v 4.47627969 7.53999996 -2.25035105
v 4.54883186 7.53999996 -2.27041735
v 4.62169704 7.53999996 -2.25151918
v 4.67535105 7.53999996 -2.19872031
v 4.69541735 7.53999996 -2.12616814
v 4.67651918 7.53999996 -2.05330296
v 4.62372031 7.53999996 -1.99964895
v 4.55116814 7.53999996 -1.97958265
v 4.47830296 7.53999996 -1.99848082
v 4.42464895 7.53999996 -2.05127969
v 4.40458265 7.53999996 -2.12383186
v 4.42348082 7.53999996 -2.19669704
v 4.55000000 7.53999996 -2.12500000
v 3.81761114 7.64999996 -2.32867508
v 4.06665504 7.54554189 -2.08381531
v 4.03193473 7.55606118 -2.11795231
v 3.92940892 7.59646456 -2.21875561
v 3.82922715 7.64999996 -2.31725426
v 4.12410726 7.54299919 -1.91076466
v 4.12061363 7.54641063 -1.89329125
v 4.12141904 7.53536589 -1.98571960
v 4.12395163 7.53588612 -1.97263146
v 4.12552464 7.54112146 -1.92212176
v 4.09786622 7.53784451 -2.04421528
v 4.10406082 7.53669507 -2.03312323
v 4.11886522 7.53521241 -1.99571058
v 4.03893460 7.64999996 -1.56224861
v 4.08570189 7.58379466 -1.75179506
v 4.05151029 7.63469964 -1.61321762
v 4.04281444 7.64999996 -1.57797348
v 3.90484775 7.64999996 -1.72293589
v 3.81965968 7.64999996 -1.91409728
v 3.78982709 7.64999996 -2.12124382
v 3.95473228 7.64999996 -1.67540957
v 3.88291967 7.64999996 -1.79111511
v 3.80668016 7.64999996 -2.18785610
v 3.80763928 7.64999996 -2.05168011
v 3.83333797 7.64999996 -1.91794753
v 3.94333447 7.59504113 -1.97836087
v 3.96264382 7.58688479 -1.98564802
v 3.95494555 7.58466414 -2.06622891
v 3.95417674 7.58466414 -2.17538361
v 3.97281637 7.58296485 -1.98662848
v 3.98229980 7.57952138 -1.98593746
v 4.00012652 7.57363598 -1.98012788
v 4.00214503 7.57302541 -1.97903670
v 4.01481129 7.56955548 -1.96937162
v 4.02373760 7.56771445 -1.95780301
v 4.02548197 7.56747174 -1.95461689
v 4.03119484 7.56762467 -1.93667086
v 4.03078776 7.57023703 -1.91717998
v 4.03182008 7.56841722 -1.92856116
v 4.02421737 7.57493704 -1.89928732
v 4.01507448 7.57987435 -1.88715446
v 4.01528813 7.58466414 -1.85736772
v 4.00295420 7.58559509 -1.87768967
v 4.07285094 7.58466414 -1.76462152
v 3.99774075 7.58788857 -1.87496953
v 3.97799006 7.59594116 -1.86981566
v 3.97381624 7.59753111 -1.86963112
v 3.95867336 7.60298419 -1.87149244
v 3.94450636 7.60758585 -1.87721746
v 3.94170601 7.60842460 -1.87890739
v 3.92818353 7.61198337 -1.89091466
v 3.92290573 7.61300578 -1.89845392
v 3.91890113 7.61346045 -1.90666274
v 3.91488513 7.61256377 -1.92537126
v 3.91482175 7.61228959 -1.92768234
v 3.91746946 7.60898712 -1.94553577
v 3.92245753 7.60562598 -1.95703083
v 3.92734557 7.60284989 -1.96430463
v 3.97379082 7.55000013 -1.86963091
v 4.00297730 7.55000013 -1.87770324
v 3.97332087 7.55000013 -1.92812979
v 4.02421737 7.55000013 -1.89928732
v 4.03181980 7.55000013 -1.92859974
v 3.91482194 7.55000013 -1.92765992
v 3.92289427 7.55000013 -1.89847341
v 3.94447837 7.55000013 -1.87723329
v 3.97285093 7.55000013 -1.98662875
v 3.94366444 7.55000013 -1.97855642
v 3.92242432 7.55000013 -1.95697231
v 4.02374747 7.55000013 -1.95778625
v 4.00216337 7.55000013 -1.97902634
v 3.03230425 7.37000002 -3.30382770
v 3.03230425 7.34999996 -3.30382770
v 3.25528132 7.37000002 -3.54511931
v 3.25528132 7.34999996 -3.54511931
v 3.51610063 7.37000002 -3.74490337
v 3.51610063 7.34999996 -3.74490337
v 3.80713884 7.37000002 -3.89734095
v 3.80713884 7.34999996 -3.89734095
v 5.20213800 7.37000002 -3.93269227
v 5.50052365 7.37000002 -3.79519162
v 5.77112725 7.37000002 -3.60887440
v 6.00603968 7.37000002 -3.37918641
v 6.00603968 7.34999996 -3.37918641
v 5.20213800 7.34999996 -3.93269227
v 5.50052365 7.34999996 -3.79519162
v 5.77112725 7.34999996 -3.60887440
v 6.47073919 7.37000002 -2.06338757
v 6.47073919 7.34999996 -2.06338757
v 6.43217461 7.37000002 -1.73711588
v 6.43217461 7.34999996 -1.73711588
v 6.33859755 7.37000002 -1.42218133
v 6.33859755 7.34999996 -1.42218133
v 6.19274313 7.37000002 -1.12778887
v 6.19274313 7.34999996 -1.12778887
v 5.08494414 7.37000002 -0.27922911
v 5.08494414 7.34999996 -0.27922911
v 4.76272425 7.37000002 -0.21508278
v 4.76272425 7.34999996 -0.21508278
v 4.43428676 7.37000002 -0.20675974
v 4.43428676 7.34999996 -0.20675974
v 4.10923138 7.37000002 -0.25450306
v 4.10923138 7.34999996 -0.25450306
v 2.95987436 7.37000002 -1.04586340
v 2.95987436 7.34999996 -1.04586340
v 2.79929629 7.37000002 -1.33249040
v 2.79929629 7.34999996 -1.33249040
v 2.68988786 7.37000002 -1.64228103
v 2.68988786 7.34999996 -1.64228103
v 2.63484688 7.37000002 -1.96618053
v 2.63484688 7.34999996 -1.96618053
v 5.00498987 6.87000004 -3.58288705
v 5.53414542 6.87000004 -3.29286491
v 5.74546596 6.87000004 -3.07542707
v 5.28403395 6.87000004 -3.46427027
v 3.95474429 6.87000004 -3.53145700
v 3.34304469 6.87000004 -3.06079357
v 3.72498892 6.87000004 -3.41022655
v 3.51910349 6.87000004 -3.25181091
v 3.28703774 6.87000004 -1.26629339
v 3.15977456 6.87000004 -1.49276282
v 3.07273446 6.87000004 -1.73752469
v 3.02843582 6.87000004 -1.99349729
v 4.20487733 6.87000004 -0.63726984
v 4.97640166 6.87000004 -0.65849663
v 4.46201075 6.87000004 -0.60030052
v 4.72168996 6.87000004 -0.60744507
v 5.85826663 6.87000004 -1.33703498
v 5.97288525 6.87000004 -1.57015922
v 6.04633568 6.87000004 -1.81933658
v 6.07649293 6.87000004 -2.07735765
f 1 2 3
f 1 3 4
f 4 3 5
f 4 5 6
f 7 8 5
f 5 8 9
f 9 10 5
f 5 10 11
f 5 11 6
f 12 13 14
f 15 16 17
f 14 13 17
f 17 13 18
f 17 18 15
f 19 20 14
f 14 20 21
f 14 21 12
f 22 23 24
f 24 23 25
f 24 25 26
f 26 25 27
f 26 27 19
f 19 27 28
f 19 28 20
f 22 24 29
f 29 24 3
f 29 3 2
f 17 16 30
f 30 16 31
f 30 31 32
f 33 34 35
f 35 34 30
f 35 30 36
f 32 37 30
f 30 37 38
f 30 38 36
f 30 34 39
f 30 39 40
f 40 39 41
f 40 41 42
f 42 41 43
f 42 43 44
f 44 43 45
f 44 45 46
f 46 45 47
f 46 47 48
f 48 47 49
f 48 49 50
f 50 49 51
f 50 51 52
f 52 51 53
f 52 53 54
f 54 53 55
f 54 55 56
f 56 55 7
f 56 7 5
f 5 3 56
f 56 3 54
f 3 46 48
f 30 40 17
f 17 40 42
f 48 50 3
f 3 50 52
f 3 52 54
f 3 24 46
f 46 24 26
f 46 26 19
f 19 14 46
f 46 14 17
f 46 17 44
f 44 17 42
f 39 34 33
f 33 57 39
f 39 57 58
f 39 58 41
f 41 58 59
f 41 59 43
f 43 59 60
f 43 60 45
f 8 7 61
f 61 7 55
f 61 55 62
f 62 55 53
f 60 63 45
f 45 63 64
f 45 64 47
f 47 64 65
f 47 65 49
f 65 66 49
f 49 66 67
f 49 67 51
f 51 67 68
f 51 68 53
f 53 68 69
f 53 69 62
f 70 71 72
f 73 74 65
f 75 76 73
f 32 31 77
f 1 78 2
f 6 11 79
f 79 11 10
f 78 1 80
f 22 29 81
f 81 29 2
f 25 23 82
f 82 23 22
f 25 82 27
f 27 82 83
f 27 83 28
f 28 83 20
f 20 83 84
f 20 84 21
f 16 15 85
f 15 18 85
f 85 18 13
f 85 13 84
f 84 13 12
f 84 12 21
f 32 77 37
f 37 77 86
f 37 86 38
f 35 36 87
f 87 36 38
f 87 38 88
f 88 38 86
f 89 90 91
f 89 91 92
f 90 93 91
f 91 93 94
f 91 94 95
f 95 96 91
f 91 96 97
f 91 97 98
f 97 99 98
f 98 99 100
f 98 100 101
f 102 74 103
f 103 74 73
f 103 73 104
f 104 73 76
f 102 105 74
f 74 105 106
f 74 106 107
f 107 106 92
f 108 109 110
f 110 109 111
f 110 111 112
f 112 111 113
f 112 113 114
f 114 115 112
f 112 115 116
f 112 116 117
f 117 118 112
f 112 118 119
f 112 119 120
f 121 122 85
f 85 122 123
f 123 124 85
f 85 124 125
f 85 125 110
f 110 125 126
f 110 126 108
f 127 128 84
f 84 128 129
f 84 129 85
f 85 129 130
f 85 130 121
f 131 132 83
f 83 132 133
f 83 133 84
f 84 133 134
f 84 134 127
f 101 135 98
f 98 135 136
f 98 136 82
f 82 136 137
f 82 137 138
f 138 139 82
f 82 139 140
f 82 140 83
f 83 140 141
f 83 141 131
f 142 59 143
f 143 59 58
f 143 58 144
f 144 58 57
f 64 63 145
f 120 146 112
f 112 146 75
f 112 75 145
f 145 75 73
f 145 73 64
f 64 73 65
f 69 71 62
f 62 71 70
f 62 70 61
f 61 70 147
f 61 147 8
f 86 142 88
f 88 142 143
f 88 143 87
f 87 143 144
f 87 144 35
f 35 144 57
f 35 57 33
f 92 91 107
f 107 91 148
f 107 148 74
f 74 148 66
f 74 66 65
f 1 4 149
f 149 4 6
f 149 6 72
f 72 6 79
f 72 79 70
f 70 79 10
f 70 10 147
f 147 10 9
f 147 9 8
f 16 150 31
f 31 150 151
f 31 151 77
f 77 151 152
f 77 152 86
f 86 152 153
f 86 153 142
f 142 153 60
f 142 60 59
f 1 149 80
f 80 149 72
f 80 72 154
f 154 72 71
f 154 71 155
f 155 71 69
f 155 69 68
f 16 85 150
f 150 85 110
f 150 110 151
f 151 110 112
f 151 112 152
f 152 112 145
f 152 145 153
f 153 145 63
f 153 63 60
f 22 81 82
f 82 81 156
f 82 156 98
f 98 156 157
f 98 157 91
f 91 157 158
f 91 158 148
f 148 158 67
f 148 67 66
f 2 78 81
f 81 78 80
f 81 80 156
f 156 80 154
f 156 154 157
f 157 154 155
f 157 155 158
f 158 155 68
f 158 68 67
f 128 127 159
f 136 135 160
f 160 135 161
f 135 101 161
f 161 101 100
f 161 100 99
f 140 162 141
f 141 162 163
f 141 163 131
f 140 139 162
f 162 139 138
f 162 138 160
f 160 138 137
f 160 137 136
f 127 134 159
f 159 134 133
f 159 133 163
f 163 133 132
f 163 132 131
f 128 159 129
f 129 159 164
f 129 164 130
f 165 123 122
f 165 122 164
f 164 122 121
f 164 121 130
f 108 126 166
f 166 126 125
f 166 125 165
f 165 125 124
f 165 124 123
f 108 166 109
f 109 166 167
f 109 167 111
f 168 117 116
f 116 115 168
f 168 115 114
f 168 114 167
f 167 114 113
f 167 113 111
f 117 168 118
f 118 168 169
f 118 169 119
f 170 104 76
f 76 75 170
f 170 75 146
f 170 146 169
f 169 146 120
f 169 120 119
f 106 105 171
f 171 105 102
f 171 102 170
f 170 102 103
f 170 103 104
f 172 94 173
f 173 94 93
f 93 90 173
f 173 90 89
f 173 89 171
f 171 89 92
f 171 92 106
f 99 97 161
f 161 97 96
f 161 96 172
f 172 96 95
f 172 95 94
f 162 160 174
f 174 160 161
f 174 161 172
f 164 159 174
f 174 159 163
f 174 163 162
f 167 166 174
f 174 166 165
f 174 165 164
f 170 169 174
f 174 169 168
f 174 168 167
f 172 173 174
f 174 173 171
f 174 171 170
f 175 176 177
f 177 176 178
f 177 178 179
f 179 178 180
f 181 182 178
f 178 182 183
f 183 184 178
f 178 184 185
f 178 185 180
f 186 187 188
f 189 190 191
f 188 187 191
f 191 187 192
f 191 192 189
f 193 194 195
f 195 194 196
f 195 196 188
f 188 196 197
f 188 197 186
f 198 199 200
f 200 199 201
f 200 201 193
f 193 201 202
f 193 202 194
f 198 200 203
f 203 200 176
f 203 176 175
f 191 190 204
f 204 190 205
f 204 205 206
f 207 208 209
f 209 208 204
f 209 204 210
f 206 211 204
f 204 211 212
f 204 212 210
f 204 208 213
f 204 213 214
f 214 213 215
f 214 215 216
f 216 215 217
f 216 217 218
f 218 217 219
f 218 219 220
f 220 219 221
f 220 221 222
f 222 221 223
f 222 223 224
f 224 223 225
f 224 225 226
f 226 225 227
f 226 227 228
f 228 227 229
f 228 229 230
f 230 229 181
f 230 181 178
f 226 228 176
f 176 228 230
f 176 230 178
f 193 195 224
f 224 195 188
f 224 188 191
f 204 214 191
f 191 214 216
f 191 216 218
f 218 220 191
f 191 220 222
f 191 222 224
f 226 176 224
f 224 176 200
f 224 200 193
f 213 208 207
f 207 231 213
f 213 231 232
f 213 232 215
f 215 232 233
f 215 233 217
f 217 233 234
f 217 234 219
f 234 235 219
f 219 235 236
f 219 236 221
f 221 236 237
f 221 237 223
f 182 181 238
f 238 181 229
f 238 229 239
f 239 229 227
f 237 240 223
f 223 240 241
f 223 241 225
f 225 241 242
f 225 242 227
f 227 242 243
f 227 243 239
f 244 245 246
f 247 248 237
f 212 249 210
f 177 250 175
f 180 185 251
f 251 185 184
f 250 177 252
f 198 203 253
f 253 203 175
f 201 199 254
f 254 199 198
f 201 254 202
f 202 254 255
f 202 255 194
f 194 255 196
f 196 255 256
f 196 256 197
f 190 189 257
f 189 192 257
f 257 192 187
f 257 187 256
f 256 187 186
f 256 186 197
f 249 212 258
f 258 212 211
f 258 211 259
f 259 211 206
f 259 206 205
f 260 261 247
f 247 261 262
f 247 262 263
f 263 264 247
f 247 264 265
f 247 265 248
f 248 265 266
f 266 267 248
f 248 267 268
f 248 268 269
f 269 268 270
f 271 272 273
f 273 272 274
f 273 274 275
f 275 274 276
f 276 277 275
f 275 277 278
f 275 278 279
f 279 280 275
f 275 280 281
f 275 281 282
f 283 284 257
f 284 285 257
f 257 285 286
f 257 286 273
f 273 286 287
f 273 287 271
f 288 289 255
f 255 289 256
f 256 289 290
f 256 290 291
f 291 292 256
f 256 292 293
f 256 293 257
f 257 293 294
f 257 294 283
f 295 296 254
f 254 296 297
f 254 297 255
f 255 297 298
f 255 298 288
f 270 299 300
f 300 299 301
f 301 302 300
f 300 302 303
f 300 303 304
f 305 306 307
f 307 306 308
f 307 308 254
f 254 308 309
f 254 309 295
f 304 310 300
f 300 310 311
f 300 311 307
f 307 311 312
f 307 312 305
f 313 233 314
f 314 233 232
f 314 232 315
f 315 232 231
f 236 235 316
f 282 317 275
f 275 317 260
f 275 260 316
f 316 260 247
f 316 247 236
f 236 247 237
f 243 245 239
f 239 245 244
f 239 244 238
f 238 244 318
f 238 318 182
f 258 313 249
f 249 313 314
f 249 314 210
f 210 314 315
f 210 315 209
f 209 315 231
f 209 231 207
f 270 300 269
f 269 300 319
f 269 319 248
f 248 319 240
f 248 240 237
f 177 179 320
f 320 179 180
f 320 180 246
f 246 180 251
f 246 251 244
f 244 251 184
f 244 184 318
f 318 184 183
f 318 183 182
f 190 321 205
f 205 321 322
f 205 322 259
f 259 322 323
f 259 323 258
f 258 323 324
f 258 324 313
f 313 324 234
f 313 234 233
f 177 320 252
f 252 320 246
f 252 246 325
f 325 246 245
f 325 245 326
f 326 245 243
f 326 243 242
f 190 257 321
f 321 257 273
f 321 273 322
f 322 273 275
f 322 275 323
f 323 275 316
f 323 316 324
f 324 316 235
f 324 235 234
f 198 253 254
f 254 253 327
f 254 327 307
f 307 327 328
f 307 328 300
f 300 328 329
f 300 329 319
f 319 329 241
f 319 241 240
f 175 250 253
f 253 250 252
f 253 252 327
f 327 252 325
f 327 325 328
f 328 325 326
f 328 326 329
f 329 326 242
f 329 242 241
f 267 330 268
f 268 330 331
f 268 331 270
f 270 331 299
f 304 332 310
f 310 332 333
f 310 333 311
f 304 303 332
f 332 303 302
f 332 302 331
f 331 302 301
f 331 301 299
f 334 309 335
f 335 309 308
f 308 306 335
f 335 306 305
f 335 305 333
f 333 305 312
f 333 312 311
f 336 296 334
f 334 296 295
f 334 295 309
f 337 289 336
f 336 289 288
f 288 298 336
f 336 298 297
f 336 297 296
f 293 292 338
f 338 292 291
f 338 291 337
f 337 291 290
f 337 290 289
f 293 338 294
f 294 338 339
f 294 339 283
f 340 286 285
f 340 285 339
f 339 285 284
f 339 284 283
f 286 340 287
f 287 340 341
f 287 341 271
f 277 276 342
f 342 276 274
f 342 274 341
f 341 274 272
f 341 272 271
f 277 342 278
f 278 342 343
f 278 343 279
f 317 282 344
f 344 282 281
f 344 281 343
f 343 281 280
f 343 280 279
f 263 262 345
f 345 262 261
f 345 261 344
f 344 261 260
f 344 260 317
f 267 266 330
f 330 266 265
f 330 265 345
f 345 265 264
f 345 264 263
f 330 345 346
f 333 332 346
f 346 332 331
f 346 331 330
f 336 334 346
f 346 334 335
f 346 335 333
f 339 338 346
f 346 338 337
f 346 337 336
f 342 341 346
f 346 341 340
f 346 340 339
f 345 344 346
f 346 344 343
f 346 343 342
f 347 348 349
f 349 348 350
f 349 350 351
f 351 350 352
f 351 352 353
f 354 355 349
f 349 355 356
f 356 357 349
f 349 357 358
f 349 358 347
f 359 360 361
f 362 363 364
f 361 360 364
f 364 360 365
f 364 365 362
f 366 367 368
f 366 368 369
f 368 370 369
f 369 370 371
f 369 371 361
f 361 371 372
f 361 372 359
f 367 366 373
f 373 366 374
f 373 374 375
f 353 376 351
f 351 376 377
f 351 377 374
f 374 377 378
f 374 378 375
f 364 363 379
f 379 363 380
f 379 380 381
f 382 383 384
f 384 383 379
f 384 379 385
f 381 386 379
f 379 386 387
f 379 387 385
f 379 383 388
f 379 388 389
f 389 388 390
f 389 390 391
f 391 390 392
f 391 392 393
f 393 392 394
f 393 394 395
f 395 394 396
f 395 396 397
f 397 396 398
f 397 398 399
f 399 398 400
f 399 400 401
f 401 400 402
f 401 402 403
f 403 402 404
f 403 404 405
f 405 404 354
f 405 354 349
f 366 369 399
f 399 369 361
f 399 361 364
f 379 389 364
f 364 389 391
f 364 391 393
f 393 395 364
f 364 395 397
f 364 397 399
f 401 403 351
f 351 403 405
f 351 405 349
f 401 351 399
f 399 351 374
f 399 374 366
f 388 383 382
f 382 406 388
f 388 406 407
f 388 407 390
f 390 407 408
f 390 408 392
f 392 408 409
f 392 409 394
f 409 410 394
f 394 410 411
f 394 411 396
f 396 411 412
f 396 412 398
f 412 413 398
f 398 413 414
f 398 414 400
f 400 414 415
f 400 415 402
f 355 354 416
f 416 354 404
f 416 404 417
f 417 404 402
f 417 402 418
f 418 402 415
f 419 420 421
f 387 386 422
f 363 423 380
f 357 424 425
f 424 357 356
f 347 426 348
f 348 426 350
f 377 376 427
f 427 376 353
f 375 378 428
f 428 378 377
f 429 367 428
f 428 367 373
f 428 373 375
f 430 372 429
f 429 372 371
f 371 370 429
f 429 370 368
f 429 368 367
f 363 362 431
f 362 365 431
f 431 365 360
f 431 360 430
f 430 360 359
f 430 359 372
f 423 432 380
f 380 432 422
f 380 422 381
f 381 422 386
f 385 433 384
f 384 433 406
f 384 406 382
f 434 435 436
f 436 437 434
f 434 437 438
f 434 438 439
f 439 438 440
f 439 440 441
f 441 442 439
f 439 442 443
f 439 443 444
f 445 446 431
f 446 447 431
f 431 447 448
f 431 448 434
f 434 448 449
f 434 449 435
f 450 430 451
f 451 430 429
f 451 429 452
f 452 429 453
f 450 454 430
f 430 454 455
f 430 455 431
f 431 455 456
f 431 456 445
f 457 428 458
f 458 428 459
f 457 460 428
f 428 460 461
f 428 461 429
f 429 461 462
f 429 462 453
f 463 464 465
f 465 466 463
f 463 466 467
f 463 467 468
f 469 470 459
f 459 470 471
f 459 471 458
f 468 472 463
f 463 472 473
f 463 473 459
f 459 473 474
f 459 474 469
f 475 476 477
f 478 479 480
f 478 480 481
f 477 476 480
f 480 476 482
f 480 482 481
f 463 483 464
f 464 483 480
f 464 480 484
f 484 480 479
f 444 485 439
f 439 485 486
f 439 486 487
f 487 486 488
f 487 488 477
f 477 488 489
f 477 489 475
f 490 409 491
f 491 409 408
f 491 408 492
f 492 408 407
f 483 413 480
f 480 413 412
f 480 412 477
f 477 412 411
f 477 411 487
f 487 411 410
f 356 355 424
f 424 355 416
f 424 416 425
f 425 416 417
f 425 417 493
f 493 417 418
f 493 418 494
f 494 418 415
f 492 495 491
f 491 495 496
f 491 496 490
f 490 496 497
f 494 420 493
f 493 420 419
f 493 419 425
f 425 419 498
f 425 498 357
f 432 497 422
f 422 497 496
f 422 496 387
f 387 496 495
f 387 495 385
f 385 495 492
f 385 492 433
f 433 492 407
f 433 407 406
f 353 352 499
f 499 352 350
f 499 350 421
f 421 350 426
f 421 426 419
f 419 426 347
f 419 347 498
f 498 347 358
f 498 358 357
f 363 431 423
f 423 431 434
f 423 434 432
f 432 434 439
f 432 439 497
f 497 439 487
f 497 487 490
f 490 487 410
f 490 410 409
f 377 427 428
f 428 427 500
f 428 500 459
f 459 500 501
f 459 501 463
f 463 501 502
f 463 502 483
f 483 502 414
f 483 414 413
f 353 499 427
f 427 499 421
f 427 421 500
f 500 421 420
f 500 420 501
f 501 420 494
f 501 494 502
f 502 494 415
f 502 415 414
f 470 469 503
f 443 504 444
f 444 504 505
f 444 505 485
f 485 505 486
f 486 505 488
f 488 505 506
f 488 506 489
f 481 482 507
f 507 482 476
f 507 476 506
f 506 476 475
f 506 475 489
f 464 484 508
f 508 484 479
f 508 479 507
f 507 479 478
f 507 478 481
f 464 508 465
f 465 508 509
f 465 509 466
f 473 472 510
f 510 472 468
f 510 468 509
f 509 468 467
f 509 467 466
f 503 469 510
f 510 469 474
f 510 474 473
f 460 511 461
f 461 511 512
f 461 512 462
f 460 457 511
f 511 457 458
f 511 458 503
f 503 458 471
f 503 471 470
f 462 512 453
f 453 512 513
f 453 513 452
f 514 450 513
f 513 450 451
f 513 451 452
f 445 456 515
f 515 456 455
f 515 455 514
f 514 455 454
f 514 454 450
f 445 515 446
f 446 515 516
f 446 516 447
f 436 435 517
f 517 435 449
f 517 449 516
f 516 449 448
f 516 448 447
f 436 517 437
f 437 517 518
f 437 518 438
f 443 442 504
f 504 442 441
f 504 441 518
f 518 441 440
f 518 440 438
f 504 518 519
f 507 506 519
f 519 506 505
f 519 505 504
f 510 509 519
f 519 509 508
f 519 508 507
f 512 511 519
f 519 511 503
f 519 503 510
f 515 514 519
f 519 514 513
f 519 513 512
f 518 517 519
f 519 517 516
f 519 516 515
f 520 521 522
f 522 521 523
f 522 523 524
f 524 523 525
f 524 525 526
f 527 528 522
f 522 528 529
f 522 529 520
f 530 531 532
f 533 534 535
f 532 531 535
f 535 531 536
f 535 536 533
f 537 538 532
f 532 538 539
f 532 539 530
f 540 541 542
f 542 541 543
f 542 543 544
f 544 543 545
f 544 545 537
f 537 545 546
f 537 546 538
f 540 542 547
f 547 542 524
f 547 524 526
f 535 534 548
f 548 534 549
f 548 549 550
f 551 552 553
f 553 552 548
f 553 548 554
f 550 555 548
f 548 555 556
f 548 556 554
f 548 552 557
f 548 557 558
f 558 557 559
f 558 559 560
f 560 559 561
f 560 561 562
f 562 561 563
f 562 563 564
f 564 563 565
f 564 565 566
f 566 565 567
f 566 567 568
f 568 567 569
f 568 569 570
f 570 569 571
f 570 571 572
f 572 571 573
f 572 573 574
f 574 573 527
f 574 527 522
f 574 522 524
f 535 548 558
f 574 524 572
f 542 544 568
f 568 544 537
f 542 568 524
f 524 568 570
f 524 570 572
f 564 566 535
f 535 566 568
f 535 568 532
f 532 568 537
f 558 560 535
f 535 560 562
f 535 562 564
f 557 552 551
f 551 575 557
f 557 575 576
f 557 576 559
f 559 576 577
f 559 577 561
f 561 577 578
f 561 578 563
f 578 579 563
f 563 579 580
f 563 580 565
f 565 580 581
f 565 581 567
f 581 582 567
f 567 582 583
f 567 583 569
f 569 583 584
f 569 584 571
f 528 527 585
f 585 527 573
f 585 573 586
f 586 573 571
f 586 571 587
f 587 571 584
f 588 589 590
f 550 549 591
f 525 523 592
f 592 523 521
f 540 547 593
f 593 547 526
f 594 541 540
f 538 546 595
f 595 546 545
f 595 545 594
f 594 545 543
f 594 543 541
f 596 539 538
f 534 533 597
f 533 536 597
f 597 536 531
f 597 531 596
f 596 531 530
f 596 530 539
f 550 591 555
f 555 591 598
f 555 598 556
f 553 554 599
f 599 554 556
f 599 556 600
f 600 556 598
f 595 601 602
f 538 595 596
f 596 595 602
f 596 602 603
f 604 605 594
f 594 605 606
f 594 606 607
f 607 608 594
f 594 608 609
f 594 609 595
f 595 609 610
f 595 610 601
f 611 612 613
f 611 613 614
f 612 615 613
f 613 615 616
f 613 616 617
f 617 618 613
f 613 618 619
f 613 619 604
f 604 619 620
f 604 620 621
f 621 622 604
f 604 622 623
f 604 623 605
f 624 625 626
f 624 626 627
f 627 626 628
f 628 626 629
f 628 629 630
f 625 631 632
f 631 633 632
f 632 633 634
f 632 634 635
f 635 634 636
f 635 636 614
f 637 638 639
f 639 640 637
f 637 640 641
f 637 641 642
f 641 643 642
f 642 643 644
f 642 644 645
f 645 646 642
f 642 646 647
f 642 647 648
f 648 649 642
f 642 649 650
f 642 650 630
f 603 651 596
f 596 651 652
f 596 652 597
f 597 652 653
f 653 654 597
f 597 654 655
f 597 655 656
f 656 657 597
f 597 657 658
f 597 658 637
f 637 658 659
f 637 659 638
f 660 577 661
f 661 577 576
f 661 576 662
f 662 576 575
f 625 632 626
f 626 632 581
f 626 581 580
f 584 663 587
f 587 663 664
f 587 664 586
f 586 664 665
f 586 665 585
f 585 665 666
f 585 666 528
f 598 660 600
f 600 660 661
f 600 661 599
f 599 661 662
f 599 662 553
f 553 662 575
f 553 575 551
f 630 629 642
f 642 629 626
f 642 626 667
f 667 626 580
f 667 580 579
f 614 613 635
f 635 613 668
f 635 668 632
f 632 668 582
f 632 582 581
f 663 589 664
f 664 589 588
f 664 588 665
f 665 588 669
f 665 669 666
f 666 669 670
f 534 671 549
f 549 671 672
f 549 672 591
f 591 672 673
f 591 673 598
f 598 673 674
f 598 674 660
f 660 674 578
f 660 578 577
f 528 666 529
f 529 666 670
f 529 670 520
f 520 670 669
f 520 669 521
f 521 669 588
f 521 588 592
f 592 588 590
f 592 590 525
f 525 590 675
f 525 675 526
f 534 597 671
f 671 597 637
f 671 637 672
f 672 637 642
f 672 642 673
f 673 642 667
f 673 667 674
f 674 667 579
f 674 579 578
f 540 593 594
f 594 593 676
f 594 676 604
f 604 676 677
f 604 677 613
f 613 677 678
f 613 678 668
f 668 678 583
f 668 583 582
f 526 675 593
f 593 675 590
f 593 590 676
f 676 590 589
f 676 589 677
f 677 589 663
f 677 663 678
f 678 663 584
f 678 584 583
f 605 623 679
f 617 616 680
f 681 603 602
f 681 602 682
f 653 652 683
f 683 652 681
f 681 652 651
f 681 651 603
f 657 656 684
f 684 656 655
f 684 655 683
f 683 655 654
f 683 654 653
f 657 684 658
f 658 684 685
f 658 685 659
f 686 643 641
f 641 640 686
f 686 640 639
f 686 639 685
f 685 639 638
f 685 638 659
f 643 686 644
f 644 686 687
f 644 687 645
f 649 648 688
f 688 648 647
f 688 647 687
f 687 647 646
f 687 646 645
f 627 628 689
f 689 628 630
f 689 630 688
f 688 630 650
f 688 650 649
f 633 631 690
f 690 631 625
f 690 625 689
f 689 625 624
f 689 624 627
f 691 636 690
f 690 636 634
f 690 634 633
f 612 611 691
f 691 611 614
f 691 614 636
f 680 616 691
f 691 616 615
f 691 615 612
f 679 623 692
f 692 623 622
f 692 622 621
f 621 620 692
f 692 620 619
f 692 619 680
f 680 619 618
f 680 618 617
f 602 601 682
f 682 601 610
f 682 610 693
f 693 610 609
f 609 608 693
f 693 608 607
f 693 607 679
f 679 607 606
f 679 606 605
f 683 681 694
f 694 681 682
f 694 682 693
f 686 685 694
f 694 685 684
f 694 684 683
f 689 688 694
f 694 688 687
f 694 687 686
f 680 691 694
f 694 691 690
f 694 690 689
f 693 679 694
f 694 679 692
f 694 692 680
f 695 696 697
f 698 699 700
f 701 702 703
f 704 705 706
f 707 708 709
f 710 711 712
f 713 714 715
f 716 717 718
f 716 718 719
f 719 718 720
f 719 720 721
f 722 723 724
f 724 725 722
f 722 725 726
f 722 726 727
f 727 726 721
f 727 721 728
f 728 721 720
f 729 730 731
f 723 722 706
f 706 722 732
f 706 732 704
f 733 734 735
f 736 737 735
f 735 737 738
f 735 738 733
f 701 703 739
f 740 741 742
f 740 742 743
f 743 742 744
f 743 744 745
f 735 746 736
f 736 746 747
f 736 747 748
f 748 747 742
f 748 742 749
f 749 742 741
f 744 750 745
f 745 750 751
f 745 751 752
f 752 751 753
f 752 753 754
f 755 756 757
f 753 758 754
f 754 758 759
f 754 759 757
f 757 759 760
f 757 760 755
f 761 762 763
f 763 762 764
f 763 764 765
f 766 767 768
f 764 769 765
f 765 769 770
f 765 770 768
f 768 770 771
f 768 771 766
f 772 773 774
f 775 776 777
f 778 779 776
f 776 779 780
f 776 780 777
f 760 781 755
f 755 781 782
f 755 782 778
f 778 782 783
f 778 783 779
f 734 739 735
f 735 739 703
f 735 703 784
f 784 703 785
f 786 787 788
f 788 787 789
f 788 789 785
f 785 789 790
f 785 790 784
f 786 788 791
f 791 788 729
f 791 729 705
f 705 729 731
f 705 731 706
f 717 716 792
f 792 716 707
f 792 707 793
f 793 707 709
f 793 709 794
f 794 709 795
f 794 795 796
f 797 798 795
f 795 798 799
f 795 799 796
f 800 801 797
f 797 801 802
f 797 802 798
f 803 804 715
f 715 804 805
f 715 805 713
f 713 805 806
f 713 806 800
f 800 806 807
f 800 807 801
f 808 809 810
f 810 809 811
f 810 811 712
f 712 811 812
f 712 812 710
f 710 812 813
f 710 813 814
f 814 813 815
f 814 815 816
f 816 815 817
f 816 817 803
f 803 817 818
f 803 818 804
f 808 810 819
f 819 810 820
f 819 820 821
f 821 820 822
f 822 820 823
f 822 823 824
f 825 826 827
f 827 826 828
f 827 828 774
f 774 828 829
f 774 829 772
f 772 829 830
f 772 830 823
f 823 830 831
f 823 831 824
f 825 827 832
f 832 827 833
f 832 833 834
f 834 833 835
f 834 835 836
f 836 835 837
f 836 837 838
f 838 837 695
f 838 695 839
f 839 695 697
f 839 697 840
f 840 697 841
f 840 841 842
f 842 841 843
f 843 841 844
f 843 844 845
f 846 847 844
f 844 847 848
f 844 848 845
f 771 849 766
f 766 849 850
f 766 850 846
f 846 850 851
f 846 851 847
f 777 852 775
f 775 852 853
f 775 853 700
f 700 853 854
f 700 854 698
f 698 854 855
f 698 855 761
f 761 855 856
f 761 856 762
f 857 858 859
f 857 859 860
f 859 861 860
f 860 861 862
f 860 862 863
f 862 864 863
f 863 864 865
f 863 865 866
f 865 867 866
f 866 867 868
f 866 868 869
f 869 868 870
f 869 870 871
f 871 870 872
f 871 872 873
f 874 875 876
f 876 877 874
f 874 877 878
f 874 878 879
f 878 880 879
f 879 880 881
f 879 881 882
f 882 881 883
f 883 884 882
f 882 884 885
f 882 885 886
f 887 888 889
f 889 888 886
f 889 886 890
f 890 886 885
f 891 892 893
f 893 892 894
f 894 895 893
f 893 895 896
f 893 896 897
f 896 898 897
f 897 898 899
f 897 899 900
f 899 901 900
f 900 901 902
f 900 902 903
f 903 902 904
f 903 904 905
f 905 904 906
f 905 906 907
f 908 909 910
f 910 909 911
f 910 911 912
f 912 911 913
f 912 913 914
f 914 913 915
f 914 915 701
f 701 915 702
f 916 917 918
f 918 919 916
f 916 919 920
f 916 920 921
f 921 920 922
f 922 923 921
f 921 923 924
f 921 924 925
f 924 926 925
f 925 926 927
f 925 927 928
f 929 930 931
f 931 930 928
f 931 928 932
f 932 928 927
f 933 934 935
f 934 933 936
f 936 933 937
f 936 937 938
f 939 940 941
f 941 940 942
f 941 942 943
f 943 942 944
f 945 946 947
f 948 949 950
f 948 950 951
f 952 953 954
f 955 956 957
f 957 956 958
f 959 952 960
f 961 962 963
f 959 960 964
f 961 963 965
f 954 966 952
f 952 966 967
f 952 967 955
f 955 967 951
f 955 951 956
f 956 951 950
f 803 968 816
f 816 968 969
f 816 969 970
f 963 971 972
f 972 971 973
f 972 973 974
f 974 973 975
f 974 975 976
f 963 972 965
f 965 972 968
f 965 968 977
f 977 968 803
f 977 803 715
f 774 964 827
f 827 964 960
f 827 960 833
f 833 960 978
f 833 978 835
f 835 978 957
f 835 957 837
f 837 957 958
f 837 958 695
f 979 710 814
f 959 980 952
f 952 980 981
f 952 981 953
f 953 981 982
f 953 982 976
f 976 982 983
f 976 983 974
f 974 983 979
f 974 979 970
f 970 979 814
f 970 814 816
f 984 985 986
f 987 707 716
f 988 986 989
f 989 990 988
f 988 990 991
f 988 991 992
f 992 991 993
f 992 993 994
f 961 995 962
f 962 995 996
f 962 996 997
f 997 996 998
f 997 998 994
f 994 998 999
f 994 999 992
f 992 999 987
f 992 987 1000
f 1000 987 716
f 1000 716 719
f 721 1001 719
f 719 1001 1002
f 719 1002 1000
f 984 986 1003
f 1003 986 988
f 1003 988 1004
f 1004 988 1001
f 1004 1001 1005
f 1005 1001 721
f 1005 721 726
f 1006 1007 1008
f 1008 1007 985
f 1009 1010 1007
f 1007 1010 1011
f 1007 1011 985
f 1012 1013 1014
f 1014 1013 1015
f 1014 1015 1011
f 1011 1015 1016
f 1011 1016 985
f 985 1016 1017
f 985 1017 986
f 1018 1019 1020
f 1021 1022 1012
f 1012 1022 1023
f 1012 1023 1024
f 1012 1014 1021
f 1021 1014 1025
f 1021 1025 1020
f 1020 1025 1026
f 1020 1026 1018
f 765 768 1027
f 1028 947 1029
f 1029 947 1030
f 1029 1030 1027
f 1028 1031 1032
f 1032 1031 1033
f 1032 1033 949
f 949 1033 1034
f 949 1034 950
f 1024 1035 946
f 946 1035 1036
f 946 1036 1037
f 1037 1036 698
f 1037 698 761
f 765 1027 763
f 763 1027 1030
f 763 1030 761
f 761 1030 1038
f 761 1038 1037
f 1028 1032 947
f 947 1032 1039
f 947 1039 945
f 945 1040 946
f 946 1040 1041
f 946 1041 1024
f 1024 1041 1042
f 1024 1042 1012
f 1043 1044 1045
f 1046 1047 743
f 1046 743 1048
f 1048 743 745
f 1048 745 1049
f 1049 745 752
f 1049 752 1050
f 1051 1052 1053
f 1010 1009 1054
f 1054 1009 1055
f 1054 1055 1056
f 1056 1055 1057
f 1056 1057 1058
f 1058 1057 1059
f 1058 1059 1060
f 1060 1059 1061
f 1060 1061 1062
f 1062 1061 1063
f 1062 1063 1047
f 1047 1063 740
f 1047 740 743
f 1052 1050 1053
f 1053 1050 752
f 1053 752 1064
f 1064 752 754
f 1064 754 1065
f 1065 754 757
f 1044 1051 1045
f 1045 1051 1053
f 1045 1053 1066
f 1066 1053 1064
f 1066 1064 1067
f 1067 1064 1065
f 1025 1043 1026
f 1026 1043 1045
f 1026 1045 1018
f 1018 1045 1066
f 1018 1066 1019
f 1019 1066 1067
f 1068 1069 1070
f 1071 1072 1073
f 1074 1075 1076
f 1077 1078 1079
f 1080 1081 1082
f 1083 1084 1085
f 1086 1087 1085
f 1088 1089 1090
f 1091 1092 1093
f 1093 1092 1094
f 1094 1092 1095
f 1094 1095 1096
f 1091 1093 1097
f 1097 1093 1098
f 1097 1098 1099
f 1099 1098 1100
f 1099 1100 1089
f 1089 1100 1101
f 1089 1101 1090
f 1102 1103 1104
f 1104 1103 1105
f 1088 1090 1105
f 1105 1090 1106
f 1105 1106 1104
f 1107 1085 1108
f 1108 1085 1087
f 1108 1087 1109
f 1109 1087 1110
f 1109 1110 1111
f 1111 1110 1112
f 1111 1112 1113
f 1113 1112 1114
f 1113 1114 1102
f 1102 1114 1115
f 1102 1115 1103
f 1116 1117 1118
f 1117 1119 1118
f 1118 1119 1120
f 1118 1120 1085
f 1085 1120 1121
f 1085 1121 1086
f 1116 1118 1122
f 1122 1118 1123
f 1122 1123 1124
f 1124 1123 1125
f 1124 1125 1126
f 1126 1125 1127
f 1126 1127 1128
f 1128 1127 1129
f 1129 1127 1130
f 1129 1130 1131
f 1130 1132 1131
f 1131 1132 1133
f 1131 1133 1134
f 1134 1133 1135
f 1136 1137 1138
f 1095 1137 1096
f 1096 1137 1136
f 1096 1136 1139
f 1139 1136 1140
f 1139 1140 1141
f 1142 1143 1144
f 1145 1146 1147
f 1138 1148 1136
f 1136 1148 1149
f 1136 1149 1133
f 1133 1149 1150
f 1133 1150 1135
f 1144 1143 1146
f 1146 1143 1151
f 1146 1151 1147
f 1144 1152 1142
f 1142 1152 1153
f 1142 1153 1154
f 1154 1153 1155
f 1154 1155 1156
f 1156 1155 1157
f 1156 1157 1158
f 1158 1157 1159
f 1158 1159 1160
f 1160 1161 1158
f 1158 1161 1162
f 1158 1162 1140
f 1145 1147 1163
f 1163 1147 1164
f 1163 1164 1165
f 1162 1166 1140
f 1140 1166 1167
f 1140 1167 1141
f 1141 1167 1168
f 1141 1168 1169
f 1169 1168 1170
f 1169 1170 1171
f 1170 1172 1171
f 1171 1172 1173
f 1171 1173 1174
f 1174 1173 1175
f 1176 1177 1178
f 1178 1177 1179
f 1178 1179 1180
f 1180 1179 1181
f 1180 1181 1182
f 1182 1181 1183
f 1182 1183 1184
f 1184 1183 1185
f 1184 1185 1186
f 1186 1185 1187
f 1186 1187 1188
f 1188 1187 1189
f 1188 1189 1190
f 1190 1189 1191
f 1190 1191 1175
f 1175 1191 1192
f 1175 1192 1174
f 1081 1193 1194
f 1193 1081 1195
f 1195 1081 1080
f 1195 1080 1196
f 1197 1198 1071
f 1071 1198 1199
f 1071 1199 1072
f 1072 1199 1200
f 1072 1200 1201
f 1194 1202 1081
f 1081 1202 1203
f 1081 1203 1204
f 1204 1203 1205
f 1204 1205 1206
f 1206 1205 1207
f 1206 1207 1208
f 1208 1207 1209
f 1208 1209 1210
f 1210 1209 1211
f 1210 1211 1212
f 1212 1211 1213
f 1212 1213 1214
f 1214 1213 1215
f 1214 1215 1216
f 1216 1215 1217
f 1216 1217 1218
f 1218 1217 1219
f 1218 1219 1220
f 1220 1219 1197
f 1220 1197 1221
f 1221 1197 1071
f 1196 1080 1222
f 1222 1080 1223
f 1222 1223 1224
f 1224 1223 1225
f 1224 1225 1226
f 1226 1225 1227
f 1226 1227 1228
f 1229 1230 1231
f 1231 1230 1232
f 1231 1232 1233
f 1228 1227 1233
f 1233 1227 1234
f 1233 1234 1231
f 1229 1231 1235
f 1235 1231 1236
f 1235 1236 1237
f 1238 1239 1240
f 1240 1239 1241
f 1240 1241 1242
f 1242 1241 1243
f 1242 1243 1201
f 1201 1243 1072
f 1072 1243 1244
f 1072 1244 1073
f 1245 1246 1247
f 1247 1246 1240
f 1247 1240 1236
f 1236 1240 1242
f 1236 1242 1237
f 1248 1249 1250
f 1251 1252 1247
f 1247 1252 1253
f 1247 1253 1245
f 1254 1255 1251
f 1251 1255 1256
f 1251 1256 1252
f 1250 1249 1257
f 1257 1249 1258
f 1257 1258 1259
f 1259 1258 1260
f 1259 1260 1261
f 1261 1260 1262
f 1261 1262 1246
f 1263 1074 1264
f 1264 1074 1265
f 1264 1265 1266
f 1266 1265 1267
f 1263 1268 1074
f 1074 1268 1269
f 1074 1269 1270
f 1075 1074 1271
f 1271 1074 1270
f 1271 1270 1272
f 1254 1251 1273
f 1273 1251 1274
f 1273 1274 1275
f 1275 1274 1276
f 1275 1276 1277
f 1277 1276 1278
f 1277 1278 1279
f 1279 1278 1280
f 1279 1280 1272
f 1272 1280 1281
f 1272 1281 1271
f 1070 1069 1282
f 1283 1070 1284
f 1284 1070 1282
f 1284 1282 1267
f 1267 1282 1285
f 1267 1285 1266
f 1250 1286 1248
f 1248 1286 1287
f 1248 1287 1288
f 1288 1287 1289
f 1289 1287 1290
f 1289 1290 1291
f 1291 1290 1292
f 1291 1292 1293
f 1293 1292 1294
f 1293 1294 1295
f 1295 1294 1296
f 1295 1296 1069
f 1069 1296 1297
f 1069 1297 1282
f 1298 1299 1300
f 1301 1302 1303
f 1303 1302 1304
f 1303 1304 1300
f 1305 1306 1077
f 1077 1306 1299
f 1077 1299 1078
f 1078 1299 1298
f 1307 1308 1309
f 1307 1309 1310
f 1310 1309 1311
f 1310 1311 1312
f 1312 1311 1313
f 1312 1313 1314
f 1314 1313 1315
f 1314 1315 1316
f 1316 1317 1314
f 1314 1317 1318
f 1314 1318 1305
f 1305 1318 1319
f 1305 1319 1306
f 1083 1320 1084
f 1084 1320 1321
f 1084 1321 1322
f 1322 1321 1323
f 1323 1324 1322
f 1322 1324 1325
f 1322 1325 1326
f 1308 1307 1327
f 1327 1307 1328
f 1327 1328 1326
f 1326 1328 1329
f 1326 1329 1322
f 1330 1331 1332
f 1332 1331 1333
f 1332 1333 1301
f 1301 1333 1334
f 1301 1334 1302
f 1107 1335 1085
f 1085 1335 1336
f 1085 1336 1083
f 1083 1336 1337
f 1083 1337 1338
f 1338 1337 1339
f 1338 1339 1340
f 1340 1339 1341
f 1340 1341 1330
f 1330 1341 1342
f 1330 1342 1331
f 1206 1343 1204
f 1204 1343 1344
f 1204 1344 1345
f 1345 1344 1177
f 1345 1177 1346
f 1346 1177 1176
f 1346 1176 1347
f 1347 1176 1348
f 1347 1348 1164
f 1164 1348 1349
f 1164 1349 1165
f 1246 1262 1240
f 1240 1262 1350
f 1240 1350 1238
f 1079 1078 1283
f 1283 1078 1298
f 1283 1298 1070
f 1070 1298 1351
f 1070 1351 1068
f 1300 1304 1298
f 1298 1304 1352
f 1298 1352 1353
f 1353 1354 1298
f 1298 1354 1355
f 1298 1355 1351
f 1356 1357 1358
f 1358 1357 1359
f 1358 1359 1360
f 1360 1359 1361
f 1360 1361 1362
f 1362 1361 1363
f 1362 1363 1364
f 1364 1363 1365
f 1364 1365 1366
f 1366 1365 1367
f 1366 1367 1368
f 1368 1367 1369
f 1368 1369 1370
f 1370 1369 1371
f 1370 1371 1372
f 1372 1371 1373
f 1372 1373 1374
f 1374 1373 1375
f 1374 1375 1376
f 1376 1375 1377
f 1376 1377 1378
f 1378 1377 1379
f 1378 1379 1380
f 1380 1379 1381
f 1380 1381 1382
f 1382 1381 1383
f 1382 1383 1384
f 1384 1383 1385
f 1384 1385 1386
f 1386 1385 1387
f 1386 1387 1388
f 1388 1387 1389
f 930 929 1390
f 1390 929 1357
f 1390 1357 1391
f 1391 1357 1356
f 1391 1356 730
f 730 1356 731
f 909 908 1392
f 1392 908 1388
f 1392 1388 1393
f 1393 1388 1389
f 1393 1389 1394
f 1394 1389 1395
f 1396 1397 1398
f 1021 1020 1397
f 1397 1020 1399
f 1397 1399 1398
f 1398 1400 1396
f 1396 1400 1401
f 1396 1401 1402
f 1401 1403 1402
f 1402 1403 1404
f 1402 1404 1405
f 1404 1406 1405
f 1405 1406 1407
f 1405 1407 1408
f 1407 1409 1408
f 1408 1409 1410
f 1408 1410 1411
f 1410 1412 1411
f 1411 1412 1413
f 1411 1413 1414
f 1413 1415 1414
f 1414 1415 1416
f 1414 1416 1417
f 1418 1419 1420
f 1420 1419 1417
f 1420 1417 1421
f 1421 1417 1416
f 1065 757 756
f 1065 756 1067
f 905 907 1422
f 1422 907 1399
f 1422 1399 1423
f 1423 1399 1020
f 1423 1020 756
f 756 1020 1019
f 756 1019 1067
f 698 1036 1424
f 892 891 1418
f 1418 891 1425
f 1418 1425 1419
f 1419 1425 1426
f 1419 1426 1424
f 1424 1426 699
f 1424 699 698
f 1427 1428 1429
f 1029 1027 1428
f 1428 1027 1430
f 1428 1430 1429
f 1429 1431 1427
f 1427 1431 1432
f 1427 1432 1433
f 1432 1434 1433
f 1433 1434 1435
f 1433 1435 1436
f 1435 1437 1436
f 1436 1437 1438
f 1436 1438 1439
f 1438 1440 1439
f 1439 1440 1441
f 1439 1441 1442
f 1441 1443 1442
f 1442 1443 1444
f 1442 1444 1445
f 1444 1446 1445
f 1445 1446 1447
f 1445 1447 1448
f 1449 1450 1451
f 1451 1450 1448
f 1451 1448 1452
f 1452 1448 1447
f 888 887 1453
f 1453 887 1430
f 1453 1430 1454
f 1454 1430 1027
f 1454 1027 767
f 767 1027 768
f 696 695 1455
f 1455 695 958
f 876 875 1449
f 1449 875 1456
f 1449 1456 1450
f 1450 1456 1455
f 1450 1455 1457
f 1457 1455 958
f 1457 958 956
f 1458 1459 1460
f 959 964 1459
f 1459 964 1461
f 1459 1461 1460
f 1460 1462 1458
f 1458 1462 1463
f 1458 1463 1464
f 1463 1465 1464
f 1464 1465 1466
f 1464 1466 1467
f 1466 1468 1467
f 1467 1468 1469
f 1467 1469 1470
f 1469 1471 1470
f 1470 1471 1472
f 1470 1472 1473
f 1472 1474 1473
f 1473 1474 1475
f 1473 1475 1476
f 1475 1477 1476
f 1476 1477 1478
f 1476 1478 1479
f 1480 1481 1482
f 1482 1481 1479
f 1482 1479 1483
f 1483 1479 1478
f 871 873 1484
f 1484 873 1461
f 1484 1461 1485
f 1485 1461 964
f 1485 964 773
f 773 964 774
f 710 979 1486
f 858 857 1480
f 1480 857 1487
f 1480 1487 1481
f 1481 1487 1488
f 1481 1488 1486
f 1486 1488 711
f 1486 711 710
f 1489 1490 1491
f 965 977 1490
f 1490 977 1492
f 1490 1492 1491
f 1491 1493 1489
f 1489 1493 1494
f 1489 1494 1495
f 1494 1496 1495
f 1495 1496 1497
f 1495 1497 1498
f 1497 1499 1498
f 1498 1499 1500
f 1498 1500 1501
f 1500 1502 1501
f 1501 1502 1503
f 1501 1503 1504
f 1503 1505 1504
f 1504 1505 1506
f 1504 1506 1507
f 1506 1508 1507
f 1507 1508 1509
f 1507 1509 1510
f 1511 1512 1513
f 1513 1512 1510
f 1513 1510 1514
f 1514 1510 1509
f 1515 1516 1517
f 1517 1516 1492
f 1517 1492 1518
f 1518 1492 977
f 1518 977 714
f 714 977 715
f 1519 1520 1521
f 1519 1512 1520
f 1520 1512 1511
f 1520 1511 1522
f 1522 1511 1523
f 1521 708 1519
f 1519 708 707
f 1519 707 987
f 760 759 1524
f 750 744 1525
f 735 784 1526
f 786 791 1527
f 722 727 1528
f 717 792 1529
f 799 798 1530
f 815 813 1531
f 808 819 1532
f 831 830 1533
f 825 832 1534
f 839 840 1535
f 848 847 1536
f 771 770 1537
f 1538 1539 1540
f 1541 1542 1543
f 1544 1545 1546
f 1547 1548 1549
f 1550 1551 1552
f 1553 1554 1555
f 1556 1557 1558
f 1559 1560 1561
f 1562 1563 1564
f 1565 1566 1567
f 1568 1569 1570
f 1571 1572 1573
f 1574 1575 1576
f 1577 1578 1579
f 1580 1581 1582
f 1583 1584 1585
f 1586 1587 1588
f 1589 1590 1591
f 1592 1593 1594
f 1595 1596 1597
f 1598 1599 1600
f 1601 1602 1603
f 1604 1605 1606
f 1607 1608 1609
f 1610 1611 1612
f 1610 1612 1613
f 1607 1609 1614
f 1601 1603 1615
f 1598 1600 1616
f 1592 1594 1617
f 1589 1591 1618
f 1583 1585 1619
f 1571 1573 1620
f 1559 1561 1621
f 1547 1549 1622
f 1623 1624 1625
f 1625 1624 1626
f 1625 1626 1627
f 1627 1626 1628
f 1627 1628 1629
f 1623 1630 1624
f 1624 1630 1631
f 1624 1631 1632
f 1632 1631 1633
f 1632 1633 1634
f 1634 1633 1635
f 1634 1635 1636
f 1636 1637 1638
f 1636 1638 1634
f 1634 1638 1639
f 1634 1639 1632
f 1632 1639 1640
f 1632 1640 1624
f 1624 1640 1641
f 1624 1641 1626
f 1626 1641 1642
f 1626 1642 1628
f 1637 1643 1644
f 1637 1644 1638
f 1638 1644 1645
f 1638 1645 1639
f 1639 1645 1646
f 1639 1646 1640
f 1640 1646 1647
f 1640 1647 1641
f 1641 1647 1648
f 1641 1648 1642
f 1643 1649 1650
f 1651 1652 1653
f 1653 1652 1654
f 1653 1654 1655
f 1655 1654 1656
f 1655 1656 1657
f 1657 1656 1658
f 1657 1658 1659
f 1659 1658 1537
f 1605 1660 1606
f 1606 1660 1661
f 1606 1661 1662
f 1662 1661 1663
f 1662 1663 1664
f 1664 1663 1665
f 1664 1665 1666
f 1666 1665 1536
f 1602 1667 1603
f 1603 1667 1668
f 1603 1668 1669
f 1669 1668 1670
f 1669 1670 1671
f 1671 1670 1672
f 1671 1672 1673
f 1673 1672 1535
f 1599 1595 1600
f 1600 1595 1597
f 1600 1597 1674
f 1674 1597 1675
f 1674 1675 1676
f 1676 1675 1677
f 1676 1677 1678
f 1678 1677 1534
f 1679 1617 1680
f 1680 1617 1594
f 1680 1594 1681
f 1681 1594 1682
f 1681 1682 1683
f 1683 1682 1684
f 1683 1684 1685
f 1685 1684 1533
f 1686 1618 1687
f 1687 1618 1591
f 1687 1591 1688
f 1688 1591 1689
f 1688 1689 1690
f 1690 1689 1691
f 1690 1691 1692
f 1692 1691 1532
f 1693 1694 1695
f 1695 1694 1696
f 1695 1696 1697
f 1697 1696 1698
f 1697 1698 1699
f 1699 1698 1700
f 1699 1700 1701
f 1701 1700 1531
f 1702 1580 1703
f 1703 1580 1582
f 1703 1582 1704
f 1704 1582 1705
f 1704 1705 1706
f 1706 1705 1707
f 1706 1707 1708
f 1708 1707 1709
f 1708 1709 818
f 1578 1574 1579
f 1579 1574 1576
f 1579 1576 1710
f 1710 1576 1711
f 1710 1711 1712
f 1712 1711 1713
f 1712 1713 1714
f 1714 1713 1715
f 1575 1716 1576
f 1576 1716 1717
f 1576 1717 1711
f 1711 1717 1718
f 1711 1718 1713
f 1713 1718 1719
f 1713 1719 1715
f 1715 1719 1720
f 1716 1721 1717
f 1717 1721 1722
f 1717 1722 1718
f 1718 1722 1723
f 1718 1723 1719
f 1719 1723 1724
f 1719 1724 1720
f 1720 1724 1530
f 1725 1568 1726
f 1726 1568 1570
f 1726 1570 1727
f 1727 1570 1728
f 1727 1728 1729
f 1729 1728 1730
f 1729 1730 1731
f 1731 1730 1529
f 1563 1732 1564
f 1564 1732 1733
f 1564 1733 1734
f 1734 1733 1735
f 1734 1735 1736
f 1736 1735 1737
f 1736 1737 1738
f 1738 1737 1528
f 1560 1739 1561
f 1561 1739 1740
f 1561 1740 1741
f 1741 1740 1742
f 1741 1742 1743
f 1743 1742 1744
f 1743 1744 1745
f 1745 1744 1527
f 1554 1550 1555
f 1555 1550 1552
f 1555 1552 1746
f 1746 1552 1747
f 1746 1747 1748
f 1748 1747 1749
f 1748 1749 1750
f 1750 1749 1526
f 1751 1622 1752
f 1752 1622 1549
f 1752 1549 1753
f 1753 1549 1754
f 1753 1754 1755
f 1755 1754 1756
f 1755 1756 1757
f 1757 1756 1525
f 1545 1541 1546
f 1546 1541 1543
f 1546 1543 1758
f 1758 1543 1759
f 1758 1759 1760
f 1760 1759 1761
f 1760 1761 1762
f 1762 1761 1524
f 1643 1650 1644
f 1644 1650 1763
f 1644 1763 1645
f 1645 1763 1764
f 1645 1764 1646
f 1646 1764 1765
f 1646 1765 1647
f 1647 1765 1766
f 1647 1766 1648
f 854 1650 855
f 855 1650 1649
f 855 1649 856
f 762 856 1767
f 1767 856 1649
f 1767 1649 1768
f 1768 1649 1643
f 1768 1643 1769
f 1769 1643 1637
f 1769 1637 1612
f 1612 1637 1636
f 1612 1636 1613
f 1613 1636 1635
f 1611 1651 1612
f 1612 1651 1653
f 1612 1653 1769
f 1769 1653 1655
f 1769 1655 1768
f 1768 1655 1657
f 1768 1657 1767
f 1767 1657 1659
f 1767 1659 762
f 762 1659 764
f 1537 770 1659
f 1659 770 769
f 1659 769 764
f 849 771 1770
f 1770 771 1537
f 1770 1537 1771
f 1771 1537 1658
f 1771 1658 1772
f 1772 1658 1656
f 1772 1656 1609
f 1609 1656 1654
f 1609 1654 1614
f 1614 1654 1652
f 1608 1604 1609
f 1609 1604 1606
f 1609 1606 1772
f 1772 1606 1662
f 1772 1662 1771
f 1771 1662 1664
f 1771 1664 1770
f 1770 1664 1666
f 1770 1666 849
f 849 1666 850
f 1536 847 1666
f 1666 847 851
f 1666 851 850
f 845 848 1773
f 1773 848 1536
f 1773 1536 1774
f 1774 1536 1665
f 1774 1665 1775
f 1775 1665 1663
f 1775 1663 1776
f 1776 1663 1661
f 1776 1661 1777
f 1777 1661 1660
f 1777 1615 1776
f 1776 1615 1603
f 1776 1603 1775
f 1775 1603 1669
f 1775 1669 1774
f 1774 1669 1671
f 1774 1671 1773
f 1773 1671 1673
f 1773 1673 845
f 845 1673 843
f 1535 840 1673
f 1673 840 842
f 1673 842 843
f 838 839 1778
f 1778 839 1535
f 1778 1535 1779
f 1779 1535 1672
f 1779 1672 1780
f 1780 1672 1670
f 1780 1670 1781
f 1781 1670 1668
f 1781 1668 1782
f 1782 1668 1667
f 1782 1616 1781
f 1781 1616 1600
f 1781 1600 1780
f 1780 1600 1674
f 1780 1674 1779
f 1779 1674 1676
f 1779 1676 1778
f 1778 1676 1678
f 1778 1678 838
f 838 1678 836
f 1534 832 1678
f 1678 832 834
f 1678 834 836
f 826 825 1783
f 1783 825 1534
f 1783 1534 1784
f 1784 1534 1677
f 1784 1677 1785
f 1785 1677 1675
f 1785 1675 1786
f 1786 1675 1597
f 1786 1597 1787
f 1787 1597 1596
f 1787 1679 1786
f 1786 1679 1680
f 1786 1680 1785
f 1785 1680 1681
f 1785 1681 1784
f 1784 1681 1683
f 1784 1683 1783
f 1783 1683 1685
f 1783 1685 826
f 826 1685 828
f 1533 830 1685
f 1685 830 829
f 1685 829 828
f 824 831 1788
f 1788 831 1533
f 1788 1533 1789
f 1789 1533 1684
f 1789 1684 1790
f 1790 1684 1682
f 1790 1682 1791
f 1791 1682 1594
f 1791 1594 1792
f 1792 1594 1593
f 1792 1686 1791
f 1791 1686 1687
f 1791 1687 1790
f 1790 1687 1688
f 1790 1688 1789
f 1789 1688 1690
f 1789 1690 1788
f 1788 1690 1692
f 1788 1692 824
f 824 1692 822
f 1532 819 1692
f 1692 819 821
f 1692 821 822
f 809 808 1793
f 1793 808 1532
f 1793 1532 1794
f 1794 1532 1691
f 1794 1691 1795
f 1795 1691 1689
f 1795 1689 1588
f 1588 1689 1591
f 1588 1591 1586
f 1586 1591 1590
f 1587 1693 1588
f 1588 1693 1695
f 1588 1695 1795
f 1795 1695 1697
f 1795 1697 1794
f 1794 1697 1699
f 1794 1699 1793
f 1793 1699 1701
f 1793 1701 809
f 809 1701 811
f 1531 813 1701
f 1701 813 812
f 1701 812 811
f 817 815 1796
f 1796 815 1531
f 1796 1531 1797
f 1797 1531 1700
f 1797 1700 1798
f 1798 1700 1698
f 1798 1698 1585
f 1585 1698 1696
f 1585 1696 1619
f 1619 1696 1694
f 1584 1702 1585
f 1585 1702 1703
f 1585 1703 1798
f 1798 1703 1704
f 1798 1704 1797
f 1797 1704 1706
f 1797 1706 1796
f 1796 1706 1708
f 1796 1708 817
f 817 1708 818
f 806 805 1709
f 1709 805 804
f 1709 804 818
f 1581 1577 1582
f 1582 1577 1579
f 1582 1579 1705
f 1705 1579 1710
f 1705 1710 1707
f 1707 1710 1712
f 1707 1712 1709
f 1709 1712 1714
f 1709 1714 806
f 806 1714 1715
f 806 1715 807
f 807 1715 1720
f 807 1720 801
f 1530 798 1720
f 1720 798 802
f 1720 802 801
f 796 799 1799
f 1799 799 1530
f 1799 1530 1800
f 1800 1530 1724
f 1800 1724 1801
f 1801 1724 1723
f 1801 1723 1573
f 1573 1723 1722
f 1573 1722 1620
f 1620 1722 1721
f 1572 1725 1573
f 1573 1725 1726
f 1573 1726 1801
f 1801 1726 1727
f 1801 1727 1800
f 1800 1727 1729
f 1800 1729 1799
f 1799 1729 1731
f 1799 1731 796
f 796 1731 794
f 1529 792 1731
f 1731 792 793
f 1731 793 794
f 718 717 1802
f 1802 717 1529
f 1802 1529 1803
f 1803 1529 1730
f 1803 1730 1804
f 1804 1730 1728
f 1804 1728 1567
f 1567 1728 1570
f 1567 1570 1565
f 1565 1570 1569
f 1566 1562 1567
f 1567 1562 1564
f 1567 1564 1804
f 1804 1564 1734
f 1804 1734 1803
f 1803 1734 1736
f 1803 1736 1802
f 1802 1736 1738
f 1802 1738 718
f 718 1738 720
f 1528 727 1738
f 1738 727 728
f 1738 728 720
f 732 722 1805
f 1805 722 1528
f 1805 1528 1806
f 1806 1528 1737
f 1806 1737 1807
f 1807 1737 1735
f 1807 1735 1808
f 1808 1735 1733
f 1808 1733 1809
f 1809 1733 1732
f 1809 1621 1808
f 1808 1621 1561
f 1808 1561 1807
f 1807 1561 1741
f 1807 1741 1806
f 1806 1741 1743
f 1806 1743 1805
f 1805 1743 1745
f 1805 1745 732
f 732 1745 704
f 1527 791 1745
f 1745 791 705
f 1745 705 704
f 787 786 1810
f 1810 786 1527
f 1810 1527 1811
f 1811 1527 1744
f 1811 1744 1812
f 1812 1744 1742
f 1812 1742 1558
f 1558 1742 1740
f 1558 1740 1556
f 1556 1740 1739
f 1557 1553 1558
f 1558 1553 1555
f 1558 1555 1812
f 1812 1555 1746
f 1812 1746 1811
f 1811 1746 1748
f 1811 1748 1810
f 1810 1748 1750
f 1810 1750 787
f 787 1750 789
f 1526 784 1750
f 1750 784 790
f 1750 790 789
f 746 735 1813
f 1813 735 1526
f 1813 1526 1814
f 1814 1526 1749
f 1814 1749 1815
f 1815 1749 1747
f 1815 1747 1816
f 1816 1747 1552
f 1816 1552 1817
f 1817 1552 1551
f 1817 1751 1816
f 1816 1751 1752
f 1816 1752 1815
f 1815 1752 1753
f 1815 1753 1814
f 1814 1753 1755
f 1814 1755 1813
f 1813 1755 1757
f 1813 1757 746
f 746 1757 747
f 1525 744 1757
f 1757 744 742
f 1757 742 747
f 751 750 1818
f 1818 750 1525
f 1818 1525 1819
f 1819 1525 1756
f 1819 1756 1820
f 1820 1756 1754
f 1820 1754 1821
f 1821 1754 1549
f 1821 1549 1822
f 1822 1549 1548
f 1822 1544 1821
f 1821 1544 1546
f 1821 1546 1820
f 1820 1546 1758
f 1820 1758 1819
f 1819 1758 1760
f 1819 1760 1818
f 1818 1760 1762
f 1818 1762 751
f 751 1762 753
f 1524 759 1762
f 1762 759 758
f 1762 758 753
f 781 760 1823
f 1823 760 1524
f 1823 1524 1824
f 1824 1524 1761
f 1824 1761 1825
f 1825 1761 1759
f 1825 1759 1540
f 1540 1759 1543
f 1540 1543 1538
f 1538 1543 1542
f 1539 1629 1540
f 1540 1629 1628
f 1540 1628 1825
f 1825 1628 1642
f 1825 1642 1824
f 1824 1642 1648
f 1824 1648 1823
f 1823 1648 1766
f 1823 1766 781
f 781 1766 782
f 854 853 1650
f 1650 853 852
f 1650 852 1763
f 1763 852 777
f 1763 777 1764
f 1764 777 780
f 1764 780 1765
f 1765 780 779
f 1765 779 1766
f 1766 779 783
f 1766 783 782
f 1826 1827 1828
f 1829 1830 1831
f 1831 1830 1826
f 1831 1826 1832
f 1832 1826 1828
f 1833 1834 1835
f 1835 1834 1836
f 1835 1836 1837
f 1837 1836 1838
f 1837 1838 1827
f 1827 1838 1828
f 1839 1840 1841
f 1842 1843 1844
f 1844 1843 1839
f 1844 1839 1845
f 1845 1839 1841
f 1846 1847 1848
f 1848 1847 1849
f 1848 1849 1850
f 1850 1849 1851
f 1850 1851 1840
f 1840 1851 1841
f 1852 1853 1854
f 1855 1856 1857
f 1857 1856 1852
f 1857 1852 1858
f 1858 1852 1854
f 1859 1860 1861
f 1861 1860 1862
f 1861 1862 1863
f 1863 1862 1864
f 1863 1864 1853
f 1853 1864 1854
f 1865 1866 1867
f 1868 1869 1870
f 1870 1869 1865
f 1870 1865 1871
f 1871 1865 1867
f 939 1872 1873
f 1874 940 1875
f 1875 940 939
f 1875 939 1876
f 1876 939 1873
f 1876 1873 1866
f 1866 1873 1867
f 1877 1878 938
f 1879 1880 937
f 937 1880 1881
f 937 1881 938
f 938 1881 1882
f 938 1882 1877
f 1883 1884 1885
f 1885 1884 1886
f 1885 1886 1887
f 1887 1886 1888
f 1887 1888 1882
f 1882 1888 1877
f 1889 1702 1890
f 1890 1702 1584
f 1890 1584 1891
f 1891 1584 1583
f 1891 1583 1892
f 1892 1583 1619
f 1892 1619 1893
f 1893 1619 1694
f 1893 1694 1894
f 1694 1693 1894
f 1894 1693 1587
f 1894 1587 1895
f 1895 1587 1586
f 1895 1586 1896
f 1896 1586 1590
f 1896 1590 1897
f 1897 1590 1589
f 1897 1589 1898
f 1898 1589 1618
f 1898 1618 1899
f 1618 1686 1899
f 1899 1686 1792
f 1899 1792 1900
f 1900 1792 1593
f 1900 1593 1901
f 1901 1593 1592
f 1901 1592 1902
f 1902 1592 1617
f 1902 1617 1903
f 1903 1617 1679
f 1903 1679 1904
f 1679 1787 1904
f 1904 1787 1596
f 1904 1596 1905
f 1905 1596 1595
f 1905 1595 1906
f 1906 1595 1599
f 1906 1599 1907
f 1907 1599 1598
f 1907 1598 1908
f 1908 1598 1616
f 1908 1616 1909
f 1616 1782 1909
f 1909 1782 1667
f 1909 1667 1910
f 1910 1667 1602
f 1910 1602 1911
f 1911 1602 1601
f 1911 1601 1912
f 1912 1601 1615
f 1912 1615 1913
f 1913 1615 1777
f 1913 1777 1914
f 1777 1660 1914
f 1914 1660 1605
f 1914 1605 1915
f 1915 1605 1604
f 1915 1604 1916
f 1916 1604 1608
f 1916 1608 1917
f 1917 1608 1607
f 1917 1607 1918
f 1918 1607 1614
f 1918 1614 1919
f 1614 1652 1919
f 1919 1652 1651
f 1919 1651 1920
f 1920 1651 1611
f 1920 1611 1921
f 1921 1611 1610
f 1921 1610 1922
f 1922 1610 1613
f 1922 1613 1923
f 1923 1613 1635
f 1923 1635 1924
f 1924 1635 1633
f 1924 1633 1925
f 1925 1633 1631
f 1925 1631 1926
f 1926 1631 1630
f 1926 1630 1927
f 1927 1630 1623
f 1927 1623 1928
f 1928 1623 1625
f 1928 1625 1929
f 1929 1625 1627
f 1929 1627 1930
f 1627 1629 1930
f 1930 1629 1539
f 1930 1539 1931
f 1931 1539 1538
f 1931 1538 1932
f 1932 1538 1542
f 1932 1542 1933
f 1933 1542 1541
f 1933 1541 1934
f 1934 1541 1545
f 1934 1545 1935
f 1545 1544 1935
f 1935 1544 1822
f 1935 1822 1936
f 1936 1822 1548
f 1936 1548 1937
f 1937 1548 1547
f 1937 1547 1938
f 1938 1547 1622
f 1938 1622 1939
f 1939 1622 1751
f 1939 1751 1940
f 1751 1817 1940
f 1940 1817 1551
f 1940 1551 1941
f 1941 1551 1550
f 1941 1550 1942
f 1942 1550 1554
f 1942 1554 1943
f 1943 1554 1553
f 1943 1553 1944
f 1944 1553 1557
f 1944 1557 1945
f 1557 1556 1945
f 1945 1556 1739
f 1945 1739 1946
f 1946 1739 1560
f 1946 1560 1947
f 1947 1560 1559
f 1947 1559 1948
f 1948 1559 1621
f 1948 1621 1949
f 1949 1621 1809
f 1949 1809 1950
f 1809 1732 1950
f 1950 1732 1563
f 1950 1563 1951
f 1951 1563 1562
f 1951 1562 1952
f 1952 1562 1566
f 1952 1566 1953
f 1953 1566 1565
f 1953 1565 1954
f 1954 1565 1569
f 1954 1569 1955
f 1569 1568 1955
f 1955 1568 1725
f 1955 1725 1956
f 1956 1725 1572
f 1956 1572 1957
f 1957 1572 1571
f 1957 1571 1958
f 1958 1571 1620
f 1958 1620 1959
f 1959 1620 1721
f 1959 1721 1960
f 1721 1716 1960
f 1960 1716 1575
f 1960 1575 1961
f 1961 1575 1574
f 1961 1574 1962
f 1962 1574 1578
f 1962 1578 1963
f 1963 1578 1577
f 1963 1577 1964
f 1964 1577 1581
f 1964 1581 1889
f 1889 1581 1580
f 1889 1580 1702
f 1965 1966 1967
f 1967 1966 1522
f 1967 1522 1523
f 1965 1968 1966
f 1966 1968 1969
f 1966 1969 1970
f 1971 1972 1973
f 1973 1972 1970
f 1973 1970 1974
f 1974 1970 1969
f 1971 1975 1972
f 1972 1975 1976
f 1972 1976 1977
f 1977 1976 1978
f 1977 1978 1515
f 1515 1978 1979
f 1515 1979 1516
f 1980 1981 1982
f 1983 1984 1985
f 1986 1987 1988
f 933 935 1989
f 1990 1991 1992
f 1992 1991 1993
f 1992 1993 1994
f 1994 1993 1995
f 1994 1995 1996
f 1996 1995 1879
f 1996 1879 1989
f 1989 1879 937
f 1989 937 933
f 1842 1984 1997
f 1997 1984 1998
f 1999 1985 2000
f 2000 1985 1984
f 2000 1984 1844
f 1844 1984 1842
f 2001 2002 2003
f 2003 2002 2004
f 2003 2004 1998
f 1998 2004 2005
f 1998 2005 1997
f 1829 1981 2006
f 2006 1981 2007
f 2008 1982 2009
f 2009 1982 1981
f 2009 1981 1831
f 1831 1981 1829
f 2010 2011 2012
f 2012 2011 2013
f 2012 2013 2007
f 2007 2013 2014
f 2007 2014 2006
f 2015 2016 2017
f 2017 2016 1855
f 2017 1855 1857
f 2018 2019 2020
f 2020 2019 2021
f 2020 2021 2015
f 2015 2021 2022
f 2015 2022 2016
f 1868 1870 2023
f 2023 1870 2024
f 2025 944 942
f 1868 2023 2026
f 2026 2023 2027
f 2026 2027 942
f 942 2027 2028
f 942 2028 2025
f 2029 2030 2031
f 2032 2033 2034
f 2035 1990 2036
f 2036 1990 1992
f 2036 1992 2037
f 2037 1992 2038
f 2037 2038 2039
f 1985 2029 1983
f 1983 2029 2031
f 1983 2031 2040
f 2040 2031 2041
f 2040 2041 2038
f 2038 2041 2042
f 2038 2042 2039
f 2039 2042 2043
f 2039 2043 2030
f 2030 2043 2044
f 2030 2044 2031
f 2045 2046 2003
f 2003 2046 2047
f 2003 2047 2001
f 2001 2047 2048
f 1982 2032 1980
f 1980 2032 2034
f 1980 2034 2049
f 2049 2034 2050
f 2049 2050 2045
f 2045 2050 2051
f 2045 2051 2046
f 2046 2051 2052
f 2046 2052 2033
f 2033 2052 2053
f 2033 2053 2034
f 2054 2010 2055
f 2055 2010 2012
f 2055 2012 2056
f 2056 2012 2057
f 2056 2057 2058
f 2059 2060 2061
f 2061 2060 2058
f 2061 2058 2062
f 2062 2058 2057
f 2062 2057 2063
f 2063 2057 2064
f 2063 2064 2065
f 1857 1986 2017
f 2017 1986 1988
f 2017 1988 2066
f 2066 1988 2067
f 2066 2067 2064
f 2064 2067 2060
f 2064 2060 2065
f 2065 2060 2059
f 2068 2069 2070
f 2071 2018 2072
f 2072 2018 2020
f 2072 2020 2073
f 2073 2020 2074
f 2073 2074 2075
f 2070 2069 2076
f 2076 2069 2075
f 2076 2075 2077
f 2077 2075 2074
f 2077 2074 2078
f 2078 2074 2079
f 2078 2079 2080
f 2070 2080 2068
f 2068 2080 2079
f 2068 2079 2081
f 2081 2079 2082
f 2024 2083 2023
f 2023 2083 2084
f 2023 2084 2082
f 2082 2084 2085
f 2082 2085 2081
f 2011 1834 2013
f 2013 1834 2014
f 1834 1833 2014
f 2014 1833 1830
f 2014 1830 2006
f 2006 1830 1829
f 1832 1828 1836
f 1836 1828 1838
f 2002 1847 2004
f 2004 1847 2005
f 1847 1846 2005
f 2005 1846 1843
f 2005 1843 1997
f 1997 1843 1842
f 1845 1841 1849
f 1849 1841 1851
f 2019 1860 2021
f 2021 1860 2022
f 1860 1859 2022
f 2022 1859 1856
f 2022 1856 2016
f 2016 1856 1855
f 1858 1854 1862
f 1862 1854 1864
f 2026 942 940
f 940 1874 2026
f 2026 1874 1869
f 2026 1869 1868
f 1871 1867 1872
f 1872 1867 1873
f 1993 1991 1884
f 1880 1879 1995
f 1993 1884 1995
f 1995 1884 1883
f 1995 1883 1880
f 1878 1877 1886
f 1886 1877 1888
f 1887 1882 1885
f 1885 1882 1881
f 1883 1885 1880
f 1880 1885 1881
f 1876 1866 1875
f 1875 1866 1865
f 1874 1875 1869
f 1869 1875 1865
f 1863 1853 1861
f 1861 1853 1852
f 1859 1861 1856
f 1856 1861 1852
f 1850 1840 1848
f 1848 1840 1839
f 1846 1848 1843
f 1843 1848 1839
f 1837 1827 1835
f 1835 1827 1826
f 1833 1835 1830
f 1830 1835 1826
f 2066 2086 2017
f 2017 2086 2087
f 2017 2087 2015
f 2088 2028 2027
f 1992 2089 2038
f 2038 2089 2090
f 2038 2090 2040
f 2066 2064 2086
f 2086 2064 2057
f 2086 2057 2091
f 2092 2023 2082
f 2092 2082 2093
f 2094 2095 2096
f 2096 2095 2088
f 2096 2088 2092
f 2092 2088 2027
f 2092 2027 2023
f 1994 1996 2094
f 2003 2097 2098
f 2082 2079 2093
f 2093 2079 2074
f 2093 2074 2087
f 2087 2074 2020
f 2087 2020 2015
f 1992 1994 2089
f 2089 1994 2094
f 2089 2094 2099
f 2099 2094 2096
f 2003 1998 2097
f 2097 1998 1984
f 2097 1984 2090
f 2090 1984 1983
f 2090 1983 2040
f 1981 2100 2007
f 2007 2100 2091
f 2007 2091 2012
f 2012 2091 2057
f 1981 1980 2100
f 2100 1980 2049
f 2100 2049 2098
f 2098 2049 2045
f 2098 2045 2003
f 1356 2101 731
f 731 2101 706
f 706 2101 723
f 723 2101 2102
f 723 2102 724
f 724 2102 2103
f 724 2103 725
f 725 2103 1005
f 725 1005 726
f 2101 1356 1358
f 2104 2105 2106
f 2102 2101 2105
f 2104 2106 2107
f 2107 2106 2108
f 2107 2108 2109
f 2109 2108 2110
f 2109 2110 2111
f 2111 2110 2112
f 2111 2112 2113
f 2113 2112 2114
f 2113 2114 2115
f 2115 2114 2116
f 2115 2116 2117
f 2117 2116 2118
f 2117 2118 2119
f 2119 2118 2120
f 2119 2120 2121
f 2121 2120 2122
f 2121 2122 2123
f 2123 2122 2124
f 2123 2124 2125
f 2125 2124 2126
f 2125 2126 2127
f 2127 2126 2128
f 2127 2128 2129
f 2129 2128 2130
f 2129 2130 2131
f 2131 2130 2132
f 2131 2132 2133
f 2133 2132 2134
f 2133 2134 2135
f 1004 1005 2136
f 2136 1005 2103
f 2105 2104 2102
f 2102 2104 2137
f 2102 2137 2103
f 2103 2137 2138
f 2103 2138 2136
f 2101 1358 2105
f 2105 1358 1360
f 2105 1360 2106
f 2106 1360 1362
f 2106 1362 2108
f 2108 1362 1364
f 2108 1364 2110
f 2110 1364 1366
f 2110 1366 2112
f 2112 1366 1368
f 2112 1368 2114
f 2114 1368 1370
f 2114 1370 2116
f 2116 1370 1372
f 2116 1372 2118
f 2118 1372 1374
f 2118 1374 2120
f 2120 1374 1376
f 2120 1376 2122
f 2122 1376 1378
f 2122 1378 2124
f 2124 1378 1380
f 2124 1380 2126
f 2126 1380 1382
f 2126 1382 2128
f 2128 1382 1384
f 2128 1384 2130
f 2130 1384 1386
f 2130 1386 2132
f 2132 1386 1388
f 2132 1388 2134
f 2139 2140 2141
f 2141 2140 2142
f 2141 2142 1086
f 1086 2142 2143
f 1086 2143 1087
f 2139 2141 2144
f 2144 2141 2145
f 2144 2145 2146
f 1357 929 2145
f 2145 929 2147
f 2145 2147 2146
f 1148 2148 2149
f 2148 2150 2151
f 2150 1389 1387
f 2150 1387 2151
f 2151 1387 1385
f 2151 1385 2152
f 2152 1385 1383
f 2152 1383 2153
f 2153 1383 1381
f 2153 1381 2154
f 2154 1381 1379
f 2154 1379 2155
f 2155 1379 1377
f 2155 1377 2156
f 2156 1377 1375
f 2156 1375 2157
f 2157 1375 1373
f 2157 1373 2158
f 2158 1373 1371
f 2158 1371 2159
f 2159 1371 1369
f 2159 1369 2160
f 2160 1369 1367
f 2160 1367 2161
f 2161 1367 1365
f 2161 1365 2162
f 2162 1365 1363
f 2162 1363 2163
f 2163 1363 1361
f 2163 1361 2164
f 2164 1361 1359
f 2164 1359 2165
f 2165 1359 1357
f 2165 1357 2145
f 2148 2151 2149
f 2149 2151 2152
f 2149 2152 2166
f 2166 2152 2153
f 2166 2153 2167
f 2167 2153 2154
f 2167 2154 2168
f 2168 2154 2155
f 2168 2155 2169
f 2169 2155 2156
f 2169 2156 2170
f 2170 2156 2157
f 2170 2157 2171
f 2171 2157 2158
f 2171 2158 2172
f 2172 2158 2159
f 2172 2159 2173
f 2173 2159 2160
f 2173 2160 2174
f 2174 2160 2161
f 2174 2161 2175
f 2175 2161 2162
f 2175 2162 2176
f 2176 2162 2163
f 2176 2163 2177
f 2177 2163 2164
f 2177 2164 2178
f 2178 2164 2165
f 2178 2165 2179
f 2179 2165 2145
f 2179 2145 2141
f 1148 2149 1149
f 1149 2149 2166
f 1149 2166 1150
f 1150 2166 2167
f 1150 2167 1135
f 1135 2167 2168
f 1135 2168 1134
f 1134 2168 2169
f 1134 2169 1131
f 1131 2169 2170
f 1131 2170 1129
f 1129 2170 2171
f 1129 2171 1128
f 1128 2171 2172
f 1128 2172 1126
f 1126 2172 2173
f 1126 2173 1124
f 1124 2173 2174
f 1124 2174 1122
f 1122 2174 2175
f 1122 2175 1116
f 1116 2175 2176
f 1116 2176 1117
f 1117 2176 2177
f 1117 2177 1119
f 1119 2177 2178
f 1119 2178 1120
f 1120 2178 2179
f 1120 2179 1121
f 1121 2179 2141
f 1121 2141 1086
f 2180 2135 2134
f 1009 1007 2181
f 2181 1007 2182
f 2181 2182 2183
f 2183 2182 2184
f 2183 2184 2185
f 2185 2184 2186
f 2186 2184 2180
f 2186 2180 2187
f 1388 908 2134
f 2134 908 2188
f 2188 2189 2134
f 2134 2189 2190
f 2134 2190 2180
f 2180 2190 2191
f 2180 2191 2187
f 2144 2146 2192
f 2192 2146 2147
f 2142 2140 2193
f 2193 2140 2139
f 2193 2139 2144
f 2142 1110 2143
f 2143 1110 1087
f 2147 929 2192
f 2192 929 931
f 2192 931 2194
f 2194 931 932
f 2194 932 2195
f 2195 932 927
f 2195 927 2196
f 2196 927 926
f 2196 926 2197
f 2197 926 924
f 2197 924 2198
f 2198 924 923
f 2198 923 2199
f 2199 923 922
f 2199 922 2200
f 2200 922 920
f 2200 920 2201
f 2201 920 919
f 2201 919 2202
f 2202 919 918
f 2202 918 2203
f 2144 2192 2193
f 2193 2192 2194
f 2193 2194 2204
f 2204 2194 2195
f 2204 2195 2205
f 2205 2195 2196
f 2205 2196 2206
f 2206 2196 2197
f 2206 2197 2207
f 2207 2197 2198
f 2207 2198 2208
f 2208 2198 2199
f 2208 2199 2209
f 2209 2199 2200
f 2209 2200 2210
f 2210 2200 2201
f 2210 2201 2211
f 2211 2201 2202
f 2211 2202 2212
f 2212 2202 2203
f 2212 2203 2213
f 2142 2193 1110
f 1110 2193 2204
f 1110 2204 1112
f 1112 2204 2205
f 1112 2205 1114
f 1114 2205 2206
f 1114 2206 1115
f 1115 2206 2207
f 1115 2207 1103
f 1103 2207 2208
f 1103 2208 1105
f 1105 2208 2209
f 1105 2209 1088
f 1088 2209 2210
f 1088 2210 1089
f 1089 2210 2211
f 1089 2211 1099
f 1099 2211 2212
f 1099 2212 1097
f 1097 2212 2213
f 1097 2213 1091
f 1395 1389 2150
f 1395 2150 2214
f 2214 2150 2148
f 2214 2148 2215
f 2215 2148 1148
f 2215 1148 1138
f 914 701 739
f 912 914 2216
f 908 2217 2188
f 2188 2217 2218
f 2188 2218 2189
f 2219 2220 2221
f 2221 2220 2222
f 2221 2222 2223
f 2223 2222 2224
f 2223 2224 2225
f 2225 2224 2226
f 2225 2226 2227
f 2227 2226 2228
f 2227 2228 2229
f 2229 2228 2230
f 2229 2230 2216
f 2216 2230 2231
f 2216 2231 912
f 912 2231 910
f 914 739 2216
f 2216 739 734
f 2216 734 2229
f 2229 734 733
f 2229 733 2227
f 2227 733 738
f 2227 738 2225
f 2225 738 737
f 2225 737 2223
f 2223 737 736
f 2223 736 2221
f 2221 736 748
f 2221 748 2219
f 2219 748 749
f 2219 749 741
f 908 910 2217
f 2217 910 2231
f 2217 2231 2218
f 2218 2231 2230
f 2218 2230 2232
f 2232 2230 2228
f 2232 2228 2233
f 2233 2228 2226
f 2233 2226 2234
f 2234 2226 2224
f 2234 2224 2235
f 2235 2224 2222
f 2235 2222 2236
f 2236 2222 2220
f 2236 2220 2237
f 2237 2220 2238
f 2238 2220 2219
f 2238 2219 2239
f 2239 2219 741
f 2239 741 740
f 740 1063 2239
f 2239 1063 1061
f 2239 1061 2238
f 2238 1061 1059
f 2238 1059 2237
f 2237 1059 1057
f 2237 1057 1055
f 2189 2218 2190
f 2190 2218 2232
f 2190 2232 2191
f 2191 2232 2233
f 2191 2233 2187
f 2187 2233 2234
f 2187 2234 2186
f 2186 2234 2235
f 2186 2235 2185
f 2185 2235 2236
f 2185 2236 2183
f 2183 2236 2237
f 2183 2237 2181
f 2181 2237 1055
f 2181 1055 1009
f 1091 2213 2240
f 2213 2203 2241
f 2203 918 2242
f 2203 2242 2241
f 2241 2242 2243
f 2241 2243 2244
f 2244 2243 2245
f 2244 2245 2246
f 2246 2245 1395
f 2246 1395 2214
f 2213 2241 2240
f 2240 2241 2244
f 2240 2244 2247
f 2247 2244 2246
f 2247 2246 2248
f 2248 2246 2214
f 2248 2214 2215
f 1091 2240 1092
f 1092 2240 2247
f 1092 2247 1095
f 1095 2247 2248
f 1095 2248 1137
f 1137 2248 2215
f 1137 2215 1138
f 1394 1395 2249
f 2249 1395 2245
f 2249 2245 2250
f 2250 2245 2243
f 2250 2243 2251
f 2251 2243 2242
f 2251 2242 917
f 917 2242 918
f 1183 2252 1185
f 1185 2252 2253
f 1185 2253 1187
f 1187 2253 2254
f 1187 2254 1189
f 1189 2254 2255
f 1189 2255 1191
f 1191 2255 2256
f 1191 2256 1192
f 1192 2256 2257
f 1192 2257 1174
f 1174 2257 2258
f 1174 2258 1171
f 1171 2258 2259
f 1171 2259 1169
f 1169 2259 2260
f 1169 2260 1141
f 1141 2260 2261
f 1141 2261 1139
f 1139 2261 2262
f 1139 2262 1096
f 1096 2262 2263
f 1096 2263 1094
f 1094 2263 2264
f 1094 2264 1093
f 1093 2264 2265
f 1093 2265 1098
f 1098 2265 2266
f 1098 2266 1100
f 1100 2266 2267
f 1100 2267 1101
f 1101 2267 2268
f 1101 2268 1090
f 1090 2268 2269
f 1090 2269 1106
f 1106 2269 2270
f 1106 2270 1104
f 1104 2270 2271
f 1104 2271 1102
f 1102 2271 2272
f 1102 2272 1113
f 1113 2272 2273
f 1113 2273 1111
f 1111 2273 2274
f 1111 2274 1109
f 1109 2274 2275
f 1109 2275 1108
f 1108 2275 2276
f 1108 2276 1107
f 1107 2276 2277
f 1107 2277 1335
f 1335 2277 2278
f 1335 2278 1336
f 1336 2278 2279
f 1336 2279 1337
f 1337 2279 2280
f 1337 2280 1339
f 1339 2280 2281
f 1339 2281 1341
f 1341 2281 2282
f 1341 2282 1342
f 1342 2282 2283
f 1342 2283 1331
f 1331 2283 2284
f 1331 2284 1333
f 1333 2284 2285
f 1333 2285 1334
f 1334 2285 2286
f 1334 2286 1302
f 1302 2286 2287
f 1302 2287 1304
f 1304 2287 2288
f 1304 2288 1352
f 1352 2288 2289
f 1352 2289 1353
f 1353 2289 2290
f 1353 2290 1354
f 1354 2290 2291
f 1354 2291 1355
f 1355 2291 2292
f 1355 2292 1351
f 1351 2292 2293
f 1351 2293 1068
f 1068 2293 2294
f 1068 2294 1069
f 1069 2294 2295
f 1069 2295 1295
f 1295 2295 2296
f 1295 2296 1293
f 1293 2296 2297
f 1293 2297 1291
f 1291 2297 2298
f 1291 2298 1289
f 1289 2298 2299
f 1289 2299 1288
f 1288 2299 2300
f 1288 2300 1248
f 1248 2300 2301
f 1248 2301 1249
f 1249 2301 2302
f 1249 2302 1258
f 1258 2302 2303
f 1258 2303 1260
f 1260 2303 2304
f 1260 2304 1262
f 1262 2304 2305
f 1262 2305 1350
f 1350 2305 2306
f 1350 2306 1238
f 1238 2306 2307
f 1238 2307 1239
f 1239 2307 2308
f 1239 2308 1241
f 1241 2308 2309
f 1241 2309 1243
f 1243 2309 2310
f 1243 2310 1244
f 1244 2310 2311
f 1244 2311 1073
f 1073 2311 2312
f 1073 2312 1071
f 1071 2312 2313
f 1071 2313 1221
f 1221 2313 2314
f 1221 2314 1220
f 1220 2314 2315
f 1220 2315 1218
f 1218 2315 2316
f 1218 2316 1216
f 1216 2316 2317
f 1216 2317 1214
f 1214 2317 2318
f 1214 2318 1212
f 1212 2318 2319
f 1212 2319 1210
f 1210 2319 2320
f 1210 2320 1208
f 1208 2320 2321
f 1208 2321 1206
f 1206 2321 2322
f 1206 2322 1343
f 1343 2322 2323
f 1343 2323 1344
f 1344 2323 2324
f 1344 2324 1177
f 1177 2324 2325
f 1177 2325 1179
f 1179 2325 2326
f 1179 2326 1181
f 1181 2326 2327
f 1181 2327 1183
f 1183 2327 2252
f 2327 2328 2252
f 2252 2328 2329
f 2252 2329 2253
f 2253 2329 2330
f 2253 2330 2254
f 2254 2330 2331
f 2254 2331 2255
f 2255 2331 2332
f 2255 2332 2256
f 2256 2332 2333
f 2256 2333 2257
f 2257 2333 2334
f 2257 2334 2258
f 2258 2334 2335
f 2258 2335 2259
f 2259 2335 2336
f 2259 2336 2260
f 2260 2336 2337
f 2260 2337 2261
f 2261 2337 2338
f 2261 2338 2262
f 2262 2338 2339
f 2262 2339 2263
f 2263 2339 2340
f 2263 2340 2264
f 2264 2340 2341
f 2264 2341 2265
f 2265 2341 2342
f 2265 2342 2266
f 2266 2342 2343
f 2266 2343 2267
f 2267 2343 2344
f 2267 2344 2268
f 2268 2344 2345
f 2268 2345 2269
f 2269 2345 2346
f 2269 2346 2270
f 2270 2346 2347
f 2270 2347 2271
f 2271 2347 2348
f 2271 2348 2272
f 2272 2348 2349
f 2272 2349 2273
f 2273 2349 2350
f 2273 2350 2274
f 2274 2350 2351
f 2274 2351 2275
f 2275 2351 2352
f 2275 2352 2276
f 2276 2352 2353
f 2276 2353 2277
f 2277 2353 2354
f 2277 2354 2278
f 2278 2354 2355
f 2278 2355 2279
f 2279 2355 2356
f 2279 2356 2280
f 2280 2356 2357
f 2280 2357 2281
f 2281 2357 2358
f 2281 2358 2282
f 2282 2358 2359
f 2282 2359 2283
f 2283 2359 2360
f 2283 2360 2284
f 2284 2360 2361
f 2284 2361 2285
f 2285 2361 2362
f 2285 2362 2286
f 2286 2362 2363
f 2286 2363 2287
f 2287 2363 2364
f 2287 2364 2288
f 2288 2364 2365
f 2288 2365 2289
f 2289 2365 2366
f 2289 2366 2290
f 2290 2366 2367
f 2290 2367 2291
f 2291 2367 2368
f 2291 2368 2292
f 2292 2368 2369
f 2292 2369 2293
f 2293 2369 2370
f 2293 2370 2294
f 2294 2370 2371
f 2294 2371 2295
f 2295 2371 2372
f 2295 2372 2296
f 2296 2372 2373
f 2296 2373 2297
f 2297 2373 2374
f 2297 2374 2298
f 2298 2374 2375
f 2298 2375 2299
f 2299 2375 2376
f 2299 2376 2300
f 2300 2376 2377
f 2300 2377 2301
f 2301 2377 2378
f 2301 2378 2302
f 2302 2378 2379
f 2302 2379 2303
f 2303 2379 2380
f 2303 2380 2304
f 2304 2380 2381
f 2304 2381 2305
f 2305 2381 2382
f 2305 2382 2306
f 2306 2382 2383
f 2306 2383 2307
f 2307 2383 2384
f 2307 2384 2308
f 2308 2384 2385
f 2308 2385 2309
f 2309 2385 2386
f 2309 2386 2310
f 2310 2386 2387
f 2310 2387 2311
f 2311 2387 2388
f 2311 2388 2312
f 2312 2388 2389
f 2312 2389 2313
f 2313 2389 2390
f 2313 2390 2314
f 2314 2390 2391
f 2314 2391 2315
f 2315 2391 2392
f 2315 2392 2316
f 2316 2392 2393
f 2316 2393 2317
f 2317 2393 2394
f 2317 2394 2318
f 2318 2394 2395
f 2318 2395 2319
f 2319 2395 2396
f 2319 2396 2320
f 2320 2396 2397
f 2320 2397 2321
f 2321 2397 2398
f 2321 2398 2322
f 2322 2398 2399
f 2322 2399 2323
f 2323 2399 2400
f 2323 2400 2324
f 2324 2400 2401
f 2324 2401 2325
f 2325 2401 2402
f 2325 2402 2326
f 2326 2402 2403
f 2326 2403 2327
f 2327 2403 2328
f 2403 1926 2328
f 2328 1926 1927
f 2328 1927 2329
f 2329 1927 1928
f 2329 1928 2330
f 2330 1928 1929
f 2330 1929 2331
f 2331 1929 1930
f 2331 1930 2332
f 2332 1930 1931
f 2332 1931 2333
f 2333 1931 1932
f 2333 1932 2334
f 2334 1932 1933
f 2334 1933 2335
f 2335 1933 1934
f 2335 1934 2336
f 2336 1934 1935
f 2336 1935 2337
f 2337 1935 1936
f 2337 1936 2338
f 2338 1936 1937
f 2338 1937 2339
f 2339 1937 1938
f 2339 1938 2340
f 2340 1938 1939
f 2340 1939 2341
f 2341 1939 1940
f 2341 1940 2342
f 2342 1940 1941
f 2342 1941 2343
f 2343 1941 1942
f 2343 1942 2344
f 2344 1942 1943
f 2344 1943 2345
f 2345 1943 1944
f 2345 1944 2346
f 2346 1944 1945
f 2346 1945 2347
f 2347 1945 1946
f 2347 1946 2348
f 2348 1946 1947
f 2348 1947 2349
f 2349 1947 1948
f 2349 1948 2350
f 2350 1948 1949
f 2350 1949 2351
f 2351 1949 1950
f 2351 1950 2352
f 2352 1950 1951
f 2352 1951 2353
f 2353 1951 1952
f 2353 1952 2354
f 2354 1952 1953
f 2354 1953 2355
f 2355 1953 1954
f 2355 1954 2356
f 2356 1954 1955
f 2356 1955 2357
f 2357 1955 1956
f 2357 1956 2358
f 2358 1956 1957
f 2358 1957 2359
f 2359 1957 1958
f 2359 1958 2360
f 2360 1958 1959
f 2360 1959 2361
f 2361 1959 1960
f 2361 1960 2362
f 2362 1960 1961
f 2362 1961 2363
f 2363 1961 1962
f 2363 1962 2364
f 2364 1962 1963
f 2364 1963 2365
f 2365 1963 1964
f 2365 1964 2366
f 2366 1964 1889
f 2366 1889 2367
f 2367 1889 1890
f 2367 1890 2368
f 2368 1890 1891
f 2368 1891 2369
f 2369 1891 1892
f 2369 1892 2370
f 2370 1892 1893
f 2370 1893 2371
f 2371 1893 1894
f 2371 1894 2372
f 2372 1894 1895
f 2372 1895 2373
f 2373 1895 1896
f 2373 1896 2374
f 2374 1896 1897
f 2374 1897 2375
f 2375 1897 1898
f 2375 1898 2376
f 2376 1898 1899
f 2376 1899 2377
f 2377 1899 1900
f 2377 1900 2378
f 2378 1900 1901
f 2378 1901 2379
f 2379 1901 1902
f 2379 1902 2380
f 2380 1902 1903
f 2380 1903 2381
f 2381 1903 1904
f 2381 1904 2382
f 2382 1904 1905
f 2382 1905 2383
f 2383 1905 1906
f 2383 1906 2384
f 2384 1906 1907
f 2384 1907 2385
f 2385 1907 1908
f 2385 1908 2386
f 2386 1908 1909
f 2386 1909 2387
f 2387 1909 1910
f 2387 1910 2388
f 2388 1910 1911
f 2388 1911 2389
f 2389 1911 1912
f 2389 1912 2390
f 2390 1912 1913
f 2390 1913 2391
f 2391 1913 1914
f 2391 1914 2392
f 2392 1914 1915
f 2392 1915 2393
f 2393 1915 1916
f 2393 1916 2394
f 2394 1916 1917
f 2394 1917 2395
f 2395 1917 1918
f 2395 1918 2396
f 2396 1918 1919
f 2396 1919 2397
f 2397 1919 1920
f 2397 1920 2398
f 2398 1920 1921
f 2398 1921 2399
f 2399 1921 1922
f 2399 1922 2400
f 2400 1922 1923
f 2400 1923 2401
f 2401 1923 1924
f 2401 1924 2402
f 2402 1924 1925
f 2402 1925 2403
f 2403 1925 1926
f 2404 2405 2406
f 2407 1168 1167
f 2406 2405 1167
f 1167 2405 2408
f 1167 2408 2407
f 2409 1399 907
f 907 2410 2409
f 2409 2410 2411
f 2409 2411 2406
f 2406 2411 2412
f 2406 2412 2404
f 1348 2413 2414
f 2413 2415 2416
f 2415 1418 1420
f 2415 1420 2416
f 2416 1420 1421
f 2416 1421 2417
f 2417 1421 1416
f 2417 1416 2418
f 2418 1416 1415
f 2418 1415 2419
f 2419 1415 1413
f 2419 1413 2420
f 2420 1413 1412
f 2420 1412 2421
f 2421 1412 1410
f 2421 1410 2422
f 2422 1410 1409
f 2422 1409 2423
f 2423 1409 1407
f 2423 1407 2424
f 2424 1407 1406
f 2424 1406 2425
f 2425 1406 1404
f 2425 1404 2426
f 2426 1404 1403
f 2426 1403 2427
f 2427 1403 1401
f 2427 1401 2428
f 2428 1401 1400
f 2428 1400 2429
f 2429 1400 1398
f 2429 1398 2430
f 2430 1398 1399
f 2430 1399 2409
f 2413 2416 2414
f 2414 2416 2417
f 2414 2417 2431
f 2431 2417 2418
f 2431 2418 2432
f 2432 2418 2419
f 2432 2419 2433
f 2433 2419 2420
f 2433 2420 2434
f 2434 2420 2421
f 2434 2421 2435
f 2435 2421 2422
f 2435 2422 2436
f 2436 2422 2423
f 2436 2423 2437
f 2437 2423 2424
f 2437 2424 2438
f 2438 2424 2425
f 2438 2425 2439
f 2439 2425 2426
f 2439 2426 2440
f 2440 2426 2427
f 2440 2427 2441
f 2441 2427 2428
f 2441 2428 2442
f 2442 2428 2429
f 2442 2429 2443
f 2443 2429 2430
f 2443 2430 2444
f 2444 2430 2409
f 2444 2409 2406
f 1348 2414 1349
f 1349 2414 2431
f 1349 2431 1165
f 1165 2431 2432
f 1165 2432 1163
f 1163 2432 2433
f 1163 2433 1145
f 1145 2433 2434
f 1145 2434 1146
f 1146 2434 2435
f 1146 2435 1144
f 1144 2435 2436
f 1144 2436 1152
f 1152 2436 2437
f 1152 2437 1153
f 1153 2437 2438
f 1153 2438 1155
f 1155 2438 2439
f 1155 2439 1157
f 1157 2439 2440
f 1157 2440 1159
f 1159 2440 2441
f 1159 2441 1160
f 1160 2441 2442
f 1160 2442 1161
f 1161 2442 2443
f 1161 2443 1162
f 1162 2443 2444
f 1162 2444 1166
f 1166 2444 2406
f 1166 2406 1167
f 2445 2446 1178
f 1178 2446 2447
f 1178 2447 1176
f 2448 2449 2450
f 2450 2449 2451
f 2450 2451 2445
f 2452 2411 2410
f 2412 2453 2404
f 2404 2453 2405
f 2408 1170 2407
f 2407 1170 1168
f 2410 907 2452
f 2452 907 906
f 2452 906 2454
f 2454 906 904
f 2454 904 2455
f 2455 904 902
f 2455 902 2456
f 2456 902 901
f 2456 901 2457
f 2457 901 899
f 2457 899 2458
f 2458 899 898
f 2458 898 2459
f 2459 898 896
f 2459 896 2460
f 2460 896 895
f 2460 895 2461
f 2461 895 894
f 2461 894 2462
f 2462 894 892
f 2462 892 2463
f 2463 892 2464
f 2463 2464 2448
f 2448 2450 2463
f 2463 2450 2465
f 2463 2465 2462
f 2462 2465 2466
f 2462 2466 2461
f 2461 2466 2467
f 2461 2467 2460
f 2460 2467 2468
f 2460 2468 2459
f 2459 2468 2469
f 2459 2469 2458
f 2458 2469 2470
f 2458 2470 2457
f 2457 2470 2471
f 2457 2471 2456
f 2456 2471 2472
f 2456 2472 2455
f 2455 2472 2473
f 2455 2473 2454
f 2454 2473 2453
f 2454 2453 2452
f 2452 2453 2412
f 2452 2412 2411
f 2445 1178 2450
f 2450 1178 1180
f 2450 1180 2465
f 2465 1180 1182
f 2465 1182 2466
f 2466 1182 1184
f 2466 1184 2467
f 2467 1184 1186
f 2467 1186 2468
f 2468 1186 1188
f 2468 1188 2469
f 2469 1188 1190
f 2469 1190 2470
f 2470 1190 1175
f 2470 1175 2471
f 2471 1175 1173
f 2471 1173 2472
f 2472 1173 1172
f 2472 1172 2473
f 2473 1172 1170
f 2473 1170 2453
f 2453 1170 2408
f 2453 2408 2405
f 892 1418 2464
f 2464 1418 2415
f 2464 2415 2448
f 2448 2415 2449
f 2449 2415 2413
f 2449 2413 2451
f 1176 2447 1348
f 1348 2447 2446
f 1348 2446 2413
f 2413 2446 2445
f 2413 2445 2451
f 2474 2475 2476
f 2476 2475 2477
f 2476 2477 1205
f 1205 2477 2478
f 1205 2478 1207
f 2474 2476 2479
f 2479 2476 2480
f 2479 2480 2481
f 1430 887 2480
f 2480 887 2482
f 2480 2482 2481
f 1237 2483 2484
f 2483 2485 2486
f 2485 1449 1451
f 2485 1451 2486
f 2486 1451 1452
f 2486 1452 2487
f 2487 1452 1447
f 2487 1447 2488
f 2488 1447 1446
f 2488 1446 2489
f 2489 1446 1444
f 2489 1444 2490
f 2490 1444 1443
f 2490 1443 2491
f 2491 1443 1441
f 2491 1441 2492
f 2492 1441 1440
f 2492 1440 2493
f 2493 1440 1438
f 2493 1438 2494
f 2494 1438 1437
f 2494 1437 2495
f 2495 1437 1435
f 2495 1435 2496
f 2496 1435 1434
f 2496 1434 2497
f 2497 1434 1432
f 2497 1432 2498
f 2498 1432 1431
f 2498 1431 2499
f 2499 1431 1429
f 2499 1429 2500
f 2500 1429 1430
f 2500 1430 2480
f 2483 2486 2484
f 2484 2486 2487
f 2484 2487 2501
f 2501 2487 2488
f 2501 2488 2502
f 2502 2488 2489
f 2502 2489 2503
f 2503 2489 2490
f 2503 2490 2504
f 2504 2490 2491
f 2504 2491 2505
f 2505 2491 2492
f 2505 2492 2506
f 2506 2492 2493
f 2506 2493 2507
f 2507 2493 2494
f 2507 2494 2508
f 2508 2494 2495
f 2508 2495 2509
f 2509 2495 2496
f 2509 2496 2510
f 2510 2496 2497
f 2510 2497 2511
f 2511 2497 2498
f 2511 2498 2512
f 2512 2498 2499
f 2512 2499 2513
f 2513 2499 2500
f 2513 2500 2514
f 2514 2500 2480
f 2514 2480 2476
f 1237 2484 1235
f 1235 2484 2501
f 1235 2501 1229
f 1229 2501 2502
f 1229 2502 1230
f 1230 2502 2503
f 1230 2503 1232
f 1232 2503 2504
f 1232 2504 1233
f 1233 2504 2505
f 1233 2505 1228
f 1228 2505 2506
f 1228 2506 1226
f 1226 2506 2507
f 1226 2507 1224
f 1224 2507 2508
f 1224 2508 1222
f 1222 2508 2509
f 1222 2509 1196
f 1196 2509 2510
f 1196 2510 1195
f 1195 2510 2511
f 1195 2511 1193
f 1193 2511 2512
f 1193 2512 1194
f 1194 2512 2513
f 1194 2513 1202
f 1202 2513 2514
f 1202 2514 1203
f 1203 2514 2476
f 1203 2476 1205
f 2515 2516 1201
f 1201 2516 2517
f 1201 2517 1242
f 2518 2519 2520
f 2520 2519 2521
f 2520 2521 2515
f 2522 2481 2482
f 2479 2523 2474
f 2474 2523 2475
f 2477 1209 2478
f 2478 1209 1207
f 2482 887 2522
f 2522 887 889
f 2522 889 2524
f 2524 889 890
f 2524 890 2525
f 2525 890 885
f 2525 885 2526
f 2526 885 884
f 2526 884 2527
f 2527 884 883
f 2527 883 2528
f 2528 883 881
f 2528 881 2529
f 2529 881 880
f 2529 880 2530
f 2530 880 878
f 2530 878 2531
f 2531 878 877
f 2531 877 2532
f 2532 877 876
f 2532 876 2533
f 2533 876 2534
f 2533 2534 2518
f 2518 2520 2533
f 2533 2520 2535
f 2533 2535 2532
f 2532 2535 2536
f 2532 2536 2531
f 2531 2536 2537
f 2531 2537 2530
f 2530 2537 2538
f 2530 2538 2529
f 2529 2538 2539
f 2529 2539 2528
f 2528 2539 2540
f 2528 2540 2527
f 2527 2540 2541
f 2527 2541 2526
f 2526 2541 2542
f 2526 2542 2525
f 2525 2542 2543
f 2525 2543 2524
f 2524 2543 2523
f 2524 2523 2522
f 2522 2523 2479
f 2522 2479 2481
f 2515 1201 2520
f 2520 1201 1200
f 2520 1200 2535
f 2535 1200 1199
f 2535 1199 2536
f 2536 1199 1198
f 2536 1198 2537
f 2537 1198 1197
f 2537 1197 2538
f 2538 1197 1219
f 2538 1219 2539
f 2539 1219 1217
f 2539 1217 2540
f 2540 1217 1215
f 2540 1215 2541
f 2541 1215 1213
f 2541 1213 2542
f 2542 1213 1211
f 2542 1211 2543
f 2543 1211 1209
f 2543 1209 2523
f 2523 1209 2477
f 2523 2477 2475
f 876 1449 2534
f 2534 1449 2485
f 2534 2485 2518
f 2518 2485 2519
f 2519 2485 2483
f 2519 2483 2521
f 1242 2517 1237
f 1237 2517 2516
f 1237 2516 2483
f 2483 2516 2515
f 2483 2515 2521
f 2544 2545 2546
f 2546 2545 2547
f 2546 2547 1245
f 1245 2547 2548
f 1245 2548 1246
f 2544 2546 2549
f 2549 2546 2550
f 2549 2550 2551
f 1461 873 2550
f 2550 873 2552
f 2550 2552 2551
f 1266 2553 2554
f 2553 2555 2556
f 2555 1480 1482
f 2555 1482 2556
f 2556 1482 1483
f 2556 1483 2557
f 2557 1483 1478
f 2557 1478 2558
f 2558 1478 1477
f 2558 1477 2559
f 2559 1477 1475
f 2559 1475 2560
f 2560 1475 1474
f 2560 1474 2561
f 2561 1474 1472
f 2561 1472 2562
f 2562 1472 1471
f 2562 1471 2563
f 2563 1471 1469
f 2563 1469 2564
f 2564 1469 1468
f 2564 1468 2565
f 2565 1468 1466
f 2565 1466 2566
f 2566 1466 1465
f 2566 1465 2567
f 2567 1465 1463
f 2567 1463 2568
f 2568 1463 1462
f 2568 1462 2569
f 2569 1462 1460
f 2569 1460 2570
f 2570 1460 1461
f 2570 1461 2550
f 2553 2556 2554
f 2554 2556 2557
f 2554 2557 2571
f 2571 2557 2558
f 2571 2558 2572
f 2572 2558 2559
f 2572 2559 2573
f 2573 2559 2560
f 2573 2560 2574
f 2574 2560 2561
f 2574 2561 2575
f 2575 2561 2562
f 2575 2562 2576
f 2576 2562 2563
f 2576 2563 2577
f 2577 2563 2564
f 2577 2564 2578
f 2578 2564 2565
f 2578 2565 2579
f 2579 2565 2566
f 2579 2566 2580
f 2580 2566 2567
f 2580 2567 2581
f 2581 2567 2568
f 2581 2568 2582
f 2582 2568 2569
f 2582 2569 2583
f 2583 2569 2570
f 2583 2570 2584
f 2584 2570 2550
f 2584 2550 2546
f 1266 2554 1264
f 1264 2554 2571
f 1264 2571 1263
f 1263 2571 2572
f 1263 2572 1268
f 1268 2572 2573
f 1268 2573 1269
f 1269 2573 2574
f 1269 2574 1270
f 1270 2574 2575
f 1270 2575 1272
f 1272 2575 2576
f 1272 2576 1279
f 1279 2576 2577
f 1279 2577 1277
f 1277 2577 2578
f 1277 2578 1275
f 1275 2578 2579
f 1275 2579 1273
f 1273 2579 2580
f 1273 2580 1254
f 1254 2580 2581
f 1254 2581 1255
f 1255 2581 2582
f 1255 2582 1256
f 1256 2582 2583
f 1256 2583 1252
f 1252 2583 2584
f 1252 2584 1253
f 1253 2584 2546
f 1253 2546 1245
f 2585 2586 1297
f 1297 2586 2587
f 1297 2587 1282
f 2588 2589 2590
f 2590 2589 2591
f 2590 2591 2585
f 2592 2551 2552
f 2549 2593 2544
f 2544 2593 2545
f 2547 1261 2548
f 2548 1261 1246
f 2552 873 2592
f 2592 873 872
f 2592 872 2594
f 2594 872 870
f 2594 870 2595
f 2595 870 868
f 2595 868 2596
f 2596 868 867
f 2596 867 2597
f 2597 867 865
f 2597 865 2598
f 2598 865 864
f 2598 864 2599
f 2599 864 862
f 2599 862 2600
f 2600 862 861
f 2600 861 2601
f 2601 861 859
f 2601 859 2602
f 2602 859 858
f 2602 858 2603
f 2603 858 2604
f 2603 2604 2588
f 2588 2590 2603
f 2603 2590 2605
f 2603 2605 2602
f 2602 2605 2606
f 2602 2606 2601
f 2601 2606 2607
f 2601 2607 2600
f 2600 2607 2608
f 2600 2608 2599
f 2599 2608 2609
f 2599 2609 2598
f 2598 2609 2610
f 2598 2610 2597
f 2597 2610 2611
f 2597 2611 2596
f 2596 2611 2612
f 2596 2612 2595
f 2595 2612 2613
f 2595 2613 2594
f 2594 2613 2593
f 2594 2593 2592
f 2592 2593 2549
f 2592 2549 2551
f 2585 1297 2590
f 2590 1297 1296
f 2590 1296 2605
f 2605 1296 1294
f 2605 1294 2606
f 2606 1294 1292
f 2606 1292 2607
f 2607 1292 1290
f 2607 1290 2608
f 2608 1290 1287
f 2608 1287 2609
f 2609 1287 1286
f 2609 1286 2610
f 2610 1286 1250
f 2610 1250 2611
f 2611 1250 1257
f 2611 1257 2612
f 2612 1257 1259
f 2612 1259 2613
f 2613 1259 1261
f 2613 1261 2593
f 2593 1261 2547
f 2593 2547 2545
f 858 1480 2604
f 2604 1480 2555
f 2553 2589 2555
f 2555 2589 2588
f 2555 2588 2604
f 1285 1282 2587
f 2553 1266 1285
f 2587 2586 1285
f 1285 2586 2585
f 1285 2585 2553
f 2553 2585 2591
f 2553 2591 2589
f 2614 2615 2616
f 2617 1299 1306
f 2616 2615 1306
f 1306 2615 2618
f 1306 2618 2617
f 2619 1492 1516
f 1516 2620 2619
f 2619 2620 2621
f 2619 2621 2616
f 2616 2621 2622
f 2616 2622 2614
f 1320 2623 2624
f 2623 2625 2626
f 2625 1511 1513
f 2625 1513 2626
f 2626 1513 1514
f 2626 1514 2627
f 2627 1514 1509
f 2627 1509 2628
f 2628 1509 1508
f 2628 1508 2629
f 2629 1508 1506
f 2629 1506 2630
f 2630 1506 1505
f 2630 1505 2631
f 2631 1505 1503
f 2631 1503 2632
f 2632 1503 1502
f 2632 1502 2633
f 2633 1502 1500
f 2633 1500 2634
f 2634 1500 1499
f 2634 1499 2635
f 2635 1499 1497
f 2635 1497 2636
f 2636 1497 1496
f 2636 1496 2637
f 2637 1496 1494
f 2637 1494 2638
f 2638 1494 1493
f 2638 1493 2639
f 2639 1493 1491
f 2639 1491 2640
f 2640 1491 1492
f 2640 1492 2619
f 2623 2626 2624
f 2624 2626 2627
f 2624 2627 2641
f 2641 2627 2628
f 2641 2628 2642
f 2642 2628 2629
f 2642 2629 2643
f 2643 2629 2630
f 2643 2630 2644
f 2644 2630 2631
f 2644 2631 2645
f 2645 2631 2632
f 2645 2632 2646
f 2646 2632 2633
f 2646 2633 2647
f 2647 2633 2634
f 2647 2634 2648
f 2648 2634 2635
f 2648 2635 2649
f 2649 2635 2636
f 2649 2636 2650
f 2650 2636 2637
f 2650 2637 2651
f 2651 2637 2638
f 2651 2638 2652
f 2652 2638 2639
f 2652 2639 2653
f 2653 2639 2640
f 2653 2640 2654
f 2654 2640 2619
f 2654 2619 2616
f 1320 2624 1321
f 1321 2624 2641
f 1321 2641 1323
f 1323 2641 2642
f 1323 2642 1324
f 1324 2642 2643
f 1324 2643 1325
f 1325 2643 2644
f 1325 2644 1326
f 1326 2644 2645
f 1326 2645 1327
f 1327 2645 2646
f 1327 2646 1308
f 1308 2646 2647
f 1308 2647 1309
f 1309 2647 2648
f 1309 2648 1311
f 1311 2648 2649
f 1311 2649 1313
f 1313 2649 2650
f 1313 2650 1315
f 1315 2650 2651
f 1315 2651 1316
f 1316 2651 2652
f 1316 2652 1317
f 1317 2652 2653
f 1317 2653 1318
f 1318 2653 2654
f 1318 2654 1319
f 1319 2654 2616
f 1319 2616 1306
f 2620 1516 1979
f 2655 1083 1338
f 2655 1338 2656
f 2657 2658 2659
f 2659 2658 2660
f 2659 2660 2656
f 1523 2661 2662
f 2662 2661 2663
f 2662 2663 2657
f 2664 2622 2621
f 2617 2618 2665
f 2665 2618 2615
f 2665 2615 2614
f 1978 2666 1979
f 1979 2666 2667
f 1979 2667 2620
f 1978 1976 2666
f 2666 1976 1975
f 2666 1975 2668
f 2668 1975 1971
f 2668 1971 2669
f 2669 1971 1973
f 2669 1973 2670
f 2670 1973 1974
f 1974 1969 2670
f 2670 1969 1968
f 2670 1968 2671
f 2671 1968 1965
f 2671 1965 2662
f 2662 1965 1967
f 2662 1967 1523
f 2657 2672 2662
f 2662 2672 2673
f 2662 2673 2671
f 2671 2673 2674
f 2671 2674 2670
f 2670 2674 2675
f 2670 2675 2669
f 2669 2675 2676
f 2669 2676 2668
f 2668 2676 2677
f 2668 2677 2666
f 2666 2677 2664
f 2666 2664 2667
f 2667 2664 2621
f 2667 2621 2620
f 2657 2659 2672
f 2672 2659 2678
f 2672 2678 2673
f 2673 2678 2679
f 2673 2679 2674
f 2674 2679 2680
f 2674 2680 2675
f 2675 2680 2681
f 2675 2681 2676
f 2676 2681 2682
f 2676 2682 2677
f 2677 2682 2665
f 2677 2665 2664
f 2664 2665 2614
f 2664 2614 2622
f 2656 1338 2659
f 2659 1338 1340
f 2659 1340 2678
f 2678 1340 1330
f 2678 1330 2679
f 2679 1330 1332
f 2679 1332 2680
f 2680 1332 1301
f 2680 1301 2681
f 2681 1301 1303
f 2681 1303 2682
f 2682 1303 1300
f 2682 1300 2665
f 2665 1300 1299
f 2665 1299 2617
f 1523 1511 2661
f 2661 1511 2625
f 2661 2625 2663
f 2663 2625 2657
f 2657 2625 2623
f 2657 2623 2658
f 1083 2655 1320
f 1320 2655 2656
f 1320 2656 2623
f 2623 2656 2660
f 2623 2660 2658
f 1832 1836 2683
f 2683 1836 2684
f 2683 2684 2685
f 2684 2686 2685
f 2685 2686 2687
f 2685 2687 2688
f 2688 2687 1140
f 2688 1140 1136
f 2009 1831 1832
f 2685 2688 2689
f 1832 2683 2009
f 2009 2683 2685
f 2009 2685 2008
f 2008 2685 2689
f 1136 1133 2688
f 2688 1133 2690
f 2688 2690 2691
f 2691 2692 2688
f 2688 2692 2693
f 2688 2693 2689
f 2010 2686 2684
f 2010 2684 2011
f 2011 2684 1836
f 2011 1836 1834
f 2694 2687 2695
f 2695 2687 2686
f 2695 2686 2054
f 2054 2686 2010
f 1158 1140 2696
f 2696 1140 2687
f 2696 2687 2697
f 2697 2687 2694
f 2690 1133 1132
f 2698 2699 2700
f 2048 2047 2701
f 2701 2047 2702
f 2693 2692 2703
f 2703 2692 2691
f 2703 2691 2690
f 2693 1982 2689
f 2689 1982 2008
f 2693 2703 1982
f 1982 2703 2704
f 1982 2704 2032
f 2032 2704 2705
f 2032 2705 2033
f 2033 2705 2706
f 2033 2706 2046
f 2046 2706 2700
f 2046 2700 2047
f 2047 2700 2699
f 2047 2699 2702
f 2690 1132 2703
f 2703 1132 1130
f 2703 1130 2704
f 2704 1130 1127
f 2704 1127 2705
f 2705 1127 1125
f 2705 1125 2706
f 2706 1125 1123
f 2706 1123 2700
f 2700 1123 1118
f 2700 1118 2698
f 2696 2697 2707
f 2695 2054 2055
f 2708 1147 1151
f 2708 2709 2710
f 2710 2709 2711
f 1987 2712 1988
f 1988 2712 2713
f 2695 2055 2694
f 2697 2694 2707
f 2707 2694 2055
f 2707 2055 2714
f 2714 2055 2056
f 2056 2058 2714
f 2714 2058 2060
f 2714 2060 2715
f 2715 2060 2067
f 2715 2067 2716
f 2716 2067 1988
f 2716 1988 2709
f 2709 1988 2713
f 2709 2713 2711
f 2708 1151 2709
f 2709 1151 1143
f 2709 1143 2716
f 2716 1143 1142
f 2716 1142 2715
f 2715 1142 1154
f 2715 1154 2714
f 2714 1154 1156
f 2714 1156 2707
f 2707 1156 1158
f 2707 1158 2696
f 1849 1847 2002
f 1849 2002 2717
f 2717 2002 2001
f 2717 2001 2718
f 2718 2001 2048
f 2718 2048 2719
f 2719 2048 2701
f 2719 2701 2702
f 1118 1085 2698
f 2698 1085 2719
f 2698 2719 2699
f 2699 2719 2702
f 1345 1346 2720
f 2720 1346 1347
f 2712 2721 2713
f 2713 2721 2720
f 2713 2720 1164
f 1164 2720 1347
f 1164 1147 2708
f 2708 2710 1164
f 1164 2710 2711
f 1164 2711 2713
f 1986 1857 1858
f 2712 1987 2721
f 2721 1987 1986
f 2721 1986 2722
f 2722 1986 1858
f 2723 1845 1849
f 1849 2717 2723
f 2723 2717 2718
f 2723 2718 2724
f 2724 2718 2719
f 2724 2719 2725
f 2725 2719 1085
f 2725 1085 1084
f 2721 2726 2720
f 2720 2726 1204
f 2720 1204 1345
f 1858 1862 2722
f 2722 1862 2727
f 2722 2727 2721
f 2721 2727 2728
f 2721 2728 2726
f 2000 1844 1845
f 2724 2725 2729
f 1845 2723 2000
f 2000 2723 2724
f 2000 2724 1999
f 1999 2724 2729
f 1084 1322 2725
f 2725 1322 2730
f 2725 2730 2731
f 2731 2732 2725
f 2725 2732 2733
f 2725 2733 2729
f 1081 1204 2726
f 2018 2728 2727
f 2018 2727 2019
f 2019 2727 1862
f 2019 1862 1860
f 2734 1082 1081
f 2018 2071 2728
f 2728 2071 2735
f 2728 2735 2726
f 2726 2735 2736
f 2726 2736 1081
f 1081 2736 2737
f 1081 2737 2734
f 2730 1322 1329
f 2035 2036 2738
f 2738 2036 2739
f 2739 2036 2740
f 2740 2036 2741
f 2740 2741 2742
f 2730 2743 2731
f 2731 2743 2732
f 2733 1985 2729
f 2729 1985 1999
f 2036 2037 2741
f 2741 2037 2039
f 2741 2039 2744
f 2744 2039 2030
f 2744 2030 2745
f 2745 2030 2029
f 2745 2029 2746
f 2746 2029 1985
f 2746 1985 2743
f 2743 1985 2733
f 2743 2733 2732
f 2730 1329 2743
f 2743 1329 1328
f 2743 1328 2746
f 2746 1328 1307
f 2746 1307 2745
f 2745 1307 1310
f 2745 1310 2744
f 2744 1310 1312
f 2744 1312 2741
f 2741 1312 1314
f 2741 1314 2742
f 2734 2737 2747
f 2735 2071 2072
f 2748 1231 1234
f 2749 2750 2751
f 2751 2750 2752
f 2751 2752 2748
f 2084 2083 2753
f 2735 2072 2736
f 2737 2736 2747
f 2747 2736 2072
f 2747 2072 2754
f 2754 2072 2073
f 2073 2075 2754
f 2754 2075 2069
f 2754 2069 2755
f 2755 2069 2068
f 2755 2068 2756
f 2753 2749 2084
f 2084 2749 2751
f 2084 2751 2085
f 2085 2751 2756
f 2085 2756 2081
f 2081 2756 2068
f 2748 1234 2751
f 2751 1234 1227
f 2751 1227 2756
f 2756 1227 1225
f 2756 1225 2755
f 2755 1225 1223
f 2755 1223 2754
f 2754 1223 1080
f 2754 1080 2747
f 2747 1080 1082
f 2747 1082 2734
f 1079 1283 2757
f 2738 2757 2035
f 2035 2757 2758
f 2035 2758 1990
f 1990 2758 2759
f 1990 2759 1991
f 1991 2759 1886
f 1991 1886 1884
f 2738 2739 2757
f 2757 2739 2740
f 2757 2740 2742
f 2742 1314 1305
f 2742 1305 2757
f 2757 1305 1077
f 2757 1077 1079
f 2760 2749 2761
f 2761 2749 2753
f 1236 1231 2760
f 2760 1231 2748
f 2748 2752 2760
f 2760 2752 2750
f 2760 2750 2749
f 2024 1870 1871
f 2753 2083 2761
f 2761 2083 2024
f 2761 2024 2762
f 2762 2024 1871
f 2763 1878 1886
f 1886 2759 2763
f 2763 2759 2758
f 2763 2758 2764
f 2764 2758 2757
f 2764 2757 2765
f 2765 2757 1283
f 2765 1283 1284
f 2762 1871 1872
f 1872 2766 2762
f 2762 2766 2767
f 2762 2767 2761
f 2761 2767 2768
f 2761 2768 2760
f 2760 2768 1247
f 2760 1247 1236
f 2765 1284 1267
f 1265 1074 2769
f 1074 1076 2770
f 2771 2769 2772
f 2772 2769 1074
f 2772 1074 2773
f 2773 1074 2770
f 1267 1265 2765
f 2765 1265 2769
f 2765 2769 2764
f 938 1878 2774
f 2774 1878 2763
f 2774 2763 2775
f 2775 2763 2764
f 2775 2764 2776
f 2776 2764 2769
f 2766 1872 939
f 939 2777 2766
f 2766 2777 2778
f 2766 2778 2767
f 2767 2778 2768
f 2778 2779 2768
f 2768 2779 2780
f 2768 2780 2781
f 1251 1247 2782
f 2782 1247 2768
f 2782 2768 2783
f 2783 2768 2781
f 2770 1076 1075
f 2781 2784 2783
f 2783 2784 2782
f 2771 2772 2785
f 2785 2772 2773
f 2785 2773 2770
f 2770 1075 2785
f 2785 1075 1271
f 2785 1271 2786
f 2786 1271 1281
f 2786 1281 2787
f 2787 1281 1280
f 2787 1280 2788
f 2788 1280 1278
f 2788 1278 2789
f 2789 1278 1276
f 2789 1276 2790
f 2790 1276 1274
f 2790 1274 2784
f 2784 1274 1251
f 2784 1251 2782
f 2791 2792 2793
f 2793 2792 2794
f 2793 2794 2795
f 2795 2794 2796
f 2795 2796 2797
f 2797 2796 2798
f 2797 2798 2799
f 2799 2798 2800
f 2799 2800 2801
f 2801 2800 2802
f 2801 2802 2803
f 2802 2804 2803
f 2803 2804 2805
f 2803 2805 2806
f 2806 2805 2807
f 2806 2807 2808
f 2808 2807 2809
f 2808 2809 2810
f 2810 2809 2811
f 2810 2811 2812
f 2812 2811 2813
f 2812 2813 2814
f 2814 2813 2815
f 2814 2815 2791
f 2791 2815 2816
f 2791 2816 2792
f 2800 2798 2817
f 2817 2818 2800
f 2800 2818 2819
f 2800 2819 2802
f 2819 2820 2802
f 2802 2820 2821
f 2802 2821 2804
f 2821 2822 2804
f 2804 2822 2823
f 2804 2823 2805
f 2823 2824 2805
f 2805 2824 2825
f 2805 2825 2807
f 2825 2826 2807
f 2807 2826 2827
f 2807 2827 2809
f 2827 2828 2809
f 2809 2828 2829
f 2809 2829 2811
f 2829 2830 2811
f 2811 2830 2831
f 2811 2831 2813
f 2831 2832 2813
f 2813 2832 2833
f 2813 2833 2815
f 2833 2834 2815
f 2815 2834 2835
f 2815 2835 2816
f 2835 2836 2816
f 2816 2836 2837
f 2816 2837 2792
f 2837 2838 2792
f 2792 2838 2839
f 2792 2839 2794
f 2839 2840 2794
f 2794 2840 2841
f 2794 2841 2796
f 2841 2842 2796
f 2796 2842 2843
f 2796 2843 2798
f 2798 2843 2844
f 2798 2844 2817
f 2797 2845 2795
f 2795 2845 2846
f 2795 2846 2793
f 2793 2846 2847
f 2793 2847 2791
f 2791 2847 2848
f 2791 2848 2814
f 2814 2848 2849
f 2814 2849 2812
f 2812 2849 2850
f 2812 2850 2810
f 2810 2850 2851
f 2810 2851 2808
f 2808 2851 2852
f 2808 2852 2806
f 2806 2852 2853
f 2806 2853 2803
f 2803 2853 2854
f 2803 2854 2801
f 2801 2854 2855
f 2801 2855 2799
f 2799 2855 2856
f 2799 2856 2797
f 2797 2856 2845
f 2853 2852 2857
f 2857 2852 2851
f 2857 2851 2850
f 2856 2855 2857
f 2857 2855 2854
f 2857 2854 2853
f 2847 2846 2857
f 2857 2846 2845
f 2857 2845 2856
f 2850 2849 2857
f 2857 2849 2848
f 2857 2848 2847
f 2858 962 2859
f 2859 962 997
f 2859 997 2860
f 2860 997 994
f 2860 994 2861
f 2861 994 993
f 2861 993 2862
f 2862 993 991
f 2862 991 2863
f 2863 991 990
f 2863 990 2864
f 2864 990 989
f 2864 989 2865
f 2865 989 986
f 2865 986 2866
f 986 1017 2866
f 2866 1017 1016
f 2866 1016 2867
f 2867 1016 1015
f 2867 1015 2868
f 2868 1015 1013
f 2868 1013 2869
f 2869 1013 1012
f 2869 1012 2870
f 2870 1012 1042
f 2870 1042 2871
f 2871 1042 1041
f 2871 1041 2872
f 2872 1041 1040
f 2872 1040 2873
f 2873 1040 945
f 2873 945 2874
f 2874 945 1039
f 2874 1039 2875
f 1039 1032 2875
f 2875 1032 949
f 2875 949 2876
f 2876 949 948
f 2876 948 2877
f 2877 948 951
f 2877 951 2878
f 2878 951 967
f 2878 967 2879
f 2879 967 966
f 2879 966 2880
f 2880 966 954
f 2880 954 2881
f 2881 954 953
f 2881 953 2882
f 2882 953 976
f 2882 976 2883
f 2883 976 975
f 2883 975 2884
f 2884 975 973
f 2884 973 2885
f 2885 973 971
f 2885 971 2858
f 2858 971 963
f 2858 963 962
f 2886 2885 2887
f 2887 2885 2858
f 2887 2858 2888
f 2888 2858 2859
f 2888 2859 2889
f 2889 2859 2860
f 2889 2860 2890
f 2890 2860 2861
f 2890 2861 2891
f 2891 2861 2862
f 2891 2862 2892
f 2892 2862 2863
f 2892 2863 2893
f 2893 2863 2864
f 2893 2864 2894
f 2894 2864 2865
f 2894 2865 2895
f 2895 2865 2866
f 2895 2866 2896
f 2896 2866 2867
f 2896 2867 2897
f 2897 2867 2868
f 2897 2868 2898
f 2898 2868 2869
f 2898 2869 2899
f 2899 2869 2870
f 2899 2870 2900
f 2900 2870 2871
f 2900 2871 2901
f 2901 2871 2872
f 2901 2872 2902
f 2902 2872 2873
f 2902 2873 2903
f 2903 2873 2874
f 2903 2874 2904
f 2904 2874 2875
f 2904 2875 2905
f 2905 2875 2876
f 2905 2876 2906
f 2906 2876 2877
f 2906 2877 2907
f 2907 2877 2878
f 2907 2878 2908
f 2908 2878 2879
f 2908 2879 2909
f 2909 2879 2880
f 2909 2880 2910
f 2910 2880 2881
f 2910 2881 2911
f 2911 2881 2882
f 2911 2882 2912
f 2912 2882 2883
f 2912 2883 2913
f 2913 2883 2884
f 2913 2884 2886
f 2886 2884 2885
f 2830 2886 2831
f 2831 2886 2887
f 2831 2887 2832
f 2832 2887 2888
f 2832 2888 2833
f 2833 2888 2889
f 2833 2889 2834
f 2834 2889 2890
f 2834 2890 2835
f 2835 2890 2891
f 2835 2891 2836
f 2836 2891 2892
f 2836 2892 2837
f 2837 2892 2893
f 2837 2893 2838
f 2838 2893 2894
f 2838 2894 2839
f 2839 2894 2895
f 2839 2895 2840
f 2840 2895 2896
f 2840 2896 2841
f 2841 2896 2897
f 2841 2897 2842
f 2842 2897 2898
f 2842 2898 2843
f 2843 2898 2899
f 2843 2899 2844
f 2844 2899 2900
f 2844 2900 2817
f 2817 2900 2901
f 2817 2901 2818
f 2818 2901 2902
f 2818 2902 2819
f 2819 2902 2903
f 2819 2903 2820
f 2820 2903 2904
f 2820 2904 2821
f 2821 2904 2905
f 2821 2905 2822
f 2822 2905 2906
f 2822 2906 2823
f 2823 2906 2907
f 2823 2907 2824
f 2824 2907 2908
f 2824 2908 2825
f 2825 2908 2909
f 2825 2909 2826
f 2826 2909 2910
f 2826 2910 2827
f 2827 2910 2911
f 2827 2911 2828
f 2828 2911 2912
f 2828 2912 2829
f 2829 2912 2913
f 2829 2913 2830
f 2830 2913 2886
f 2914 2915 1037
f 1037 2915 946
f 1030 2916 1038
f 1038 2916 2914
f 1038 2914 1037
f 2917 2916 947
f 947 2916 1030
f 2915 2917 946
f 946 2917 947
f 2916 2917 2914
f 2914 2917 2915
f 1047 2918 1062
f 1062 2918 2919
f 1011 1010 2919
f 2919 1010 1054
f 2919 1054 1056
f 1056 1058 2919
f 2919 1058 1060
f 2919 1060 1062
f 1049 2920 1048
f 1048 2920 2918
f 1048 2918 1046
f 1046 2918 1047
f 1014 2921 1025
f 1025 2921 2920
f 1051 1044 1052
f 1052 1044 1050
f 2920 1049 1025
f 1025 1049 1050
f 1025 1050 1043
f 1043 1050 1044
f 2919 2921 1011
f 1011 2921 1014
f 2920 2921 2918
f 2918 2921 2919
f 2922 2923 1000
f 1000 2923 992
f 1001 2924 1002
f 1002 2924 2922
f 1002 2922 1000
f 2925 2924 988
f 988 2924 1001
f 2923 2925 992
f 992 2925 988
f 2924 2925 2922
f 2922 2925 2923
f 2926 2927 970
f 970 2927 974
f 968 2928 969
f 969 2928 2926
f 969 2926 970
f 2929 2928 972
f 972 2928 968
f 2927 2929 974
f 974 2929 972
f 2928 2929 2926
f 2926 2929 2927
f 2930 2931 957
f 957 2931 955
f 960 2932 978
f 978 2932 2930
f 978 2930 957
f 2933 2932 952
f 952 2932 960
f 2931 2933 955
f 955 2933 952
f 2932 2933 2930
f 2930 2933 2931
f 2044 2934 2031
f 2934 2044 2935
f 2935 2044 2043
f 2935 2043 2042
f 2935 2042 2934
f 2934 2042 2041
f 2934 2041 2031
f 2070 2936 2080
f 2936 2070 2937
f 2937 2070 2076
f 2937 2076 2077
f 2937 2077 2936
f 2936 2077 2078
f 2936 2078 2080
f 2059 2938 2065
f 2938 2059 2939
f 2939 2059 2061
f 2939 2061 2062
f 2939 2062 2938
f 2938 2062 2063
f 2938 2063 2065
f 2053 2940 2034
f 2940 2053 2941
f 2941 2053 2052
f 2941 2052 2051
f 2941 2051 2940
f 2940 2051 2050
f 2940 2050 2034
f 2089 2942 2090
f 2090 2942 2943
f 2090 2943 2097
f 2097 2943 2944
f 2097 2944 2098
f 2098 2944 2945
f 2098 2945 2100
f 2100 2945 2946
f 2100 2946 2091
f 2091 2946 2947
f 2091 2947 2086
f 2086 2947 2948
f 2086 2948 2087
f 2087 2948 2949
f 2087 2949 2093
f 2093 2949 2950
f 2093 2950 2092
f 2092 2950 2951
f 2092 2951 2096
f 2096 2951 2952
f 2096 2952 2099
f 2099 2952 2953
f 2099 2953 2089
f 2089 2953 2942
f 2949 2948 2954
f 2954 2948 2947
f 2954 2947 2946
f 2952 2951 2954
f 2954 2951 2950
f 2954 2950 2949
f 2943 2942 2954
f 2954 2942 2953
f 2954 2953 2952
f 2946 2945 2954
f 2954 2945 2944
f 2954 2944 2943
f 936 938 2955
f 2956 2094 2957
f 2957 2094 1996
f 2957 1996 2958
f 2958 1996 1989
f 2958 1989 2959
f 2959 1989 935
f 2959 935 2955
f 2955 935 934
f 2955 934 936
f 2960 2961 2088
f 2962 2963 2095
f 2095 2963 2088
f 2088 2963 2964
f 2088 2964 2960
f 2956 2965 2094
f 2094 2965 2966
f 2094 2966 2095
f 2095 2966 2967
f 2095 2967 2962
f 939 941 2968
f 2968 941 943
f 2088 2961 2028
f 2028 2961 2969
f 2028 2969 2025
f 2025 2969 944
f 944 2969 2970
f 944 2970 943
f 943 2970 2971
f 943 2971 2968
f 2777 939 2968
f 2781 2968 2784
f 2784 2968 2972
f 2777 2968 2778
f 2781 2780 2968
f 2968 2780 2779
f 2968 2779 2778
f 2973 2789 2972
f 2972 2789 2790
f 2972 2790 2784
f 2974 2787 2973
f 2973 2787 2788
f 2973 2788 2789
f 2955 938 2774
f 2774 2775 2955
f 2955 2775 2776
f 2955 2776 2769
f 2769 2771 2955
f 2955 2771 2785
f 2955 2785 2974
f 2974 2785 2786
f 2974 2786 2787
f 2968 2971 2975
f 2968 2975 2972
f 2972 2975 2976
f 2972 2976 2973
f 2959 2955 2977
f 2977 2955 2974
f 2977 2974 2978
f 2978 2974 2973
f 2978 2973 2979
f 2979 2973 2976
f 2980 2981 2982
f 2958 2959 2977
f 2983 2982 2957
f 2957 2982 2956
f 2981 2984 2982
f 2982 2984 2985
f 2982 2985 2956
f 2985 2986 2956
f 2956 2986 2987
f 2956 2987 2965
f 2965 2987 2988
f 2965 2988 2966
f 2966 2988 2989
f 2966 2989 2967
f 2967 2989 2990
f 2967 2990 2962
f 2962 2990 2991
f 2992 2960 2993
f 2993 2960 2964
f 2993 2964 2991
f 2991 2964 2963
f 2991 2963 2962
f 2994 2995 2996
f 2996 2995 2997
f 2992 2994 2960
f 2960 2994 2996
f 2960 2996 2961
f 2961 2996 2998
f 2961 2998 2969
f 2969 2998 2970
f 2999 3000 2976
f 2976 3000 3001
f 3001 3002 2976
f 2976 3002 3003
f 2976 3003 3004
f 3004 3005 2976
f 2976 3005 3006
f 2976 3006 2979
f 2979 3006 3007
f 2979 3007 3008
f 3008 3009 2979
f 2979 3009 3010
f 2979 3010 2978
f 2978 3010 3011
f 2978 3011 3012
f 2997 2999 2996
f 2996 2999 2976
f 2996 2976 2998
f 2998 2976 2975
f 2998 2975 2970
f 2970 2975 2971
f 2957 2958 2983
f 2983 2958 2977
f 2983 2977 2982
f 2982 2977 2978
f 2982 2978 2980
f 2980 2978 3012
f 3013 3014 3015
f 3015 3014 3016
f 3015 3016 3017
f 3018 3019 3015
f 3015 3019 3020
f 3015 3020 3013
f 3021 3022 3015
f 3015 3022 3023
f 3015 3023 3018
f 3017 3024 3015
f 3015 3024 3025
f 3015 3025 3021
f 2985 2984 3021
f 3016 3014 2995
f 3001 3000 3013
f 3013 3000 2999
f 3013 2999 3014
f 3014 2999 2997
f 3014 2997 2995
f 3001 3013 3002
f 3002 3013 3020
f 3002 3020 3003
f 3003 3020 3004
f 3004 3020 3019
f 3004 3019 3005
f 3009 3008 3018
f 3018 3008 3007
f 3018 3007 3019
f 3019 3007 3006
f 3019 3006 3005
f 3009 3018 3010
f 3010 3018 3023
f 3010 3023 3011
f 3011 3023 3012
f 3012 3023 3022
f 3012 3022 2980
f 3021 2984 3022
f 3022 2984 2981
f 3022 2981 2980
f 2985 3021 2986
f 2986 3021 3025
f 2986 3025 2987
f 3024 3017 2991
f 2991 2990 3024
f 3024 2990 2989
f 3024 2989 3025
f 3025 2989 2988
f 3025 2988 2987
f 2995 2994 3016
f 3016 2994 2992
f 3016 2992 3017
f 3017 2992 2993
f 3017 2993 2991
f 1517 1518 3026
f 3026 1518 3027
f 3026 3027 3028
f 3028 3027 3029
f 3028 3029 3030
f 3030 3029 3031
f 3030 3031 3032
f 3032 3031 3033
f 3032 3033 1520
f 1520 3033 1521
f 1520 1522 3032
f 3032 1522 1966
f 3032 1966 3030
f 3030 1966 1970
f 3030 1970 3028
f 3028 1970 1972
f 3028 1972 3026
f 3026 1972 1977
f 3026 1977 1517
f 1517 1977 1515
f 708 1521 709
f 709 1521 3033
f 709 3033 795
f 795 3033 3031
f 795 3031 797
f 797 3031 3029
f 797 3029 800
f 800 3029 3027
f 800 3027 713
f 713 3027 1518
f 713 1518 714
f 930 1390 928
f 928 1390 3034
f 928 3034 925
f 925 3034 3035
f 925 3035 921
f 921 3035 3036
f 921 3036 916
f 916 3036 3037
f 2250 2251 2249
f 2249 2251 917
f 2249 917 1394
f 1394 917 916
f 1394 916 1393
f 1393 916 3037
f 909 1392 3038
f 909 3038 911
f 1391 730 3039
f 3039 730 729
f 3039 729 3040
f 3040 729 788
f 3040 788 3041
f 3041 788 785
f 3041 785 3038
f 3038 785 703
f 913 911 915
f 915 911 3038
f 915 3038 702
f 702 3038 703
f 1390 1391 3034
f 3034 1391 3039
f 3034 3039 3035
f 3035 3039 3040
f 3035 3040 3036
f 3036 3040 3041
f 3036 3041 3037
f 3037 3041 3038
f 3037 3038 1393
f 1393 3038 1392
f 1422 1423 3042
f 3042 1423 3043
f 3042 3043 3044
f 3044 3043 3045
f 3044 3045 3046
f 3046 3045 3047
f 3046 3047 3048
f 3048 3047 3049
f 3048 3049 1425
f 1425 3049 1426
f 1425 891 3048
f 3048 891 893
f 3048 893 3046
f 3046 893 897
f 3046 897 3044
f 3044 897 900
f 3044 900 3042
f 3042 900 903
f 3042 903 1422
f 1422 903 905
f 699 1426 700
f 700 1426 3049
f 1423 756 3043
f 3043 756 755
f 3043 755 3045
f 3045 755 778
f 3045 778 3047
f 3047 778 776
f 3047 776 3049
f 3049 776 775
f 3049 775 700
f 1453 1454 3050
f 3050 1454 3051
f 3050 3051 3052
f 3052 3051 3053
f 3052 3053 3054
f 3054 3053 3055
f 3054 3055 3056
f 3056 3055 3057
f 3056 3057 1456
f 1456 3057 1455
f 1456 875 3056
f 3056 875 874
f 3056 874 3054
f 3054 874 879
f 3054 879 3052
f 3052 879 882
f 3052 882 3050
f 3050 882 886
f 3050 886 1453
f 1453 886 888
f 1454 767 3051
f 3051 767 766
f 3051 766 3053
f 3053 766 846
f 3053 846 3055
f 3055 846 844
f 3055 844 3057
f 3057 844 841
f 3057 841 1455
f 1455 841 697
f 1455 697 696
f 1484 1485 3058
f 3058 1485 3059
f 3058 3059 3060
f 3060 3059 3061
f 3060 3061 3062
f 3062 3061 3063
f 3062 3063 3064
f 3064 3063 3065
f 3064 3065 1487
f 1487 3065 1488
f 1487 857 3064
f 3064 857 860
f 3064 860 3062
f 3062 860 863
f 3062 863 3060
f 3060 863 866
f 3060 866 3058
f 3058 866 869
f 3058 869 1484
f 1484 869 871
f 711 1488 712
f 712 1488 3065
f 712 3065 810
f 810 3065 3063
f 810 3063 820
f 820 3063 3061
f 820 3061 823
f 823 3061 3059
f 823 3059 772
f 772 3059 1485
f 772 1485 773
f 3066 2137 2104
f 3067 2133 3068
f 3068 2133 2135
f 3068 2135 2180
f 2109 2111 3069
f 2125 2127 3067
f 3066 2104 3069
f 3069 2104 2107
f 3069 2107 2109
f 2111 2113 3069
f 3069 2113 2115
f 3069 2115 2117
f 2117 2119 3069
f 3069 2119 2121
f 3069 2121 3067
f 3067 2121 2123
f 3067 2123 2125
f 2127 2129 3067
f 3067 2129 2131
f 3067 2131 2133
f 2180 2184 1006
f 1006 2184 2182
f 1006 2182 1007
f 1004 2136 1003
f 1003 2136 2138
f 2180 1006 3068
f 3068 1006 1008
f 3068 1008 3067
f 3067 1008 985
f 3067 985 3069
f 985 984 3069
f 3069 984 1003
f 3069 1003 3066
f 3066 1003 2138
f 3066 2138 2137
f 1512 1519 3070
f 1501 1504 3070
f 1504 1507 3070
f 3070 1507 1510
f 3070 1510 1512
f 3071 1490 1489
f 3070 3072 1501
f 1501 3072 3073
f 1501 3073 1498
f 1498 3073 3071
f 1498 3071 1495
f 1495 3071 1489
f 965 1490 961
f 961 1490 3071
f 961 3071 995
f 995 3071 3073
f 995 3073 996
f 996 3073 3072
f 996 3072 998
f 998 3072 3070
f 998 3070 999
f 999 3070 1519
f 999 1519 987
f 3074 1459 1458
f 1458 1464 3074
f 3074 1464 1467
f 3074 1467 3075
f 3075 1467 1470
f 3075 1470 3076
f 1476 1479 3077
f 3077 1479 1481
f 3077 1481 1486
f 3076 1470 3077
f 3077 1470 1473
f 3077 1473 1476
f 1486 979 983
f 1486 983 3077
f 3077 983 982
f 3077 982 3076
f 3076 982 981
f 3076 981 3075
f 3075 981 980
f 3075 980 3074
f 3074 980 959
f 3074 959 1459
f 1450 1457 3078
f 1439 1442 3078
f 3079 1428 1427
f 1442 1445 3078
f 3078 1445 1448
f 3078 1448 1450
f 3078 3080 1439
f 1439 3080 3081
f 1439 3081 1436
f 1436 3081 3079
f 1436 3079 1433
f 1433 3079 1427
f 1457 956 950
f 1457 950 3078
f 950 1034 3078
f 3078 1034 1033
f 3078 1033 3080
f 3080 1033 1031
f 3080 1031 3081
f 3081 1031 1028
f 3081 1028 3079
f 3079 1028 1029
f 3079 1029 1428
f 1424 1036 1035
f 1424 1035 3082
f 3082 1035 1024
f 3082 1024 3083
f 3083 1024 1023
f 3083 1023 3084
f 3084 1023 1022
f 3084 1022 3085
f 3085 1022 1021
f 3085 1021 1397
f 3085 1397 1396
f 1414 1417 3082
f 3082 1417 1419
f 3082 1419 1424
f 1396 1402 3085
f 3085 1402 1405
f 3085 1405 3084
f 3084 1405 1408
f 3084 1408 3083
f 3083 1408 3082
f 3082 1408 1411
f 3082 1411 1414

